Num_Acc;senc;catv;occutc;obs;obsm;choc;manv;num_veh
201800001318;1.0;7;0;0.0;2.0;1.0;1.0;B01
201800001319;1.0;2;0;0.0;2.0;1.0;2.0;A01
201800001319;1.0;7;0;0.0;0.0;4.0;2.0;B01
201800001320;2.0;2;0;0.0;2.0;1.0;1.0;B01
201800001320;2.0;7;0;0.0;2.0;3.0;1.0;A01
201800001321;2.0;2;0;0.0;2.0;3.0;13.0;A01
201800001321;1.0;7;0;0.0;2.0;3.0;1.0;B01
201800001322;1.0;7;0;0.0;1.0;3.0;16.0;A01
201800001323;2.0;7;0;0.0;1.0;5.0;16.0;A01
201800001324;2.0;7;0;1.0;1.0;2.0;1.0;B01
201800001325;0.0;38;1;0.0;1.0;2.0;1.0;A01
201800001326;1.0;10;0;0.0;2.0;2.0;9.0;A01
201800001326;0.0;10;0;0.0;2.0;3.0;2.0;B01
201800001327;2.0;7;0;0.0;2.0;2.0;1.0;A01
201800001327;2.0;7;0;6.0;0.0;4.0;16.0;B01
201800001328;2.0;1;0;0.0;2.0;8.0;2.0;B01
201800001328;2.0;10;0;0.0;9.0;5.0;2.0;A01
201800001329;1.0;33;0;0.0;0.0;1.0;1.0;A01
201800001330;0.0;2;0;0.0;2.0;3.0;0.0;B01
201800001330;0.0;21;0;0.0;2.0;3.0;0.0;A01
201800001331;2.0;33;0;0.0;2.0;3.0;13.0;A01
201800001331;1.0;15;0;0.0;2.0;7.0;1.0;B01
201800001332;0.0;7;0;1.0;0.0;1.0;13.0;A01
201800001333;1.0;7;0;0.0;1.0;3.0;9.0;A01
201800001334;0.0;7;0;0.0;1.0;2.0;1.0;A01
201800001335;2.0;1;0;0.0;2.0;4.0;18.0;A01
201800001335;2.0;15;0;0.0;2.0;5.0;2.0;B01
201800001336;1.0;7;0;0.0;2.0;1.0;1.0;B01
201800001336;2.0;7;0;8.0;2.0;1.0;13.0;A01
201800001337;0.0;2;0;0.0;0.0;4.0;23.0;B01
201800001337;0.0;21;0;0.0;2.0;1.0;1.0;A01
201800001338;1.0;7;0;0.0;1.0;3.0;0.0;A01
201800001339;2.0;7;0;3.0;2.0;3.0;1.0;C01
201800001339;2.0;7;0;0.0;2.0;8.0;1.0;D01
201800001339;1.0;7;0;0.0;2.0;1.0;13.0;A01
201800001339;2.0;7;0;0.0;2.0;1.0;1.0;B01
201800001340;2.0;33;0;0.0;0.0;9.0;1.0;A01
201800001341;1.0;7;0;0.0;0.0;7.0;13.0;B01
201800001341;0.0;7;0;0.0;2.0;8.0;19.0;A01
201800001342;2.0;7;0;0.0;1.0;1.0;1.0;A01
201800001343;2.0;7;0;0.0;2.0;1.0;1.0;B01
201800001343;2.0;7;0;0.0;0.0;0.0;5.0;D01
201800001343;2.0;7;0;0.0;2.0;1.0;11.0;A01
201800001343;0.0;7;0;0.0;0.0;6.0;23.0;C01
201800001344;0.0;7;0;0.0;1.0;2.0;1.0;A01
201800001345;1.0;7;0;0.0;2.0;1.0;1.0;A01
201800001345;0.0;7;0;0.0;2.0;8.0;16.0;B01
201800001346;1.0;7;0;0.0;2.0;3.0;12.0;A01
201800001346;1.0;1;0;0.0;2.0;4.0;1.0;B01
201800001347;1.0;2;0;0.0;2.0;8.0;1.0;B01
201800001347;1.0;7;0;0.0;2.0;7.0;17.0;A01
201800001348;2.0;7;0;0.0;2.0;3.0;1.0;B01
201800001348;1.0;7;0;0.0;2.0;1.0;19.0;A01
201800001349;1.0;33;0;0.0;2.0;2.0;2.0;A01
201800001349;1.0;7;0;0.0;2.0;6.0;15.0;B01
201800001350;1.0;36;0;7.0;0.0;1.0;1.0;A01
201800001351;1.0;7;0;2.0;0.0;4.0;1.0;A01
201800001352;0.0;7;0;0.0;2.0;7.0;1.0;B01
201800001352;0.0;2;0;0.0;2.0;1.0;1.0;A01
201800001353;2.0;33;0;0.0;2.0;1.0;17.0;A01
201800001353;1.0;7;0;0.0;2.0;3.0;1.0;B01
201800001354;2.0;7;0;7.0;0.0;9.0;1.0;A01
201800001355;0.0;33;0;0.0;0.0;0.0;15.0;A01
201800001356;1.0;7;0;2.0;0.0;1.0;0.0;A01
201800001357;0.0;36;0;0.0;0.0;9.0;16.0;A01
201800001358;2.0;21;0;0.0;2.0;3.0;1.0;B01
201800001358;1.0;7;0;0.0;2.0;3.0;0.0;A01
201800001359;1.0;7;0;9.0;0.0;3.0;0.0;A01
201800001360;1.0;7;0;0.0;1.0;4.0;4.0;A01
201800001361;1.0;7;0;0.0;2.0;1.0;13.0;A01
201800001361;2.0;7;0;0.0;2.0;1.0;1.0;B01
201800001362;1.0;7;0;16.0;0.0;2.0;1.0;A01
201800001363;1.0;7;0;0.0;2.0;1.0;1.0;A01
201800001363;1.0;1;0;0.0;2.0;4.0;1.0;B01
201800001364;1.0;7;0;0.0;2.0;4.0;1.0;A01
201800001364;1.0;7;0;0.0;2.0;1.0;1.0;B01
201800001364;1.0;33;0;0.0;2.0;1.0;1.0;C01
201800001365;2.0;15;0;0.0;2.0;8.0;2.0;C01
201800001365;2.0;7;0;0.0;2.0;8.0;2.0;D01
201800001365;2.0;7;0;0.0;2.0;3.0;2.0;F01
201800001365;2.0;7;0;0.0;2.0;3.0;2.0;A01
201800001365;2.0;7;0;0.0;2.0;2.0;2.0;B01
201800001365;2.0;15;0;0.0;2.0;2.0;2.0;E01
201800001366;1.0;7;0;0.0;2.0;2.0;15.0;A01
201800001366;2.0;33;0;0.0;2.0;1.0;1.0;B01
201800001367;1.0;30;0;0.0;0.0;7.0;1.0;A01
201800001368;1.0;2;0;0.0;2.0;1.0;9.0;A01
201800001368;2.0;7;0;0.0;2.0;1.0;9.0;B01
201800001369;2.0;33;0;16.0;0.0;1.0;15.0;A01
201800001370;1.0;2;0;12.0;0.0;7.0;21.0;A01
201800001371;1.0;33;0;16.0;0.0;0.0;1.0;A01
201800001372;2.0;7;0;6.0;0.0;1.0;16.0;A01
201800001373;2.0;7;0;6.0;0.0;2.0;15.0;A01
201800001374;2.0;33;0;0.0;2.0;9.0;2.0;A01
201800001374;2.0;10;0;0.0;0.0;4.0;15.0;B01
201800001375;1.0;7;0;0.0;2.0;2.0;17.0;A01
201800001375;1.0;1;0;0.0;2.0;8.0;15.0;B01
201800001376;2.0;14;0;0.0;2.0;3.0;1.0;B01
201800001376;1.0;7;0;0.0;2.0;8.0;15.0;A01
201800001377;2.0;7;0;2.0;0.0;3.0;1.0;A01
201800001378;2.0;7;0;0.0;2.0;3.0;13.0;A01
201800001378;1.0;10;0;0.0;2.0;3.0;21.0;B01
201800001379;1.0;7;0;0.0;2.0;2.0;1.0;A01
201800001379;1.0;2;0;0.0;2.0;4.0;1.0;B01
201800001380;1.0;7;0;0.0;1.0;3.0;1.0;A01
201800001381;2.0;33;0;0.0;2.0;1.0;2.0;A01
201800001381;1.0;7;0;0.0;2.0;8.0;15.0;B01
201800001382;0.0;31;0;2.0;0.0;1.0;1.0;A01
201800001383;2.0;2;0;14.0;2.0;1.0;0.0;A01
201800001383;2.0;2;0;0.0;2.0;4.0;0.0;B01
201800001384;1.0;7;0;0.0;2.0;3.0;1.0;A01
201800001384;1.0;1;0;0.0;2.0;4.0;0.0;B01
201800001385;1.0;7;0;6.0;2.0;4.0;10.0;A01
201800001385;1.0;33;0;0.0;2.0;1.0;2.0;B01
201800001386;2.0;34;0;2.0;0.0;7.0;0.0;A01
201800001387;2.0;7;0;0.0;2.0;2.0;2.0;A01
201800001387;2.0;2;0;0.0;0.0;4.0;2.0;B01
201800001388;2.0;7;0;0.0;2.0;3.0;13.0;A01
201800001388;1.0;7;0;0.0;2.0;3.0;1.0;B01
201800001388;1.0;7;0;0.0;2.0;6.0;1.0;C01
201800001389;2.0;7;0;0.0;9.0;3.0;1.0;A01
201800001389;0.0;21;0;0.0;2.0;1.0;1.0;B01
201800001390;2.0;1;0;0.0;0.0;0.0;2.0;A01
201800001391;1.0;33;0;0.0;2.0;1.0;1.0;B01
201800001391;1.0;7;0;0.0;2.0;7.0;19.0;A01
201800001392;2.0;7;0;0.0;2.0;1.0;2.0;A01
201800001392;2.0;1;0;0.0;2.0;3.0;0.0;B01
201800001393;1.0;7;0;0.0;2.0;3.0;1.0;A01
201800001393;2.0;7;0;0.0;9.0;8.0;23.0;B01
201800001393;2.0;1;0;0.0;2.0;2.0;19.0;C01
201800001394;2.0;7;0;1.0;1.0;3.0;13.0;A01
201800001395;1.0;7;0;0.0;2.0;2.0;1.0;A01
201800001395;1.0;1;0;0.0;2.0;4.0;1.0;B01
201800001396;1.0;1;0;0.0;2.0;7.0;1.0;A01
201800001396;1.0;1;0;0.0;2.0;8.0;1.0;B01
201800001397;2.0;7;0;0.0;2.0;1.0;1.0;A01
201800001397;1.0;7;0;0.0;2.0;1.0;1.0;B01
201800001397;2.0;99;0;0.0;2.0;0.0;0.0;C01
201800001398;1.0;7;0;6.0;0.0;2.0;0.0;A01
201800001399;2.0;31;0;0.0;2.0;1.0;1.0;B01
201800001399;1.0;7;0;0.0;2.0;3.0;19.0;A01
201800001400;2.0;7;0;0.0;2.0;2.0;13.0;A01
201800001400;1.0;7;0;0.0;2.0;2.0;1.0;B01
201800001401;1.0;7;0;13.0;0.0;1.0;1.0;A01
201800001402;2.0;10;0;0.0;2.0;2.0;1.0;B01
201800001402;0.0;2;0;0.0;2.0;4.0;1.0;A01
201800001403;1.0;10;0;0.0;2.0;1.0;13.0;A01
201800001403;2.0;7;0;0.0;2.0;1.0;1.0;B01
201800001404;2.0;7;0;8.0;0.0;3.0;1.0;A01
201800001405;2.0;2;0;0.0;2.0;1.0;1.0;A01
201800001405;2.0;17;0;0.0;2.0;2.0;23.0;B01
201800001406;2.0;7;0;2.0;0.0;8.0;13.0;A01
201800001407;2.0;7;0;0.0;0.0;9.0;1.0;A01
201800001408;1.0;7;0;11.0;1.0;1.0;1.0;A01
201800001408;2.0;7;0;1.0;2.0;1.0;1.0;B01
201800001409;2.0;7;0;0.0;2.0;4.0;2.0;B01
201800001409;2.0;33;0;0.0;2.0;1.0;2.0;A01
201800001410;1.0;31;0;0.0;2.0;1.0;17.0;A01
201800001410;2.0;7;0;0.0;0.0;8.0;19.0;B01
201800001411;1.0;7;0;2.0;0.0;3.0;1.0;A01
201800001412;1.0;2;0;0.0;2.0;1.0;2.0;A01
201800001412;1.0;7;0;0.0;2.0;4.0;2.0;B01
201800001413;2.0;7;0;0.0;2.0;8.0;15.0;A01
201800001413;1.0;7;0;0.0;2.0;1.0;1.0;B01
201800001414;2.0;7;0;0.0;2.0;1.0;13.0;A01
201800001414;1.0;10;0;0.0;2.0;1.0;1.0;B01
201800001415;1.0;7;0;0.0;2.0;3.0;1.0;A01
201800001415;1.0;7;0;0.0;2.0;2.0;1.0;B01
201800001416;1.0;7;0;0.0;2.0;3.0;13.0;A01
201800001416;2.0;7;0;0.0;2.0;3.0;1.0;B01
201800001417;1.0;7;0;0.0;2.0;1.0;1.0;B01
201800001417;2.0;7;0;0.0;2.0;3.0;0.0;A01
201800001418;2.0;7;0;0.0;1.0;1.0;16.0;A01
201800001419;1.0;7;0;0.0;2.0;8.0;13.0;A01
201800001419;2.0;7;0;3.0;2.0;3.0;1.0;B01
201800001419;2.0;7;0;3.0;2.0;8.0;1.0;C01
201800001420;1.0;2;0;0.0;2.0;1.0;1.0;A01
201800001420;1.0;7;0;0.0;2.0;4.0;15.0;B01
201800001421;1.0;7;0;13.0;0.0;1.0;13.0;A01
201800001422;1.0;7;0;13.0;0.0;1.0;12.0;A01
201800001423;0.0;1;0;0.0;0.0;8.0;1.0;A01
201800001424;2.0;7;0;0.0;2.0;1.0;1.0;A01
201800001424;0.0;10;0;0.0;2.0;8.0;19.0;B01
201800001425;1.0;7;0;0.0;2.0;2.0;15.0;A01
201800001425;2.0;7;0;0.0;2.0;1.0;1.0;B01
201800001426;1.0;7;0;13.0;0.0;9.0;1.0;A01
201800001427;1.0;7;0;13.0;0.0;2.0;1.0;A01
201800001428;1.0;7;0;6.0;0.0;3.0;1.0;A01
201800001428;2.0;7;0;0.0;2.0;2.0;19.0;B01
201800001429;2.0;33;0;0.0;2.0;1.0;1.0;A01
201800001429;1.0;7;0;0.0;2.0;2.0;1.0;B01
201800001430;2.0;7;0;0.0;2.0;2.0;17.0;A01
201800001430;2.0;2;0;0.0;2.0;8.0;15.0;B01
201800001431;1.0;7;0;0.0;2.0;1.0;19.0;A01
201800001431;1.0;7;0;0.0;2.0;8.0;1.0;B01
201800001432;2.0;33;0;0.0;2.0;1.0;1.0;A01
201800001432;2.0;7;0;0.0;2.0;4.0;15.0;B01
201800001433;0.0;3;0;13.0;0.0;2.0;1.0;A01
201800001434;1.0;7;0;0.0;2.0;3.0;13.0;A01
201800001434;2.0;7;0;0.0;2.0;3.0;1.0;B01
201800001435;2.0;7;0;0.0;2.0;8.0;1.0;A01
201800001435;1.0;7;0;0.0;2.0;3.0;1.0;B01
201800001436;1.0;2;0;13.0;0.0;1.0;15.0;A01
201800001437;1.0;7;0;0.0;2.0;2.0;2.0;A01
201800001437;1.0;1;0;0.0;2.0;4.0;2.0;B01
201800001438;1.0;7;0;0.0;0.0;8.0;15.0;A01
201800001438;1.0;10;0;0.0;0.0;1.0;17.0;B01
201800001439;1.0;7;0;8.0;0.0;2.0;21.0;A01
201800001440;2.0;33;0;0.0;2.0;1.0;0.0;B01
201800001440;1.0;7;0;0.0;2.0;6.0;15.0;A01
201800001441;1.0;7;0;0.0;2.0;3.0;13.0;A01
201800001441;2.0;7;0;0.0;2.0;3.0;1.0;B01
201800001442;1.0;7;0;0.0;2.0;3.0;17.0;A01
201800001442;2.0;7;0;0.0;2.0;3.0;1.0;B01
201800001443;1.0;7;0;0.0;2.0;3.0;1.0;B01
201800001443;2.0;7;0;0.0;2.0;6.0;19.0;C01
201800001444;1.0;7;0;0.0;2.0;3.0;13.0;A01
201800001444;2.0;7;0;0.0;2.0;3.0;1.0;B01
201800001445;2.0;33;0;0.0;2.0;1.0;1.0;B01
201800001445;2.0;7;0;0.0;2.0;7.0;19.0;A01
201800001446;2.0;7;0;8.0;0.0;3.0;1.0;A01
201800001447;2.0;7;0;0.0;0.0;8.0;10.0;A01
201800001447;2.0;7;0;0.0;2.0;3.0;1.0;B01
201800001448;2.0;10;0;2.0;0.0;3.0;1.0;A01
201800001449;1.0;7;0;0.0;2.0;1.0;1.0;B01
201800001449;2.0;7;0;0.0;2.0;8.0;0.0;A01
201800001450;1.0;7;0;0.0;2.0;1.0;1.0;A01
201800001450;1.0;7;0;0.0;2.0;7.0;1.0;B01
201800001451;2.0;7;0;0.0;2.0;7.0;10.0;A01
201800001451;1.0;33;0;0.0;2.0;1.0;1.0;B01
201800001452;1.0;31;0;15.0;0.0;1.0;1.0;A01
201800001453;1.0;7;0;13.0;0.0;1.0;17.0;A01
201800001454;1.0;7;0;0.0;2.0;7.0;1.0;A01
201800001454;1.0;7;0;0.0;2.0;1.0;1.0;B01
201800001455;1.0;7;0;0.0;2.0;8.0;16.0;A01
201800001455;2.0;7;0;0.0;2.0;1.0;1.0;B01
201800001456;2.0;7;0;0.0;2.0;8.0;0.0;A01
201800001456;1.0;7;0;0.0;2.0;3.0;1.0;B01
201800001457;1.0;7;0;0.0;0.0;7.0;1.0;A01
201800001457;2.0;7;0;0.0;2.0;1.0;1.0;B01
201800001458;2.0;7;0;0.0;2.0;3.0;13.0;A01
201800001458;1.0;7;0;0.0;2.0;3.0;1.0;B01
201800001459;1.0;7;0;0.0;1.0;3.0;1.0;A01
201800001460;2.0;15;0;0.0;1.0;3.0;1.0;A01
201800001461;1.0;1;0;0.0;2.0;8.0;1.0;B01
201800001461;0.0;7;0;0.0;9.0;1.0;9.0;A01
201800001462;2.0;7;0;0.0;2.0;1.0;1.0;B01
201800001462;0.0;2;0;0.0;2.0;2.0;19.0;A01
201800001463;1.0;2;0;8.0;0.0;1.0;0.0;A01
201800001464;1.0;7;0;9.0;9.0;9.0;0.0;A01
201800001465;1.0;7;0;2.0;0.0;2.0;1.0;A01
201800001466;2.0;7;0;13.0;0.0;3.0;13.0;A01
201800001467;0.0;7;0;0.0;2.0;2.0;1.0;A01
201800001467;0.0;7;0;13.0;0.0;5.0;1.0;D01
201800001467;0.0;7;0;0.0;2.0;2.0;1.0;C01
201800001467;0.0;7;0;0.0;2.0;7.0;1.0;F01
201800001467;0.0;7;0;0.0;2.0;1.0;1.0;E01
201800001467;0.0;7;0;13.0;2.0;8.0;1.0;B01
201800001468;2.0;7;0;0.0;2.0;6.0;15.0;A01
201800001468;2.0;7;0;0.0;2.0;2.0;17.0;B01
201800001469;0.0;7;0;0.0;0.0;3.0;23.0;C01
201800001469;0.0;2;0;1.0;2.0;8.0;21.0;B01
201800001469;0.0;7;0;0.0;2.0;3.0;23.0;A01
201800001470;0.0;2;0;0.0;2.0;1.0;1.0;A01
201800001470;0.0;7;0;0.0;2.0;3.0;1.0;B01
201800001471;2.0;7;0;0.0;2.0;2.0;10.0;C01
201800001471;1.0;33;0;0.0;2.0;3.0;1.0;A01
201800001471;1.0;33;0;0.0;2.0;3.0;1.0;B01
201800001472;2.0;33;0;0.0;2.0;1.0;2.0;B01
201800001472;2.0;7;0;0.0;0.0;4.0;16.0;A01
201800001473;2.0;33;0;0.0;0.0;7.0;1.0;A01
201800001474;1.0;10;0;0.0;2.0;1.0;1.0;B01
201800001474;2.0;7;0;0.0;2.0;1.0;13.0;A01
201800001475;1.0;7;0;13.0;0.0;1.0;2.0;A01
201800001476;0.0;7;0;0.0;1.0;2.0;1.0;A01
201800001477;2.0;7;0;0.0;2.0;2.0;15.0;A01
201800001477;1.0;2;0;0.0;2.0;1.0;1.0;B01
201800001478;2.0;7;0;0.0;2.0;3.0;13.0;A01
201800001478;1.0;15;0;0.0;2.0;3.0;1.0;B01
201800001479;0.0;7;0;0.0;2.0;3.0;13.0;A01
201800001479;0.0;30;0;0.0;2.0;8.0;21.0;B01
201800001480;2.0;7;0;0.0;2.0;1.0;2.0;A01
201800001480;2.0;7;0;0.0;0.0;5.0;23.0;B01
201800001481;1.0;15;0;0.0;2.0;1.0;1.0;B01
201800001481;2.0;7;0;0.0;2.0;1.0;13.0;A01
201800001482;1.0;7;0;0.0;1.0;2.0;15.0;A01
201800001483;1.0;7;0;0.0;2.0;3.0;9.0;A01
201800001483;2.0;33;0;0.0;2.0;1.0;1.0;B01
201800001484;0.0;7;0;0.0;1.0;2.0;1.0;A01
201800001485;0.0;7;0;0.0;2.0;1.0;1.0;B01
201800001485;0.0;7;0;0.0;2.0;5.0;1.0;A01
201800001486;1.0;7;0;0.0;2.0;7.0;13.0;A01
201800001486;2.0;7;0;0.0;2.0;1.0;1.0;B01
201800001487;0.0;7;0;0.0;2.0;2.0;6.0;A01
201800001487;0.0;7;0;0.0;2.0;1.0;1.0;B01
201800001488;1.0;33;0;15.0;9.0;1.0;0.0;A01
201800001489;1.0;7;0;0.0;1.0;1.0;1.0;A01
201800001490;0.0;33;0;0.0;2.0;1.0;17.0;B01
201800001490;0.0;7;0;0.0;0.0;6.0;23.0;A01
201800001491;2.0;7;0;0.0;2.0;2.0;21.0;A01
201800001491;2.0;10;0;0.0;0.0;6.0;0.0;B01
201800001492;2.0;2;0;0.0;2.0;8.0;16.0;A01
201800001492;1.0;7;0;0.0;2.0;1.0;1.0;B01
201800001493;2.0;7;0;0.0;2.0;3.0;13.0;A01
201800001493;1.0;33;0;0.0;2.0;1.0;1.0;B01
201800001494;2.0;33;0;14.0;0.0;1.0;9.0;A01
201800001495;1.0;7;0;0.0;2.0;2.0;15.0;A01
201800001495;1.0;31;0;0.0;2.0;1.0;21.0;B01
201800001496;2.0;7;0;0.0;9.0;6.0;13.0;B01
201800001496;2.0;33;0;13.0;2.0;7.0;17.0;A01
201800001497;2.0;7;0;3.0;0.0;1.0;0.0;A01
201800001498;1.0;7;0;13.0;0.0;4.0;15.0;B01
201800001498;2.0;7;0;0.0;2.0;1.0;2.0;A01
201800001498;1.0;7;0;13.0;2.0;1.0;1.0;C01
201800001499;1.0;7;0;0.0;2.0;1.0;1.0;B01
201800001499;2.0;7;0;0.0;2.0;1.0;13.0;A01
201800001500;2.0;7;0;4.0;2.0;9.0;2.0;B01
201800001500;2.0;7;0;0.0;2.0;1.0;2.0;C01
201800001500;2.0;7;0;0.0;2.0;4.0;2.0;A01
201800001501;0.0;7;0;0.0;9.0;4.0;0.0;C01
201800001501;0.0;31;0;4.0;2.0;0.0;1.0;A01
201800001501;0.0;7;0;0.0;0.0;0.0;11.0;B01
201800001502;1.0;7;0;0.0;1.0;1.0;1.0;A01
201800001503;0.0;33;0;0.0;2.0;1.0;21.0;B01
201800001503;0.0;10;0;0.0;2.0;3.0;23.0;A01
201800001504;2.0;7;0;0.0;2.0;3.0;15.0;A01
201800001504;1.0;2;0;7.0;2.0;1.0;1.0;B01
201800001505;1.0;7;0;14.0;0.0;2.0;21.0;A01
201800001506;0.0;7;0;0.0;1.0;3.0;1.0;A01
201800001507;2.0;33;0;0.0;2.0;1.0;1.0;A01
201800001507;2.0;7;0;0.0;2.0;5.0;15.0;B01
201800001508;0.0;32;0;0.0;2.0;7.0;17.0;B01
201800001508;0.0;7;0;0.0;2.0;3.0;15.0;A01
201800001509;0.0;7;0;0.0;2.0;1.0;1.0;A01
201800001509;0.0;30;0;0.0;2.0;8.0;9.0;B01
201800001510;0.0;31;0;0.0;0.0;0.0;1.0;A01
201800001511;0.0;2;0;0.0;2.0;1.0;1.0;A01
201800001511;0.0;7;0;0.0;2.0;2.0;15.0;B01
201800001512;0.0;7;0;0.0;2.0;2.0;15.0;A01
201800001512;0.0;33;0;0.0;2.0;8.0;1.0;B01
201800001513;0.0;7;0;0.0;1.0;3.0;15.0;A01
201800001514;0.0;2;0;0.0;2.0;1.0;1.0;A01
201800001514;0.0;14;0;0.0;0.0;4.0;15.0;B01
201800001515;0.0;7;0;0.0;1.0;1.0;1.0;A01
201800001516;0.0;33;0;0.0;2.0;1.0;1.0;A01
201800001516;0.0;7;0;0.0;2.0;3.0;15.0;B01
201800001517;1.0;7;0;0.0;0.0;0.0;1.0;A01
201800001517;1.0;30;0;0.0;0.0;0.0;0.0;B01
201800001518;1.0;10;0;6.0;0.0;2.0;1.0;A01
201800001519;0.0;7;0;0.0;2.0;3.0;1.0;B01
201800001519;0.0;7;0;0.0;2.0;3.0;1.0;A01
201800001520;2.0;7;0;0.0;2.0;3.0;9.0;A01
201800001520;1.0;1;0;0.0;2.0;1.0;15.0;B01
201800001521;0.0;7;0;0.0;2.0;3.0;1.0;A01
201800001521;0.0;7;0;0.0;2.0;3.0;9.0;B01
201800001522;1.0;33;0;0.0;2.0;1.0;17.0;A01
201800001522;2.0;7;0;0.0;2.0;1.0;1.0;B01
201800001522;1.0;7;0;0.0;2.0;6.0;1.0;C01
201800001523;0.0;7;0;0.0;2.0;1.0;0.0;B01
201800001523;0.0;7;0;0.0;2.0;1.0;5.0;A01
201800001524;2.0;7;0;0.0;2.0;8.0;15.0;B01
201800001524;2.0;33;0;12.0;2.0;2.0;17.0;A01
201800001525;0.0;7;0;0.0;1.0;3.0;1.0;A01
201800001526;0.0;7;0;0.0;2.0;3.0;2.0;A01
201800001526;0.0;1;0;0.0;2.0;0.0;0.0;B01
201800001527;0.0;7;0;0.0;1.0;0.0;0.0;A01
201800001528;1.0;7;0;0.0;2.0;3.0;9.0;A01
201800001528;1.0;1;0;0.0;2.0;2.0;1.0;B01
201800001529;0.0;7;0;2.0;0.0;2.0;0.0;A01
201800001530;1.0;7;0;13.0;0.0;9.0;13.0;A01
201800001531;1.0;7;0;2.0;0.0;3.0;13.0;A01
201800001532;2.0;7;0;13.0;0.0;3.0;19.0;A01
201800001533;2.0;7;0;2.0;2.0;2.0;1.0;A01
201800001533;1.0;7;0;0.0;2.0;1.0;1.0;B01
201800001534;2.0;7;0;0.0;2.0;1.0;13.0;A01
201800001534;1.0;7;0;0.0;2.0;1.0;1.0;B01
201800001535;2.0;2;0;0.0;0.0;8.0;1.0;A01
201800001536;2.0;7;0;13.0;0.0;1.0;1.0;A01
201800001537;1.0;33;0;0.0;2.0;1.0;1.0;B01
201800001537;2.0;7;0;0.0;2.0;3.0;15.0;A01
201800001538;1.0;7;0;0.0;2.0;5.0;15.0;A01
201800001538;2.0;33;0;0.0;2.0;1.0;1.0;B01
201800001539;1.0;35;0;2.0;0.0;3.0;1.0;A01
201800001540;2.0;7;0;0.0;2.0;2.0;21.0;A01
201800001540;1.0;2;0;0.0;2.0;1.0;14.0;B01
201800001541;2.0;7;0;0.0;1.0;1.0;1.0;A01
201800001542;1.0;7;0;0.0;2.0;1.0;1.0;B01
201800001542;2.0;7;0;0.0;2.0;1.0;5.0;A01
201800001543;1.0;7;0;0.0;2.0;0.0;1.0;A01
201800001543;1.0;2;0;6.0;0.0;2.0;1.0;B01
201800001544;2.0;7;0;0.0;2.0;3.0;13.0;A01
201800001544;1.0;10;0;0.0;0.0;3.0;1.0;B01
201800001545;0.0;7;0;0.0;9.0;5.0;20.0;B01
201800001545;2.0;1;0;0.0;2.0;2.0;5.0;A01
201800001546;1.0;7;0;8.0;0.0;1.0;1.0;A01
201800001547;1.0;7;0;0.0;2.0;3.0;13.0;A01
201800001547;2.0;7;0;0.0;2.0;3.0;1.0;B01
201800001548;2.0;7;0;0.0;2.0;4.0;23.0;C01
201800001548;2.0;7;0;0.0;2.0;1.0;2.0;A01
201800001548;2.0;7;0;0.0;2.0;4.0;23.0;B01
201800001548;2.0;7;0;0.0;2.0;4.0;23.0;D01
201800001549;1.0;7;0;0.0;2.0;3.0;1.0;B01
201800001549;1.0;7;0;0.0;2.0;1.0;9.0;A01
201800001550;1.0;7;0;0.0;0.0;3.0;1.0;A01
201800001551;1.0;7;0;0.0;2.0;1.0;1.0;B01
201800001551;2.0;7;0;0.0;2.0;2.0;15.0;A01
201800001552;0.0;31;0;0.0;2.0;4.0;1.0;A01
201800001552;0.0;7;0;0.0;2.0;3.0;0.0;B01
201800001553;1.0;1;0;0.0;0.0;7.0;1.0;A01
201800001554;2.0;33;0;0.0;0.0;0.0;15.0;A01
201800001555;2.0;33;0;6.0;0.0;1.0;15.0;A01
201800001556;2.0;7;0;0.0;2.0;2.0;1.0;C01
201800001556;1.0;7;0;0.0;2.0;3.0;13.0;A01
201800001556;2.0;7;0;0.0;2.0;3.0;1.0;B01
201800001556;2.0;7;0;0.0;9.0;2.0;2.0;D01
201800001557;2.0;7;0;14.0;0.0;3.0;1.0;B01
201800001557;1.0;33;0;0.0;0.0;1.0;13.0;A01
201800001558;2.0;7;0;13.0;0.0;2.0;1.0;A01
201800001559;2.0;7;0;8.0;0.0;1.0;1.0;A01
201800001560;2.0;7;0;2.0;0.0;1.0;1.0;A01
201800001561;1.0;7;0;0.0;2.0;1.0;1.0;A01
201800001561;1.0;7;0;0.0;0.0;8.0;1.0;B01
201800001562;2.0;31;0;0.0;0.0;0.0;14.0;A01
201800001563;1.0;7;0;0.0;1.0;2.0;1.0;A01
201800001564;1.0;7;0;0.0;1.0;3.0;1.0;A01
201800001565;1.0;7;0;0.0;1.0;2.0;1.0;A01
201800001566;1.0;1;0;0.0;2.0;1.0;15.0;B01
201800001566;1.0;7;0;0.0;9.0;7.0;2.0;A01
201800001567;2.0;10;0;0.0;2.0;2.0;15.0;A01
201800001567;1.0;2;0;0.0;2.0;1.0;1.0;B01
201800001568;0.0;10;0;0.0;1.0;4.0;4.0;A01
201800001569;2.0;7;0;0.0;1.0;3.0;0.0;A01
201800001570;1.0;7;0;0.0;1.0;3.0;1.0;A01
201800001571;2.0;7;0;0.0;1.0;1.0;0.0;A01
201800001572;1.0;10;0;0.0;1.0;1.0;2.0;A01
201800001573;0.0;7;0;0.0;1.0;0.0;0.0;A01