Num_Acc;senc;catv;occutc;obs;obsm;choc;manv;num_veh
201800001835;1.0;33;0;0.0;2.0;0.0;1.0;B01
201800001835;2.0;7;0;0.0;2.0;3.0;15.0;A01
201800001836;1.0;7;0;0.0;2.0;1.0;1.0;A01
201800001836;2.0;7;0;0.0;2.0;1.0;1.0;B01
201800001837;2.0;1;0;0.0;2.0;1.0;1.0;B01
201800001837;1.0;7;0;0.0;9.0;1.0;15.0;A01
201800001838;1.0;7;0;0.0;2.0;5.0;15.0;A01
201800001838;2.0;2;0;0.0;2.0;1.0;1.0;B01
201800001839;2.0;7;0;13.0;0.0;2.0;1.0;A01
201800001840;1.0;7;0;0.0;2.0;6.0;19.0;A01
201800001840;2.0;7;0;0.0;2.0;1.0;1.0;B01
201800001841;1.0;7;0;0.0;0.0;7.0;15.0;A01
201800001841;2.0;1;0;0.0;0.0;1.0;1.0;B01
201800001842;0.0;7;0;0.0;2.0;1.0;1.0;A01
201800001842;0.0;7;0;0.0;2.0;1.0;1.0;B01
201800001843;1.0;7;0;0.0;1.0;1.0;1.0;A01
201800001844;1.0;7;0;0.0;2.0;1.0;1.0;A01
201800001844;2.0;7;0;0.0;0.0;1.0;0.0;B01
201800001845;1.0;7;0;0.0;0.0;1.0;13.0;A01
201800001845;2.0;10;0;0.0;0.0;3.0;1.0;B01
201800001846;1.0;7;0;0.0;0.0;5.0;1.0;A01
201800001846;2.0;7;0;6.0;0.0;1.0;1.0;B01
201800001847;1.0;7;0;0.0;1.0;3.0;1.0;A01
201800001848;1.0;2;0;0.0;2.0;1.0;1.0;A01
201800001848;2.0;7;0;0.0;2.0;2.0;1.0;B01
201800001849;2.0;7;0;0.0;2.0;1.0;1.0;A01
201800001849;1.0;7;0;0.0;2.0;3.0;1.0;B01
201800001850;1.0;7;0;0.0;0.0;2.0;1.0;B01
201800001850;0.0;7;0;0.0;0.0;3.0;15.0;A01
201800001851;2.0;7;0;16.0;0.0;9.0;13.0;A01
201800001852;1.0;7;0;7.0;0.0;1.0;1.0;A01
201800001853;1.0;7;0;12.0;0.0;1.0;1.0;A01
201800001854;0.0;7;0;7.0;0.0;2.0;2.0;A01
201800001854;0.0;7;0;12.0;0.0;6.0;1.0;B01
201800001855;1.0;3;0;0.0;2.0;3.0;9.0;A01
201800001855;2.0;7;0;0.0;2.0;1.0;1.0;B01
201800001855;1.0;7;0;0.0;2.0;3.0;1.0;C01
201800001856;1.0;7;0;0.0;2.0;2.0;15.0;A01
201800001856;2.0;2;0;0.0;2.0;1.0;18.0;B01
201800001857;1.0;34;0;0.0;2.0;1.0;1.0;B01
201800001857;1.0;7;0;0.0;2.0;5.0;9.0;A01
201800001858;2.0;7;0;0.0;2.0;3.0;17.0;A01
201800001858;1.0;15;0;0.0;2.0;3.0;1.0;B01
201800001859;1.0;7;0;0.0;1.0;3.0;1.0;A01
201800001860;0.0;7;0;0.0;2.0;2.0;1.0;B01
201800001860;0.0;7;0;0.0;2.0;2.0;13.0;A01
201800001861;1.0;7;0;0.0;2.0;3.0;15.0;A01
201800001861;1.0;7;0;0.0;2.0;2.0;17.0;B01
201800001862;1.0;33;0;0.0;2.0;8.0;1.0;A01
201800001862;0.0;7;0;0.0;2.0;8.0;1.0;B01
201800001863;0.0;33;0;0.0;2.0;8.0;1.0;A01
201800001863;0.0;7;0;0.0;2.0;1.0;15.0;B01
201800001864;0.0;7;0;0.0;0.0;9.0;1.0;A01
201800001865;2.0;7;0;0.0;0.0;8.0;19.0;A01
201800001865;1.0;7;0;0.0;2.0;3.0;1.0;B01
201800001866;0.0;7;0;8.0;0.0;3.0;1.0;A01
201800001867;2.0;7;0;0.0;0.0;4.0;0.0;A01
201800001867;2.0;7;0;0.0;2.0;0.0;0.0;B01
201800001868;2.0;7;0;13.0;0.0;1.0;1.0;A01
201800001869;1.0;7;0;13.0;0.0;1.0;16.0;A01
201800001870;1.0;7;0;13.0;2.0;1.0;5.0;A01
201800001870;2.0;7;0;0.0;2.0;7.0;1.0;B01
201800001871;1.0;7;0;0.0;2.0;1.0;1.0;A01
201800001871;1.0;7;0;0.0;0.0;4.0;1.0;B01
201800001872;1.0;7;0;0.0;2.0;3.0;15.0;B01
201800001872;2.0;7;0;6.0;2.0;2.0;1.0;A01
201800001873;2.0;7;0;0.0;2.0;3.0;13.0;A01
201800001873;1.0;7;0;0.0;2.0;3.0;1.0;B01
201800001874;1.0;7;0;0.0;2.0;1.0;1.0;B01
201800001874;2.0;7;0;0.0;2.0;1.0;1.0;A01
201800001875;1.0;7;0;13.0;0.0;2.0;1.0;A01
201800001876;0.0;7;0;0.0;2.0;2.0;0.0;A01
201800001876;0.0;7;0;0.0;2.0;1.0;1.0;B01
201800001877;1.0;33;0;0.0;2.0;1.0;15.0;A01
201800001877;2.0;33;0;0.0;2.0;1.0;2.0;B01
201800001878;0.0;33;0;0.0;2.0;1.0;15.0;B01
201800001878;0.0;7;0;0.0;2.0;7.0;15.0;A01
201800001879;2.0;7;0;0.0;2.0;3.0;1.0;B01
201800001879;1.0;7;0;0.0;2.0;3.0;1.0;A01
201800001880;1.0;33;0;0.0;0.0;1.0;0.0;B01
201800001880;1.0;7;0;0.0;0.0;6.0;0.0;A01
201800001881;2.0;7;0;0.0;2.0;3.0;15.0;A01
201800001881;1.0;31;0;0.0;2.0;1.0;1.0;B01
201800001882;1.0;33;0;0.0;2.0;0.0;0.0;A01
201800001882;2.0;10;0;0.0;2.0;3.0;1.0;B01
201800001883;2.0;7;0;0.0;2.0;3.0;13.0;A01
201800001883;1.0;7;0;0.0;2.0;1.0;1.0;B01
201800001884;2.0;7;0;0.0;2.0;3.0;1.0;A01
201800001884;1.0;7;0;0.0;2.0;1.0;1.0;B01
201800001885;0.0;7;0;0.0;2.0;1.0;1.0;A01
201800001885;0.0;10;0;0.0;0.0;7.0;1.0;B01
201800001886;0.0;7;0;0.0;2.0;1.0;1.0;A01
201800001886;0.0;1;0;0.0;2.0;8.0;1.0;B01
201800001887;2.0;7;0;0.0;2.0;1.0;1.0;B01
201800001887;1.0;33;0;0.0;2.0;1.0;1.0;A01
201800001888;1.0;7;0;16.0;0.0;0.0;1.0;A01
201800001889;1.0;7;0;0.0;2.0;3.0;15.0;A01
201800001889;1.0;2;0;0.0;2.0;2.0;17.0;B01
201800001890;2.0;7;0;2.0;0.0;1.0;1.0;A01
201800001891;0.0;7;0;2.0;0.0;3.0;1.0;A01
201800001892;2.0;33;0;0.0;0.0;7.0;1.0;A01
201800001893;1.0;7;0;7.0;0.0;3.0;1.0;A01
201800001894;1.0;7;0;7.0;2.0;3.0;1.0;A01
201800001894;2.0;7;0;0.0;2.0;2.0;11.0;B01
201800001895;0.0;7;0;2.0;0.0;1.0;1.0;A01
201800001896;1.0;7;0;0.0;1.0;1.0;1.0;A01
201800001897;1.0;7;0;0.0;2.0;7.0;19.0;A01
201800001897;2.0;7;0;0.0;2.0;1.0;1.0;B01
201800001898;0.0;7;0;0.0;2.0;2.0;9.0;A01
201800001898;0.0;2;0;0.0;2.0;1.0;1.0;B01
201800001899;1.0;7;0;6.0;0.0;1.0;1.0;A01
201800001900;1.0;7;0;0.0;2.0;2.0;19.0;A01
201800001900;2.0;33;0;0.0;2.0;3.0;1.0;B01
201800001901;0.0;33;0;0.0;1.0;1.0;17.0;A01
201800001902;0.0;7;0;0.0;1.0;3.0;1.0;A01
201800001903;2.0;7;0;0.0;2.0;3.0;2.0;A01
201800001903;2.0;7;0;0.0;0.0;4.0;23.0;B01
201800001904;1.0;7;0;0.0;2.0;3.0;11.0;A01
201800001904;1.0;33;0;0.0;2.0;7.0;3.0;B01
201800001905;0.0;7;0;0.0;2.0;2.0;1.0;B01
201800001905;0.0;3;0;0.0;0.0;3.0;15.0;A01
201800001906;0.0;33;0;0.0;0.0;9.0;14.0;A01
201800001906;0.0;14;0;0.0;0.0;0.0;19.0;B01
201800001907;1.0;7;0;2.0;0.0;8.0;0.0;A01
201800001908;0.0;7;0;8.0;0.0;3.0;2.0;A01
201800001909;1.0;7;0;0.0;2.0;1.0;1.0;A01
201800001909;2.0;7;0;0.0;0.0;1.0;15.0;B01
201800001910;0.0;7;0;6.0;2.0;3.0;14.0;A01
201800001910;0.0;7;0;0.0;2.0;1.0;13.0;B01
201800001911;1.0;7;0;4.0;0.0;1.0;1.0;A01
201800001911;0.0;7;0;0.0;0.0;0.0;15.0;B01
201800001912;0.0;7;0;0.0;2.0;8.0;9.0;A01
201800001912;0.0;31;0;0.0;2.0;2.0;1.0;B01
201800001913;2.0;7;0;0.0;2.0;1.0;1.0;A01
201800001913;2.0;7;0;6.0;2.0;8.0;1.0;B01
201800001914;0.0;7;0;7.0;0.0;9.0;1.0;A01
201800001915;0.0;7;0;0.0;0.0;9.0;1.0;A01
201800001916;1.0;7;0;0.0;2.0;8.0;10.0;A01
201800001916;1.0;7;0;0.0;2.0;1.0;1.0;B01
201800001917;0.0;7;0;0.0;2.0;3.0;15.0;A01
201800001917;0.0;7;0;0.0;2.0;3.0;1.0;B01
201800001917;0.0;7;0;0.0;2.0;1.0;23.0;C01
201800001918;2.0;7;0;0.0;2.0;3.0;1.0;A01
201800001918;1.0;7;0;0.0;2.0;3.0;1.0;B01
201800001919;1.0;7;0;0.0;2.0;5.0;15.0;A01
201800001919;2.0;7;0;0.0;2.0;1.0;1.0;B01
201800001920;1.0;7;0;0.0;2.0;3.0;13.0;A01
201800001920;2.0;7;0;0.0;2.0;1.0;1.0;B01
201800001921;2.0;10;0;0.0;2.0;2.0;2.0;A01
201800001921;2.0;7;0;15.0;0.0;4.0;2.0;B01
201800001922;0.0;33;0;0.0;0.0;8.0;2.0;A01
201800001923;1.0;7;0;0.0;2.0;2.0;15.0;A01
201800001923;2.0;31;0;0.0;2.0;1.0;1.0;B01
201800001924;1.0;7;0;0.0;2.0;7.0;15.0;A01
201800001924;2.0;2;0;0.0;2.0;1.0;1.0;B01
201800001925;0.0;7;0;13.0;0.0;1.0;1.0;A01
201800001926;0.0;33;0;9.0;0.0;0.0;0.0;A01
201800001927;1.0;7;0;0.0;2.0;1.0;13.0;A01
201800001927;2.0;7;0;0.0;2.0;1.0;1.0;B01
201800001927;2.0;7;0;0.0;2.0;3.0;1.0;C01
201800001928;0.0;33;0;0.0;2.0;1.0;13.0;A01
201800001928;0.0;7;0;0.0;2.0;1.0;1.0;B01
201800001929;1.0;7;0;2.0;2.0;1.0;11.0;A01
201800001929;1.0;7;0;0.0;2.0;8.0;15.0;B01
201800001929;2.0;7;0;0.0;2.0;1.0;1.0;C01
201800001930;2.0;7;0;0.0;2.0;1.0;17.0;A01
201800001930;2.0;7;0;0.0;2.0;4.0;1.0;B01
201800001931;2.0;7;0;0.0;0.0;3.0;15.0;A01
201800001931;2.0;31;0;0.0;2.0;1.0;1.0;B01
201800001932;1.0;7;0;13.0;0.0;3.0;0.0;A01
201800001933;1.0;7;0;0.0;2.0;1.0;1.0;A01
201800001933;2.0;7;0;0.0;2.0;8.0;19.0;B01
201800001934;2.0;7;0;0.0;2.0;1.0;13.0;A01
201800001934;1.0;7;0;0.0;2.0;1.0;1.0;B01
201800001935;2.0;7;0;0.0;2.0;3.0;1.0;A01
201800001935;1.0;7;0;0.0;2.0;3.0;1.0;B01
201800001936;1.0;10;0;0.0;2.0;8.0;19.0;A01
201800001936;2.0;33;0;0.0;2.0;1.0;1.0;B01
201800001937;1.0;7;0;0.0;2.0;1.0;17.0;A01
201800001937;1.0;7;0;0.0;2.0;1.0;1.0;B01
201800001938;1.0;7;0;0.0;2.0;3.0;0.0;A01
201800001938;2.0;7;0;0.0;2.0;3.0;0.0;B01
201800001939;2.0;7;0;0.0;2.0;1.0;1.0;A01
201800001939;1.0;7;0;0.0;2.0;1.0;1.0;B01
201800001940;1.0;7;0;0.0;2.0;7.0;13.0;B01
201800001940;1.0;33;0;0.0;2.0;1.0;1.0;A01
201800001941;2.0;7;0;0.0;0.0;1.0;19.0;A01
201800001942;2.0;7;0;0.0;2.0;1.0;1.0;B01
201800001942;1.0;7;0;0.0;2.0;1.0;13.0;A01
201800001943;1.0;7;0;0.0;2.0;3.0;1.0;A01
201800001943;2.0;7;0;0.0;2.0;3.0;1.0;B01
201800001944;2.0;7;0;0.0;2.0;3.0;15.0;A01
201800001944;1.0;7;0;0.0;2.0;2.0;1.0;B01
201800001945;1.0;7;0;0.0;2.0;3.0;1.0;A01
201800001945;2.0;7;0;7.0;2.0;2.0;15.0;B01
201800001946;1.0;31;0;3.0;0.0;2.0;1.0;A01
201800001947;1.0;2;0;0.0;0.0;1.0;1.0;A01
201800001947;1.0;7;0;0.0;2.0;0.0;1.0;B01
201800001948;1.0;1;0;12.0;0.0;1.0;1.0;A01
201800001949;0.0;7;0;1.0;1.0;3.0;19.0;A01
201800001950;1.0;7;0;0.0;2.0;1.0;2.0;A01
201800001950;1.0;7;0;0.0;0.0;4.0;2.0;B01
201800001951;0.0;7;0;1.0;0.0;2.0;14.0;A01
201800001952;0.0;7;0;0.0;1.0;1.0;2.0;A01
201800001953;1.0;34;0;0.0;0.0;0.0;1.0;A01
201800001954;1.0;10;0;0.0;2.0;2.0;21.0;B01
201800001954;2.0;7;0;0.0;2.0;2.0;5.0;A01
201800001955;2.0;7;0;1.0;0.0;1.0;0.0;A01
201800001956;1.0;7;0;2.0;2.0;1.0;17.0;A01
201800001956;1.0;7;0;0.0;2.0;2.0;1.0;B01
201800001957;2.0;10;0;0.0;2.0;3.0;13.0;A01
201800001957;1.0;33;0;3.0;2.0;8.0;17.0;B01
201800001958;1.0;33;0;12.0;0.0;7.0;16.0;A01
201800001959;2.0;7;0;16.0;0.0;0.0;1.0;A01
201800001960;1.0;7;0;13.0;0.0;2.0;12.0;A01
201800001961;0.0;7;0;12.0;0.0;2.0;14.0;A01
201800001962;1.0;7;0;13.0;0.0;2.0;15.0;A01
201800001963;1.0;7;0;0.0;2.0;3.0;5.0;A01
201800001963;2.0;7;0;0.0;2.0;8.0;1.0;B01
201800001964;1.0;33;0;0.0;2.0;3.0;1.0;A01
201800001964;2.0;33;0;0.0;2.0;3.0;1.0;B01
201800001965;2.0;36;0;4.0;0.0;2.0;1.0;A01
201800001966;1.0;33;0;13.0;0.0;0.0;1.0;A01
201800001967;0.0;1;0;0.0;2.0;1.0;1.0;B01
201800001967;0.0;7;0;0.0;2.0;8.0;15.0;A01
201800001968;0.0;10;0;2.0;0.0;3.0;1.0;A01
201800001969;0.0;7;0;15.0;0.0;3.0;1.0;A01
201800001970;0.0;7;0;0.0;2.0;3.0;13.0;A01
201800001970;0.0;7;0;0.0;2.0;3.0;1.0;B01
201800001971;1.0;33;0;13.0;0.0;1.0;1.0;A01
201800001972;2.0;7;0;6.0;0.0;1.0;1.0;A01
201800001973;1.0;33;0;16.0;0.0;7.0;13.0;A01
201800001974;0.0;7;0;0.0;2.0;2.0;15.0;A01
201800001974;0.0;33;0;0.0;2.0;1.0;1.0;B01
201800001975;1.0;7;0;0.0;1.0;4.0;4.0;A01
201800001976;0.0;7;0;0.0;2.0;1.0;17.0;A01
201800001976;0.0;2;0;0.0;2.0;1.0;1.0;B01
201800001977;1.0;7;0;8.0;0.0;1.0;1.0;A01
201800001978;1.0;7;0;10.0;2.0;7.0;17.0;A01
201800001978;1.0;21;0;0.0;2.0;3.0;15.0;B01
201800001979;1.0;7;0;0.0;2.0;1.0;19.0;A01
201800001979;2.0;7;0;0.0;2.0;3.0;1.0;B01
201800001980;0.0;7;0;1.0;0.0;1.0;2.0;A01
201800001980;0.0;7;0;0.0;2.0;4.0;2.0;B01
201800001980;0.0;7;0;0.0;2.0;5.0;2.0;C01
201800001981;1.0;7;0;0.0;2.0;1.0;0.0;A01
201800001981;0.0;7;0;0.0;2.0;6.0;15.0;B01
201800001982;0.0;7;0;0.0;2.0;1.0;1.0;A01
201800001982;0.0;7;0;0.0;2.0;1.0;15.0;B01
201800001983;1.0;10;0;0.0;2.0;5.0;10.0;A01
201800001983;2.0;33;0;0.0;2.0;1.0;1.0;B01
201800001984;2.0;7;0;0.0;0.0;1.0;0.0;A01
201800001985;1.0;7;0;0.0;2.0;4.0;15.0;A01
201800001985;1.0;7;0;0.0;2.0;1.0;1.0;B01
201800001985;2.0;7;0;0.0;2.0;3.0;1.0;C01
201800001985;2.0;7;0;0.0;2.0;2.0;1.0;D01
201800001986;0.0;33;0;0.0;2.0;7.0;1.0;B01
201800001986;0.0;7;0;0.0;2.0;2.0;15.0;A01
201800001987;1.0;7;0;13.0;0.0;1.0;21.0;A01
201800001988;1.0;7;0;0.0;9.0;3.0;1.0;A01
201800001988;2.0;1;0;0.0;2.0;1.0;1.0;B01
201800001988;2.0;1;0;0.0;2.0;1.0;1.0;C01
201800001989;2.0;7;0;0.0;2.0;1.0;17.0;A01
201800001989;2.0;1;0;0.0;2.0;8.0;10.0;B01
201800001990;1.0;31;0;0.0;2.0;7.0;1.0;B01
201800001990;2.0;7;0;0.0;2.0;3.0;9.0;A01
201800001991;2.0;7;0;2.0;0.0;1.0;1.0;A01
201800001992;1.0;7;0;0.0;2.0;3.0;1.0;B01
201800001992;1.0;7;0;0.0;2.0;1.0;1.0;C01
201800001992;2.0;7;0;0.0;2.0;3.0;13.0;A01
201800001993;2.0;7;0;0.0;2.0;1.0;13.0;A01
201800001993;1.0;7;0;0.0;2.0;3.0;1.0;B01
201800001994;2.0;7;0;0.0;2.0;3.0;1.0;A01
201800001994;1.0;7;0;0.0;2.0;3.0;1.0;B01
201800001995;0.0;7;0;0.0;2.0;1.0;16.0;A01
201800001995;0.0;7;0;0.0;2.0;2.0;1.0;B01
201800001996;2.0;7;0;0.0;2.0;1.0;21.0;B01
201800001996;1.0;7;0;0.0;2.0;1.0;13.0;A01
201800001997;1.0;1;0;0.0;0.0;0.0;1.0;A01
201800001998;1.0;33;0;0.0;2.0;3.0;1.0;A01
201800001998;1.0;21;0;0.0;2.0;6.0;10.0;B01
201800001999;1.0;7;0;6.0;0.0;1.0;5.0;A01
201800002000;2.0;7;0;2.0;0.0;1.0;0.0;A01
201800002001;1.0;7;0;13.0;0.0;5.0;17.0;A01
201800002002;1.0;7;0;0.0;2.0;8.0;1.0;A01
201800002002;1.0;7;0;0.0;2.0;3.0;1.0;B01
201800002002;1.0;7;0;0.0;2.0;8.0;1.0;C01
201800002002;2.0;7;0;0.0;2.0;3.0;5.0;D01
201800002003;0.0;7;0;0.0;2.0;1.0;5.0;A01
201800002003;0.0;7;0;0.0;2.0;1.0;1.0;B01
201800002004;2.0;32;0;0.0;2.0;1.0;1.0;A01
201800002004;2.0;7;0;0.0;2.0;5.0;15.0;B01
201800002005;1.0;7;0;0.0;2.0;3.0;1.0;A01
201800002005;2.0;7;0;0.0;2.0;3.0;13.0;B01
201800002006;2.0;7;0;0.0;9.0;0.0;0.0;A01
201800002006;2.0;1;0;0.0;2.0;5.0;0.0;B01
201800002007;2.0;7;0;0.0;1.0;3.0;1.0;A01
201800002008;0.0;7;0;0.0;1.0;2.0;1.0;A01
201800002009;0.0;2;0;0.0;0.0;0.0;0.0;A01
201800002010;0.0;7;0;0.0;2.0;2.0;0.0;A01
201800002010;0.0;30;0;0.0;2.0;8.0;1.0;B01
201800002011;1.0;7;0;0.0;2.0;1.0;1.0;A01
201800002011;1.0;7;0;0.0;2.0;4.0;23.0;B01
201800002012;1.0;7;0;0.0;2.0;1.0;17.0;A01
201800002012;2.0;7;0;0.0;2.0;1.0;1.0;B01
201800002013;0.0;7;0;0.0;2.0;3.0;9.0;A01
201800002013;0.0;7;0;0.0;2.0;3.0;1.0;B01
201800002014;1.0;7;0;0.0;0.0;7.0;0.0;A01
201800002014;2.0;7;0;0.0;2.0;1.0;21.0;B01
201800002015;2.0;7;0;0.0;2.0;3.0;1.0;A01
201800002015;1.0;7;0;0.0;0.0;3.0;5.0;B01
201800002016;2.0;7;0;0.0;1.0;2.0;0.0;A01
201800002017;0.0;38;3;0.0;2.0;2.0;1.0;A01
201800002017;0.0;7;0;0.0;2.0;3.0;1.0;B01
201800002018;1.0;7;0;0.0;2.0;2.0;2.0;A01
201800002018;1.0;33;0;0.0;2.0;6.0;2.0;B01
201800002019;0.0;33;0;11.0;0.0;0.0;0.0;A01
201800002020;2.0;7;0;0.0;2.0;1.0;1.0;A01
201800002020;2.0;7;0;0.0;2.0;6.0;2.0;B01
201800002021;1.0;7;0;0.0;2.0;7.0;15.0;A01
201800002021;2.0;2;0;0.0;2.0;1.0;1.0;B01
201800002022;1.0;7;0;8.0;0.0;1.0;1.0;A01
201800002023;1.0;7;0;1.0;0.0;3.0;1.0;A01
201800002024;1.0;7;0;0.0;9.0;1.0;15.0;A01
201800002024;2.0;1;0;0.0;2.0;1.0;1.0;B01
201800002025;1.0;7;0;0.0;2.0;1.0;14.0;C01
201800002025;2.0;7;0;0.0;2.0;5.0;1.0;A01
201800002025;1.0;7;0;0.0;0.0;2.0;15.0;B01
201800002026;0.0;3;0;0.0;0.0;3.0;17.0;A01
201800002026;0.0;7;0;0.0;0.0;0.0;1.0;B01
201800002026;0.0;13;0;0.0;0.0;6.0;1.0;C01
201800002027;0.0;7;0;5.0;0.0;2.0;1.0;A01
201800002028;0.0;7;0;0.0;0.0;2.0;1.0;A01
201800002029;1.0;7;0;0.0;0.0;2.0;1.0;A01
201800002030;2.0;2;0;0.0;0.0;0.0;1.0;A01
201800002031;;7;0;0.0;1.0;5.0;4.0;A01
201800002032;0.0;7;0;0.0;1.0;2.0;1.0;A01
201800002033;2.0;10;0;8.0;0.0;3.0;1.0;A01
201800002034;2.0;7;0;0.0;2.0;2.0;13.0;A01
201800002034;1.0;7;0;0.0;2.0;1.0;1.0;B01
201800002035;1.0;7;0;0.0;2.0;3.0;0.0;A01
201800002035;1.0;7;0;0.0;2.0;1.0;1.0;B01
201800002036;0.0;7;0;0.0;2.0;1.0;1.0;A01
201800002036;0.0;10;0;0.0;0.0;4.0;1.0;B01
201800002037;2.0;1;0;0.0;2.0;1.0;1.0;B01
201800002037;1.0;7;0;0.0;9.0;3.0;1.0;A01
201800002038;0.0;10;0;0.0;0.0;3.0;1.0;A01
201800002038;0.0;7;0;0.0;2.0;3.0;13.0;B01
201800002039;0.0;7;0;0.0;2.0;1.0;19.0;A01
201800002039;2.0;7;0;0.0;0.0;5.0;0.0;B01
201800002040;0.0;7;0;0.0;0.0;1.0;13.0;A01
201800002041;1.0;7;0;0.0;2.0;1.0;1.0;B01
201800002041;2.0;33;0;5.0;2.0;1.0;1.0;A01
201800002042;0.0;7;0;0.0;2.0;1.0;2.0;B01
201800002042;0.0;7;0;0.0;0.0;4.0;16.0;A01
201800002043;0.0;7;0;2.0;0.0;1.0;13.0;A01
201800002044;0.0;1;0;0.0;2.0;1.0;1.0;A01
201800002044;0.0;7;0;0.0;2.0;3.0;1.0;B01
201800002045;0.0;33;0;0.0;0.0;2.0;1.0;A01
201800002046;2.0;33;0;0.0;0.0;4.0;2.0;B01
201800002046;2.0;33;0;0.0;2.0;1.0;2.0;C01
201800002046;2.0;33;0;0.0;0.0;0.0;15.0;A01
201800002047;1.0;31;0;0.0;0.0;8.0;1.0;A01
201800002048;2.0;7;0;0.0;2.0;3.0;1.0;A01
201800002048;1.0;7;0;0.0;2.0;8.0;1.0;C01
201800002048;1.0;14;0;0.0;2.0;3.0;1.0;B01
201800002049;0.0;7;0;6.0;0.0;3.0;16.0;A01
201800002050;0.0;7;0;0.0;1.0;3.0;1.0;A01
201800002051;1.0;7;0;0.0;2.0;3.0;2.0;A01
201800002051;1.0;33;0;0.0;2.0;4.0;23.0;B01
201800002052;0.0;7;0;15.0;0.0;1.0;1.0;A01
201800002053;1.0;2;0;0.0;0.0;8.0;2.0;A01
201800002054;0.0;7;0;0.0;2.0;3.0;9.0;B01
201800002054;0.0;7;0;0.0;0.0;7.0;1.0;A01
201800002055;0.0;33;0;0.0;2.0;3.0;1.0;A01
201800002055;0.0;10;0;0.0;2.0;8.0;1.0;B01
201800002056;2.0;34;0;14.0;0.0;8.0;1.0;A01
201800002057;1.0;32;0;0.0;2.0;1.0;1.0;A01
201800002057;2.0;7;0;0.0;2.0;3.0;1.0;B01
201800002058;1.0;10;0;0.0;2.0;7.0;5.0;A01
201800002058;2.0;7;0;0.0;2.0;1.0;1.0;B01
201800002059;0.0;7;0;0.0;1.0;2.0;15.0;A01
201800002060;0.0;7;0;6.0;0.0;1.0;1.0;A01
201800002061;0.0;33;0;6.0;0.0;7.0;1.0;A01
201800002062;2.0;33;0;0.0;2.0;3.0;13.0;A01
201800002062;1.0;32;0;0.0;2.0;3.0;1.0;B01
201800002063;0.0;1;0;0.0;2.0;8.0;1.0;A01
201800002064;2.0;7;0;0.0;1.0;2.0;1.0;A01
201800002065;2.0;7;0;13.0;2.0;3.0;13.0;A01
201800002065;1.0;7;0;0.0;2.0;1.0;1.0;B01
201800002066;2.0;7;0;0.0;2.0;3.0;19.0;A01
201800002066;2.0;7;0;11.0;0.0;8.0;1.0;B01
201800002067;2.0;7;0;0.0;2.0;2.0;19.0;A01
201800002067;1.0;7;0;6.0;2.0;3.0;1.0;B01
201800002067;2.0;1;0;0.0;2.0;0.0;15.0;C01
201800002067;2.0;1;0;0.0;2.0;1.0;15.0;D01
201800002068;1.0;7;0;0.0;2.0;4.0;1.0;A01
201800002068;1.0;1;0;0.0;2.0;1.0;1.0;B01
201800002069;2.0;7;0;0.0;2.0;7.0;14.0;A01
201800002069;2.0;31;0;0.0;2.0;8.0;18.0;B01
201800002070;2.0;33;0;0.0;2.0;1.0;1.0;A01
201800002070;0.0;7;0;0.0;0.0;7.0;19.0;B01
201800002071;2.0;7;0;0.0;2.0;2.0;15.0;A01
201800002071;1.0;33;0;0.0;2.0;1.0;1.0;B01
201800002072;1.0;7;0;0.0;9.0;7.0;0.0;A01
201800002072;1.0;1;0;0.0;2.0;8.0;0.0;B01
201800002073;1.0;7;0;13.0;0.0;0.0;14.0;A01
201800002074;2.0;2;0;0.0;2.0;8.0;15.0;A01
201800002074;1.0;7;0;0.0;2.0;2.0;1.0;B01
201800002075;2.0;7;0;2.0;0.0;8.0;0.0;A01
201800002076;1.0;2;0;13.0;0.0;3.0;1.0;A01
201800002077;2.0;7;0;0.0;2.0;3.0;1.0;A01
201800002077;0.0;7;0;0.0;2.0;8.0;15.0;B01
201800002078;0.0;7;0;0.0;1.0;1.0;1.0;A01
201800002079;1.0;10;0;0.0;2.0;1.0;1.0;A01
201800002079;0.0;7;0;0.0;2.0;8.0;23.0;C01
201800002079;0.0;10;0;0.0;2.0;7.0;19.0;B01
201800002080;1.0;7;0;6.0;2.0;2.0;9.0;A01
201800002080;1.0;7;0;6.0;2.0;8.0;1.0;B01
201800002081;1.0;7;0;2.0;0.0;3.0;1.0;A01
201800002082;1.0;33;0;0.0;0.0;0.0;1.0;A01
201800002083;1.0;7;0;0.0;2.0;8.0;9.0;A01
201800002083;2.0;7;0;0.0;2.0;1.0;1.0;B01
201800002084;1.0;7;0;0.0;1.0;1.0;0.0;A01
201800002085;2.0;7;0;0.0;2.0;3.0;13.0;A01
201800002085;1.0;7;0;0.0;2.0;3.0;1.0;B01
201800002086;1.0;7;0;0.0;2.0;1.0;1.0;A01
201800002086;2.0;7;0;3.0;2.0;1.0;1.0;B01
201800002087;0.0;7;0;0.0;0.0;0.0;0.0;A01
201800002088;0.0;7;0;8.0;0.0;1.0;1.0;A01
201800002089;1.0;7;0;0.0;2.0;1.0;15.0;A01
201800002089;2.0;2;0;0.0;2.0;1.0;1.0;B01
201800002090;1.0;7;0;0.0;2.0;2.0;2.0;A01
201800002090;1.0;7;0;6.0;2.0;4.0;2.0;B01
201800002091;0.0;7;0;8.0;0.0;1.0;0.0;A01
201800002092;0.0;1;0;0.0;2.0;7.0;15.0;A01