Num_Acc;senc;catv;occutc;obs;obsm;choc;manv;num_veh
201800004745;2.0;7;0;0.0;2.0;3.0;0.0;A01
201800004746;1.0;7;0;0.0;2.0;3.0;1.0;A01
201800004746;2.0;14;0;0.0;2.0;3.0;15.0;B01
201800004747;1.0;7;0;0.0;2.0;3.0;17.0;A01
201800004747;2.0;30;0;0.0;2.0;1.0;1.0;B01
201800004748;2.0;7;0;6.0;0.0;0.0;1.0;A01
201800004748;1.0;7;0;0.0;0.0;3.0;1.0;B01
201800004749;0.0;7;0;2.0;0.0;3.0;1.0;A01
201800004750;2.0;7;0;0.0;2.0;1.0;1.0;A01
201800004750;2.0;33;0;0.0;0.0;4.0;16.0;B01
201800004751;1.0;7;0;0.0;2.0;8.0;9.0;C01
201800004751;1.0;7;0;0.0;2.0;3.0;9.0;A01
201800004751;2.0;17;0;0.0;2.0;1.0;1.0;B01
201800004752;1.0;2;0;1.0;0.0;1.0;1.0;A01
201800004753;1.0;7;0;0.0;2.0;8.0;1.0;A01
201800004753;2.0;10;0;0.0;2.0;8.0;1.0;B01
201800004753;2.0;7;0;0.0;2.0;1.0;21.0;C01
201800004754;1.0;7;0;0.0;0.0;9.0;0.0;A01
201800004755;1.0;7;0;0.0;1.0;1.0;1.0;A01
201800004756;1.0;7;0;0.0;2.0;1.0;13.0;A01
201800004756;2.0;7;0;0.0;2.0;1.0;1.0;B01
201800004757;2.0;7;0;0.0;1.0;2.0;9.0;A01
201800004758;0.0;7;0;0.0;2.0;7.0;15.0;A01
201800004758;0.0;1;0;0.0;2.0;1.0;1.0;B01
201800004759;1.0;7;0;0.0;1.0;3.0;1.0;A01
201800004760;1.0;33;0;13.0;0.0;1.0;14.0;A01
201800004761;2.0;1;0;0.0;0.0;1.0;15.0;A01
201800004762;0.0;7;0;0.0;1.0;2.0;1.0;A01
201800004763;1.0;7;0;0.0;2.0;3.0;13.0;A01
201800004763;1.0;7;0;4.0;2.0;2.0;17.0;B01
201800004764;1.0;7;0;0.0;2.0;3.0;1.0;A01
201800004764;2.0;7;0;0.0;2.0;3.0;13.0;B01
201800004765;2.0;7;0;0.0;2.0;1.0;1.0;B01
201800004765;1.0;7;0;0.0;2.0;3.0;1.0;C01
201800004765;2.0;7;0;0.0;2.0;3.0;19.0;A01
201800004766;1.0;7;0;0.0;2.0;8.0;1.0;B01
201800004766;0.0;33;0;0.0;2.0;1.0;9.0;A01
201800004767;2.0;7;0;0.0;2.0;8.0;23.0;C01
201800004767;1.0;7;0;0.0;2.0;7.0;16.0;A01
201800004767;1.0;33;0;0.0;2.0;1.0;1.0;B01
201800004768;1.0;7;0;0.0;2.0;6.0;0.0;A01
201800004768;2.0;10;0;0.0;2.0;3.0;0.0;B01
201800004769;1.0;7;0;0.0;2.0;1.0;19.0;A01
201800004769;2.0;7;0;12.0;0.0;8.0;1.0;B01
201800004770;0.0;10;0;0.0;1.0;5.0;4.0;A01
201800004771;0.0;7;0;0.0;2.0;1.0;2.0;A01
201800004771;1.0;7;0;0.0;0.0;4.0;2.0;B01
201800004772;2.0;7;0;0.0;1.0;2.0;1.0;A01
201800004773;1.0;7;0;0.0;1.0;3.0;1.0;A01
201800004774;2.0;7;0;0.0;2.0;3.0;1.0;A01
201800004774;1.0;7;0;0.0;2.0;1.0;15.0;B01
201800004775;2.0;7;0;0.0;2.0;1.0;1.0;A01
201800004775;2.0;7;0;13.0;2.0;3.0;1.0;B01
201800004775;1.0;7;0;13.0;2.0;1.0;6.0;C01
201800004775;2.0;7;0;13.0;2.0;6.0;1.0;D01
201800004776;1.0;1;0;0.0;2.0;1.0;1.0;B01
201800004776;1.0;7;0;0.0;2.0;6.0;16.0;A01
201800004777;1.0;10;0;0.0;2.0;2.0;15.0;A01
201800004777;2.0;33;0;0.0;2.0;1.0;1.0;B01
201800004778;2.0;10;0;0.0;2.0;6.0;10.0;A01
201800004778;2.0;33;0;0.0;2.0;1.0;1.0;B01
201800004779;1.0;7;0;0.0;0.0;0.0;0.0;A01
201800004780;2.0;33;0;0.0;0.0;1.0;1.0;B01
201800004780;1.0;7;0;0.0;0.0;8.0;19.0;A01
201800004781;1.0;7;0;13.0;2.0;1.0;17.0;A01
201800004781;2.0;7;0;13.0;2.0;1.0;1.0;B01
201800004781;1.0;7;0;0.0;9.0;1.0;1.0;C01
201800004782;2.0;33;0;3.0;0.0;7.0;0.0;A01
201800004783;1.0;7;0;0.0;2.0;1.0;21.0;B01
201800004783;2.0;7;0;0.0;2.0;1.0;21.0;C01
201800004783;0.0;7;0;0.0;2.0;3.0;0.0;A01
201800004784;1.0;31;0;0.0;1.0;0.0;17.0;A01
201800004785;2.0;10;0;0.0;2.0;1.0;2.0;A01
201800004785;2.0;10;0;0.0;0.0;4.0;2.0;B01
201800004786;2.0;33;0;0.0;2.0;7.0;1.0;B01
201800004786;1.0;7;0;0.0;2.0;5.0;15.0;A01
201800004787;1.0;2;0;7.0;0.0;0.0;1.0;A01
201800004788;1.0;7;0;13.0;0.0;1.0;14.0;A01
201800004789;1.0;7;0;13.0;0.0;9.0;1.0;A01
201800004790;1.0;7;0;0.0;2.0;1.0;17.0;A01
201800004790;2.0;7;0;0.0;2.0;1.0;1.0;B01
201800004791;2.0;7;0;0.0;2.0;7.0;1.0;A01
201800004791;1.0;7;0;0.0;2.0;1.0;1.0;B01
201800004792;2.0;7;0;0.0;2.0;3.0;15.0;A01
201800004792;1.0;2;0;0.0;2.0;1.0;1.0;B01
201800004793;2.0;7;0;7.0;2.0;2.0;15.0;A01
201800004793;2.0;7;0;7.0;2.0;8.0;1.0;B01
201800004794;1.0;7;0;14.0;0.0;3.0;1.0;A01
201800004795;1.0;30;0;0.0;0.0;7.0;1.0;B01
201800004795;1.0;7;0;0.0;0.0;1.0;19.0;A01
201800004796;1.0;7;0;0.0;2.0;1.0;13.0;A01
201800004796;2.0;17;0;13.0;2.0;1.0;1.0;B01
201800004797;1.0;7;0;2.0;0.0;1.0;13.0;A01
201800004798;1.0;33;0;0.0;0.0;4.0;23.0;A01
201800004798;1.0;7;0;0.0;2.0;1.0;2.0;B01
201800004799;1.0;34;0;0.0;0.0;0.0;0.0;A01
201800004800;2.0;7;0;0.0;0.0;2.0;2.0;A01
201800004800;2.0;7;0;0.0;0.0;4.0;23.0;B01
201800004800;2.0;7;0;1.0;0.0;4.0;23.0;C01
201800004800;2.0;10;0;0.0;0.0;4.0;23.0;D01
201800004801;2.0;7;0;0.0;0.0;0.0;17.0;A01
201800004801;1.0;7;0;13.0;0.0;1.0;21.0;B01
201800004802;1.0;7;0;0.0;0.0;0.0;0.0;A01
201800004802;1.0;7;0;0.0;2.0;0.0;1.0;B01
201800004802;2.0;7;0;0.0;2.0;0.0;1.0;C01
201800004803;2.0;7;0;8.0;0.0;4.0;14.0;A01
201800004804;2.0;7;0;0.0;0.0;1.0;1.0;A01
201800004805;2.0;7;0;1.0;0.0;1.0;14.0;A01
201800004805;2.0;15;0;0.0;0.0;4.0;24.0;B01
201800004806;1.0;33;0;6.0;0.0;1.0;0.0;A01
201800004807;1.0;10;0;0.0;2.0;4.0;15.0;A01
201800004807;1.0;10;0;0.0;0.0;1.0;1.0;B01
201800004807;1.0;10;0;0.0;0.0;1.0;1.0;C01
201800004807;2.0;15;0;3.0;2.0;1.0;1.0;D01
201800004808;1.0;33;0;0.0;2.0;1.0;2.0;A01
201800004808;1.0;21;0;0.0;2.0;4.0;2.0;B01
201800004809;1.0;14;0;0.0;2.0;3.0;1.0;B01
201800004809;2.0;7;0;0.0;2.0;3.0;13.0;A01
201800004810;0.0;7;0;0.0;1.0;2.0;1.0;A01
201800004811;2.0;7;0;2.0;0.0;2.0;14.0;A01
201800004812;1.0;33;0;2.0;0.0;0.0;0.0;A01
201800004813;1.0;7;0;0.0;2.0;3.0;1.0;B01
201800004813;0.0;7;0;0.0;2.0;6.0;20.0;A01
201800004814;1.0;1;0;0.0;2.0;3.0;13.0;B01
201800004814;0.0;7;0;0.0;9.0;3.0;0.0;A01
201800004815;2.0;7;0;2.0;0.0;8.0;14.0;A01
201800004816;0.0;7;0;0.0;1.0;0.0;24.0;A01
201800004817;2.0;7;0;0.0;2.0;1.0;17.0;A01
201800004817;2.0;7;0;0.0;2.0;8.0;15.0;B01
201800004818;1.0;10;0;2.0;0.0;1.0;1.0;A01
201800004819;2.0;7;0;13.0;0.0;1.0;19.0;A01
201800004820;2.0;7;0;0.0;2.0;7.0;15.0;B01
201800004820;1.0;33;0;0.0;2.0;1.0;1.0;A01
201800004821;1.0;33;0;0.0;0.0;9.0;13.0;A01
201800004822;0.0;7;0;2.0;0.0;1.0;0.0;A01
201800004823;2.0;7;0;0.0;9.0;1.0;1.0;A01
201800004823;1.0;1;0;0.0;2.0;1.0;5.0;B01
201800004824;2.0;7;0;0.0;2.0;3.0;13.0;A01
201800004824;1.0;3;0;0.0;2.0;3.0;1.0;B01
201800004825;0.0;7;0;0.0;2.0;1.0;1.0;A01
201800004825;0.0;7;0;2.0;2.0;3.0;1.0;B01
201800004826;2.0;7;0;0.0;2.0;1.0;9.0;A01
201800004826;2.0;7;0;0.0;2.0;2.0;2.0;B01
201800004827;2.0;7;0;0.0;0.0;7.0;15.0;A01
201800004827;1.0;30;0;0.0;2.0;1.0;1.0;B01
201800004828;2.0;7;0;0.0;2.0;6.0;11.0;A01
201800004828;2.0;33;0;0.0;2.0;2.0;1.0;B01
201800004829;1.0;10;0;0.0;2.0;1.0;0.0;A01
201800004829;1.0;7;0;0.0;2.0;4.0;1.0;B01
201800004830;2.0;7;0;0.0;2.0;3.0;10.0;A01
201800004830;2.0;33;0;0.0;2.0;1.0;5.0;B01
201800004831;1.0;7;0;0.0;2.0;1.0;1.0;B01
201800004831;0.0;7;0;0.0;2.0;1.0;1.0;A01
201800004832;1.0;7;0;0.0;2.0;1.0;5.0;A01
201800004832;2.0;7;0;0.0;2.0;1.0;1.0;B01
201800004832;2.0;7;0;12.0;0.0;2.0;1.0;C01
201800004833;2.0;36;0;7.0;0.0;3.0;1.0;A01
201800004834;1.0;7;0;3.0;0.0;3.0;1.0;A01
201800004835;0.0;33;0;2.0;0.0;1.0;1.0;A01
201800004836;2.0;1;0;0.0;2.0;1.0;1.0;A01
201800004836;2.0;10;0;0.0;9.0;8.0;15.0;B01
201800004837;1.0;7;0;0.0;2.0;1.0;2.0;A01
201800004837;1.0;7;0;0.0;2.0;4.0;2.0;B01
201800004838;1.0;33;0;0.0;0.0;9.0;15.0;A01
201800004839;1.0;34;0;0.0;2.0;1.0;13.0;A01
201800004839;2.0;17;0;0.0;2.0;3.0;1.0;B01
201800004840;1.0;7;0;0.0;1.0;1.0;1.0;A01
201800004841;1.0;7;0;0.0;2.0;3.0;1.0;B01
201800004841;1.0;7;0;0.0;9.0;3.0;1.0;D01
201800004841;2.0;7;0;0.0;2.0;3.0;1.0;A01
201800004841;1.0;7;0;0.0;2.0;2.0;2.0;C01
201800004842;1.0;7;0;0.0;9.0;9.0;1.0;A01
201800004843;1.0;7;0;0.0;1.0;1.0;1.0;A01
201800004844;1.0;7;0;0.0;2.0;3.0;15.0;A01
201800004844;2.0;7;0;0.0;2.0;3.0;1.0;B01
201800004845;1.0;7;0;6.0;0.0;1.0;13.0;A01
201800004846;2.0;7;0;2.0;0.0;7.0;13.0;A01
201800004847;2.0;33;0;13.0;0.0;1.0;1.0;A01
201800004847;1.0;21;0;0.0;0.0;0.0;1.0;B01
201800004848;2.0;7;0;0.0;0.0;0.0;1.0;A01
201800004849;2.0;14;0;0.0;2.0;3.0;5.0;A01
201800004849;1.0;15;0;0.0;2.0;3.0;1.0;B01
201800004850;1.0;7;0;0.0;2.0;2.0;17.0;A01
201800004850;2.0;31;0;0.0;2.0;1.0;1.0;B01
201800004851;2.0;33;0;0.0;0.0;0.0;1.0;A01
201800004852;1.0;7;0;2.0;0.0;3.0;1.0;A01
201800004853;2.0;7;0;0.0;2.0;1.0;15.0;A01
201800004853;1.0;7;0;0.0;2.0;1.0;1.0;B01
201800004853;2.0;37;20;0.0;2.0;8.0;23.0;C01
201800004854;2.0;7;0;0.0;2.0;7.0;2.0;A01
201800004854;2.0;7;0;0.0;2.0;1.0;2.0;B01
201800004855;2.0;15;0;0.0;2.0;1.0;1.0;B01
201800004855;2.0;33;0;0.0;2.0;4.0;9.0;A01
201800004856;2.0;7;0;0.0;0.0;9.0;1.0;A01
201800004857;1.0;7;0;2.0;0.0;1.0;16.0;A01
201800004858;1.0;7;0;0.0;2.0;7.0;1.0;B01
201800004858;1.0;2;0;0.0;2.0;1.0;19.0;A01
201800004859;2.0;7;0;8.0;0.0;1.0;14.0;A01
201800004860;1.0;7;0;0.0;2.0;3.0;17.0;A01
201800004860;1.0;33;0;0.0;2.0;8.0;21.0;B01
201800004861;1.0;2;0;9.0;0.0;1.0;1.0;A01
201800004862;2.0;7;0;13.0;0.0;1.0;0.0;A01
201800004863;2.0;35;0;0.0;0.0;4.0;0.0;A01
201800004864;1.0;2;0;0.0;2.0;2.0;1.0;A01
201800004864;1.0;7;0;0.0;2.0;1.0;15.0;B01
201800004865;1.0;7;0;8.0;0.0;5.0;1.0;A01
201800004866;1.0;7;0;0.0;2.0;1.0;15.0;A01
201800004866;2.0;7;0;0.0;2.0;3.0;1.0;B01
201800004867;2.0;7;0;0.0;1.0;2.0;1.0;A01
201800004868;1.0;7;0;0.0;2.0;3.0;13.0;A01
201800004868;1.0;17;0;0.0;2.0;3.0;1.0;B01
201800004869;1.0;7;0;1.0;0.0;1.0;1.0;A01
201800004869;1.0;15;0;0.0;0.0;6.0;23.0;B01
201800004869;1.0;7;0;0.0;2.0;1.0;1.0;C01
201800004870;1.0;7;0;0.0;2.0;8.0;9.0;A01
201800004870;2.0;33;0;0.0;2.0;1.0;21.0;B01
201800004871;1.0;7;0;0.0;2.0;3.0;13.0;A01
201800004871;2.0;7;0;1.0;1.0;8.0;1.0;B01
201800004871;2.0;7;0;0.0;2.0;1.0;1.0;D01
201800004872;1.0;7;0;0.0;2.0;3.0;1.0;A01
201800004872;1.0;1;0;0.0;2.0;1.0;5.0;B01
201800004873;1.0;7;0;0.0;2.0;7.0;1.0;A01
201800004873;2.0;15;0;0.0;2.0;1.0;1.0;B01
201800004874;2.0;7;0;0.0;2.0;3.0;13.0;A01
201800004874;1.0;7;0;0.0;2.0;3.0;1.0;B01
201800004875;2.0;7;0;13.0;0.0;1.0;1.0;A01
201800004876;2.0;7;0;0.0;1.0;1.0;1.0;A01
201800004877;2.0;7;0;13.0;0.0;9.0;0.0;A01
201800004878;0.0;7;0;0.0;1.0;3.0;1.0;A01
201800004879;1.0;2;0;0.0;0.0;7.0;1.0;A01
201800004880;0.0;1;0;0.0;0.0;7.0;1.0;A01
201800004881;1.0;7;0;1.0;1.0;2.0;14.0;A01
201800004882;2.0;1;0;0.0;2.0;1.0;2.0;A01
201800004882;2.0;7;0;0.0;0.0;4.0;2.0;B01
201800004883;2.0;10;0;2.0;0.0;9.0;1.0;A01
201800004884;1.0;7;0;0.0;2.0;1.0;1.0;B01
201800004884;0.0;7;0;7.0;0.0;7.0;1.0;A01
201800004885;1.0;7;0;0.0;2.0;1.0;1.0;B01
201800004885;0.0;7;0;7.0;0.0;2.0;9.0;A01
201800004886;1.0;7;0;13.0;0.0;9.0;13.0;A01
201800004887;1.0;7;0;0.0;0.0;4.0;15.0;B01
201800004887;1.0;7;0;0.0;2.0;1.0;1.0;A01
201800004888;1.0;14;0;0.0;2.0;1.0;1.0;B01
201800004888;1.0;7;0;0.0;2.0;8.0;9.0;A01
201800004889;2.0;7;0;0.0;1.0;1.0;1.0;A01
201800004890;1.0;10;0;0.0;1.0;2.0;21.0;A01
201800004891;2.0;7;0;13.0;0.0;9.0;21.0;A01
201800004892;2.0;10;0;0.0;1.0;3.0;1.0;A01
201800004893;1.0;7;0;0.0;0.0;6.0;1.0;B01
201800004893;1.0;33;0;0.0;2.0;1.0;17.0;A01
201800004894;0.0;7;0;0.0;2.0;3.0;23.0;C01
201800004894;0.0;7;0;0.0;2.0;3.0;15.0;A01
201800004894;0.0;34;0;0.0;2.0;8.0;1.0;B01
201800004895;1.0;7;0;3.0;2.0;2.0;13.0;A01
201800004895;2.0;13;0;0.0;2.0;2.0;21.0;B01
201800004896;1.0;33;0;0.0;2.0;3.0;16.0;A01
201800004896;2.0;7;0;0.0;2.0;8.0;1.0;B01
201800004896;2.0;7;0;0.0;2.0;1.0;1.0;C01
201800004897;1.0;33;0;0.0;2.0;2.0;0.0;A01
201800004897;1.0;7;0;0.0;2.0;8.0;1.0;B01
201800004898;0.0;7;0;2.0;0.0;3.0;21.0;A01
201800004899;2.0;7;0;0.0;2.0;3.0;13.0;A01
201800004899;1.0;31;0;0.0;2.0;1.0;1.0;B01
201800004900;2.0;7;0;0.0;2.0;3.0;19.0;A01
201800004900;0.0;7;0;0.0;2.0;3.0;1.0;B01
201800004901;2.0;2;0;0.0;0.0;8.0;15.0;A01
201800004902;1.0;7;0;0.0;2.0;7.0;0.0;A01
201800004902;2.0;7;0;0.0;2.0;1.0;0.0;B01
201800004903;2.0;7;0;0.0;2.0;2.0;2.0;A01
201800004903;1.0;33;0;0.0;2.0;1.0;0.0;B01
201800004904;1.0;7;0;0.0;2.0;3.0;0.0;B01
201800004904;2.0;7;0;0.0;2.0;3.0;5.0;A01
201800004905;0.0;33;0;0.0;0.0;0.0;1.0;A01
201800004906;0.0;7;0;2.0;0.0;3.0;1.0;A01
201800004907;1.0;7;0;0.0;2.0;2.0;1.0;A01
201800004907;1.0;1;0;0.0;2.0;4.0;1.0;B01
201800004908;2.0;7;0;0.0;2.0;3.0;1.0;A01
201800004908;1.0;7;0;0.0;2.0;3.0;1.0;B01
201800004909;1.0;7;0;13.0;0.0;1.0;17.0;A01
201800004910;1.0;13;0;0.0;0.0;3.0;23.0;C01
201800004910;2.0;7;0;0.0;0.0;2.0;19.0;A01
201800004910;2.0;7;0;0.0;2.0;1.0;1.0;B01
201800004911;1.0;7;0;14.0;2.0;2.0;1.0;B01
201800004911;0.0;7;0;0.0;2.0;1.0;19.0;A01
201800004912;1.0;7;0;0.0;2.0;1.0;19.0;A01
201800004912;2.0;7;0;0.0;2.0;1.0;23.0;C01
201800004912;2.0;7;0;0.0;2.0;6.0;1.0;B01
201800004913;2.0;7;0;16.0;0.0;1.0;13.0;A01
201800004914;2.0;7;0;8.0;2.0;6.0;1.0;B01
201800004914;0.0;7;0;0.0;2.0;3.0;19.0;A01
201800004915;2.0;7;0;0.0;2.0;8.0;19.0;A01
201800004915;2.0;7;0;0.0;2.0;1.0;1.0;B01
201800004916;2.0;7;0;2.0;0.0;0.0;1.0;A01
201800004917;1.0;13;0;0.0;2.0;1.0;1.0;B01
201800004917;2.0;7;0;0.0;2.0;8.0;19.0;A01
201800004918;2.0;7;0;8.0;0.0;3.0;1.0;A01
201800004919;2.0;7;0;0.0;2.0;3.0;11.0;A01
201800004919;1.0;7;0;0.0;2.0;3.0;1.0;B01
201800004920;0.0;7;0;0.0;1.0;1.0;1.0;A01
201800004921;1.0;7;0;8.0;2.0;1.0;1.0;A01
201800004922;2.0;7;0;2.0;0.0;7.0;1.0;A01
201800004923;0.0;7;0;0.0;1.0;3.0;1.0;A01
201800004924;1.0;2;0;0.0;0.0;7.0;1.0;A01
201800004925;1.0;33;0;0.0;2.0;1.0;1.0;A01
201800004925;1.0;7;0;0.0;2.0;2.0;15.0;B01
201800004926;1.0;15;0;0.0;0.0;8.0;1.0;A01
201800004927;1.0;7;0;7.0;0.0;3.0;0.0;B01
201800004927;0.0;7;0;0.0;2.0;1.0;19.0;A01
201800004928;1.0;7;0;0.0;2.0;1.0;1.0;B01
201800004928;1.0;1;0;0.0;9.0;2.0;19.0;A01
201800004929;0.0;2;0;1.0;0.0;1.0;0.0;A01
201800004930;2.0;7;0;0.0;0.0;0.0;1.0;A01
201800004931;0.0;7;0;6.0;0.0;1.0;1.0;A01
201800004932;1.0;7;0;0.0;1.0;2.0;1.0;A01
201800004933;0.0;3;0;1.0;0.0;7.0;1.0;A01
201800004934;1.0;30;0;0.0;0.0;7.0;1.0;A01
201800004935;2.0;33;0;0.0;0.0;0.0;0.0;A01
201800004936;2.0;7;0;0.0;1.0;2.0;1.0;A01
201800004937;1.0;7;0;0.0;1.0;2.0;1.0;A01
201800004938;1.0;1;0;0.0;0.0;1.0;1.0;A01
201800004939;1.0;33;0;0.0;0.0;7.0;0.0;A01
201800004940;2.0;10;0;7.0;2.0;1.0;1.0;A01
201800004940;2.0;7;0;0.0;2.0;7.0;1.0;B01
201800004941;1.0;7;0;13.0;0.0;3.0;13.0;A01
201800004942;2.0;7;0;13.0;0.0;1.0;21.0;A01
201800004942;2.0;7;0;0.0;0.0;0.0;9.0;B01
201800004943;0.0;7;0;0.0;0.0;4.0;23.0;B01
201800004943;2.0;7;0;0.0;2.0;1.0;2.0;A01
201800004944;1.0;7;0;13.0;0.0;2.0;1.0;A01
201800004945;2.0;7;0;2.0;0.0;1.0;1.0;A01
201800004946;1.0;7;0;0.0;2.0;1.0;13.0;A01
201800004946;2.0;10;0;0.0;2.0;1.0;1.0;B01
201800004947;0.0;7;0;0.0;2.0;3.0;1.0;B01
201800004947;0.0;7;0;0.0;2.0;3.0;1.0;A01
201800004948;1.0;7;0;0.0;2.0;4.0;2.0;B01
201800004948;1.0;15;0;0.0;2.0;1.0;2.0;A01
201800004949;2.0;33;0;0.0;2.0;8.0;1.0;B01
201800004949;2.0;7;0;0.0;2.0;1.0;15.0;A01
201800004950;2.0;7;0;2.0;0.0;0.0;1.0;A01
201800004951;2.0;7;0;0.0;2.0;2.0;21.0;C01
201800004951;2.0;7;0;0.0;2.0;1.0;2.0;B01
201800004951;2.0;7;0;13.0;0.0;4.0;6.0;A01
201800004952;1.0;2;0;8.0;0.0;1.0;14.0;A01
201800004953;1.0;15;0;0.0;1.0;3.0;15.0;A01
201800004954;2.0;7;0;0.0;0.0;3.0;20.0;B01
201800004954;2.0;31;0;1.0;2.0;5.0;17.0;A01
201800004955;1.0;7;0;13.0;0.0;3.0;13.0;A01
201800004956;1.0;7;0;13.0;0.0;2.0;1.0;A01
201800004957;2.0;7;0;0.0;2.0;1.0;15.0;A01
201800004957;1.0;33;0;0.0;2.0;1.0;1.0;B01
201800004958;1.0;7;0;9.0;0.0;1.0;6.0;A01
201800004959;1.0;7;0;0.0;2.0;3.0;13.0;A01
201800004959;2.0;7;0;0.0;2.0;3.0;1.0;B01
201800004960;1.0;7;0;0.0;2.0;2.0;15.0;A01
201800004960;2.0;31;0;0.0;2.0;1.0;1.0;B01
201800004961;1.0;7;0;0.0;0.0;6.0;15.0;A01
201800004961;1.0;31;0;0.0;2.0;1.0;17.0;B01
201800004962;2.0;7;0;2.0;0.0;2.0;14.0;A01
201800004963;2.0;7;0;0.0;1.0;2.0;1.0;A01
201800004964;2.0;33;0;0.0;0.0;0.0;0.0;A01
201800004965;1.0;7;0;0.0;0.0;3.0;0.0;A01
201800004966;2.0;7;0;2.0;0.0;0.0;1.0;A01
201800004967;2.0;2;0;14.0;0.0;1.0;1.0;A01
201800004967;2.0;7;0;0.0;0.0;6.0;23.0;B01
201800004968;0.0;7;0;9.0;1.0;1.0;1.0;A01
201800004969;1.0;7;0;0.0;0.0;5.0;6.0;A01
201800004969;1.0;2;0;0.0;2.0;1.0;9.0;B01
201800004970;1.0;33;0;0.0;2.0;2.0;21.0;A01
201800004970;2.0;7;0;0.0;2.0;5.0;15.0;B01
201800004971;2.0;7;0;0.0;2.0;3.0;13.0;A01
201800004971;1.0;7;0;0.0;2.0;3.0;1.0;B01
201800004971;1.0;7;0;0.0;2.0;1.0;1.0;C01
201800004972;1.0;7;0;0.0;2.0;3.0;9.0;B01
201800004972;1.0;7;0;0.0;2.0;7.0;1.0;A01
201800004973;1.0;7;0;0.0;2.0;1.0;0.0;A01
201800004973;2.0;7;0;0.0;2.0;8.0;0.0;B01
201800004974;1.0;1;0;0.0;2.0;0.0;0.0;A01
201800004974;1.0;7;0;0.0;9.0;2.0;0.0;B01
201800004975;0.0;2;0;0.0;2.0;1.0;1.0;A01
201800004975;0.0;2;0;0.0;2.0;4.0;1.0;B01
201800004976;1.0;33;0;15.0;0.0;1.0;21.0;A01
201800004977;2.0;2;0;0.0;2.0;3.0;2.0;A01
201800004977;2.0;7;0;0.0;0.0;4.0;23.0;B01
201800004978;0.0;1;0;0.0;0.0;1.0;0.0;A01
201800004979;1.0;7;0;3.0;0.0;3.0;1.0;A01
201800004980;2.0;7;0;0.0;0.0;3.0;9.0;A01
201800004980;1.0;2;0;0.0;2.0;1.0;1.0;B01
201800004981;1.0;15;0;0.0;2.0;3.0;2.0;A01
201800004981;1.0;7;0;8.0;2.0;6.0;2.0;B01
201800004982;2.0;7;0;0.0;9.0;2.0;17.0;A01
201800004982;1.0;1;0;0.0;0.0;4.0;2.0;B01
201800004983;2.0;7;0;0.0;0.0;3.0;1.0;A01
201800004984;1.0;7;0;0.0;2.0;1.0;13.0;A01
201800004984;2.0;7;0;0.0;2.0;1.0;17.0;B01
201800004985;2.0;7;0;0.0;1.0;2.0;1.0;A01
201800004986;1.0;33;0;11.0;0.0;8.0;1.0;A01
201800004987;0.0;7;0;6.0;0.0;8.0;1.0;A01
201800004988;1.0;7;0;0.0;2.0;8.0;1.0;A01
201800004988;1.0;7;0;0.0;2.0;7.0;17.0;B01
201800004989;2.0;7;0;0.0;2.0;3.0;13.0;A01
201800004989;2.0;7;0;0.0;0.0;3.0;1.0;B01
201800004990;2.0;7;0;6.0;0.0;8.0;1.0;A01
201800004991;1.0;7;0;2.0;0.0;1.0;1.0;A01
201800004992;2.0;34;0;0.0;0.0;0.0;1.0;A01
201800004993;0.0;1;0;0.0;2.0;7.0;1.0;A01
201800004993;0.0;1;0;0.0;2.0;1.0;1.0;B01
201800004993;0.0;1;0;0.0;2.0;8.0;18.0;C01
201800004994;2.0;7;0;13.0;0.0;9.0;1.0;A01
201800004995;0.0;7;0;0.0;1.0;1.0;1.0;A01
201800004996;0.0;7;0;0.0;9.0;3.0;9.0;A01
201800004996;0.0;1;0;0.0;2.0;5.0;15.0;B01
201800004997;2.0;7;0;0.0;2.0;3.0;1.0;A01
201800004997;1.0;7;0;0.0;2.0;3.0;13.0;B01
201800004998;0.0;7;0;2.0;0.0;1.0;19.0;A01
201800004999;2.0;7;0;2.0;0.0;2.0;1.0;A01
201800005000;2.0;7;0;0.0;2.0;1.0;1.0;B01
201800005000;1.0;7;0;0.0;2.0;2.0;13.0;A01
201800005001;0.0;33;0;16.0;0.0;0.0;0.0;A01
201800005002;1.0;7;0;2.0;0.0;1.0;16.0;A01
201800005003;2.0;7;0;13.0;0.0;3.0;1.0;A01
201800005004;1.0;7;0;2.0;0.0;2.0;1.0;A01
201800005005;2.0;7;0;0.0;2.0;1.0;15.0;B01
201800005005;0.0;7;0;0.0;0.0;5.0;15.0;A01
201800005006;0.0;7;0;0.0;2.0;3.0;1.0;C01
201800005006;0.0;7;0;0.0;2.0;0.0;0.0;B01
201800005006;0.0;7;0;0.0;0.0;0.0;0.0;A01
201800005007;2.0;7;0;13.0;0.0;2.0;1.0;A01
201800005008;2.0;7;0;0.0;1.0;2.0;1.0;A01
201800005009;2.0;7;0;8.0;0.0;1.0;13.0;A01
201800005010;1.0;2;0;8.0;0.0;1.0;0.0;A01
201800005011;2.0;17;0;0.0;0.0;7.0;1.0;A01
201800005012;2.0;7;0;13.0;0.0;1.0;14.0;A01
201800005013;1.0;7;0;6.0;0.0;1.0;17.0;A01
201800005014;1.0;7;0;13.0;0.0;1.0;1.0;A01
201800005015;2.0;7;0;0.0;0.0;1.0;13.0;A01
201800005015;1.0;7;0;0.0;0.0;1.0;1.0;B01