Num_Acc;senc;catv;occutc;obs;obsm;choc;manv;num_veh
201800005266;1.0;7;0;0.0;2.0;1.0;1.0;B01
201800005267;0.0;10;0;0.0;2.0;0.0;0.0;A01
201800005267;0.0;7;0;0.0;2.0;0.0;0.0;B01
201800005267;0.0;7;0;0.0;2.0;0.0;0.0;C01
201800005268;1.0;7;0;0.0;2.0;3.0;10.0;A01
201800005268;1.0;37;20;0.0;2.0;7.0;1.0;B01
201800005269;2.0;7;0;0.0;2.0;1.0;13.0;A01
201800005269;1.0;7;0;0.0;2.0;1.0;1.0;B01
201800005270;0.0;7;0;0.0;2.0;1.0;13.0;A01
201800005270;2.0;32;0;0.0;2.0;2.0;14.0;B01
201800005271;1.0;10;0;0.0;1.0;1.0;9.0;A01
201800005272;1.0;7;0;0.0;2.0;1.0;10.0;A01
201800005272;1.0;33;0;0.0;2.0;1.0;1.0;B01
201800005273;1.0;10;0;0.0;2.0;2.0;15.0;A01
201800005273;2.0;33;0;0.0;2.0;1.0;1.0;B01
201800005274;2.0;7;0;0.0;2.0;2.0;17.0;A01
201800005274;2.0;7;0;0.0;2.0;6.0;15.0;B01
201800005275;1.0;7;0;0.0;1.0;1.0;9.0;A01
201800005276;1.0;10;0;0.0;2.0;1.0;9.0;A01
201800005276;1.0;32;0;0.0;2.0;1.0;9.0;B01
201800005277;1.0;10;0;0.0;2.0;1.0;0.0;A01
201800005277;1.0;33;0;0.0;2.0;1.0;1.0;B01
201800005278;0.0;7;0;0.0;2.0;0.0;0.0;A01
201800005278;0.0;7;0;0.0;2.0;0.0;0.0;B01
201800005279;1.0;7;0;0.0;1.0;1.0;1.0;A01
201800005280;1.0;33;0;0.0;2.0;1.0;2.0;A01
201800005280;1.0;7;0;0.0;2.0;4.0;9.0;B01
201800005281;0.0;7;0;0.0;1.0;2.0;1.0;A01
201800005282;1.0;7;0;0.0;1.0;1.0;0.0;A01
201800005283;0.0;7;0;0.0;1.0;1.0;0.0;A01
201800005284;0.0;7;0;0.0;2.0;1.0;0.0;A01
201800005284;2.0;33;0;0.0;2.0;1.0;1.0;B01
201800005285;2.0;30;0;1.0;0.0;1.0;1.0;A01
201800005286;2.0;7;0;0.0;2.0;4.0;4.0;A01
201800005286;2.0;2;0;0.0;2.0;1.0;1.0;B01
201800005287;1.0;32;0;0.0;1.0;1.0;1.0;A01
201800005288;1.0;32;0;0.0;1.0;1.0;17.0;A01
201800005289;2.0;7;0;0.0;2.0;1.0;1.0;A01
201800005289;2.0;7;0;0.0;2.0;4.0;23.0;B01
201800005290;1.0;7;0;0.0;2.0;3.0;13.0;A01
201800005290;2.0;34;0;1.0;2.0;1.0;1.0;B01
201800005291;1.0;34;0;0.0;2.0;4.0;2.0;A01
201800005291;1.0;7;0;0.0;2.0;4.0;0.0;B01
201800005292;1.0;10;0;0.0;2.0;7.0;17.0;A01
201800005292;1.0;34;0;0.0;2.0;2.0;17.0;B01
201800005293;1.0;10;0;0.0;1.0;1.0;15.0;A01
201800005294;1.0;7;0;0.0;2.0;2.0;15.0;B01
201800005294;1.0;34;0;0.0;2.0;1.0;0.0;A01
201800005295;0.0;7;0;1.0;1.0;7.0;0.0;A01
201800005296;1.0;7;0;0.0;2.0;3.0;13.0;A01
201800005296;2.0;7;0;0.0;2.0;3.0;1.0;B01
201800005297;1.0;10;0;0.0;2.0;1.0;0.0;A01
201800005297;1.0;33;0;0.0;2.0;4.0;23.0;B01
201800005298;1.0;10;0;1.0;0.0;1.0;14.0;A01
201800005299;2.0;7;0;0.0;2.0;3.0;15.0;A01
201800005299;1.0;32;0;0.0;2.0;1.0;1.0;B01
201800005300;1.0;7;0;;1.0;0.0;0.0;A01
201800005301;1.0;34;0;0.0;2.0;1.0;16.0;A01
201800005301;2.0;7;0;0.0;2.0;7.0;15.0;B01
201800005302;1.0;7;0;0.0;2.0;1.0;10.0;A01
201800005302;2.0;34;0;1.0;2.0;3.0;1.0;B01
201800005303;1.0;33;0;0.0;2.0;1.0;0.0;A01
201800005303;1.0;10;0;0.0;2.0;4.0;23.0;B01
201800005303;1.0;30;0;0.0;2.0;0.0;5.0;C01
201800005304;1.0;32;0;0.0;1.0;1.0;1.0;A01
201800005305;1.0;10;0;0.0;1.0;2.0;1.0;Z01
201800005306;0.0;1;0;0.0;2.0;0.0;1.0;A01
201800005306;0.0;7;0;0.0;2.0;0.0;2.0;Z01
201800005307;1.0;7;0;0.0;1.0;1.0;1.0;A01
201800005308;0.0;7;0;0.0;2.0;3.0;15.0;A01
201800005308;0.0;32;0;0.0;2.0;1.0;1.0;B01
201800005309;1.0;7;0;0.0;2.0;1.0;1.0;A01
201800005309;1.0;7;0;0.0;2.0;1.0;1.0;B01
201800005310;1.0;10;0;0.0;1.0;1.0;1.0;A01
201800005311;1.0;14;0;0.0;2.0;7.0;2.0;A01
201800005311;1.0;31;0;0.0;2.0;8.0;2.0;B01
201800005312;1.0;10;0;0.0;1.0;1.0;1.0;A01
201800005313;0.0;32;0;0.0;2.0;7.0;9.0;A01
201800005313;1.0;10;0;0.0;2.0;1.0;2.0;B01
201800005314;1.0;32;0;0.0;1.0;1.0;1.0;A01
201800005315;1.0;7;0;0.0;1.0;1.0;1.0;A01
201800005316;1.0;7;0;0.0;1.0;7.0;1.0;A01
201800005317;1.0;15;0;14.0;0.0;3.0;0.0;A01
201800005318;1.0;10;0;0.0;2.0;1.0;2.0;A01
201800005318;1.0;10;0;0.0;2.0;4.0;2.0;B01
201800005318;1.0;10;0;0.0;2.0;4.0;2.0;C01
201800005319;1.0;30;0;12.0;0.0;7.0;14.0;A01
201800005320;1.0;7;0;8.0;0.0;7.0;14.0;A01
201800005321;1.0;2;0;0.0;0.0;3.0;1.0;A01
201800005322;1.0;7;0;0.0;2.0;1.0;15.0;A01
201800005322;2.0;7;0;0.0;2.0;1.0;1.0;B01
201800005322;1.0;7;0;0.0;2.0;6.0;15.0;C01
201800005323;2.0;7;0;6.0;0.0;2.0;1.0;A01
201800005324;2.0;2;0;0.0;0.0;7.0;1.0;A01
201800005325;1.0;7;0;0.0;0.0;7.0;13.0;A01
201800005326;1.0;7;0;0.0;1.0;2.0;1.0;A01
201800005327;2.0;7;0;0.0;2.0;1.0;9.0;A01
201800005327;1.0;7;0;0.0;2.0;7.0;1.0;B01
201800005328;1.0;7;0;0.0;1.0;2.0;17.0;A01
201800005329;1.0;7;0;0.0;0.0;9.0;1.0;A01
201800005330;2.0;33;0;0.0;1.0;1.0;1.0;A01
201800005331;1.0;7;0;0.0;9.0;2.0;15.0;A01
201800005331;2.0;1;0;0.0;2.0;3.0;1.0;B01
201800005332;1.0;7;0;0.0;2.0;1.0;0.0;A01
201800005332;1.0;7;0;0.0;2.0;4.0;23.0;B01
201800005333;1.0;10;0;0.0;1.0;4.0;24.0;A01
201800005334;2.0;7;0;0.0;0.0;8.0;1.0;A01
201800005335;1.0;7;0;0.0;2.0;3.0;1.0;A01
201800005335;2.0;7;0;0.0;2.0;3.0;1.0;B01
201800005336;1.0;7;0;0.0;1.0;1.0;1.0;A01
201800005337;2.0;7;0;16.0;0.0;1.0;1.0;A01
201800005338;2.0;7;0;6.0;0.0;1.0;0.0;A01
201800005339;1.0;34;0;0.0;2.0;3.0;0.0;A01
201800005339;2.0;7;0;0.0;2.0;5.0;0.0;B01
201800005340;2.0;7;0;0.0;9.0;4.0;2.0;A01
201800005340;2.0;7;0;0.0;2.0;1.0;2.0;B01
201800005341;2.0;7;0;3.0;0.0;3.0;13.0;A01
201800005342;1.0;33;0;0.0;2.0;1.0;2.0;A01
201800005342;1.0;7;0;0.0;2.0;6.0;10.0;B01
201800005343;1.0;31;0;0.0;0.0;0.0;1.0;A01
201800005344;2.0;7;0;0.0;1.0;2.0;1.0;A01
201800005345;1.0;7;0;6.0;0.0;1.0;1.0;A01
201800005346;1.0;7;0;0.0;2.0;1.0;1.0;A01
201800005346;1.0;7;0;0.0;2.0;4.0;1.0;B01
201800005347;1.0;7;0;6.0;0.0;0.0;14.0;A01
201800005348;2.0;7;0;0.0;2.0;1.0;2.0;A01
201800005348;2.0;10;0;0.0;2.0;4.0;2.0;B01
201800005349;2.0;7;0;12.0;1.0;9.0;17.0;A01
201800005350;2.0;33;0;6.0;0.0;2.0;2.0;A01
201800005351;1.0;30;0;0.0;2.0;1.0;2.0;A01
201800005351;1.0;7;0;0.0;2.0;6.0;1.0;B01
201800005352;1.0;7;0;0.0;2.0;5.0;16.0;B01
201800005352;1.0;2;0;0.0;2.0;1.0;2.0;A01
201800005353;2.0;33;0;0.0;2.0;3.0;13.0;A01
201800005353;1.0;31;0;0.0;2.0;3.0;15.0;B01
201800005354;2.0;7;0;0.0;2.0;3.0;15.0;A01
201800005354;1.0;30;0;0.0;2.0;1.0;1.0;B01
201800005355;1.0;7;0;0.0;2.0;1.0;2.0;A01
201800005356;2.0;32;0;0.0;2.0;2.0;1.0;B01
201800005356;2.0;7;0;12.0;2.0;8.0;9.0;A01
201800005357;2.0;7;0;1.0;0.0;2.0;1.0;A01
201800005358;2.0;7;0;0.0;2.0;2.0;17.0;A01
201800005358;2.0;31;0;0.0;2.0;4.0;2.0;B01
201800005359;2.0;7;0;0.0;2.0;1.0;2.0;A01
201800005359;2.0;7;0;0.0;2.0;4.0;2.0;B01
201800005360;1.0;7;0;0.0;2.0;1.0;0.0;A01
201800005361;0.0;7;0;3.0;0.0;2.0;14.0;A01
201800005362;0.0;7;0;0.0;2.0;2.0;9.0;A01
201800005362;0.0;33;0;0.0;2.0;5.0;1.0;B01
201800005363;2.0;7;0;6.0;2.0;3.0;15.0;A01
201800005363;1.0;7;0;6.0;2.0;1.0;1.0;B01
201800005364;1.0;10;0;0.0;2.0;1.0;0.0;A01
201800005364;1.0;7;0;0.0;0.0;4.0;0.0;B01
201800005365;2.0;7;0;14.0;0.0;2.0;0.0;A01
201800005365;0.0;7;0;1.0;2.0;6.0;24.0;B01
201800005366;0.0;7;0;8.0;0.0;2.0;21.0;A01
201800005367;2.0;30;0;14.0;0.0;0.0;1.0;A01
201800005368;0.0;7;0;0.0;0.0;9.0;2.0;A01
201800005369;2.0;30;0;0.0;2.0;1.0;1.0;A01
201800005369;0.0;7;0;0.0;2.0;4.0;1.0;B01
201800005370;1.0;1;0;0.0;2.0;2.0;15.0;A01
201800005370;2.0;7;0;0.0;2.0;3.0;9.0;B01
201800005371;2.0;7;0;0.0;2.0;1.0;2.0;A01
201800005371;2.0;32;0;0.0;2.0;4.0;16.0;B01
201800005372;1.0;7;0;0.0;2.0;3.0;13.0;A01
201800005372;2.0;7;0;0.0;2.0;3.0;1.0;B01
201800005373;1.0;7;0;0.0;2.0;2.0;1.0;B01
201800005373;0.0;30;0;0.0;2.0;1.0;19.0;A01
201800005374;0.0;33;0;0.0;0.0;0.0;1.0;A01
201800005375;2.0;7;0;0.0;2.0;2.0;1.0;B01
201800005375;2.0;7;0;0.0;2.0;1.0;15.0;A01
201800005376;1.0;32;0;0.0;0.0;3.0;1.0;A01
201800005377;1.0;10;0;0.0;1.0;2.0;19.0;A01
201800005378;1.0;30;0;0.0;2.0;0.0;0.0;A01
201800005378;1.0;7;0;0.0;2.0;3.0;15.0;B01
201800005379;2.0;30;0;0.0;2.0;1.0;1.0;A01
201800005379;2.0;7;0;0.0;2.0;4.0;1.0;B01
201800005380;2.0;7;0;0.0;2.0;3.0;1.0;C01
201800005380;1.0;7;0;0.0;2.0;6.0;1.0;B01
201800005380;1.0;34;0;0.0;2.0;1.0;2.0;A01
201800005381;0.0;7;0;0.0;2.0;1.0;9.0;A01
201800005381;0.0;33;0;0.0;2.0;4.0;0.0;B01
201800005382;2.0;30;0;0.0;2.0;1.0;1.0;A01
201800005382;1.0;7;0;0.0;2.0;3.0;1.0;B01
201800005383;2.0;7;0;0.0;1.0;2.0;0.0;A01
201800005384;2.0;7;0;15.0;0.0;9.0;2.0;A01
201800005385;2.0;7;0;13.0;0.0;2.0;1.0;A01
201800005386;2.0;2;0;0.0;2.0;4.0;1.0;A01
201800005386;2.0;7;0;0.0;6.0;1.0;3.0;B01
201800005386;2.0;7;0;0.0;2.0;8.0;1.0;C01
201800005386;2.0;7;0;0.0;6.0;0.0;1.0;D01
201800005387;2.0;7;0;0.0;2.0;1.0;2.0;A01
201800005387;2.0;10;0;0.0;2.0;4.0;2.0;B01
201800005388;2.0;10;0;0.0;1.0;7.0;1.0;A01
201800005389;1.0;30;0;0.0;2.0;7.0;17.0;A01
201800005389;2.0;7;0;0.0;2.0;3.0;15.0;B01
201800005390;1.0;30;0;0.0;2.0;1.0;1.0;A01
201800005390;1.0;7;0;0.0;2.0;3.0;15.0;B01
201800005391;2.0;30;0;13.0;0.0;1.0;2.0;A01
201800005392;2.0;7;0;0.0;2.0;1.0;2.0;A01
201800005392;2.0;7;0;0.0;2.0;4.0;2.0;B01
201800005393;2.0;7;0;0.0;2.0;1.0;2.0;A01
201800005393;2.0;7;0;0.0;2.0;4.0;2.0;B01
201800005394;1.0;7;0;0.0;0.0;0.0;0.0;A01
201800005394;2.0;7;0;0.0;2.0;3.0;1.0;B01
201800005395;2.0;30;0;0.0;2.0;7.0;17.0;A01
201800005395;2.0;7;0;0.0;2.0;8.0;2.0;B01
201800005396;0.0;7;0;0.0;1.0;4.0;20.0;A01
201800005397;1.0;7;0;0.0;2.0;1.0;1.0;A01
201800005397;2.0;7;0;0.0;2.0;4.0;1.0;B01
201800005398;2.0;32;0;0.0;6.0;1.0;2.0;A01
201800005398;2.0;7;0;0.0;6.0;4.0;2.0;B01
201800005399;1.0;30;0;0.0;0.0;7.0;1.0;A01
201800005400;2.0;7;0;0.0;2.0;1.0;2.0;A01
201800005400;2.0;7;0;0.0;0.0;0.0;0.0;B01
201800005401;1.0;7;0;0.0;2.0;1.0;2.0;A01
201800005401;1.0;7;0;0.0;2.0;4.0;2.0;C01
201800005401;1.0;7;0;0.0;2.0;4.0;2.0;B01
201800005402;2.0;7;0;3.0;0.0;1.0;14.0;A01
201800005403;1.0;30;0;0.0;2.0;2.0;17.0;A01
201800005403;1.0;7;0;0.0;2.0;2.0;9.0;B01
201800005404;0.0;7;0;0.0;1.0;7.0;16.0;A01
201800005405;0.0;31;0;0.0;0.0;7.0;16.0;A01
201800005406;2.0;7;0;0.0;2.0;3.0;2.0;A01
201800005406;2.0;2;0;0.0;2.0;4.0;2.0;B01
201800005407;1.0;7;0;0.0;2.0;6.0;15.0;B01
201800005407;1.0;34;0;0.0;2.0;1.0;2.0;A01
201800005408;0.0;7;0;6.0;0.0;1.0;1.0;A01
201800005409;2.0;7;0;0.0;2.0;1.0;2.0;A01
201800005409;2.0;7;0;0.0;2.0;4.0;2.0;B01
201800005410;1.0;30;0;0.0;2.0;1.0;17.0;A01
201800005410;1.0;10;0;0.0;2.0;8.0;15.0;B01
201800005411;0.0;7;0;0.0;2.0;1.0;13.0;A01
201800005411;0.0;7;0;0.0;2.0;1.0;1.0;B01
201800005412;1.0;32;0;0.0;2.0;1.0;1.0;A01
201800005412;2.0;7;0;0.0;2.0;2.0;19.0;B01
201800005413;2.0;7;0;1.0;0.0;2.0;1.0;A01
201800005414;1.0;30;0;15.0;0.0;1.0;14.0;A01
201800005415;1.0;7;0;0.0;1.0;1.0;15.0;A01
201800005416;0.0;7;0;0.0;2.0;3.0;15.0;B01
201800005416;0.0;33;0;0.0;2.0;7.0;17.0;A01
201800005417;1.0;30;0;0.0;2.0;2.0;1.0;A01
201800005417;0.0;7;0;0.0;2.0;4.0;2.0;B01
201800005418;0.0;7;0;13.0;0.0;2.0;14.0;A01
201800005419;2.0;7;0;1.0;0.0;1.0;13.0;A01
201800005420;1.0;7;0;0.0;1.0;0.0;0.0;A01
201800005421;2.0;7;0;0.0;2.0;6.0;13.0;A01
201800005421;1.0;7;0;0.0;2.0;6.0;0.0;B01
201800005422;2.0;7;0;0.0;1.0;4.0;0.0;A01
201800005423;2.0;7;0;8.0;0.0;5.0;14.0;A01
201800005424;2.0;7;0;0.0;2.0;3.0;1.0;A01
201800005424;2.0;7;0;0.0;0.0;5.0;16.0;B01
201800005425;2.0;2;0;0.0;0.0;0.0;1.0;A01
201800005426;1.0;31;0;0.0;2.0;1.0;17.0;A01
201800005426;1.0;10;0;14.0;0.0;6.0;15.0;B01
201800005427;1.0;30;0;0.0;2.0;1.0;1.0;A01
201800005427;1.0;7;0;0.0;2.0;4.0;15.0;B01
201800005428;2.0;7;0;6.0;0.0;3.0;0.0;A01
201800005429;2.0;31;0;0.0;2.0;1.0;0.0;A01
201800005429;1.0;7;0;0.0;2.0;7.0;0.0;B01
201800005430;2.0;33;0;0.0;2.0;1.0;0.0;A01
201800005430;2.0;7;0;0.0;2.0;5.0;0.0;B01
201800005431;0.0;2;0;0.0;2.0;1.0;0.0;A01
201800005431;0.0;7;0;0.0;2.0;5.0;0.0;B01
201800005432;1.0;7;0;8.0;0.0;1.0;0.0;A01
201800005433;2.0;7;0;0.0;2.0;1.0;13.0;A01
201800005433;1.0;7;0;0.0;2.0;8.0;1.0;B01
201800005434;2.0;7;0;8.0;0.0;1.0;0.0;A01
201800005435;2.0;7;0;0.0;0.0;9.0;13.0;A01
201800005436;1.0;7;0;0.0;1.0;1.0;1.0;A01
201800005437;2.0;33;0;14.0;2.0;9.0;17.0;A01
201800005437;2.0;7;0;0.0;2.0;6.0;23.0;B01
201800005437;1.0;7;0;0.0;2.0;1.0;1.0;C01
201800005438;1.0;7;0;13.0;0.0;8.0;16.0;A01
201800005439;2.0;7;0;9.0;0.0;1.0;0.0;A01
201800005440;1.0;7;0;0.0;2.0;2.0;2.0;A01
201800005440;1.0;7;0;0.0;2.0;6.0;2.0;B01
201800005441;1.0;33;0;0.0;2.0;1.0;17.0;A01
201800005441;2.0;7;0;0.0;2.0;3.0;1.0;B01
201800005442;1.0;7;0;6.0;0.0;1.0;13.0;A01
201800005443;1.0;7;0;0.0;2.0;4.0;0.0;A01
201800005443;1.0;7;0;0.0;0.0;4.0;0.0;B01
201800005444;2.0;1;0;0.0;2.0;1.0;13.0;A01
201800005444;1.0;7;0;0.0;2.0;1.0;1.0;B01
201800005445;1.0;7;0;0.0;2.0;1.0;1.0;B01
201800005445;2.0;7;0;0.0;2.0;1.0;13.0;A01
201800005446;1.0;31;0;4.0;0.0;0.0;14.0;A01
201800005447;1.0;7;0;6.0;0.0;1.0;14.0;A01
201800005448;2.0;33;0;0.0;0.0;8.0;0.0;A01
201800005449;1.0;10;0;0.0;1.0;1.0;1.0;A01
201800005450;2.0;33;0;0.0;2.0;1.0;1.0;B01
201800005450;2.0;7;0;0.0;2.0;7.0;13.0;A01
201800005451;1.0;7;0;0.0;2.0;3.0;9.0;A01
201800005451;1.0;34;0;0.0;2.0;1.0;9.0;B01
201800005452;0.0;10;0;0.0;1.0;4.0;0.0;A01
201800005453;2.0;33;0;0.0;2.0;9.0;1.0;A01
201800005453;2.0;7;0;0.0;0.0;8.0;16.0;B01
201800005454;2.0;10;0;0.0;2.0;1.0;15.0;A01
201800005454;1.0;10;0;0.0;2.0;3.0;1.0;B01
201800005455;1.0;10;0;3.0;0.0;1.0;1.0;A01
201800005456;0.0;33;0;14.0;0.0;8.0;13.0;A01
201800005457;1.0;10;0;0.0;2.0;3.0;16.0;A01
201800005457;1.0;31;0;0.0;2.0;1.0;1.0;B01
201800005458;1.0;7;0;6.0;1.0;2.0;1.0;A01
201800005458;1.0;33;0;6.0;2.0;7.0;1.0;B01
201800005459;2.0;7;0;0.0;2.0;2.0;2.0;A01
201800005459;2.0;7;0;0.0;2.0;6.0;2.0;B01
201800005460;2.0;10;0;0.0;2.0;1.0;2.0;A01
201800005460;2.0;7;0;0.0;2.0;4.0;2.0;B01
201800005461;2.0;10;0;0.0;2.0;3.0;15.0;A01
201800005461;2.0;32;0;0.0;2.0;7.0;17.0;B01
201800005462;1.0;7;0;0.0;1.0;7.0;1.0;A01
201800005463;1.0;30;0;0.0;0.0;7.0;1.0;A01
201800005464;2.0;7;0;1.0;2.0;3.0;9.0;A01
201800005464;2.0;7;0;0.0;2.0;2.0;1.0;B01
201800005465;0.0;7;0;0.0;1.0;1.0;0.0;Z01
201800005466;2.0;7;0;0.0;1.0;3.0;1.0;A01
201800005467;2.0;32;0;0.0;2.0;1.0;17.0;A01
201800005467;0.0;7;0;0.0;2.0;3.0;15.0;B01
201800005468;2.0;33;0;0.0;0.0;7.0;14.0;A01
201800005469;1.0;30;0;0.0;0.0;1.0;1.0;A01
201800005470;1.0;7;0;15.0;0.0;2.0;1.0;A01
201800005471;1.0;30;0;0.0;0.0;0.0;1.0;A01
201800005472;0.0;7;0;0.0;2.0;3.0;9.0;A01
201800005472;1.0;32;0;0.0;2.0;7.0;1.0;B01
201800005473;1.0;32;0;0.0;2.0;2.0;17.0;A01
201800005473;0.0;7;0;0.0;2.0;3.0;15.0;B01
201800005474;2.0;33;0;0.0;2.0;1.0;1.0;A01
201800005474;2.0;7;0;0.0;2.0;8.0;11.0;B01
201800005475;1.0;7;0;0.0;0.0;3.0;0.0;A01
201800005476;1.0;7;0;0.0;2.0;1.0;2.0;A01
201800005476;1.0;7;0;0.0;2.0;4.0;2.0;B01
201800005477;0.0;7;0;0.0;6.0;3.0;9.0;A01
201800005477;2.0;1;0;0.0;2.0;1.0;1.0;B01
201800005478;2.0;7;0;6.0;0.0;0.0;0.0;A01
201800005479;0.0;10;0;0.0;6.0;3.0;1.0;A01
201800005479;0.0;1;0;0.0;2.0;3.0;1.0;B01
201800005480;1.0;7;0;0.0;2.0;3.0;1.0;A01
201800005480;2.0;10;0;6.0;2.0;8.0;1.0;B01
201800005481;1.0;7;0;10.0;0.0;3.0;13.0;A01
201800005482;2.0;7;0;8.0;0.0;3.0;13.0;A01
201800005483;1.0;7;0;0.0;2.0;1.0;2.0;A01
201800005483;1.0;7;0;0.0;2.0;4.0;2.0;B01
201800005484;1.0;7;0;0.0;2.0;3.0;13.0;A01
201800005484;2.0;7;0;0.0;2.0;8.0;1.0;B01
201800005485;1.0;7;0;0.0;2.0;1.0;15.0;A01
201800005485;2.0;10;0;0.0;2.0;3.0;1.0;B01
201800005486;2.0;33;0;0.0;0.0;2.0;1.0;A01
201800005487;1.0;7;0;0.0;2.0;1.0;0.0;A01
201800005487;1.0;7;0;0.0;2.0;0.0;0.0;B01
201800005488;1.0;33;0;0.0;2.0;3.0;17.0;A01
201800005488;2.0;7;0;0.0;2.0;3.0;1.0;B01
201800005489;2.0;2;0;0.0;0.0;0.0;0.0;B01
201800005489;2.0;7;0;0.0;2.0;3.0;10.0;A01
201800005490;2.0;34;0;0.0;1.0;2.0;1.0;A01
201800005491;2.0;31;0;0.0;2.0;1.0;17.0;A01
201800005491;2.0;7;0;0.0;2.0;3.0;15.0;B01
201800005492;1.0;7;0;0.0;2.0;1.0;9.0;A01
201800005492;2.0;7;0;0.0;2.0;3.0;1.0;B01
201800005493;1.0;7;0;0.0;2.0;3.0;1.0;A01
201800005493;1.0;7;0;0.0;2.0;5.0;1.0;B01
201800005494;1.0;30;0;15.0;0.0;1.0;14.0;A01
201800005495;1.0;2;0;0.0;1.0;1.0;1.0;A01
201800005496;0.0;10;0;0.0;2.0;1.0;16.0;A01
201800005496;1.0;7;0;0.0;2.0;8.0;1.0;B01
201800005497;2.0;30;0;0.0;0.0;8.0;1.0;A01
201800005498;0.0;7;0;4.0;0.0;2.0;1.0;A01
201800005499;0.0;7;0;1.0;1.0;1.0;1.0;A01
201800005500;1.0;34;0;0.0;2.0;1.0;2.0;A01
201800005500;1.0;7;0;0.0;2.0;6.0;2.0;B01
201800005501;2.0;30;0;0.0;0.0;8.0;2.0;A01
201800005502;2.0;2;0;0.0;2.0;1.0;1.0;B01
201800005502;1.0;7;0;0.0;2.0;1.0;9.0;A01
201800005503;2.0;30;0;0.0;2.0;5.0;1.0;B01
201800005503;2.0;7;0;0.0;2.0;0.0;9.0;A01
201800005504;0.0;7;0;0.0;2.0;1.0;0.0;A01
201800005504;0.0;33;0;0.0;2.0;1.0;2.0;B01
201800005505;0.0;7;0;2.0;0.0;3.0;13.0;A01
201800005506;0.0;7;0;0.0;1.0;1.0;0.0;A01
201800005507;2.0;2;0;0.0;2.0;1.0;17.0;A01
201800005507;1.0;7;0;0.0;2.0;2.0;15.0;B01
201800005508;0.0;7;0;0.0;2.0;1.0;1.0;A01
201800005508;0.0;7;0;0.0;2.0;4.0;1.0;B01
201800005508;0.0;7;0;0.0;0.0;4.0;1.0;C01
201800005509;1.0;7;0;15.0;0.0;2.0;1.0;A01
201800005510;2.0;7;0;0.0;2.0;2.0;19.0;A01
201800005510;2.0;33;0;0.0;2.0;1.0;1.0;B01
201800005511;1.0;32;0;0.0;2.0;1.0;21.0;A01
201800005511;2.0;7;0;0.0;2.0;3.0;10.0;B01
201800005512;2.0;34;0;0.0;0.0;1.0;19.0;A01
201800005513;1.0;7;0;0.0;1.0;1.0;1.0;A01
201800005514;2.0;30;0;16.0;0.0;8.0;0.0;A01
201800005515;1.0;30;0;0.0;1.0;1.0;0.0;A01
201800005516;0.0;7;0;0.0;2.0;1.0;2.0;A01
201800005516;0.0;10;0;0.0;1.0;1.0;0.0;B01
201800005517;2.0;10;0;0.0;2.0;1.0;21.0;A01
201800005517;1.0;32;0;0.0;2.0;1.0;13.0;B01
201800005518;0.0;7;0;0.0;2.0;8.0;17.0;A01
201800005518;0.0;34;0;0.0;2.0;1.0;1.0;B01
201800005519;0.0;7;0;0.0;2.0;7.0;15.0;A01
201800005519;0.0;33;0;0.0;2.0;1.0;1.0;B01
201800005520;0.0;7;0;0.0;2.0;2.0;2.0;A01
201800005520;0.0;1;0;0.0;2.0;0.0;0.0;B01
201800005521;1.0;32;0;0.0;1.0;3.0;21.0;A01
201800005522;1.0;7;0;0.0;2.0;3.0;15.0;A01
201800005522;2.0;33;0;0.0;2.0;7.0;1.0;B01
201800005522;1.0;7;0;0.0;2.0;1.0;1.0;C01
201800005523;2.0;7;0;0.0;2.0;3.0;15.0;A01
201800005523;2.0;30;0;0.0;2.0;1.0;17.0;B01
201800005524;1.0;32;0;0.0;2.0;0.0;1.0;B01
201800005524;1.0;7;0;0.0;2.0;0.0;15.0;Z01
201800005525;2.0;33;0;15.0;2.0;1.0;2.0;B01
201800005525;2.0;7;0;0.0;2.0;2.0;15.0;A01
201800005526;1.0;7;0;0.0;2.0;2.0;15.0;A01
201800005526;2.0;34;0;0.0;2.0;1.0;1.0;B01
201800005527;2.0;7;0;0.0;2.0;1.0;13.0;A01
201800005527;1.0;10;0;0.0;2.0;8.0;1.0;B01
201800005527;1.0;32;0;0.0;2.0;8.0;1.0;C01
201800005528;1.0;34;0;6.0;0.0;2.0;0.0;A01
201800005529;1.0;30;0;0.0;1.0;1.0;15.0;A01
201800005530;2.0;32;0;0.0;1.0;1.0;1.0;A01
201800005531;1.0;30;0;0.0;2.0;1.0;17.0;A01
201800005531;1.0;34;0;0.0;2.0;8.0;13.0;B01
201800005532;1.0;7;0;0.0;2.0;3.0;15.0;A01
201800005532;2.0;32;0;0.0;2.0;2.0;1.0;B01
201800005533;1.0;30;0;0.0;2.0;0.0;0.0;A01
201800005533;1.0;33;0;0.0;2.0;7.0;17.0;B01
201800005534;1.0;34;0;6.0;2.0;1.0;1.0;A01
201800005534;2.0;20;0;0.0;2.0;6.0;1.0;B01
201800005535;2.0;7;0;0.0;2.0;5.0;15.0;A01
201800005535;1.0;33;0;0.0;2.0;1.0;1.0;B01
201800005536;1.0;33;0;0.0;1.0;1.0;1.0;A01
201800005537;1.0;32;0;11.0;0.0;1.0;0.0;A01
201800005538;0.0;7;0;0.0;2.0;8.0;14.0;A01
201800005539;2.0;7;0;0.0;1.0;1.0;1.0;A01