Num_Acc;senc;catv;occutc;obs;obsm;choc;manv;num_veh
201800006033;2.0;7;0;3.0;0.0;3.0;1.0;A01
201800006034;2.0;15;0;0.0;0.0;7.0;14.0;A01
201800006035;1.0;7;0;4.0;0.0;8.0;13.0;A01
201800006036;0.0;7;0;2.0;0.0;9.0;14.0;A01
201800006037;1.0;7;0;3.0;0.0;1.0;14.0;A01
201800006038;1.0;7;0;0.0;9.0;0.0;0.0;F01
201800006038;1.0;7;0;0.0;2.0;1.0;1.0;A01
201800006038;1.0;7;0;0.0;2.0;1.0;1.0;H01
201800006038;1.0;7;0;0.0;9.0;0.0;0.0;G01
201800006038;1.0;7;0;0.0;2.0;3.0;0.0;B01
201800006038;1.0;7;0;0.0;2.0;4.0;1.0;E01
201800006038;1.0;7;0;0.0;2.0;1.0;1.0;D01
201800006038;1.0;7;0;0.0;9.0;0.0;0.0;I01
201800006038;1.0;7;0;0.0;2.0;1.0;1.0;C01
201800006039;2.0;7;0;13.0;0.0;1.0;1.0;A01
201800006040;2.0;7;0;0.0;0.0;9.0;2.0;A01
201800006041;1.0;7;0;0.0;0.0;0.0;14.0;A01
201800006042;1.0;7;0;0.0;2.0;5.0;21.0;D01
201800006042;1.0;7;0;0.0;2.0;3.0;21.0;C01
201800006042;1.0;7;0;0.0;2.0;2.0;14.0;A01
201800006043;1.0;17;0;0.0;0.0;6.0;2.0;A01
201800006043;1.0;7;0;0.0;2.0;1.0;14.0;B01
201800006044;1.0;33;0;0.0;2.0;8.0;1.0;A01
201800006044;1.0;7;0;0.0;2.0;2.0;12.0;B01
201800006045;1.0;15;0;3.0;0.0;1.0;0.0;A01
201800006046;2.0;7;0;0.0;2.0;1.0;2.0;C01
201800006046;2.0;7;0;0.0;2.0;2.0;17.0;A01
201800006046;2.0;17;0;0.0;2.0;3.0;1.0;B01
201800006047;2.0;7;0;4.0;2.0;1.0;0.0;A01
201800006047;2.0;7;0;0.0;2.0;1.0;1.0;B01
201800006047;2.0;7;0;0.0;2.0;1.0;1.0;C01
201800006048;1.0;33;0;0.0;0.0;0.0;1.0;A01
201800006049;1.0;7;0;0.0;2.0;1.0;1.0;A01
201800006049;1.0;15;0;0.0;2.0;6.0;1.0;B01
201800006050;1.0;7;0;0.0;9.0;1.0;1.0;C01
201800006050;2.0;17;0;4.0;0.0;8.0;1.0;A01
201800006050;2.0;7;0;4.0;2.0;2.0;17.0;B01
201800006051;2.0;17;0;0.0;0.0;4.0;2.0;A01
201800006051;2.0;10;0;0.0;2.0;1.0;2.0;B01
201800006052;1.0;7;0;4.0;0.0;1.0;1.0;A01
201800006052;1.0;7;0;14.0;2.0;1.0;1.0;B01
201800006052;1.0;17;0;0.0;0.0;4.0;23.0;C01
201800006052;1.0;10;0;1.0;0.0;1.0;1.0;D01
201800006053;2.0;7;0;4.0;0.0;4.0;2.0;A01
201800006053;2.0;7;0;0.0;2.0;1.0;2.0;B01
201800006054;2.0;17;0;0.0;0.0;4.0;11.0;A01
201800006054;2.0;17;0;0.0;2.0;1.0;1.0;B01
201800006055;2.0;7;0;3.0;0.0;2.0;1.0;A01
201800006056;2.0;15;0;0.0;0.0;4.0;1.0;B01
201800006056;2.0;7;0;0.0;2.0;1.0;1.0;A01
201800006057;1.0;15;0;0.0;2.0;8.0;2.0;A01
201800006057;1.0;7;0;0.0;2.0;9.0;2.0;B01
201800006058;2.0;7;0;0.0;2.0;1.0;2.0;A01
201800006058;2.0;10;0;0.0;2.0;4.0;1.0;B01
201800006058;2.0;7;0;0.0;2.0;4.0;1.0;C01
201800006059;1.0;7;0;0.0;2.0;1.0;0.0;A01
201800006059;1.0;7;0;3.0;0.0;4.0;0.0;B01
201800006060;1.0;7;0;3.0;0.0;5.0;2.0;B01
201800006060;1.0;7;0;0.0;2.0;3.0;2.0;A01
201800006061;2.0;7;0;0.0;2.0;2.0;1.0;A01
201800006061;2.0;7;0;0.0;2.0;3.0;1.0;B01
201800006062;1.0;7;0;4.0;0.0;3.0;1.0;A01
201800006063;1.0;7;0;4.0;0.0;2.0;1.0;A01
201800006064;1.0;17;0;0.0;0.0;4.0;0.0;B01
201800006064;1.0;7;0;0.0;2.0;1.0;0.0;A01
201800006065;1.0;33;0;0.0;2.0;1.0;17.0;A01
201800006065;1.0;7;0;0.0;0.0;5.0;12.0;B01
201800006066;1.0;7;0;0.0;2.0;1.0;2.0;B01
201800006066;1.0;7;0;0.0;2.0;9.0;2.0;A01
201800006067;2.0;7;0;3.0;0.0;2.0;1.0;A01
201800006067;2.0;7;0;0.0;2.0;8.0;1.0;B01
201800006068;2.0;7;0;3.0;2.0;2.0;2.0;A01
201800006068;2.0;7;0;0.0;2.0;0.0;2.0;B01
201800006069;1.0;17;0;7.0;0.0;8.0;1.0;A01
201800006070;2.0;7;0;14.0;0.0;1.0;1.0;I01
201800006070;2.0;7;0;14.0;0.0;1.0;1.0;G01
201800006070;2.0;7;0;14.0;0.0;1.0;1.0;D01
201800006070;2.0;7;0;14.0;0.0;1.0;1.0;F01
201800006070;2.0;7;0;14.0;0.0;1.0;1.0;J01
201800006070;2.0;7;0;14.0;0.0;1.0;1.0;B01
201800006070;2.0;15;0;0.0;2.0;0.0;1.0;A01
201800006070;2.0;7;0;14.0;0.0;1.0;1.0;C01
201800006070;2.0;7;0;14.0;0.0;1.0;1.0;E01
201800006070;2.0;7;0;14.0;0.0;1.0;1.0;H01
201800006071;1.0;10;0;0.0;2.0;1.0;0.0;A01
201800006071;1.0;13;0;0.0;0.0;4.0;0.0;B01
201800006072;1.0;7;0;0.0;2.0;2.0;1.0;C01
201800006072;1.0;7;0;0.0;0.0;0.0;9.0;A01
201800006072;1.0;7;0;0.0;2.0;3.0;1.0;B01
201800006073;2.0;10;0;3.0;0.0;1.0;1.0;A01
201800006074;1.0;7;0;7.0;0.0;2.0;1.0;A01
201800006075;2.0;7;0;0.0;2.0;4.0;1.0;B01
201800006075;2.0;7;0;0.0;2.0;4.0;11.0;A01
201800006075;2.0;7;0;0.0;2.0;1.0;2.0;C01
201800006076;1.0;7;0;4.0;0.0;1.0;1.0;A01
201800006077;1.0;7;0;0.0;2.0;2.0;17.0;A01
201800006077;1.0;15;0;0.0;0.0;6.0;1.0;B01
201800006078;2.0;7;0;3.0;2.0;8.0;1.0;B01
201800006078;2.0;7;0;0.0;0.0;4.0;1.0;D01
201800006078;2.0;7;0;0.0;2.0;4.0;1.0;C01
201800006078;2.0;7;0;3.0;2.0;3.0;1.0;A01
201800006079;2.0;7;0;0.0;2.0;4.0;1.0;E01
201800006079;2.0;7;0;0.0;2.0;4.0;1.0;B01
201800006079;2.0;7;0;0.0;2.0;1.0;1.0;A01
201800006079;2.0;7;0;0.0;2.0;4.0;1.0;D01
201800006079;2.0;7;0;0.0;2.0;4.0;1.0;C01
201800006080;1.0;10;0;0.0;2.0;4.0;2.0;B01
201800006080;1.0;14;0;0.0;2.0;1.0;2.0;A01
201800006081;2.0;31;0;0.0;2.0;1.0;2.0;A01
201800006081;2.0;7;0;0.0;0.0;6.0;23.0;B01
201800006082;2.0;7;0;1.0;0.0;1.0;2.0;C01
201800006082;2.0;7;0;1.0;0.0;4.0;2.0;B01
201800006082;2.0;7;0;0.0;0.0;4.0;2.0;A01
201800006082;2.0;7;0;0.0;2.0;1.0;2.0;D01
201800006083;2.0;7;0;3.0;0.0;2.0;1.0;A01
201800006084;2.0;7;0;3.0;0.0;4.0;2.0;B01
201800006084;2.0;7;0;3.0;2.0;1.0;2.0;A01
201800006085;2.0;7;0;0.0;2.0;5.0;2.0;B01
201800006085;1.0;7;0;0.0;2.0;4.0;2.0;C01
201800006085;1.0;10;0;0.0;2.0;1.0;2.0;A01
201800006085;1.0;7;0;0.0;0.0;4.0;1.0;D01
201800006086;1.0;7;0;3.0;0.0;1.0;1.0;A01
201800006087;1.0;7;0;0.0;2.0;4.0;23.0;B01
201800006087;1.0;10;0;0.0;0.0;5.0;23.0;A01
201800006087;1.0;7;0;0.0;2.0;1.0;2.0;C01
201800006088;1.0;7;0;0.0;2.0;3.0;0.0;B01
201800006088;1.0;7;0;0.0;2.0;7.0;16.0;A01
201800006089;2.0;7;0;0.0;0.0;5.0;2.0;C01
201800006089;2.0;7;0;0.0;2.0;1.0;1.0;A01
201800006089;2.0;7;0;0.0;0.0;4.0;2.0;B01
201800006090;2.0;7;0;0.0;2.0;4.0;2.0;C01
201800006090;2.0;7;0;0.0;2.0;1.0;2.0;A01
201800006090;2.0;7;0;0.0;2.0;4.0;2.0;B01
201800006091;2.0;7;0;3.0;2.0;1.0;1.0;A01
201800006091;2.0;17;0;0.0;0.0;6.0;1.0;B01
201800006091;2.0;7;0;0.0;2.0;1.0;1.0;C01
201800006092;2.0;7;0;3.0;2.0;1.0;1.0;A01
201800006092;2.0;7;0;0.0;2.0;1.0;1.0;C01
201800006092;2.0;7;0;0.0;2.0;1.0;1.0;D01
201800006092;2.0;7;0;4.0;0.0;4.0;1.0;B01
201800006093;2.0;33;0;0.0;2.0;1.0;3.0;A01
201800006093;2.0;7;0;0.0;2.0;4.0;1.0;B01
201800006094;2.0;7;0;0.0;2.0;6.0;2.0;B01
201800006094;2.0;7;0;0.0;2.0;2.0;2.0;A01
201800006094;2.0;7;0;0.0;0.0;4.0;2.0;C01
201800006095;1.0;10;0;0.0;2.0;2.0;1.0;C01
201800006095;1.0;33;0;0.0;2.0;1.0;1.0;B01
201800006095;1.0;10;0;0.0;2.0;1.0;5.0;A01
201800006096;2.0;10;0;0.0;2.0;2.0;0.0;B01
201800006096;2.0;10;0;0.0;0.0;6.0;1.0;A01
201800006097;2.0;7;0;3.0;0.0;3.0;1.0;A01
201800006098;1.0;7;0;1.0;0.0;2.0;1.0;A01
201800006098;1.0;17;0;0.0;2.0;6.0;24.0;B01
201800006099;2.0;7;0;3.0;0.0;7.0;14.0;A01
201800006100;1.0;17;0;0.0;0.0;6.0;1.0;B01
201800006100;1.0;10;0;0.0;2.0;2.0;13.0;A01
201800006101;2.0;7;0;0.0;0.0;4.0;1.0;B01
201800006101;2.0;7;0;0.0;0.0;7.0;1.0;C01
201800006101;2.0;7;0;0.0;2.0;1.0;1.0;A01
201800006101;2.0;7;0;0.0;0.0;8.0;1.0;D01
201800006102;1.0;7;0;0.0;2.0;1.0;0.0;A01
201800006102;1.0;10;0;14.0;0.0;2.0;2.0;D01
201800006102;1.0;7;0;0.0;2.0;4.0;2.0;B01
201800006102;1.0;7;0;14.0;0.0;1.0;2.0;C01
201800006103;1.0;15;0;0.0;0.0;6.0;2.0;B01
201800006103;1.0;7;0;0.0;2.0;1.0;2.0;A01
201800006104;2.0;7;0;3.0;2.0;1.0;12.0;A01
201800006104;2.0;7;0;0.0;0.0;4.0;1.0;B01
201800006105;2.0;7;0;4.0;0.0;1.0;1.0;A01
201800006106;2.0;7;0;0.0;2.0;1.0;14.0;A01
201800006106;2.0;10;0;0.0;0.0;2.0;1.0;B01
201800006107;1.0;7;0;0.0;2.0;1.0;2.0;B01
201800006107;1.0;7;0;3.0;2.0;4.0;2.0;A01
201800006108;2.0;7;0;3.0;0.0;3.0;1.0;A01
201800006109;2.0;7;0;14.0;0.0;1.0;2.0;C01
201800006109;2.0;7;0;0.0;2.0;2.0;0.0;A01
201800006109;2.0;7;0;0.0;0.0;6.0;0.0;B01
201800006110;1.0;7;0;4.0;0.0;0.0;0.0;A01
201800006111;2.0;7;0;0.0;0.0;9.0;21.0;A01
201800006111;2.0;7;0;3.0;0.0;3.0;21.0;B01
201800006111;2.0;7;0;0.0;2.0;6.0;21.0;C01
201800006111;2.0;7;0;0.0;2.0;7.0;21.0;D01
201800006112;1.0;7;0;0.0;2.0;4.0;1.0;A01
201800006112;1.0;7;0;0.0;2.0;1.0;9.0;B01
201800006113;1.0;14;0;1.0;0.0;2.0;14.0;B01
201800006113;1.0;7;0;3.0;0.0;6.0;24.0;A01
201800006114;2.0;7;0;6.0;0.0;2.0;1.0;A01
201800006115;1.0;17;0;0.0;0.0;4.0;2.0;A01
201800006115;1.0;7;0;0.0;2.0;1.0;2.0;B01
201800006115;1.0;17;0;15.0;2.0;2.0;1.0;C01
201800006116;2.0;7;0;0.0;2.0;1.0;2.0;A01
201800006116;2.0;7;0;0.0;2.0;4.0;2.0;B01
201800006117;1.0;7;0;0.0;0.0;9.0;1.0;A01
201800006118;2.0;7;0;4.0;0.0;9.0;1.0;A01
201800006119;1.0;33;0;3.0;0.0;2.0;0.0;A01
201800006119;1.0;7;0;0.0;2.0;5.0;1.0;B01
201800006120;2.0;10;0;0.0;2.0;1.0;1.0;D01
201800006120;1.0;7;0;3.0;2.0;2.0;2.0;B01
201800006120;1.0;17;0;3.0;2.0;1.0;1.0;A01
201800006120;2.0;7;0;0.0;2.0;1.0;1.0;C01
201800006121;2.0;15;0;0.0;1.0;8.0;0.0;A01
201800006122;2.0;10;0;0.0;2.0;5.0;23.0;C01
201800006122;2.0;7;0;0.0;0.0;4.0;23.0;B01
201800006122;2.0;7;0;0.0;0.0;5.0;23.0;E01
201800006122;2.0;7;0;0.0;0.0;6.0;23.0;F01
201800006122;2.0;10;0;1.0;2.0;1.0;23.0;D01
201800006122;2.0;10;0;1.0;0.0;1.0;2.0;A01
201800006123;2.0;7;0;0.0;2.0;1.0;2.0;C01
201800006123;2.0;7;0;0.0;0.0;9.0;2.0;B01
201800006123;2.0;7;0;0.0;2.0;2.0;2.0;A01
201800006124;1.0;7;0;0.0;2.0;1.0;1.0;A01
201800006124;1.0;7;0;0.0;0.0;4.0;1.0;C01
201800006124;1.0;7;0;0.0;0.0;4.0;1.0;B01
201800006125;2.0;7;0;3.0;2.0;9.0;14.0;A01
201800006125;2.0;14;0;0.0;0.0;6.0;2.0;B01
201800006125;1.0;7;0;0.0;9.0;1.0;1.0;C01
201800006126;1.0;7;0;0.0;2.0;1.0;12.0;A01
201800006126;1.0;7;0;0.0;0.0;6.0;1.0;B01
201800006127;1.0;10;0;0.0;2.0;1.0;2.0;B01
201800006127;1.0;15;0;0.0;0.0;4.0;2.0;A01
201800006128;1.0;7;0;3.0;0.0;0.0;18.0;A01
201800006129;2.0;38;27;0.0;2.0;3.0;16.0;B01
201800006129;2.0;15;0;0.0;2.0;2.0;1.0;A01
201800006130;2.0;7;0;3.0;6.0;3.0;21.0;A01
201800006131;1.0;7;0;0.0;0.0;7.0;21.0;A01
201800006131;1.0;7;0;0.0;2.0;2.0;1.0;B01
201800006132;1.0;7;0;4.0;0.0;3.0;1.0;A01
201800006133;1.0;7;0;3.0;0.0;3.0;1.0;A01
201800006134;1.0;7;0;4.0;0.0;1.0;1.0;A01
201800006135;1.0;7;0;0.0;2.0;3.0;1.0;B01
201800006135;1.0;10;0;0.0;2.0;3.0;13.0;A01
201800006136;2.0;17;0;0.0;0.0;8.0;1.0;A01
201800006137;2.0;7;0;4.0;0.0;3.0;1.0;A01
201800006138;1.0;7;0;0.0;2.0;3.0;21.0;B01
201800006138;1.0;7;0;0.0;2.0;3.0;5.0;A01
201800006139;1.0;7;0;1.0;0.0;2.0;14.0;A01
201800006139;1.0;7;0;0.0;0.0;4.0;24.0;C01
201800006139;1.0;7;0;0.0;0.0;4.0;24.0;B01
201800006140;0.0;7;0;0.0;2.0;3.0;17.0;A01
201800006140;0.0;15;0;0.0;0.0;8.0;1.0;B01
201800006140;0.0;15;0;0.0;0.0;8.0;1.0;C01
201800006141;1.0;7;0;4.0;0.0;4.0;1.0;B01
201800006141;1.0;17;0;0.0;2.0;3.0;11.0;A01
201800006142;2.0;7;0;0.0;0.0;9.0;1.0;A01
201800006143;2.0;7;0;1.0;0.0;2.0;1.0;A01
201800006143;2.0;7;0;0.0;0.0;6.0;24.0;B01
201800006144;2.0;7;0;0.0;0.0;4.0;2.0;B01
201800006144;2.0;7;0;0.0;2.0;1.0;2.0;A01
201800006145;2.0;2;0;0.0;0.0;4.0;1.0;B01
201800006145;2.0;7;0;0.0;2.0;1.0;2.0;A01
201800006145;2.0;7;0;0.0;9.0;1.0;2.0;C01
201800006146;1.0;7;0;0.0;0.0;9.0;1.0;A01
201800006147;1.0;7;0;0.0;2.0;1.0;13.0;A01
201800006147;2.0;15;0;0.0;2.0;3.0;1.0;B01
201800006147;2.0;14;0;0.0;2.0;1.0;1.0;C01
201800006148;1.0;33;0;0.0;0.0;8.0;1.0;A01
201800006149;1.0;7;0;3.0;0.0;3.0;0.0;A01
201800006150;1.0;7;0;0.0;2.0;3.0;13.0;A01
201800006150;1.0;15;0;0.0;2.0;3.0;1.0;B01
201800006151;2.0;7;0;4.0;0.0;3.0;1.0;A01
201800006152;1.0;17;0;0.0;0.0;6.0;1.0;B01
201800006152;1.0;10;0;0.0;2.0;1.0;2.0;A01
201800006153;1.0;7;0;0.0;2.0;4.0;2.0;A01
201800006153;1.0;7;0;0.0;2.0;1.0;2.0;B01
201800006154;1.0;10;0;0.0;2.0;1.0;2.0;A01
201800006154;1.0;10;0;0.0;2.0;5.0;2.0;B01
201800006155;1.0;7;0;4.0;0.0;1.0;0.0;A01
201800006156;1.0;7;0;4.0;0.0;1.0;0.0;A01
201800006157;2.0;7;0;0.0;2.0;1.0;2.0;A01
201800006157;2.0;17;0;0.0;0.0;4.0;2.0;B01
201800006158;1.0;7;0;1.0;0.0;2.0;14.0;A01
201800006158;1.0;17;0;0.0;0.0;6.0;24.0;B01
201800006159;2.0;7;0;4.0;0.0;3.0;1.0;A01
201800006160;2.0;10;0;0.0;2.0;2.0;2.0;A01
201800006160;2.0;7;0;1.0;0.0;1.0;1.0;B01
201800006160;2.0;17;0;0.0;2.0;6.0;1.0;C01
201800006161;1.0;33;0;3.0;0.0;8.0;1.0;A01
201800006162;2.0;7;0;0.0;0.0;1.0;2.0;A01
201800006163;1.0;7;0;4.0;0.0;3.0;1.0;A01
201800006164;1.0;17;0;0.0;2.0;1.0;1.0;A01
201800006164;2.0;7;0;0.0;2.0;1.0;13.0;B01
201800006165;2.0;7;0;4.0;0.0;3.0;1.0;A01
201800006166;0.0;38;10;0.0;0.0;8.0;1.0;A01
201800006166;0.0;1;0;0.0;2.0;1.0;16.0;B01
201800006167;1.0;7;0;0.0;2.0;1.0;2.0;A01
201800006167;1.0;7;0;0.0;0.0;4.0;1.0;B01
201800006168;2.0;7;0;0.0;2.0;1.0;13.0;A01
201800006168;1.0;14;0;0.0;2.0;3.0;1.0;B01
201800006169;1.0;15;0;0.0;2.0;4.0;12.0;B01
201800006169;1.0;7;0;0.0;2.0;1.0;12.0;A01
201800006170;1.0;7;0;0.0;0.0;4.0;2.0;B02
201800006170;1.0;7;0;0.0;2.0;1.0;1.0;A01
201800006171;1.0;17;0;0.0;0.0;6.0;1.0;B01
201800006171;1.0;7;0;0.0;2.0;1.0;1.0;A01
201800006172;1.0;7;0;0.0;2.0;2.0;1.0;B01
201800006172;1.0;10;0;0.0;2.0;1.0;19.0;A01
201800006173;1.0;7;0;0.0;2.0;1.0;2.0;A01
201800006173;1.0;15;0;0.0;0.0;4.0;2.0;B01
201800006174;2.0;7;0;3.0;2.0;1.0;12.0;A01
201800006174;2.0;17;0;0.0;0.0;6.0;2.0;B01
201800006175;1.0;7;0;3.0;0.0;3.0;1.0;A01
201800006176;1.0;7;0;4.0;0.0;3.0;1.0;A01
201800006177;1.0;10;0;3.0;2.0;2.0;14.0;A01
201800006177;1.0;16;0;0.0;0.0;0.0;1.0;B01
201800006178;2.0;17;0;4.0;9.0;7.0;1.0;A01
201800006179;2.0;7;0;4.0;0.0;3.0;13.0;A01
201800006180;1.0;10;0;0.0;2.0;1.0;2.0;A01
201800006180;1.0;17;0;0.0;0.0;4.0;2.0;B01
201800006181;1.0;7;0;5.0;0.0;1.0;11.0;A01
201800006182;0.0;7;0;13.0;0.0;3.0;1.0;A01
201800006183;2.0;17;0;0.0;0.0;6.0;2.0;B01
201800006183;2.0;10;0;0.0;2.0;2.0;3.0;A01
201800006184;1.0;7;0;0.0;2.0;1.0;2.0;A01
201800006184;1.0;10;0;0.0;2.0;4.0;2.0;B01
201800006185;1.0;10;0;0.0;2.0;1.0;2.0;A01
201800006185;1.0;15;0;0.0;0.0;5.0;2.0;B01
201800006185;1.0;7;0;0.0;2.0;2.0;2.0;C01
201800006185;1.0;7;0;0.0;2.0;3.0;2.0;D01
201800006185;1.0;7;0;0.0;2.0;2.0;2.0;E01
201800006186;1.0;13;0;0.0;0.0;6.0;1.0;B01
201800006186;1.0;7;0;0.0;2.0;7.0;17.0;A01
201800006187;2.0;10;0;0.0;2.0;1.0;17.0;B01
201800006187;2.0;13;0;0.0;0.0;4.0;13.0;A01
201800006188;1.0;10;0;0.0;2.0;2.0;2.0;A01
201800006188;1.0;15;0;0.0;0.0;6.0;2.0;B01
201800006188;1.0;10;0;14.0;2.0;3.0;1.0;C01
201800006188;1.0;10;0;0.0;0.0;8.0;1.0;D01
201800006189;1.0;7;0;0.0;2.0;3.0;1.0;B01
201800006189;2.0;7;0;0.0;2.0;1.0;0.0;A01
201800006190;2.0;7;0;0.0;2.0;1.0;2.0;A01
201800006190;2.0;17;0;0.0;2.0;6.0;2.0;B01
201800006190;2.0;7;0;14.0;0.0;1.0;2.0;C01
201800006191;2.0;15;0;0.0;0.0;6.0;1.0;A01
201800006191;2.0;7;0;0.0;2.0;2.0;1.0;C01
201800006192;1.0;7;0;0.0;2.0;3.0;1.0;C01
201800006192;1.0;7;0;0.0;2.0;3.0;21.0;A01
201800006192;2.0;38;28;0.0;2.0;3.0;1.0;B01
201800006193;1.0;7;0;0.0;2.0;7.0;13.0;A01
201800006193;2.0;13;0;0.0;2.0;1.0;1.0;B01
201800006194;1.0;7;0;6.0;2.0;5.0;17.0;A01
201800006194;2.0;38;16;0.0;2.0;1.0;1.0;B01
201800006195;2.0;14;0;0.0;2.0;1.0;21.0;B01
201800006195;1.0;7;0;0.0;2.0;3.0;19.0;A01
201800006196;1.0;7;0;4.0;2.0;1.0;1.0;B01
201800006196;1.0;15;0;0.0;2.0;6.0;11.0;A01
201800006197;1.0;7;0;0.0;2.0;3.0;1.0;A01
201800006197;2.0;17;0;0.0;2.0;3.0;1.0;B01
201800006198;1.0;7;0;0.0;2.0;8.0;23.0;B01
201800006198;2.0;17;0;3.0;2.0;8.0;5.0;A01
201800006199;2.0;7;0;4.0;0.0;8.0;2.0;A01
201800006200;2.0;7;0;13.0;0.0;3.0;14.0;A01
201800006201;1.0;14;0;0.0;2.0;3.0;1.0;A01
201800006201;2.0;30;0;0.0;2.0;1.0;5.0;B01
201800006202;2.0;38;2;0.0;2.0;1.0;2.0;A01
201800006202;2.0;7;0;0.0;2.0;4.0;23.0;B01
201800006202;1.0;7;0;0.0;2.0;6.0;16.0;C01
201800006203;1.0;7;0;0.0;1.0;3.0;1.0;A01
201800006204;2.0;14;0;12.0;0.0;7.0;14.0;A01
201800006205;2.0;7;0;3.0;0.0;1.0;1.0;A01
201800006206;1.0;7;0;0.0;0.0;0.0;13.0;A01
201800006206;1.0;33;0;0.0;0.0;4.0;17.0;B01
201800006207;1.0;2;0;0.0;2.0;1.0;1.0;A01
201800006207;2.0;37;1;0.0;2.0;3.0;1.0;B01
201800006208;2.0;7;0;0.0;0.0;4.0;1.0;A01
201800006208;2.0;7;0;0.0;2.0;1.0;2.0;C01
201800006208;2.0;7;0;0.0;2.0;4.0;2.0;B01
201800006209;0.0;38;7;0.0;2.0;3.0;1.0;B01
201800006209;0.0;10;0;0.0;2.0;3.0;1.0;A01
201800006210;2.0;7;0;3.0;0.0;3.0;0.0;A01
201800006211;2.0;7;0;0.0;2.0;1.0;2.0;A01
201800006211;2.0;7;0;4.0;0.0;4.0;2.0;B01
201800006212;1.0;7;0;0.0;2.0;1.0;2.0;B01
201800006212;1.0;7;0;3.0;2.0;3.0;13.0;A01
201800006213;2.0;7;0;0.0;2.0;3.0;2.0;B01
201800006213;2.0;7;0;0.0;0.0;5.0;2.0;A01
201800006214;1.0;7;0;10.0;0.0;6.0;2.0;A01
201800006214;1.0;37;7;0.0;2.0;2.0;2.0;B01
201800006215;1.0;7;0;0.0;2.0;3.0;9.0;A01
201800006215;1.0;15;0;0.0;2.0;2.0;0.0;B01
201800006216;2.0;7;0;0.0;2.0;1.0;1.0;A01
201800006216;2.0;15;0;0.0;0.0;4.0;1.0;B01
201800006217;2.0;7;0;3.0;2.0;1.0;1.0;B01
201800006217;2.0;10;0;0.0;2.0;4.0;1.0;A01
201800006218;1.0;7;0;0.0;0.0;4.0;1.0;C01
201800006218;1.0;7;0;0.0;2.0;4.0;1.0;B01
201800006218;1.0;7;0;0.0;2.0;1.0;1.0;A01
201800006219;2.0;17;0;6.0;0.0;5.0;1.0;A01
201800006220;2.0;7;0;0.0;2.0;3.0;15.0;A01
201800006220;1.0;1;0;0.0;0.0;3.0;1.0;B01
201800006221;1.0;7;0;2.0;2.0;2.0;17.0;A01
201800006221;1.0;7;0;0.0;0.0;8.0;15.0;B01
201800006222;2.0;7;0;0.0;0.0;7.0;1.0;B01
201800006222;1.0;7;0;0.0;0.0;1.0;1.0;C01
201800006222;2.0;7;0;8.0;2.0;3.0;9.0;A01
201800006223;1.0;33;0;2.0;0.0;1.0;17.0;A01
201800006224;2.0;7;0;7.0;0.0;3.0;1.0;A01
201800006224;2.0;7;0;0.0;2.0;2.0;1.0;B01
201800006225;1.0;31;0;0.0;2.0;1.0;1.0;A01
201800006225;1.0;7;0;0.0;0.0;2.0;10.0;B01
201800006226;1.0;7;0;0.0;2.0;1.0;1.0;A01
201800006226;0.0;99;0;0.0;0.0;7.0;19.0;B01
201800006227;2.0;1;0;0.0;0.0;1.0;5.0;A01
201800006227;2.0;7;0;0.0;2.0;1.0;16.0;B01
201800006228;2.0;32;0;0.0;1.0;1.0;0.0;A01
201800006229;2.0;2;0;0.0;2.0;1.0;1.0;B01
201800006229;1.0;10;0;0.0;2.0;3.0;15.0;A01
201800006230;2.0;14;0;3.0;2.0;1.0;2.0;A01
201800006230;1.0;7;0;0.0;2.0;1.0;2.0;B01
201800006231;0.0;7;0;;2.0;7.0;24.0;A01
201800006231;0.0;7;0;1.0;;2.0;1.0;B01
201800006232;1.0;34;0;14.0;2.0;1.0;1.0;B01
201800006232;1.0;10;0;0.0;0.0;8.0;9.0;A01
201800006233;0.0;7;0;0.0;2.0;5.0;15.0;A01
201800006233;0.0;1;0;0.0;2.0;1.0;1.0;B01
201800006234;1.0;7;0;0.0;2.0;4.0;2.0;B01
201800006234;1.0;7;0;0.0;2.0;1.0;1.0;A01
201800006235;2.0;7;0;0.0;2.0;1.0;15.0;A01
201800006235;2.0;7;0;0.0;2.0;8.0;11.0;C01
201800006235;2.0;33;0;0.0;2.0;2.0;1.0;B01
201800006236;0.0;7;0;0.0;2.0;2.0;1.0;B01
201800006236;0.0;7;0;0.0;2.0;5.0;4.0;A01
201800006237;2.0;1;0;0.0;2.0;4.0;2.0;B01
201800006237;2.0;7;0;0.0;2.0;2.0;1.0;A01
201800006238;2.0;15;0;9.0;0.0;0.0;1.0;A01
201800006239;1.0;17;0;0.0;2.0;1.0;13.0;A01
201800006239;2.0;7;0;0.0;2.0;7.0;21.0;B01
201800006240;2.0;10;0;0.0;2.0;2.0;14.0;A01
201800006240;2.0;14;0;0.0;0.0;6.0;9.0;B01
201800006241;1.0;7;0;0.0;2.0;3.0;13.0;A01
201800006241;2.0;17;0;13.0;2.0;3.0;1.0;B01
201800006241;2.0;7;0;13.0;0.0;2.0;1.0;C01
201800006242;2.0;17;0;0.0;0.0;5.0;2.0;D01
201800006242;2.0;7;0;4.0;0.0;6.0;2.0;A01
201800006242;2.0;7;0;1.0;2.0;2.0;2.0;C01
201800006242;2.0;7;0;1.0;0.0;3.0;2.0;B01
201800006242;2.0;7;0;4.0;0.0;3.0;2.0;F01
201800006242;2.0;7;0;4.0;0.0;9.0;2.0;H01