Num_Acc;senc;catv;occutc;obs;obsm;choc;manv;num_veh
201800007200;2.0;20;0;0.0;2.0;3.0;1.0;B01
201800007201;0.0;7;0;0.0;0.0;3.0;15.0;A01
201800007201;0.0;7;0;0.0;0.0;2.0;1.0;B01
201800007202;0.0;7;0;3.0;0.0;3.0;1.0;A01
201800007203;1.0;7;0;13.0;0.0;1.0;1.0;A01
201800007204;0.0;7;0;0.0;2.0;2.0;1.0;A01
201800007204;0.0;1;0;0.0;0.0;4.0;1.0;B01
201800007205;1.0;32;0;0.0;2.0;3.0;13.0;A01
201800007205;2.0;3;0;0.0;2.0;2.0;15.0;B01
201800007206;0.0;7;0;0.0;2.0;1.0;2.0;A01
201800007206;0.0;2;0;0.0;0.0;0.0;2.0;B01
201800007207;1.0;34;0;0.0;2.0;1.0;13.0;B01
201800007207;2.0;7;0;0.0;2.0;2.0;13.0;A01
201800007208;1.0;32;0;0.0;2.0;1.0;17.0;A01
201800007208;1.0;7;0;0.0;2.0;6.0;23.0;B01
201800007208;2.0;7;0;0.0;2.0;1.0;1.0;C01
201800007209;1.0;7;0;0.0;2.0;3.0;10.0;A01
201800007209;1.0;33;0;0.0;2.0;2.0;17.0;B01
201800007210;0.0;7;0;0.0;2.0;3.0;0.0;A01
201800007210;0.0;2;0;0.0;2.0;2.0;1.0;B01
201800007211;2.0;17;0;3.0;0.0;4.0;0.0;A01
201800007212;1.0;7;0;4.0;0.0;1.0;2.0;A01
201800007213;1.0;7;0;3.0;0.0;1.0;11.0;A01
201800007214;2.0;34;0;3.0;0.0;7.0;1.0;A01
201800007215;2.0;7;0;0.0;0.0;1.0;2.0;A01
201800007216;1.0;15;0;0.0;0.0;6.0;23.0;A01
201800007216;1.0;7;0;1.0;2.0;6.0;1.0;B01
201800007216;1.0;7;0;14.0;2.0;4.0;1.0;C01
201800007216;1.0;7;0;1.0;2.0;1.0;1.0;D01
201800007216;1.0;7;0;0.0;0.0;8.0;1.0;E01
201800007217;1.0;7;0;4.0;0.0;1.0;11.0;A01
201800007218;2.0;17;0;0.0;0.0;4.0;1.0;A01
201800007218;2.0;7;0;1.0;0.0;1.0;1.0;B01
201800007219;1.0;7;0;3.0;0.0;1.0;0.0;A01
201800007220;1.0;7;0;13.0;0.0;2.0;1.0;A01
201800007221;1.0;7;0;13.0;0.0;3.0;0.0;A01
201800007222;0.0;10;0;0.0;1.0;2.0;1.0;A01
201800007223;0.0;7;0;8.0;0.0;3.0;13.0;A01
201800007224;0.0;7;0;6.0;2.0;3.0;1.0;A01
201800007224;0.0;7;0;0.0;2.0;1.0;1.0;B01
201800007225;0.0;7;0;2.0;0.0;2.0;14.0;A01
201800007226;0.0;7;0;0.0;1.0;2.0;1.0;A01
201800007227;0.0;7;0;0.0;1.0;3.0;1.0;A01
201800007228;1.0;33;0;0.0;2.0;1.0;1.0;A01
201800007228;0.0;7;0;0.0;2.0;3.0;6.0;B01
201800007229;0.0;7;0;0.0;2.0;2.0;19.0;B01
201800007229;0.0;7;0;0.0;2.0;1.0;0.0;A01
201800007230;0.0;7;0;0.0;1.0;2.0;1.0;A01
201800007231;0.0;7;0;0.0;2.0;1.0;1.0;B01
201800007231;0.0;7;0;0.0;2.0;1.0;5.0;A01
201800007232;0.0;7;0;0.0;2.0;3.0;1.0;A01
201800007232;0.0;31;0;0.0;2.0;3.0;5.0;B01
201800007233;1.0;30;0;0.0;2.0;1.0;0.0;A01
201800007233;1.0;7;0;0.0;2.0;6.0;17.0;B01
201800007234;0.0;7;0;1.0;2.0;1.0;0.0;A01
201800007234;0.0;20;0;0.0;2.0;2.0;24.0;B01
201800007235;1.0;33;0;0.0;2.0;8.0;0.0;A01
201800007235;2.0;7;0;0.0;2.0;1.0;1.0;B01
201800007236;0.0;7;0;0.0;2.0;3.0;5.0;A01
201800007236;0.0;7;0;0.0;2.0;3.0;1.0;B01
201800007237;2.0;7;0;0.0;0.0;6.0;15.0;B01
201800007237;2.0;33;0;0.0;2.0;2.0;17.0;A01
201800007238;0.0;2;0;15.0;0.0;1.0;1.0;A01
201800007239;0.0;7;0;0.0;2.0;2.0;5.0;A01
201800007239;0.0;7;0;0.0;2.0;2.0;5.0;B01
201800007240;0.0;1;0;0.0;2.0;5.0;2.0;B01
201800007240;0.0;7;0;0.0;9.0;2.0;2.0;A01
201800007241;2.0;7;0;2.0;0.0;1.0;14.0;A01
201800007242;0.0;10;0;6.0;2.0;1.0;0.0;A01
201800007242;0.0;7;0;16.0;2.0;7.0;0.0;B01
201800007243;0.0;7;0;13.0;0.0;1.0;19.0;B01
201800007243;2.0;7;0;13.0;0.0;1.0;1.0;A01
201800007244;1.0;7;0;0.0;0.0;6.0;1.0;A01
201800007244;1.0;7;0;0.0;2.0;2.0;1.0;B01
201800007245;1.0;7;0;13.0;0.0;8.0;2.0;A01
201800007246;1.0;10;0;0.0;2.0;3.0;13.0;A01
201800007246;2.0;7;0;0.0;2.0;3.0;1.0;B01
201800007247;1.0;15;0;0.0;1.0;1.0;1.0;A01
201800007248;2.0;15;0;0.0;0.0;6.0;15.0;B01
201800007248;1.0;7;0;0.0;2.0;1.0;1.0;A01
201800007249;1.0;33;0;0.0;2.0;1.0;1.0;A01
201800007249;0.0;7;0;0.0;2.0;8.0;15.0;B01
201800007250;1.0;7;0;0.0;0.0;4.0;1.0;B01
201800007250;1.0;7;0;0.0;2.0;1.0;1.0;A01
201800007251;2.0;33;0;0.0;2.0;1.0;1.0;B01
201800007251;2.0;7;0;0.0;0.0;2.0;15.0;A01
201800007252;0.0;7;0;0.0;2.0;7.0;15.0;A01
201800007252;2.0;7;0;0.0;2.0;1.0;1.0;B01
201800007253;2.0;7;0;0.0;0.0;0.0;17.0;C01
201800007253;2.0;7;0;16.0;2.0;1.0;1.0;B01
201800007253;1.0;7;0;0.0;2.0;3.0;1.0;A01
201800007254;2.0;7;0;3.0;0.0;3.0;17.0;A01
201800007255;2.0;7;0;4.0;0.0;0.0;12.0;A01
201800007256;2.0;7;0;0.0;2.0;2.0;17.0;A01
201800007256;2.0;17;0;0.0;0.0;6.0;2.0;B01
201800007257;1.0;7;0;0.0;0.0;4.0;2.0;C01
201800007257;1.0;7;0;1.0;0.0;1.0;2.0;A01
201800007257;1.0;7;0;1.0;0.0;4.0;2.0;B01
201800007258;1.0;7;0;0.0;0.0;4.0;1.0;B01
201800007258;1.0;10;0;0.0;2.0;2.0;17.0;A01
201800007259;1.0;7;0;3.0;0.0;1.0;1.0;A01
201800007260;1.0;17;0;0.0;2.0;2.0;2.0;A01
201800007260;1.0;17;0;0.0;0.0;6.0;2.0;B01
201800007261;2.0;10;0;1.0;0.0;1.0;1.0;A01
201800007261;2.0;15;0;0.0;0.0;4.0;2.0;B01
201800007262;2.0;10;0;4.0;0.0;3.0;1.0;A01
201800007263;1.0;7;0;1.0;0.0;1.0;2.0;A01
201800007263;1.0;7;0;0.0;2.0;4.0;2.0;B01
201800007263;1.0;7;0;0.0;2.0;4.0;2.0;C01
201800007264;1.0;33;0;3.0;0.0;6.0;11.0;A01
201800007265;0.0;10;0;0.0;1.0;1.0;15.0;A01
201800007266;1.0;7;0;13.0;0.0;9.0;12.0;A01
201800007267;1.0;37;10;7.0;0.0;0.0;16.0;A01
201800007268;1.0;7;0;0.0;2.0;1.0;2.0;A01
201800007268;1.0;17;0;0.0;0.0;4.0;2.0;B01
201800007269;1.0;7;0;0.0;2.0;4.0;2.0;B01
201800007269;1.0;7;0;0.0;2.0;1.0;2.0;A01
201800007269;1.0;7;0;0.0;0.0;4.0;2.0;D01
201800007269;1.0;7;0;0.0;2.0;4.0;2.0;C01
201800007270;2.0;17;0;0.0;2.0;3.0;1.0;B01
201800007270;1.0;7;0;0.0;2.0;1.0;13.0;A01
201800007271;2.0;17;0;0.0;2.0;3.0;2.0;A01
201800007271;2.0;17;0;0.0;2.0;5.0;2.0;B01
201800007272;1.0;10;0;1.0;0.0;1.0;14.0;A01
201800007272;1.0;17;0;0.0;0.0;6.0;23.0;B01
201800007273;1.0;7;0;0.0;2.0;8.0;21.0;A01
201800007273;1.0;33;0;0.0;2.0;7.0;17.0;B01
201800007274;2.0;15;0;3.0;0.0;3.0;1.0;A01
201800007275;1.0;17;0;3.0;2.0;4.0;9.0;A01
201800007275;1.0;15;0;3.0;2.0;2.0;1.0;B01
201800007276;2.0;10;0;0.0;2.0;8.0;22.0;A01
201800007276;2.0;17;0;1.0;0.0;7.0;1.0;B01
201800007277;1.0;7;0;0.0;2.0;5.0;23.0;B01
201800007277;1.0;7;0;0.0;2.0;1.0;12.0;A01
201800007277;1.0;7;0;0.0;2.0;3.0;23.0;C01
201800007278;2.0;7;0;0.0;2.0;3.0;21.0;B01
201800007278;2.0;10;0;0.0;2.0;5.0;12.0;A01
201800007279;2.0;7;0;0.0;2.0;2.0;21.0;A01
201800007279;2.0;17;0;0.0;2.0;6.0;1.0;B01
201800007280;2.0;30;0;0.0;6.0;7.0;1.0;B01
201800007280;0.0;7;0;0.0;2.0;1.0;19.0;A01
201800007281;2.0;7;0;0.0;2.0;4.0;4.0;A01
201800007281;2.0;1;0;0.0;2.0;1.0;9.0;B01
201800007282;1.0;7;0;0.0;1.0;1.0;1.0;A01
201800007283;1.0;7;0;0.0;2.0;1.0;1.0;B01
201800007283;2.0;7;0;0.0;2.0;7.0;19.0;A01
201800007284;1.0;7;0;0.0;2.0;1.0;0.0;A01
201800007284;2.0;1;0;0.0;2.0;8.0;0.0;B01
201800007285;1.0;7;0;5.0;0.0;1.0;1.0;A01
201800007286;1.0;7;0;0.0;2.0;1.0;17.0;A01
201800007286;2.0;7;0;0.0;2.0;1.0;1.0;B01
201800007287;1.0;7;0;0.0;1.0;2.0;1.0;A01
201800007288;1.0;7;0;0.0;9.0;7.0;2.0;A01
201800007288;1.0;1;0;0.0;2.0;8.0;2.0;B01
201800007289;1.0;7;0;0.0;2.0;1.0;2.0;A01
201800007289;1.0;7;0;0.0;2.0;4.0;2.0;B01
201800007290;1.0;31;0;0.0;2.0;1.0;2.0;A01
201800007290;1.0;7;0;0.0;9.0;4.0;2.0;B01
201800007291;2.0;7;0;2.0;0.0;9.0;1.0;A01
201800007292;2.0;30;0;14.0;0.0;1.0;17.0;A01
201800007293;2.0;7;0;9.0;2.0;5.0;1.0;B01
201800007293;2.0;7;0;0.0;2.0;2.0;2.0;A01
201800007294;1.0;7;0;0.0;2.0;2.0;15.0;A01
201800007294;2.0;7;0;0.0;2.0;5.0;1.0;B01
201800007295;1.0;7;0;0.0;1.0;1.0;2.0;A01
201800007296;2.0;1;0;0.0;0.0;0.0;1.0;A01
201800007297;1.0;7;0;3.0;0.0;2.0;1.0;A01
201800007298;2.0;7;0;1.0;1.0;2.0;1.0;A01
201800007299;1.0;30;0;0.0;0.0;1.0;0.0;A01
201800007300;1.0;32;0;0.0;1.0;1.0;0.0;A01
201800007301;1.0;14;0;0.0;2.0;5.0;17.0;A01
201800007301;1.0;1;0;0.0;2.0;8.0;1.0;B01
201800007302;2.0;7;0;0.0;1.0;1.0;1.0;A01
201800007303;1.0;7;0;0.0;1.0;1.0;9.0;A01
201800007304;2.0;7;0;8.0;0.0;3.0;21.0;A01
201800007305;2.0;30;0;14.0;0.0;8.0;0.0;A01
201800007306;2.0;7;0;0.0;2.0;1.0;1.0;A01
201800007306;2.0;7;0;0.0;2.0;4.0;15.0;B01
201800007307;0.0;7;0;0.0;2.0;7.0;9.0;B01
201800007307;1.0;7;0;0.0;2.0;2.0;9.0;A01
201800007308;2.0;7;0;0.0;1.0;1.0;1.0;A01
201800007309;2.0;7;0;0.0;2.0;3.0;16.0;A01
201800007309;2.0;7;0;0.0;2.0;1.0;1.0;B01
201800007310;0.0;7;0;0.0;2.0;8.0;9.0;A01
201800007310;1.0;2;0;0.0;2.0;2.0;1.0;B01
201800007311;0.0;7;0;0.0;2.0;2.0;9.0;A01
201800007311;0.0;7;0;0.0;2.0;6.0;9.0;B01
201800007312;2.0;7;0;1.0;2.0;1.0;19.0;A01
201800007312;1.0;2;0;0.0;2.0;1.0;1.0;B01
201800007312;1.0;7;0;0.0;2.0;7.0;0.0;C01
201800007313;1.0;7;0;0.0;2.0;2.0;1.0;C01
201800007313;0.0;7;0;0.0;2.0;2.0;15.0;A01
201800007313;0.0;7;0;0.0;2.0;8.0;1.0;B01
201800007314;1.0;7;0;4.0;0.0;1.0;1.0;A01
201800007315;1.0;32;0;0.0;1.0;6.0;17.0;A01
201800007316;2.0;7;0;0.0;2.0;1.0;1.0;A01
201800007316;2.0;1;0;0.0;2.0;1.0;9.0;B01
201800007317;2.0;30;0;0.0;2.0;1.0;1.0;B01
201800007317;1.0;7;0;0.0;2.0;1.0;15.0;A01
201800007318;1.0;7;0;0.0;2.0;4.0;23.0;A01
201800007318;1.0;7;0;0.0;2.0;1.0;1.0;B01
201800007319;1.0;7;0;0.0;2.0;4.0;2.0;A01
201800007319;1.0;7;0;0.0;2.0;1.0;2.0;B01
201800007320;0.0;7;0;0.0;2.0;8.0;24.0;B01
201800007320;2.0;7;0;1.0;0.0;7.0;1.0;A01
201800007321;2.0;1;0;6.0;0.0;1.0;13.0;A01
201800007322;1.0;7;0;0.0;2.0;1.0;1.0;A01
201800007322;2.0;7;0;0.0;2.0;1.0;13.0;B01
201800007323;0.0;14;0;15.0;0.0;3.0;13.0;A01
201800007324;2.0;1;0;0.0;2.0;4.0;2.0;A01
201800007324;1.0;7;0;0.0;2.0;2.0;2.0;B01
201800007325;0.0;7;0;0.0;2.0;2.0;1.0;A01
201800007325;0.0;7;0;0.0;2.0;2.0;1.0;B01
201800007326;2.0;10;0;0.0;1.0;1.0;11.0;A01
201800007327;0.0;1;0;0.0;2.0;1.0;19.0;A01
201800007327;2.0;7;0;0.0;6.0;3.0;0.0;B01
201800007328;1.0;37;0;0.0;2.0;7.0;15.0;B01
201800007328;2.0;7;0;0.0;2.0;1.0;1.0;A01
201800007329;1.0;7;0;0.0;2.0;2.0;20.0;A01
201800007329;1.0;33;0;0.0;2.0;3.0;21.0;B01
201800007330;0.0;7;0;0.0;2.0;7.0;16.0;A01
201800007330;0.0;1;0;0.0;2.0;6.0;1.0;B01
201800007331;2.0;7;0;0.0;2.0;1.0;5.0;A01
201800007331;1.0;7;0;0.0;2.0;1.0;1.0;B01
201800007332;1.0;7;0;0.0;2.0;1.0;13.0;A01
201800007332;1.0;7;0;0.0;2.0;2.0;2.0;C01
201800007332;1.0;7;0;0.0;2.0;6.0;15.0;B01
201800007332;1.0;10;0;0.0;2.0;5.0;2.0;D01
201800007333;0.0;2;0;0.0;2.0;1.0;1.0;A01
201800007333;0.0;7;0;0.0;2.0;1.0;19.0;B01
201800007334;2.0;7;0;0.0;1.0;3.0;1.0;A01
201800007335;1.0;7;0;6.0;0.0;1.0;14.0;A01
201800007336;2.0;32;0;0.0;0.0;0.0;0.0;A01
201800007337;2.0;7;0;0.0;1.0;3.0;1.0;A01
201800007338;1.0;7;0;0.0;2.0;7.0;16.0;A01
201800007338;1.0;1;0;0.0;2.0;8.0;2.0;B01
201800007339;2.0;7;0;0.0;2.0;2.0;1.0;A01
201800007339;0.0;1;0;0.0;2.0;8.0;9.0;B01
201800007340;0.0;99;0;0.0;2.0;0.0;19.0;A01
201800007340;2.0;7;0;0.0;2.0;7.0;1.0;B01
201800007341;1.0;7;0;0.0;2.0;1.0;0.0;A01
201800007341;1.0;7;0;0.0;2.0;4.0;23.0;B01
201800007342;0.0;7;0;0.0;1.0;3.0;15.0;A01
201800007343;2.0;7;0;0.0;0.0;0.0;21.0;A01
201800007343;2.0;33;0;0.0;2.0;0.0;21.0;B01
201800007344;1.0;10;0;0.0;1.0;4.0;4.0;A01
201800007345;1.0;1;0;0.0;2.0;8.0;1.0;B01
201800007345;2.0;7;0;0.0;2.0;2.0;1.0;A01
201800007346;1.0;7;0;0.0;1.0;2.0;16.0;A01
201800007347;0.0;7;0;0.0;1.0;3.0;23.0;A01
201800007348;2.0;7;0;0.0;1.0;2.0;0.0;A01
201800007349;2.0;7;0;0.0;6.0;1.0;1.0;A01
201800007349;0.0;99;0;0.0;2.0;7.0;19.0;B01
201800007350;0.0;99;0;0.0;1.0;0.0;0.0;A01
201800007351;2.0;7;0;0.0;1.0;2.0;21.0;A01
201800007352;0.0;1;0;0.0;2.0;7.0;1.0;B01
201800007352;0.0;7;0;0.0;2.0;1.0;1.0;A01
201800007353;2.0;7;0;0.0;2.0;3.0;13.0;B01
201800007353;2.0;7;0;2.0;1.0;0.0;13.0;A01
201800007354;1.0;31;0;0.0;0.0;7.0;21.0;A01
201800007355;1.0;7;0;0.0;2.0;4.0;15.0;B01
201800007355;1.0;7;0;0.0;2.0;1.0;1.0;A01
201800007356;1.0;7;0;0.0;2.0;8.0;23.0;B01
201800007356;1.0;7;0;1.0;0.0;2.0;1.0;A01
201800007357;0.0;32;0;8.0;0.0;2.0;14.0;A01
201800007358;1.0;7;0;0.0;2.0;1.0;15.0;A01
201800007358;1.0;7;0;0.0;2.0;7.0;1.0;B01
201800007359;0.0;7;0;0.0;2.0;5.0;0.0;A01
201800007359;0.0;7;0;0.0;2.0;2.0;1.0;B01
201800007360;1.0;99;0;0.0;2.0;2.0;13.0;A01
201800007360;1.0;7;0;0.0;2.0;8.0;21.0;B01
201800007360;0.0;7;0;1.0;2.0;3.0;0.0;C01
201800007361;2.0;7;0;0.0;2.0;2.0;0.0;A01
201800007361;0.0;1;0;0.0;2.0;4.0;0.0;B01
201800007362;1.0;7;0;0.0;2.0;3.0;1.0;B01
201800007362;0.0;7;0;0.0;2.0;2.0;1.0;A01
201800007363;1.0;7;0;0.0;2.0;6.0;23.0;B01
201800007363;0.0;7;0;0.0;2.0;8.0;16.0;A01
201800007364;1.0;7;0;0.0;2.0;1.0;9.0;A01
201800007364;2.0;1;0;0.0;2.0;1.0;0.0;B01
201800007365;1.0;30;0;0.0;2.0;3.0;11.0;A01
201800007365;1.0;7;0;0.0;2.0;2.0;1.0;B01
201800007366;2.0;99;0;1.0;0.0;1.0;0.0;A01
201800007366;2.0;99;0;1.0;0.0;6.0;0.0;B01
201800007367;0.0;7;0;4.0;0.0;3.0;17.0;A01
201800007368;2.0;7;0;0.0;1.0;1.0;15.0;A01
201800007369;0.0;7;0;0.0;2.0;8.0;0.0;A01
201800007369;2.0;1;0;0.0;2.0;1.0;19.0;B01
201800007370;1.0;7;0;0.0;2.0;3.0;16.0;B01
201800007370;1.0;1;0;0.0;2.0;1.0;19.0;A01
201800007371;1.0;7;0;0.0;2.0;7.0;1.0;B01
201800007371;1.0;7;0;0.0;1.0;8.0;0.0;A01
201800007372;2.0;7;0;0.0;2.0;7.0;20.0;A01
201800007372;2.0;1;0;0.0;2.0;1.0;21.0;B01
201800007373;1.0;7;0;0.0;2.0;2.0;13.0;A01
201800007373;2.0;1;0;0.0;2.0;1.0;1.0;B01
201800007374;0.0;1;0;0.0;2.0;0.0;0.0;B01
201800007374;1.0;7;0;0.0;2.0;3.0;22.0;A01
201800007375;0.0;7;0;0.0;1.0;2.0;0.0;A01
201800007376;1.0;30;0;6.0;0.0;1.0;13.0;A01
201800007377;1.0;7;0;0.0;2.0;1.0;1.0;A01
201800007377;1.0;7;0;15.0;2.0;2.0;1.0;B01
201800007378;2.0;7;0;0.0;2.0;2.0;2.0;B01
201800007378;1.0;30;0;0.0;2.0;1.0;8.0;A01
201800007379;0.0;7;0;0.0;2.0;0.0;15.0;A01
201800007379;0.0;7;0;0.0;2.0;6.0;1.0;B01
201800007380;2.0;7;0;6.0;0.0;2.0;9.0;A01
201800007381;2.0;2;0;0.0;2.0;1.0;1.0;B01
201800007381;1.0;7;0;0.0;2.0;8.0;0.0;A01
201800007382;1.0;7;0;0.0;2.0;8.0;16.0;A01
201800007382;2.0;1;0;0.0;2.0;1.0;1.0;B01
201800007383;0.0;10;0;0.0;2.0;6.0;1.0;A01
201800007383;0.0;14;0;15.0;2.0;3.0;1.0;B01
201800007384;0.0;7;0;0.0;2.0;6.0;9.0;A01
201800007384;0.0;7;0;0.0;2.0;1.0;1.0;B01
201800007385;1.0;7;0;0.0;2.0;1.0;1.0;A01
201800007385;1.0;7;0;0.0;2.0;4.0;1.0;B01
201800007386;1.0;7;0;0.0;1.0;1.0;15.0;A01
201800007387;2.0;7;0;0.0;2.0;3.0;15.0;A01
201800007387;1.0;2;0;0.0;2.0;1.0;1.0;B01
201800007388;0.0;7;0;0.0;2.0;4.0;1.0;B01
201800007388;0.0;32;0;0.0;2.0;1.0;2.0;A01
201800007389;2.0;7;0;0.0;2.0;1.0;1.0;A01
201800007389;2.0;7;0;0.0;2.0;1.0;1.0;B01
201800007389;2.0;7;0;0.0;2.0;1.0;1.0;C01
201800007389;2.0;7;0;0.0;2.0;1.0;0.0;D01
201800007389;2.0;7;0;0.0;2.0;4.0;1.0;E01
201800007389;2.0;7;0;0.0;2.0;4.0;1.0;F01
201800007390;2.0;7;0;0.0;2.0;1.0;23.0;A01
201800007390;2.0;1;0;0.0;6.0;4.0;1.0;B01
201800007391;1.0;7;0;0.0;2.0;1.0;2.0;A01
201800007391;1.0;33;0;0.0;2.0;4.0;2.0;B01
201800007392;1.0;30;0;12.0;0.0;1.0;1.0;A01
201800007393;1.0;7;0;0.0;2.0;7.0;16.0;A01
201800007393;1.0;1;0;0.0;2.0;1.0;1.0;B01
201800007394;0.0;7;0;0.0;2.0;3.0;9.0;A01
201800007394;0.0;1;0;0.0;2.0;1.0;1.0;B01
201800007395;0.0;7;0;0.0;2.0;0.0;13.0;A01
201800007395;0.0;33;0;0.0;2.0;0.0;1.0;B01
201800007396;0.0;7;0;0.0;2.0;3.0;0.0;A01
201800007396;0.0;2;0;0.0;2.0;2.0;1.0;B01
201800007397;1.0;7;0;0.0;2.0;1.0;2.0;A01
201800007397;1.0;7;0;0.0;6.0;4.0;2.0;B01
201800007398;0.0;7;0;0.0;2.0;3.0;15.0;A01
201800007398;0.0;7;0;0.0;2.0;2.0;1.0;B01
201800007399;0.0;7;0;0.0;2.0;5.0;16.0;A01
201800007399;0.0;1;0;0.0;2.0;5.0;16.0;B01
201800007400;0.0;7;0;0.0;2.0;3.0;15.0;A01
201800007400;0.0;7;0;0.0;2.0;1.0;1.0;B01
201800007401;0.0;7;0;0.0;1.0;1.0;1.0;Z01
201800007402;0.0;7;0;0.0;2.0;4.0;4.0;A01
201800007402;0.0;7;0;0.0;2.0;2.0;1.0;B01
201800007403;1.0;1;0;0.0;0.0;0.0;0.0;A01
201800007404;2.0;7;0;0.0;2.0;1.0;2.0;A01
201800007404;2.0;7;0;0.0;2.0;1.0;2.0;B01
201800007404;2.0;7;0;0.0;2.0;4.0;2.0;C01
201800007405;2.0;14;0;0.0;1.0;7.0;16.0;A01
201800007406;1.0;7;0;0.0;2.0;2.0;2.0;A01
201800007406;1.0;7;0;0.0;2.0;3.0;2.0;B01
201800007407;2.0;30;0;0.0;6.0;2.0;2.0;A01
201800007407;2.0;7;0;0.0;2.0;6.0;2.0;B01
201800007408;2.0;7;0;0.0;2.0;8.0;24.0;B01
201800007408;2.0;1;0;1.0;0.0;1.0;2.0;A01
201800007409;0.0;1;0;0.0;2.0;7.0;1.0;B01
201800007409;0.0;7;0;0.0;2.0;1.0;9.0;A01
201800007410;1.0;30;0;0.0;1.0;1.0;2.0;A01
201800007411;0.0;7;0;3.0;0.0;1.0;13.0;A01
201800007412;1.0;33;0;0.0;2.0;8.0;1.0;B01
201800007412;2.0;7;0;0.0;2.0;2.0;15.0;A01
201800007413;2.0;7;0;0.0;2.0;4.0;2.0;B01
201800007413;2.0;7;0;0.0;2.0;1.0;2.0;A01
201800007414;1.0;30;0;0.0;0.0;7.0;1.0;A01
201800007415;0.0;7;0;8.0;0.0;3.0;1.0;A01
201800007416;1.0;1;0;0.0;2.0;8.0;1.0;B01
201800007416;1.0;10;0;0.0;2.0;1.0;19.0;A01
201800007417;0.0;10;0;0.0;2.0;2.0;1.0;A01
201800007417;0.0;2;0;0.0;2.0;1.0;19.0;B01
201800007418;1.0;7;0;0.0;2.0;4.0;2.0;B01
201800007418;1.0;7;0;0.0;6.0;4.0;2.0;C01
201800007418;1.0;7;0;0.0;2.0;1.0;2.0;A01
201800007419;0.0;7;0;0.0;1.0;2.0;15.0;A01
201800007420;1.0;1;0;0.0;2.0;1.0;0.0;A01
201800007420;1.0;7;0;0.0;2.0;4.0;0.0;B01
201800007421;2.0;7;0;0.0;2.0;6.0;2.0;C01
201800007421;2.0;7;0;0.0;2.0;1.0;2.0;A01
201800007421;2.0;7;0;0.0;2.0;4.0;2.0;B01
201800007422;0.0;2;0;0.0;1.0;1.0;1.0;A01
201800007423;1.0;7;0;0.0;2.0;8.0;15.0;A01
201800007423;1.0;7;0;0.0;2.0;1.0;23.0;B01
201800007424;2.0;7;0;0.0;2.0;3.0;9.0;B01
201800007424;2.0;30;0;0.0;2.0;7.0;1.0;A01
201800007425;2.0;7;0;2.0;0.0;3.0;1.0;A01
201800007426;2.0;34;0;0.0;2.0;1.0;1.0;B01
201800007426;1.0;7;0;0.0;2.0;1.0;9.0;A01
201800007427;0.0;7;0;0.0;2.0;0.0;9.0;Z01
201800007427;0.0;30;0;0.0;2.0;0.0;21.0;A01
201800007428;0.0;7;0;6.0;0.0;8.0;16.0;A01
201800007429;1.0;7;0;0.0;2.0;3.0;2.0;B01
201800007429;2.0;2;0;0.0;2.0;2.0;2.0;A01
201800007430;1.0;7;0;0.0;2.0;2.0;2.0;B01
201800007430;1.0;7;0;0.0;2.0;5.0;2.0;C01
201800007430;1.0;7;0;0.0;2.0;1.0;0.0;A01
201800007431;1.0;7;0;0.0;2.0;2.0;15.0;A01
201800007431;2.0;1;0;0.0;2.0;1.0;1.0;B01
201800007432;2.0;10;0;7.0;2.0;2.0;15.0;B01
201800007432;1.0;7;0;0.0;2.0;3.0;19.0;A01
201800007433;0.0;7;0;0.0;2.0;3.0;0.0;B01
201800007433;0.0;2;0;0.0;2.0;1.0;0.0;A01
201800007434;0.0;30;0;0.0;0.0;0.0;1.0;A01
201800007435;2.0;1;0;0.0;2.0;0.0;21.0;A01
201800007436;0.0;2;0;0.0;2.0;1.0;16.0;B01
201800007436;0.0;7;0;0.0;2.0;4.0;16.0;A01
201800007437;0.0;30;0;0.0;2.0;1.0;9.0;A01
201800007437;0.0;1;0;0.0;2.0;8.0;1.0;B01
201800007438;0.0;1;0;0.0;2.0;1.0;0.0;B01
201800007438;0.0;1;0;0.0;2.0;1.0;0.0;A01
201800007439;2.0;10;0;0.0;1.0;2.0;1.0;A01
201800007440;1.0;7;0;0.0;1.0;2.0;9.0;A01
201800007441;2.0;10;0;0.0;2.0;1.0;0.0;A01
201800007441;2.0;10;0;0.0;2.0;4.0;1.0;B01
201800007442;2.0;1;0;0.0;2.0;2.0;5.0;A01
201800007442;1.0;7;0;0.0;2.0;2.0;1.0;B01
201800007443;1.0;7;0;0.0;1.0;2.0;19.0;A01
201800007444;0.0;7;0;0.0;2.0;7.0;1.0;B01
201800007444;0.0;17;0;0.0;2.0;2.0;1.0;C01
201800007444;0.0;7;0;0.0;2.0;8.0;9.0;A01
201800007445;1.0;7;0;0.0;1.0;1.0;15.0;A01
201800007446;2.0;7;0;0.0;1.0;1.0;0.0;A01
201800007447;1.0;7;0;0.0;2.0;1.0;15.0;A01
201800007447;2.0;7;0;0.0;2.0;3.0;1.0;B01
201800007448;0.0;34;0;0.0;0.0;1.0;0.0;A01
201800007449;1.0;7;0;0.0;1.0;7.0;1.0;A01
201800007450;1.0;7;0;0.0;1.0;3.0;15.0;A01
201800007451;0.0;30;0;0.0;0.0;0.0;16.0;A01
201800007452;1.0;2;0;0.0;0.0;8.0;15.0;B01
201800007452;0.0;7;0;0.0;2.0;2.0;19.0;A01