Num_Acc;senc;catv;occutc;obs;obsm;choc;manv;num_veh
201800007708;2.0;7;0;0.0;2.0;1.0;1.0;B01
201800007708;2.0;15;0;0.0;0.0;4.0;1.0;A01
201800007709;1.0;7;0;2.0;0.0;1.0;1.0;A01
201800007710;2.0;15;0;0.0;2.0;4.0;1.0;B01
201800007710;2.0;15;0;0.0;2.0;1.0;1.0;A01
201800007711;1.0;7;0;4.0;0.0;2.0;1.0;A01
201800007712;0.0;37;54;0.0;2.0;2.0;8.0;B01
201800007712;0.0;7;0;0.0;2.0;3.0;19.0;A01
201800007713;2.0;13;0;0.0;2.0;8.0;1.0;C01
201800007713;2.0;7;0;3.0;2.0;4.0;0.0;B01
201800007713;2.0;7;0;3.0;2.0;1.0;0.0;A01
201800007714;1.0;17;0;0.0;0.0;3.0;1.0;A01
201800007715;1.0;7;0;0.0;2.0;3.0;2.0;B01
201800007715;1.0;7;0;4.0;0.0;2.0;1.0;A01
201800007716;2.0;7;0;1.0;0.0;1.0;1.0;A01
201800007717;2.0;15;0;0.0;0.0;4.0;2.0;B01
201800007717;2.0;33;0;0.0;2.0;1.0;2.0;A01
201800007718;2.0;17;0;0.0;0.0;6.0;2.0;B01
201800007718;2.0;7;0;0.0;2.0;2.0;2.0;A01
201800007719;1.0;14;0;0.0;2.0;3.0;20.0;A01
201800007719;2.0;33;0;13.0;2.0;1.0;1.0;B01
201800007720;0.0;13;0;0.0;1.0;2.0;1.0;A01
201800007721;1.0;17;0;14.0;2.0;1.0;1.0;B01
201800007721;1.0;7;0;0.0;0.0;4.0;23.0;A01
201800007722;1.0;10;0;16.0;0.0;9.0;1.0;A01
201800007723;1.0;17;0;15.0;0.0;1.0;0.0;A01
201800007724;2.0;10;0;0.0;2.0;1.0;2.0;A01
201800007724;2.0;15;0;0.0;2.0;4.0;2.0;B01
201800007725;2.0;7;0;3.0;0.0;2.0;1.0;A01
201800007726;2.0;7;0;0.0;0.0;1.0;12.0;A01
201800007727;1.0;7;0;13.0;0.0;1.0;13.0;A01
201800007728;2.0;7;0;0.0;0.0;0.0;1.0;A01
201800007729;1.0;99;0;0.0;2.0;3.0;1.0;A01
201800007729;1.0;7;0;3.0;2.0;2.0;1.0;B01
201800007730;1.0;1;0;0.0;2.0;1.0;2.0;A01
201800007730;1.0;7;0;0.0;2.0;4.0;2.0;B01
201800007731;1.0;7;0;0.0;2.0;5.0;12.0;A01
201800007731;1.0;7;0;0.0;2.0;3.0;1.0;B01
201800007732;1.0;7;0;0.0;2.0;4.0;2.0;B01
201800007732;1.0;7;0;0.0;2.0;1.0;2.0;A01
201800007733;1.0;7;0;0.0;2.0;4.0;2.0;B01
201800007733;1.0;7;0;0.0;2.0;1.0;2.0;A01
201800007734;1.0;33;0;0.0;2.0;3.0;2.0;B01
201800007734;1.0;7;0;0.0;2.0;2.0;2.0;A01
201800007735;1.0;2;0;0.0;2.0;1.0;2.0;A01
201800007735;2.0;7;0;0.0;2.0;5.0;10.0;B01
201800007736;1.0;7;0;0.0;1.0;0.0;0.0;A01
201800007737;1.0;7;0;0.0;1.0;3.0;2.0;A01
201800007738;1.0;7;0;4.0;0.0;1.0;0.0;A01
201800007739;1.0;33;0;0.0;2.0;1.0;2.0;B01
201800007739;1.0;7;0;0.0;2.0;1.0;2.0;A01
201800007740;1.0;7;0;0.0;9.0;3.0;2.0;B01
201800007740;1.0;1;0;0.0;2.0;1.0;2.0;A01
201800007741;1.0;7;0;0.0;1.0;8.0;2.0;A01
201800007742;1.0;7;0;0.0;2.0;2.0;1.0;B01
201800007742;1.0;30;0;0.0;2.0;3.0;16.0;A01
201800007743;2.0;7;0;0.0;2.0;1.0;13.0;A01
201800007743;1.0;7;0;0.0;2.0;1.0;1.0;B01
201800007744;2.0;10;0;0.0;2.0;1.0;2.0;A01
201800007744;2.0;10;0;0.0;2.0;4.0;23.0;B01
201800007744;2.0;7;0;0.0;2.0;4.0;23.0;C01
201800007745;2.0;7;0;0.0;2.0;6.0;2.0;A01
201800007745;1.0;2;0;0.0;2.0;1.0;2.0;B01
201800007746;1.0;7;0;0.0;1.0;0.0;1.0;A01
201800007747;1.0;7;0;0.0;1.0;0.0;2.0;A01
201800007748;1.0;7;0;0.0;1.0;1.0;2.0;A01
201800007749;1.0;7;0;0.0;2.0;0.0;2.0;B01
201800007749;1.0;33;0;0.0;2.0;7.0;2.0;A01
201800007750;1.0;7;0;0.0;2.0;4.0;2.0;B01
201800007750;1.0;7;0;0.0;2.0;1.0;2.0;A01
201800007751;1.0;7;0;0.0;2.0;7.0;2.0;B01
201800007751;1.0;36;0;0.0;2.0;1.0;2.0;A01
201800007752;2.0;7;0;0.0;2.0;1.0;13.0;A01
201800007752;2.0;7;0;0.0;2.0;1.0;1.0;B01
201800007753;1.0;7;0;0.0;6.0;0.0;0.0;A01
201800007754;1.0;7;0;0.0;2.0;0.0;2.0;B01
201800007754;1.0;7;0;0.0;2.0;0.0;2.0;A01
201800007755;1.0;7;0;0.0;2.0;1.0;1.0;B01
201800007755;1.0;31;0;0.0;2.0;0.0;0.0;A01
201800007756;1.0;33;0;0.0;2.0;1.0;2.0;A01
201800007756;1.0;7;0;0.0;2.0;4.0;2.0;B01
201800007757;1.0;1;0;0.0;2.0;0.0;2.0;B01
201800007757;1.0;7;0;0.0;2.0;0.0;2.0;A01
201800007758;1.0;7;0;0.0;0.0;4.0;2.0;B01
201800007758;1.0;7;0;0.0;0.0;4.0;2.0;C01
201800007758;1.0;14;0;0.0;2.0;1.0;2.0;A01
201800007759;1.0;7;0;0.0;1.0;1.0;1.0;A01
201800007760;1.0;7;0;0.0;2.0;3.0;2.0;B01
201800007760;1.0;33;0;0.0;2.0;1.0;2.0;A01
201800007761;1.0;7;0;0.0;2.0;0.0;2.0;A01
201800007761;1.0;7;0;0.0;2.0;0.0;2.0;B01
201800007762;1.0;33;0;0.0;2.0;1.0;2.0;A01
201800007763;1.0;7;0;0.0;2.0;1.0;2.0;A01
201800007763;1.0;7;0;0.0;2.0;2.0;2.0;B01
201800007764;1.0;7;0;0.0;2.0;1.0;2.0;A01
201800007764;1.0;7;0;0.0;2.0;4.0;2.0;B01
201800007764;1.0;7;0;0.0;2.0;4.0;2.0;C01
201800007765;2.0;33;0;0.0;2.0;1.0;1.0;A01
201800007765;0.0;7;0;0.0;2.0;1.0;1.0;B01
201800007766;1.0;7;0;0.0;2.0;3.0;1.0;B01
201800007766;1.0;7;0;0.0;2.0;2.0;9.0;A01
201800007767;2.0;7;0;0.0;2.0;1.0;1.0;A01
201800007767;2.0;7;0;0.0;2.0;4.0;1.0;B01
201800007768;1.0;7;0;0.0;2.0;6.0;1.0;C01
201800007768;1.0;32;0;0.0;2.0;8.0;15.0;A01
201800007769;1.0;7;0;0.0;2.0;4.0;2.0;B01
201800007769;1.0;7;0;0.0;2.0;1.0;2.0;A01
201800007770;1.0;33;0;0.0;2.0;7.0;2.0;A01
201800007770;1.0;7;0;0.0;2.0;6.0;2.0;B01
201800007771;1.0;1;0;0.0;2.0;0.0;2.0;B01
201800007771;1.0;7;0;0.0;2.0;2.0;2.0;A01
201800007772;0.0;7;0;0.0;2.0;4.0;1.0;B01
201800007772;0.0;7;0;0.0;2.0;1.0;1.0;A01
201800007773;1.0;10;0;0.0;2.0;1.0;1.0;A01
201800007773;2.0;7;0;0.0;2.0;4.0;23.0;B01
201800007773;1.0;7;0;0.0;2.0;8.0;1.0;C01
201800007774;1.0;7;0;0.0;2.0;1.0;19.0;A01
201800007774;2.0;7;0;0.0;2.0;7.0;0.0;B01
201800007775;0.0;7;0;0.0;2.0;3.0;1.0;B01
201800007775;0.0;33;0;0.0;2.0;1.0;1.0;A01
201800007776;1.0;7;0;0.0;2.0;1.0;2.0;A01
201800007776;1.0;7;0;0.0;2.0;0.0;2.0;B01
201800007777;1.0;31;0;0.0;0.0;4.0;0.0;A01
201800007778;1.0;7;0;0.0;2.0;5.0;0.0;A01
201800007778;1.0;2;0;0.0;2.0;7.0;2.0;B01
201800007779;1.0;7;0;0.0;2.0;1.0;2.0;A01
201800007779;1.0;7;0;0.0;2.0;4.0;2.0;B01
201800007780;1.0;7;0;0.0;0.0;0.0;2.0;B01
201800007780;1.0;7;0;0.0;6.0;0.0;2.0;A01
201800007781;2.0;10;0;0.0;2.0;3.0;1.0;B01
201800007781;1.0;7;0;0.0;2.0;3.0;1.0;A01
201800007782;1.0;7;0;0.0;2.0;4.0;2.0;B01
201800007782;1.0;7;0;0.0;2.0;1.0;2.0;A01
201800007783;1.0;7;0;0.0;2.0;0.0;0.0;A01
201800007783;1.0;7;0;0.0;2.0;0.0;0.0;B01
201800007784;1.0;7;0;0.0;1.0;1.0;1.0;A01
201800007785;0.0;7;0;0.0;1.0;1.0;1.0;A01
201800007786;1.0;7;0;0.0;1.0;1.0;1.0;A01
201800007787;1.0;1;0;0.0;2.0;0.0;2.0;B01
201800007787;1.0;7;0;0.0;2.0;2.0;2.0;A01
201800007788;1.0;7;0;0.0;2.0;0.0;2.0;B01
201800007788;1.0;7;0;0.0;2.0;0.0;2.0;A01
201800007789;1.0;7;0;7.0;0.0;1.0;14.0;A01
201800007790;1.0;37;1;0.0;2.0;2.0;1.0;B01
201800007790;1.0;10;0;0.0;2.0;3.0;9.0;A01
201800007791;0.0;7;0;0.0;2.0;1.0;1.0;A01
201800007791;0.0;1;0;0.0;2.0;0.0;0.0;D01
201800007791;1.0;7;0;0.0;2.0;0.0;0.0;C01
201800007791;0.0;7;0;0.0;2.0;8.0;1.0;B01
201800007792;1.0;7;0;0.0;2.0;6.0;20.0;B01
201800007792;2.0;7;0;0.0;2.0;2.0;14.0;A01
201800007793;1.0;31;0;0.0;2.0;4.0;2.0;B01
201800007793;1.0;7;0;0.0;2.0;0.0;2.0;A01
201800007794;1.0;7;0;0.0;2.0;1.0;2.0;A01
201800007794;1.0;7;0;0.0;2.0;6.0;2.0;C01
201800007794;1.0;7;0;0.0;2.0;7.0;2.0;B01
201800007795;1.0;32;0;0.0;2.0;1.0;0.0;A01
201800007795;1.0;7;0;0.0;2.0;1.0;0.0;B01
201800007796;1.0;7;0;0.0;1.0;0.0;2.0;A01
201800007797;2.0;32;0;0.0;2.0;2.0;1.0;B01
201800007797;2.0;7;0;0.0;2.0;3.0;15.0;A01
201800007798;2.0;7;0;0.0;2.0;3.0;9.0;A01
201800007798;1.0;7;0;0.0;2.0;1.0;0.0;B01
201800007799;2.0;7;0;8.0;2.0;5.0;1.0;B01
201800007799;1.0;7;0;0.0;2.0;1.0;15.0;A01
201800007800;1.0;30;0;0.0;1.0;1.0;1.0;A01
201800007801;1.0;34;0;0.0;2.0;0.0;2.0;B01
201800007801;1.0;7;0;0.0;2.0;0.0;2.0;A01
201800007802;0.0;7;0;0.0;2.0;1.0;1.0;A01
201800007802;0.0;7;0;0.0;2.0;4.0;0.0;B01
201800007803;2.0;7;0;0.0;2.0;1.0;1.0;B01
201800007803;2.0;7;0;0.0;2.0;6.0;20.0;A01
201800007804;2.0;33;0;12.0;0.0;1.0;1.0;A01
201800007805;1.0;7;0;0.0;2.0;7.0;1.0;B01
201800007805;1.0;7;0;0.0;2.0;1.0;1.0;A01
201800007806;1.0;33;0;0.0;2.0;3.0;1.0;B01
201800007806;1.0;7;0;0.0;2.0;7.0;9.0;A01
201800007807;2.0;7;0;0.0;1.0;2.0;1.0;A01
201800007808;1.0;7;0;0.0;2.0;2.0;15.0;A01
201800007808;2.0;30;0;0.0;2.0;1.0;1.0;B01
201800007809;1.0;30;0;0.0;1.0;0.0;2.0;A01
201800007810;1.0;33;0;8.0;0.0;0.0;0.0;A01
201800007811;1.0;7;0;0.0;1.0;1.0;1.0;Z01
201800007812;1.0;7;0;0.0;2.0;1.0;1.0;B01
201800007812;1.0;7;0;0.0;2.0;1.0;16.0;A01
201800007813;1.0;7;0;0.0;6.0;1.0;1.0;A01
201800007814;1.0;7;0;0.0;1.0;0.0;1.0;A01
201800007815;1.0;37;1;0.0;2.0;7.0;1.0;B01
201800007815;0.0;1;0;1.0;2.0;1.0;19.0;A01
201800007816;0.0;1;0;0.0;2.0;7.0;1.0;B01
201800007816;1.0;7;0;0.0;2.0;1.0;1.0;A01
201800007817;1.0;7;0;0.0;2.0;4.0;1.0;B01
201800007817;1.0;7;0;0.0;2.0;1.0;1.0;A01
201800007818;1.0;7;0;0.0;2.0;4.0;2.0;C01
201800007818;1.0;7;0;0.0;2.0;4.0;2.0;B01
201800007818;1.0;7;0;0.0;2.0;1.0;2.0;A01
201800007819;1.0;7;0;0.0;2.0;4.0;2.0;B01
201800007819;1.0;32;0;0.0;2.0;1.0;2.0;A01
201800007820;2.0;10;0;13.0;0.0;7.0;1.0;A01
201800007821;2.0;7;0;3.0;0.0;1.0;1.0;A01
201800007821;2.0;7;0;3.0;2.0;2.0;1.0;B01
201800007822;1.0;17;0;8.0;0.0;8.0;1.0;A01
201800007823;1.0;7;0;0.0;2.0;4.0;23.0;B01
201800007823;1.0;7;0;1.0;2.0;1.0;1.0;A01
201800007824;1.0;31;0;16.0;0.0;4.0;1.0;A01
201800007825;2.0;7;0;0.0;2.0;1.0;2.0;A01
201800007825;2.0;17;0;0.0;0.0;4.0;2.0;B01
201800007826;1.0;7;0;13.0;0.0;9.0;2.0;A01
201800007827;2.0;7;0;0.0;2.0;3.0;1.0;B01
201800007827;2.0;33;0;0.0;2.0;7.0;3.0;A01
201800007828;1.0;7;0;0.0;0.0;4.0;2.0;B01
201800007828;1.0;7;0;0.0;2.0;1.0;2.0;A01
201800007829;0.0;7;0;0.0;1.0;3.0;1.0;A01
201800007830;0.0;10;0;0.0;1.0;2.0;4.0;A01
201800007831;1.0;7;0;0.0;2.0;1.0;1.0;B01
201800007831;2.0;7;0;0.0;2.0;1.0;1.0;A01
201800007832;1.0;7;0;2.0;2.0;2.0;17.0;A01
201800007832;1.0;7;0;0.0;2.0;0.0;0.0;B01
201800007833;1.0;7;0;0.0;2.0;1.0;2.0;A01
201800007833;1.0;7;0;0.0;0.0;4.0;2.0;B01
201800007834;2.0;7;0;14.0;0.0;1.0;1.0;A01
201800007835;2.0;7;0;0.0;2.0;3.0;15.0;A01
201800007835;1.0;2;0;0.0;2.0;1.0;17.0;B01
201800007836;2.0;7;0;13.0;0.0;1.0;2.0;A01
201800007837;2.0;15;0;3.0;0.0;7.0;1.0;A01
201800007838;2.0;33;0;0.0;0.0;1.0;2.0;A01
201800007839;2.0;33;0;0.0;2.0;8.0;17.0;A01
201800007839;1.0;7;0;0.0;2.0;3.0;1.0;B01
201800007840;1.0;7;0;2.0;0.0;1.0;14.0;A01
201800007841;2.0;7;0;0.0;2.0;2.0;13.0;A01
201800007841;1.0;7;0;0.0;2.0;3.0;1.0;B01
201800007842;1.0;7;0;0.0;1.0;3.0;0.0;A01
201800007842;1.0;7;0;0.0;1.0;1.0;0.0;B01
201800007843;2.0;7;0;0.0;0.0;4.0;15.0;B01
201800007843;2.0;7;0;0.0;2.0;1.0;2.0;A01
201800007844;0.0;33;0;0.0;2.0;7.0;17.0;A01
201800007844;0.0;33;0;0.0;2.0;6.0;0.0;B01
201800007845;2.0;7;0;0.0;2.0;1.0;13.0;A01
201800007845;1.0;15;0;0.0;2.0;1.0;1.0;B01
201800007846;2.0;7;0;0.0;1.0;2.0;1.0;A01
201800007847;0.0;7;0;0.0;2.0;3.0;15.0;B01
201800007847;0.0;33;0;0.0;2.0;2.0;17.0;A01
201800007848;1.0;7;0;0.0;2.0;3.0;13.0;A01
201800007848;1.0;7;0;0.0;2.0;3.0;1.0;B01
201800007849;1.0;7;0;0.0;2.0;1.0;13.0;A01
201800007849;2.0;13;0;0.0;2.0;3.0;1.0;B01
201800007850;0.0;7;0;1.0;0.0;3.0;13.0;A01
201800007851;1.0;38;1;13.0;0.0;2.0;14.0;A01
201800007852;2.0;7;0;0.0;2.0;1.0;2.0;A01
201800007852;2.0;7;0;0.0;2.0;6.0;2.0;B01
201800007853;2.0;7;0;0.0;2.0;1.0;2.0;A01
201800007853;2.0;15;0;0.0;0.0;4.0;2.0;B01
201800007854;2.0;7;0;0.0;2.0;2.0;1.0;C01
201800007854;2.0;7;0;0.0;2.0;4.0;2.0;B01
201800007854;2.0;7;0;0.0;2.0;4.0;1.0;E01
201800007854;2.0;7;0;0.0;0.0;4.0;1.0;F01
201800007854;2.0;7;0;0.0;2.0;4.0;1.0;D01
201800007854;2.0;7;0;0.0;2.0;1.0;2.0;A01
201800007855;0.0;14;0;0.0;2.0;1.0;13.0;A01
201800007855;0.0;7;0;0.0;2.0;1.0;1.0;B01
201800007856;1.0;7;0;0.0;2.0;1.0;1.0;B01
201800007856;1.0;7;0;0.0;2.0;1.0;23.0;A01
201800007857;1.0;33;0;0.0;6.0;1.0;0.0;A01
201800007858;1.0;7;0;0.0;0.0;0.0;0.0;A01
201800007859;0.0;15;0;0.0;2.0;3.0;9.0;A01
201800007859;0.0;31;0;0.0;2.0;2.0;17.0;B01
201800007860;2.0;7;0;15.0;0.0;1.0;0.0;A01
201800007861;2.0;7;0;0.0;2.0;6.0;2.0;D01
201800007861;2.0;7;0;3.0;2.0;5.0;2.0;B01
201800007861;2.0;7;0;0.0;2.0;3.0;2.0;A01
201800007861;2.0;7;0;0.0;2.0;2.0;2.0;C01
201800007862;2.0;7;0;0.0;2.0;3.0;1.0;B01
201800007862;1.0;37;20;0.0;2.0;8.0;1.0;C01
201800007862;1.0;7;0;0.0;2.0;3.0;17.0;A01
201800007863;2.0;7;0;0.0;2.0;2.0;12.0;B01
201800007863;2.0;7;0;0.0;9.0;4.0;1.0;F01
201800007863;2.0;33;0;0.0;2.0;8.0;3.0;A01
201800007863;2.0;7;0;0.0;2.0;6.0;1.0;E01
201800007863;2.0;7;0;0.0;2.0;7.0;1.0;D01
201800007863;2.0;7;0;0.0;2.0;7.0;1.0;C01
201800007864;2.0;7;0;0.0;0.0;0.0;1.0;A01
201800007865;1.0;7;0;0.0;2.0;1.0;2.0;B01
201800007865;1.0;7;0;0.0;0.0;4.0;0.0;A01
201800007866;1.0;7;0;5.0;0.0;1.0;1.0;A01
201800007867;2.0;7;0;0.0;2.0;3.0;1.0;A01
201800007867;2.0;17;0;0.0;2.0;2.0;12.0;B01
201800007868;1.0;33;0;3.0;0.0;8.0;1.0;A01
201800007869;1.0;7;0;13.0;0.0;9.0;21.0;A01
201800007870;1.0;7;0;0.0;2.0;1.0;0.0;B01
201800007870;1.0;17;0;14.0;0.0;1.0;2.0;D01
201800007870;1.0;7;0;0.0;2.0;2.0;0.0;A01
201800007870;1.0;7;0;4.0;0.0;6.0;0.0;C01
201800007871;2.0;7;0;3.0;0.0;2.0;17.0;A01
201800007872;2.0;17;0;4.0;0.0;3.0;1.0;A01
201800007873;2.0;17;0;0.0;2.0;4.0;4.0;A01
201800007873;2.0;33;0;0.0;0.0;1.0;1.0;B01
201800007874;1.0;7;0;0.0;2.0;8.0;10.0;A01
201800007874;1.0;10;0;0.0;2.0;1.0;1.0;B01
201800007875;2.0;15;0;3.0;0.0;7.0;2.0;A01
201800007876;2.0;7;0;0.0;2.0;1.0;13.0;A01
201800007876;1.0;15;0;0.0;2.0;1.0;1.0;B01
201800007877;1.0;7;0;1.0;0.0;1.0;2.0;B01
201800007877;1.0;7;0;3.0;0.0;7.0;1.0;A01
201800007877;1.0;7;0;0.0;2.0;4.0;2.0;C01
201800007877;1.0;7;0;0.0;2.0;8.0;2.0;D01
201800007878;2.0;7;0;15.0;0.0;1.0;1.0;A01
201800007879;1.0;38;1;0.0;2.0;6.0;2.0;C01
201800007879;1.0;7;0;0.0;2.0;4.0;1.0;B01
201800007879;1.0;7;0;0.0;2.0;1.0;1.0;A01
201800007880;0.0;17;0;12.0;0.0;7.0;1.0;A01
201800007881;1.0;37;18;13.0;0.0;7.0;14.0;A01
201800007882;2.0;7;0;16.0;0.0;0.0;17.0;A01
201800007883;2.0;7;0;13.0;0.0;2.0;0.0;A01
201800007884;1.0;7;0;13.0;0.0;2.0;1.0;A01
201800007885;2.0;7;0;3.0;0.0;3.0;0.0;A01
201800007886;2.0;7;0;13.0;0.0;1.0;13.0;A01
201800007887;1.0;7;0;3.0;0.0;9.0;13.0;A01
201800007888;0.0;37;10;0.0;1.0;7.0;16.0;A01
201800007889;2.0;7;0;1.0;2.0;3.0;11.0;A01
201800007889;1.0;13;0;0.0;0.0;3.0;23.0;B01
201800007890;1.0;17;0;0.0;1.0;1.0;1.0;A01
201800007891;1.0;7;0;0.0;2.0;1.0;13.0;A01
201800007891;2.0;17;0;0.0;2.0;1.0;1.0;B01
201800007892;0.0;7;0;0.0;2.0;1.0;1.0;A01
201800007892;0.0;15;0;0.0;2.0;5.0;19.0;B01
201800007893;1.0;7;0;0.0;2.0;1.0;13.0;A01
201800007893;2.0;17;0;0.0;2.0;3.0;1.0;B01
201800007894;1.0;7;0;3.0;0.0;3.0;0.0;A01
201800007895;1.0;7;0;0.0;2.0;1.0;0.0;A01
201800007895;1.0;15;0;0.0;2.0;6.0;1.0;B01
201800007896;1.0;7;0;0.0;2.0;3.0;5.0;A01
201800007896;2.0;7;0;0.0;2.0;3.0;1.0;B01
201800007897;1.0;33;0;3.0;0.0;7.0;9.0;A01
201800007898;1.0;7;0;0.0;0.0;0.0;0.0;A01
201800007899;1.0;7;0;3.0;0.0;3.0;1.0;A01
201800007900;1.0;7;0;4.0;0.0;3.0;1.0;A01
201800007901;1.0;7;0;0.0;0.0;1.0;2.0;A01
201800007902;2.0;7;0;4.0;0.0;3.0;1.0;A01
201800007903;1.0;10;0;0.0;2.0;2.0;2.0;B01
201800007903;1.0;15;0;0.0;2.0;5.0;2.0;C01
201800007903;1.0;7;0;13.0;2.0;1.0;2.0;A01
201800007904;2.0;7;0;4.0;0.0;3.0;2.0;A01
201800007905;2.0;7;0;3.0;0.0;9.0;1.0;A01
201800007906;2.0;7;0;0.0;2.0;3.0;17.0;A01
201800007906;1.0;14;0;0.0;2.0;1.0;1.0;B01
201800007907;2.0;7;0;3.0;0.0;8.0;13.0;A01
201800007908;1.0;10;0;3.0;0.0;2.0;2.0;A01
201800007909;1.0;15;0;13.0;2.0;3.0;1.0;B01
201800007909;2.0;7;0;0.0;2.0;1.0;13.0;A01
201800007910;0.0;33;0;6.0;0.0;1.0;0.0;A01
201800007911;0.0;31;0;0.0;0.0;0.0;0.0;A01
201800007912;2.0;7;0;14.0;2.0;2.0;21.0;A01
201800007912;1.0;2;0;0.0;2.0;8.0;23.0;B01
201800007913;2.0;30;0;0.0;2.0;8.0;13.0;A01
201800007913;1.0;10;0;0.0;2.0;8.0;1.0;B01
201800007914;1.0;7;0;0.0;2.0;2.0;21.0;A01
201800007914;1.0;1;0;0.0;2.0;4.0;0.0;B01
201800007915;2.0;7;0;0.0;2.0;1.0;1.0;A01
201800007915;1.0;7;0;0.0;2.0;7.0;13.0;B01
201800007916;2.0;7;0;0.0;1.0;1.0;0.0;A01
201800007917;1.0;7;0;0.0;1.0;3.0;13.0;A01
201800007918;0.0;7;0;0.0;2.0;1.0;15.0;A01
201800007918;0.0;33;0;0.0;2.0;1.0;1.0;B01
201800007919;1.0;30;0;0.0;2.0;8.0;19.0;A01
201800007919;2.0;7;0;0.0;2.0;1.0;1.0;B01
201800007919;1.0;7;0;0.0;2.0;1.0;1.0;C01
201800007920;0.0;10;0;0.0;1.0;1.0;0.0;A01
201800007921;2.0;33;0;0.0;0.0;8.0;1.0;A01
201800007921;1.0;7;0;0.0;0.0;3.0;15.0;B01
201800007922;1.0;10;0;8.0;0.0;1.0;16.0;A01
201800007923;2.0;7;0;0.0;1.0;1.0;12.0;A01
201800007924;0.0;31;0;14.0;0.0;0.0;19.0;A01
201800007925;2.0;10;0;0.0;2.0;1.0;13.0;A01
201800007925;1.0;7;0;0.0;2.0;1.0;2.0;B01
201800007925;1.0;7;0;0.0;2.0;1.0;2.0;C01
201800007925;1.0;7;0;0.0;2.0;1.0;2.0;D01
201800007926;2.0;10;0;0.0;2.0;3.0;13.0;A01
201800007926;1.0;33;0;4.0;2.0;1.0;1.0;B01
201800007927;0.0;33;0;14.0;0.0;2.0;6.0;A01
201800007928;0.0;7;0;0.0;1.0;1.0;1.0;A01
201800007929;1.0;7;0;8.0;2.0;2.0;15.0;A01
201800007929;0.0;7;0;0.0;2.0;2.0;1.0;B01
201800007930;0.0;7;0;0.0;1.0;2.0;1.0;A01
201800007931;1.0;7;0;13.0;6.0;3.0;17.0;A01
201800007931;1.0;1;0;0.0;2.0;1.0;2.0;B01
201800007932;1.0;30;0;15.0;0.0;1.0;1.0;A01
201800007933;0.0;7;0;0.0;2.0;4.0;2.0;B01
201800007933;0.0;7;0;0.0;2.0;1.0;2.0;A01
201800007934;1.0;7;0;0.0;2.0;3.0;13.0;A01
201800007934;2.0;14;0;0.0;2.0;3.0;1.0;B01
201800007935;1.0;13;0;7.0;0.0;1.0;1.0;A01
201800007936;0.0;7;0;0.0;2.0;8.0;15.0;A01
201800007936;0.0;32;0;0.0;2.0;1.0;1.0;B01
201800007937;0.0;7;0;0.0;6.0;7.0;12.0;A01
201800007937;0.0;1;0;0.0;2.0;6.0;1.0;B01
201800007938;0.0;7;0;0.0;1.0;4.0;4.0;A01
201800007939;0.0;7;0;0.0;1.0;2.0;2.0;A01
201800007940;1.0;2;0;0.0;1.0;1.0;17.0;A01
201800007941;1.0;2;0;0.0;2.0;1.0;2.0;A01
201800007942;1.0;7;0;0.0;2.0;1.0;2.0;A01
201800007942;1.0;7;0;0.0;2.0;4.0;1.0;B01
201800007943;1.0;32;0;0.0;0.0;0.0;0.0;A01
201800007944;2.0;2;0;0.0;2.0;2.0;12.0;A01
201800007944;1.0;7;0;0.0;2.0;8.0;1.0;B01
201800007945;0.0;7;0;0.0;1.0;1.0;11.0;A01
201800007946;0.0;7;0;0.0;1.0;1.0;1.0;A01
201800007947;1.0;7;0;0.0;1.0;4.0;20.0;A01
201800007948;1.0;7;0;0.0;1.0;2.0;9.0;A01
201800007949;1.0;7;0;0.0;0.0;9.0;13.0;A01
201800007950;1.0;7;0;2.0;0.0;1.0;14.0;A01
201800007951;0.0;33;0;0.0;6.0;1.0;13.0;A01
201800007951;0.0;1;0;0.0;2.0;1.0;1.0;B01
201800007952;2.0;7;0;0.0;2.0;1.0;1.0;A01
201800007952;2.0;7;0;0.0;2.0;4.0;23.0;B01
201800007953;2.0;7;0;0.0;1.0;3.0;13.0;A01
201800007954;1.0;7;0;9.0;2.0;6.0;20.0;B01
201800007954;1.0;7;0;0.0;2.0;2.0;2.0;A01
201800007955;0.0;7;0;0.0;2.0;1.0;1.0;A01
201800007955;0.0;7;0;0.0;2.0;4.0;1.0;B01
201800007956;0.0;7;0;0.0;2.0;1.0;1.0;A01
201800007956;0.0;7;0;0.0;2.0;4.0;2.0;B01
201800007957;2.0;2;0;0.0;2.0;4.0;12.0;B01
201800007957;1.0;7;0;0.0;2.0;1.0;9.0;A01
201800007958;1.0;7;0;2.0;0.0;1.0;14.0;A01
201800007959;2.0;10;0;0.0;1.0;1.0;2.0;A01
201800007960;1.0;7;0;8.0;0.0;1.0;13.0;A01
201800007961;1.0;10;0;0.0;2.0;2.0;2.0;A01
201800007961;1.0;7;0;0.0;2.0;4.0;23.0;B01
201800007962;0.0;7;0;0.0;1.0;1.0;15.0;A01
201800007963;1.0;7;0;0.0;2.0;1.0;2.0;A01
201800007963;1.0;7;0;0.0;2.0;4.0;0.0;B01
201800007964;2.0;7;0;0.0;1.0;3.0;2.0;A01
201800007965;0.0;7;0;0.0;1.0;1.0;1.0;A01
201800007966;1.0;7;0;0.0;2.0;1.0;1.0;A01
201800007966;1.0;7;0;0.0;2.0;4.0;0.0;B01
201800007967;0.0;7;0;0.0;1.0;1.0;16.0;A01