Num_Acc;senc;catv;occutc;obs;obsm;choc;manv;num_veh
201800008473;1.0;7;0;0.0;2.0;0.0;0.0;Z01
201800008473;2.0;30;0;0.0;0.0;1.0;1.0;B01
201800008474;1.0;7;0;0.0;2.0;3.0;1.0;A01
201800008474;2.0;33;0;0.0;2.0;5.0;1.0;B01
201800008475;2.0;7;0;0.0;2.0;1.0;2.0;A01
201800008475;2.0;7;0;0.0;2.0;5.0;23.0;B01
201800008476;1.0;33;0;0.0;2.0;2.0;2.0;A01
201800008476;1.0;7;0;0.0;2.0;6.0;2.0;B01
201800008477;1.0;7;0;0.0;2.0;4.0;0.0;B01
201800008477;1.0;7;0;0.0;2.0;1.0;2.0;A01
201800008478;1.0;7;0;0.0;2.0;2.0;2.0;B01
201800008478;1.0;7;0;0.0;2.0;9.0;2.0;A01
201800008479;2.0;10;0;0.0;1.0;5.0;4.0;A01
201800008480;2.0;7;0;6.0;0.0;1.0;21.0;A01
201800008481;1.0;7;0;0.0;9.0;1.0;15.0;A01
201800008481;1.0;33;0;0.0;2.0;3.0;1.0;B01
201800008482;1.0;7;0;0.0;2.0;2.0;15.0;A01
201800008482;2.0;30;0;0.0;2.0;1.0;1.0;B01
201800008483;2.0;7;0;0.0;1.0;3.0;1.0;Z01
201800008484;2.0;14;0;0.0;2.0;2.0;1.0;A01
201800008484;2.0;33;0;0.0;2.0;4.0;1.0;B01
201800008485;1.0;31;0;0.0;2.0;4.0;1.0;B01
201800008485;1.0;7;0;0.0;2.0;1.0;1.0;A01
201800008486;2.0;31;0;0.0;2.0;2.0;2.0;A01
201800008486;2.0;30;0;0.0;2.0;3.0;2.0;B01
201800008487;1.0;7;0;0.0;2.0;3.0;1.0;B01
201800008487;1.0;30;0;0.0;2.0;1.0;1.0;A01
201800008488;2.0;7;0;0.0;1.0;1.0;2.0;A01
201800008489;2.0;7;0;0.0;2.0;8.0;15.0;B01
201800008489;1.0;7;0;0.0;2.0;0.0;1.0;A01
201800008490;1.0;7;0;0.0;1.0;1.0;1.0;A01
201800008491;1.0;30;0;0.0;2.0;1.0;1.0;B01
201800008491;2.0;7;0;0.0;2.0;1.0;5.0;A01
201800008492;1.0;7;0;1.0;0.0;2.0;2.0;A01
201800008492;1.0;7;0;0.0;2.0;6.0;24.0;B01
201800008493;2.0;7;0;0.0;2.0;2.0;1.0;B01
201800008493;1.0;10;0;0.0;2.0;1.0;1.0;A01
201800008494;2.0;7;0;0.0;2.0;1.0;2.0;A01
201800008494;1.0;7;0;0.0;2.0;2.0;2.0;B01
201800008495;2.0;31;0;0.0;2.0;1.0;1.0;B01
201800008495;1.0;7;0;0.0;2.0;2.0;15.0;A01
201800008496;1.0;7;0;0.0;2.0;0.0;0.0;A01
201800008496;1.0;7;0;0.0;2.0;0.0;0.0;B01
201800008497;1.0;7;0;0.0;2.0;3.0;15.0;B01
201800008497;1.0;33;0;0.0;2.0;2.0;2.0;A01
201800008498;1.0;31;0;0.0;2.0;4.0;10.0;Z01
201800008498;1.0;34;0;0.0;2.0;1.0;17.0;A01
201800008499;2.0;7;0;6.0;0.0;3.0;6.0;A01
201800008500;2.0;1;0;0.0;2.0;1.0;2.0;B01
201800008500;2.0;7;0;0.0;2.0;7.0;1.0;A01
201800008501;2.0;30;0;0.0;1.0;0.0;2.0;A01
201800008502;2.0;7;0;0.0;2.0;4.0;2.0;B01
201800008502;2.0;7;0;0.0;2.0;1.0;2.0;A01
201800008503;1.0;7;0;0.0;2.0;3.0;15.0;B01
201800008503;2.0;7;0;0.0;2.0;1.0;21.0;A01
201800008504;1.0;30;0;0.0;1.0;2.0;21.0;A01
201800008505;1.0;7;0;0.0;2.0;4.0;4.0;Z01
201800008505;1.0;7;0;0.0;2.0;1.0;1.0;B01
201800008506;2.0;99;0;0.0;2.0;1.0;19.0;A01
201800008506;2.0;7;0;0.0;2.0;8.0;19.0;B01
201800008507;2.0;2;0;8.0;0.0;1.0;2.0;A01
201800008508;2.0;7;0;12.0;0.0;1.0;16.0;A01
201800008509;2.0;30;0;0.0;2.0;3.0;21.0;B01
201800008509;2.0;7;0;0.0;2.0;8.0;10.0;A01
201800008510;1.0;7;0;0.0;2.0;1.0;15.0;A01
201800008510;1.0;7;0;0.0;2.0;3.0;0.0;B01
201800008511;2.0;34;0;0.0;1.0;1.0;1.0;A01
201800008512;1.0;10;0;0.0;1.0;3.0;8.0;A01
201800008513;2.0;33;0;0.0;2.0;1.0;2.0;B01
201800008513;2.0;7;0;0.0;2.0;3.0;20.0;A01
201800008514;1.0;7;0;0.0;2.0;4.0;2.0;B01
201800008514;1.0;7;0;0.0;2.0;1.0;2.0;A01
201800008515;1.0;7;0;0.0;1.0;1.0;1.0;A01
201800008516;1.0;30;0;0.0;2.0;7.0;1.0;A01
201800008516;1.0;7;0;0.0;2.0;3.0;1.0;B01
201800008517;1.0;7;0;2.0;0.0;1.0;0.0;A01
201800008518;1.0;7;0;0.0;2.0;3.0;15.0;A01
201800008518;1.0;30;0;0.0;2.0;1.0;0.0;B01
201800008519;2.0;7;0;0.0;2.0;3.0;16.0;B01
201800008519;1.0;7;0;0.0;2.0;3.0;1.0;A01
201800008520;1.0;33;0;0.0;1.0;1.0;17.0;A01
201800008521;1.0;7;0;0.0;1.0;8.0;1.0;A01
201800008522;1.0;7;0;0.0;2.0;0.0;13.0;A01
201800008522;1.0;33;0;0.0;2.0;0.0;19.0;B01
201800008523;1.0;7;0;0.0;2.0;5.0;15.0;A01
201800008523;2.0;31;0;0.0;2.0;1.0;1.0;B01
201800008524;1.0;37;0;1.0;0.0;3.0;1.0;A01
201800008524;1.0;7;0;0.0;2.0;2.0;24.0;Z01
201800008525;1.0;7;0;0.0;2.0;1.0;1.0;A01
201800008525;2.0;7;0;0.0;2.0;4.0;2.0;B01
201800008526;1.0;7;0;0.0;1.0;1.0;0.0;A01
201800008527;2.0;30;0;0.0;2.0;7.0;2.0;B01
201800008527;2.0;7;0;0.0;2.0;3.0;2.0;A01
201800008528;1.0;37;0;0.0;1.0;5.0;7.0;A01
201800008529;2.0;7;0;0.0;2.0;4.0;23.0;B01
201800008529;1.0;7;0;0.0;2.0;1.0;2.0;Z01
201800008530;2.0;30;0;0.0;0.0;8.0;1.0;A01
201800008531;1.0;7;0;0.0;2.0;6.0;15.0;B01
201800008531;1.0;31;0;0.0;2.0;1.0;1.0;A01
201800008532;1.0;7;0;8.0;1.0;1.0;11.0;A01
201800008533;1.0;33;0;0.0;2.0;1.0;1.0;B01
201800008533;2.0;30;0;1.0;2.0;3.0;9.0;A01
201800008534;1.0;7;0;0.0;2.0;7.0;1.0;B01
201800008534;1.0;7;0;0.0;1.0;1.0;9.0;Z01
201800008535;1.0;33;0;0.0;2.0;1.0;1.0;B01
201800008535;1.0;7;0;0.0;2.0;3.0;15.0;A01
201800008536;2.0;30;0;0.0;0.0;3.0;9.0;A01
201800008537;1.0;7;0;0.0;2.0;4.0;2.0;B01
201800008537;1.0;33;0;0.0;2.0;1.0;1.0;A01
201800008538;2.0;30;0;14.0;9.0;1.0;1.0;A01
201800008539;1.0;10;0;0.0;1.0;1.0;15.0;A01
201800008540;2.0;7;0;0.0;2.0;2.0;15.0;A01
201800008540;1.0;34;0;0.0;2.0;1.0;1.0;B01
201800008541;2.0;7;0;0.0;1.0;0.0;0.0;A01
201800008542;1.0;7;0;0.0;2.0;2.0;10.0;A01
201800008542;1.0;34;0;0.0;2.0;2.0;1.0;B01
201800008543;2.0;7;0;9.0;0.0;1.0;1.0;A01
201800008544;2.0;7;0;0.0;1.0;8.0;8.0;A01
201800008545;1.0;7;0;1.0;0.0;4.0;9.0;B01
201800008545;1.0;7;0;0.0;1.0;1.0;15.0;A01
201800008546;1.0;13;0;1.0;2.0;1.0;1.0;A01
201800008546;2.0;7;0;13.0;2.0;0.0;1.0;B01
201800008547;1.0;7;0;0.0;2.0;1.0;15.0;A01
201800008547;1.0;7;0;0.0;2.0;6.0;15.0;B01
201800008548;2.0;7;0;0.0;2.0;4.0;1.0;B01
201800008548;2.0;7;0;0.0;2.0;4.0;1.0;C01
201800008548;2.0;7;0;0.0;2.0;1.0;1.0;A01
201800008549;1.0;7;0;0.0;2.0;3.0;15.0;B01
201800008549;1.0;34;0;0.0;2.0;1.0;8.0;A01
201800008550;1.0;7;0;0.0;2.0;1.0;0.0;A01
201800008550;2.0;7;0;0.0;2.0;3.0;19.0;B01
201800008551;1.0;7;0;15.0;0.0;1.0;1.0;A01
201800008552;1.0;7;0;2.0;0.0;1.0;1.0;A01
201800008553;1.0;7;0;0.0;2.0;0.0;15.0;Z01
201800008553;1.0;34;0;0.0;2.0;2.0;1.0;B01
201800008554;1.0;7;0;0.0;2.0;1.0;2.0;Z01
201800008554;1.0;7;0;0.0;2.0;4.0;2.0;A01
201800008555;2.0;7;0;0.0;1.0;1.0;15.0;A01
201800008556;1.0;7;0;0.0;2.0;4.0;2.0;B01
201800008556;1.0;7;0;0.0;2.0;1.0;2.0;Z01
201800008557;1.0;7;0;0.0;2.0;2.0;13.0;A01
201800008557;1.0;7;0;0.0;2.0;3.0;13.0;B01
201800008558;1.0;7;0;0.0;2.0;4.0;16.0;B01
201800008558;1.0;7;0;0.0;2.0;2.0;21.0;A01
201800008559;1.0;37;0;0.0;2.0;6.0;2.0;B01
201800008559;1.0;3;0;0.0;2.0;1.0;2.0;A01
201800008560;1.0;7;0;0.0;2.0;6.0;9.0;B01
201800008560;1.0;34;0;0.0;2.0;7.0;15.0;A01
201800008561;2.0;33;0;1.0;0.0;1.0;21.0;A01
201800008561;1.0;31;0;0.0;0.0;0.0;19.0;B01
201800008562;1.0;7;0;9.0;0.0;1.0;1.0;A01
201800008563;2.0;31;0;0.0;2.0;1.0;1.0;A01
201800008563;2.0;7;0;0.0;2.0;8.0;1.0;B01
201800008564;2.0;34;0;0.0;2.0;7.0;17.0;B01
201800008564;2.0;7;0;0.0;2.0;3.0;15.0;A01
201800008565;2.0;7;0;8.0;0.0;1.0;14.0;A01
201800008566;1.0;7;0;0.0;2.0;5.0;1.0;B01
201800008566;1.0;30;0;0.0;2.0;5.0;1.0;A01
201800008567;1.0;7;0;0.0;1.0;1.0;1.0;A01
201800008568;1.0;34;0;0.0;9.0;1.0;1.0;A01
201800008569;2.0;33;0;0.0;0.0;2.0;1.0;A01
201800008570;1.0;7;0;0.0;2.0;4.0;2.0;A01
201800008570;1.0;10;0;0.0;2.0;1.0;2.0;Z01
201800008571;2.0;7;0;0.0;2.0;4.0;1.0;B01
201800008571;2.0;7;0;0.0;2.0;1.0;1.0;A01
201800008572;2.0;10;0;0.0;2.0;2.0;1.0;A01
201800008572;2.0;7;0;0.0;2.0;6.0;24.0;C01
201800008572;2.0;7;0;0.0;2.0;6.0;20.0;B01
201800008573;1.0;7;0;0.0;2.0;1.0;2.0;A01
201800008573;1.0;7;0;0.0;2.0;4.0;2.0;B01
201800008574;2.0;32;0;0.0;2.0;1.0;1.0;B01
201800008574;1.0;7;0;0.0;2.0;7.0;15.0;A01
201800008575;1.0;7;0;0.0;2.0;1.0;17.0;A01
201800008575;1.0;7;0;0.0;2.0;3.0;15.0;B01
201800008576;1.0;33;0;0.0;2.0;1.0;5.0;A01
201800008576;2.0;7;0;0.0;2.0;3.0;11.0;B01
201800008577;2.0;33;0;0.0;2.0;1.0;1.0;B01
201800008577;1.0;7;0;0.0;2.0;3.0;15.0;A01
201800008578;1.0;7;0;0.0;1.0;0.0;0.0;A01
201800008579;2.0;7;0;0.0;2.0;3.0;2.0;B01
201800008579;1.0;7;0;6.0;2.0;1.0;17.0;A01
201800008580;1.0;7;0;0.0;1.0;7.0;9.0;Z01
201800008581;1.0;7;0;0.0;2.0;1.0;1.0;A01
201800008581;1.0;33;0;0.0;2.0;1.0;1.0;B01
201800008582;1.0;30;0;6.0;0.0;3.0;1.0;A01
201800008583;1.0;33;0;0.0;2.0;1.0;1.0;B01
201800008583;2.0;7;0;0.0;2.0;3.0;15.0;A01
201800008584;2.0;7;0;0.0;2.0;1.0;2.0;A01
201800008584;1.0;7;0;0.0;2.0;4.0;2.0;B01
201800008585;2.0;7;0;0.0;2.0;8.0;15.0;B01
201800008585;2.0;30;0;0.0;2.0;2.0;17.0;A01
201800008586;1.0;7;0;0.0;2.0;1.0;2.0;A01
201800008586;1.0;7;0;0.0;2.0;4.0;2.0;B01
201800008587;1.0;7;0;0.0;2.0;8.0;1.0;B01
201800008587;1.0;7;0;0.0;2.0;1.0;1.0;C01
201800008587;2.0;7;0;0.0;2.0;1.0;15.0;A01
201800008588;1.0;1;0;0.0;0.0;0.0;0.0;B01
201800008588;1.0;30;0;0.0;9.0;0.0;0.0;A01
201800008589;2.0;10;0;0.0;2.0;1.0;2.0;Z01
201800008589;2.0;7;0;0.0;2.0;4.0;23.0;A01
201800008590;1.0;7;0;1.0;0.0;3.0;1.0;A01
201800008591;1.0;7;0;0.0;2.0;2.0;1.0;A01
201800008591;2.0;7;0;0.0;2.0;3.0;1.0;B01
201800008592;2.0;7;0;0.0;1.0;1.0;1.0;A01
201800008593;2.0;7;0;0.0;2.0;3.0;19.0;B01
201800008593;1.0;7;0;0.0;2.0;7.0;2.0;A01
201800008594;2.0;7;0;9.0;0.0;1.0;1.0;A01
201800008595;1.0;7;0;3.0;0.0;2.0;2.0;A01
201800008596;2.0;7;0;14.0;0.0;1.0;1.0;A01
201800008596;2.0;7;0;0.0;2.0;4.0;23.0;B01
201800008597;2.0;7;0;0.0;2.0;3.0;1.0;Z01
201800008597;1.0;7;0;0.0;2.0;2.0;15.0;A01
201800008598;1.0;7;0;0.0;2.0;3.0;21.0;A01
201800008598;1.0;7;0;0.0;2.0;5.0;15.0;B01
201800008599;1.0;40;0;0.0;1.0;7.0;1.0;A01
201800008600;2.0;7;0;0.0;2.0;1.0;2.0;Z01
201800008600;2.0;7;0;0.0;2.0;4.0;23.0;B01
201800008601;2.0;7;0;0.0;2.0;4.0;15.0;B01
201800008601;2.0;7;0;0.0;2.0;8.0;24.0;C01
201800008601;2.0;33;0;0.0;2.0;1.0;1.0;A01
201800008602;1.0;7;0;0.0;2.0;0.0;15.0;Z01
201800008602;1.0;1;0;0.0;2.0;8.0;1.0;B01
201800008603;1.0;7;0;0.0;2.0;1.0;15.0;A01
201800008603;2.0;1;0;0.0;2.0;1.0;0.0;B01
201800008604;1.0;7;0;0.0;1.0;1.0;21.0;A01
201800008605;1.0;7;0;0.0;2.0;3.0;15.0;A01
201800008605;2.0;33;0;0.0;2.0;1.0;1.0;B01
201800008606;1.0;7;0;0.0;2.0;4.0;23.0;B01
201800008606;1.0;7;0;0.0;2.0;1.0;2.0;A01
201800008607;2.0;31;0;0.0;2.0;8.0;1.0;A01
201800008608;1.0;7;0;0.0;2.0;3.0;9.0;A01
201800008608;1.0;2;0;0.0;2.0;1.0;16.0;B01
201800008609;1.0;10;0;0.0;2.0;2.0;1.0;B01
201800008609;1.0;33;0;0.0;2.0;1.0;1.0;A01
201800008610;1.0;7;0;0.0;2.0;2.0;1.0;A01
201800008610;1.0;31;0;0.0;2.0;7.0;16.0;B01
201800008611;2.0;7;0;0.0;2.0;4.0;2.0;B01
201800008611;2.0;7;0;0.0;2.0;9.0;2.0;C01
201800008611;2.0;7;0;0.0;2.0;1.0;2.0;A01
201800008612;1.0;7;0;0.0;1.0;1.0;16.0;A01
201800008613;2.0;1;0;1.0;0.0;1.0;2.0;A01
201800008614;1.0;32;0;0.0;2.0;3.0;2.0;A01
201800008614;1.0;7;0;0.0;2.0;7.0;12.0;B01
201800008615;1.0;7;0;0.0;2.0;5.0;16.0;B01
201800008615;1.0;33;0;0.0;2.0;1.0;7.0;A01
201800008616;1.0;1;0;0.0;2.0;7.0;0.0;A01
201800008616;1.0;7;0;0.0;9.0;1.0;1.0;B01
201800008617;2.0;31;0;0.0;2.0;1.0;1.0;B01
201800008617;2.0;7;0;0.0;2.0;3.0;15.0;A01
201800008618;2.0;7;0;0.0;2.0;2.0;2.0;A01
201800008618;2.0;7;0;0.0;2.0;3.0;2.0;B01
201800008619;1.0;10;0;0.0;1.0;2.0;2.0;A01
201800008620;1.0;15;0;3.0;0.0;1.0;11.0;A01
201800008621;1.0;7;0;0.0;1.0;1.0;2.0;Z01
201800008622;1.0;31;0;0.0;2.0;1.0;1.0;A01
201800008622;2.0;7;0;0.0;2.0;3.0;15.0;B01
201800008623;2.0;7;0;0.0;2.0;6.0;1.0;B01
201800008623;2.0;34;0;0.0;2.0;1.0;1.0;A01
201800008624;1.0;7;0;0.0;1.0;1.0;1.0;A01
201800008625;1.0;34;0;0.0;2.0;1.0;1.0;B01
201800008625;1.0;7;0;0.0;2.0;8.0;9.0;A01
201800008626;1.0;7;0;0.0;2.0;1.0;1.0;A01
201800008626;1.0;7;0;0.0;2.0;4.0;23.0;B01
201800008626;1.0;7;0;0.0;2.0;4.0;23.0;C01
201800008627;1.0;7;0;0.0;1.0;1.0;1.0;A01
201800008628;2.0;31;0;0.0;0.0;8.0;1.0;A01
201800008629;1.0;7;0;0.0;2.0;3.0;1.0;B01
201800008629;2.0;7;0;0.0;2.0;5.0;1.0;A01
201800008630;1.0;7;0;0.0;1.0;1.0;0.0;A01
201800008631;1.0;34;0;0.0;2.0;4.0;1.0;A01
201800008631;1.0;7;0;0.0;2.0;1.0;9.0;B01
201800008632;2.0;7;0;0.0;2.0;0.0;0.0;Z01
201800008632;1.0;10;0;8.0;2.0;8.0;1.0;A01
201800008633;1.0;7;0;0.0;2.0;1.0;11.0;A01
201800008633;1.0;7;0;0.0;2.0;4.0;10.0;B01
201800008634;1.0;33;0;7.0;0.0;1.0;1.0;A01
201800008635;1.0;7;0;13.0;0.0;7.0;1.0;A01
201800008636;2.0;7;0;0.0;1.0;2.0;1.0;Z01
201800008637;2.0;31;0;0.0;0.0;0.0;1.0;A01
201800008638;2.0;34;0;0.0;0.0;0.0;1.0;B01
201800008638;1.0;7;0;0.0;0.0;0.0;3.0;Z01
201800008639;1.0;7;0;6.0;0.0;2.0;2.0;A01
201800008640;1.0;33;0;0.0;2.0;2.0;13.0;A01
201800008640;1.0;7;0;0.0;2.0;3.0;19.0;B01
201800008641;2.0;7;0;0.0;2.0;4.0;23.0;B01
201800008641;2.0;7;0;0.0;2.0;1.0;1.0;A01
201800008641;2.0;7;0;0.0;2.0;4.0;23.0;C01
201800008642;1.0;33;0;0.0;2.0;1.0;2.0;Z01
201800008642;1.0;7;0;0.0;2.0;4.0;15.0;A01
201800008643;2.0;37;0;0.0;1.0;2.0;21.0;A01
201800008644;1.0;2;0;0.0;2.0;1.0;5.0;A01
201800008644;2.0;7;0;0.0;2.0;2.0;1.0;B01
201800008645;1.0;99;0;1.0;0.0;0.0;17.0;A01
201800008645;1.0;37;0;1.0;0.0;3.0;24.0;B01
201800008646;1.0;33;0;0.0;2.0;8.0;18.0;A01
201800008646;1.0;15;0;0.0;2.0;7.0;16.0;B01
201800008647;1.0;7;0;0.0;1.0;4.0;4.0;A01
201800008648;2.0;30;0;0.0;2.0;2.0;7.0;A01
201800008648;2.0;7;0;0.0;2.0;3.0;2.0;B01
201800008649;1.0;7;0;0.0;2.0;7.0;19.0;B01
201800008649;1.0;7;0;0.0;2.0;1.0;19.0;A01
201800008650;2.0;7;0;0.0;2.0;1.0;15.0;B01
201800008650;2.0;31;0;0.0;2.0;1.0;2.0;A01
201800008651;2.0;7;0;0.0;1.0;4.0;4.0;A01
201800008652;1.0;7;0;0.0;0.0;9.0;15.0;A01
201800008653;1.0;30;0;0.0;2.0;1.0;2.0;A01
201800008653;1.0;7;0;0.0;2.0;6.0;2.0;B01
201800008654;2.0;7;0;0.0;2.0;6.0;15.0;B01
201800008654;2.0;7;0;0.0;2.0;1.0;1.0;A01
201800008655;2.0;7;0;8.0;0.0;1.0;0.0;A01
201800008656;1.0;33;0;0.0;1.0;1.0;1.0;A01
201800008657;2.0;33;0;0.0;2.0;1.0;1.0;B01
201800008657;2.0;7;0;0.0;2.0;6.0;15.0;A01
201800008658;1.0;10;0;0.0;1.0;2.0;21.0;A01
201800008659;1.0;7;0;0.0;1.0;2.0;15.0;A01
201800008660;2.0;7;0;0.0;2.0;7.0;15.0;A01
201800008660;1.0;7;0;0.0;2.0;2.0;1.0;B01
201800008661;2.0;7;0;0.0;2.0;7.0;9.0;A01
201800008661;1.0;7;0;0.0;2.0;1.0;9.0;B01
201800008661;1.0;7;0;0.0;2.0;9.0;9.0;C01
201800008662;2.0;34;0;0.0;2.0;7.0;17.0;A01
201800008662;2.0;7;0;0.0;2.0;3.0;15.0;B01
201800008663;1.0;7;0;0.0;1.0;3.0;9.0;A01
201800008663;1.0;14;0;1.0;2.0;2.0;23.0;B01
201800008664;1.0;31;0;0.0;2.0;1.0;19.0;A01
201800008664;1.0;7;0;1.0;0.0;8.0;20.0;Z01
201800008665;1.0;7;0;0.0;2.0;8.0;13.0;A01
201800008665;1.0;7;0;0.0;2.0;1.0;23.0;B01
201800008666;1.0;1;0;0.0;2.0;8.0;15.0;A01
201800008666;2.0;32;0;0.0;2.0;1.0;1.0;B01
201800008667;1.0;7;0;0.0;2.0;0.0;16.0;A01
201800008667;1.0;33;0;0.0;2.0;0.0;1.0;B01
201800008668;1.0;7;0;0.0;2.0;7.0;2.0;Z01
201800008668;1.0;30;0;0.0;2.0;8.0;1.0;B01
201800008669;1.0;14;0;6.0;0.0;9.0;1.0;A01
201800008670;1.0;7;0;0.0;1.0;1.0;18.0;A01
201800008671;1.0;7;0;8.0;2.0;2.0;19.0;B01
201800008671;1.0;7;0;0.0;2.0;1.0;23.0;A01
201800008672;1.0;7;0;0.0;9.0;5.0;20.0;B01
201800008672;1.0;31;0;0.0;2.0;1.0;2.0;A01
201800008673;1.0;7;0;8.0;0.0;7.0;15.0;A01
201800008674;1.0;7;0;0.0;1.0;2.0;15.0;A01
201800008675;2.0;7;0;0.0;2.0;4.0;2.0;B01
201800008675;2.0;7;0;0.0;2.0;4.0;1.0;A01
201800008676;2.0;7;0;1.0;0.0;2.0;2.0;A01
201800008677;1.0;7;0;0.0;2.0;1.0;9.0;A01
201800008677;1.0;33;0;0.0;2.0;4.0;2.0;B01
201800008678;1.0;7;0;0.0;1.0;1.0;2.0;A01
201800008679;1.0;7;0;0.0;1.0;8.0;1.0;A01
201800008680;1.0;7;0;0.0;1.0;6.0;1.0;A01
201800008681;1.0;31;0;0.0;2.0;1.0;1.0;A01
201800008681;1.0;7;0;0.0;2.0;4.0;1.0;B01
201800008682;1.0;37;0;0.0;1.0;2.0;16.0;A01
201800008683;1.0;31;0;0.0;2.0;4.0;9.0;B01
201800008683;1.0;99;0;0.0;2.0;0.0;0.0;Z01
201800008684;1.0;7;0;0.0;2.0;1.0;9.0;A01
201800008684;1.0;7;0;0.0;1.0;6.0;2.0;B01
201800008685;2.0;3;0;0.0;2.0;2.0;1.0;A01
201800008685;2.0;99;0;0.0;2.0;0.0;0.0;R01
201800008686;2.0;34;0;0.0;2.0;1.0;16.0;B01
201800008686;1.0;7;0;0.0;2.0;3.0;15.0;A01
201800008687;2.0;7;0;0.0;2.0;4.0;1.0;B01
201800008687;2.0;33;0;0.0;2.0;1.0;1.0;A01
201800008688;1.0;7;0;0.0;2.0;1.0;1.0;B01
201800008688;1.0;31;0;0.0;2.0;4.0;19.0;A01
201800008689;2.0;7;0;0.0;2.0;3.0;20.0;A01
201800008689;1.0;31;0;0.0;2.0;8.0;1.0;B01
201800008690;2.0;34;0;0.0;2.0;8.0;0.0;B01
201800008690;1.0;7;0;0.0;2.0;2.0;19.0;A01
201800008691;1.0;7;0;8.0;0.0;2.0;1.0;A01
201800008692;1.0;7;0;0.0;2.0;8.0;13.0;A01
201800008692;1.0;7;0;0.0;2.0;3.0;1.0;B01
201800008693;2.0;7;0;0.0;2.0;2.0;1.0;A01
201800008693;1.0;2;0;0.0;2.0;1.0;1.0;B01
201800008694;1.0;7;0;0.0;2.0;2.0;2.0;A01
201800008694;2.0;7;0;0.0;2.0;3.0;19.0;B01
201800008695;1.0;30;0;0.0;2.0;4.0;0.0;B01
201800008695;1.0;30;0;0.0;2.0;1.0;1.0;A01
201800008696;1.0;7;0;0.0;1.0;2.0;1.0;Z01
201800008697;2.0;33;0;0.0;2.0;8.0;1.0;A01
201800008697;2.0;7;0;0.0;2.0;1.0;16.0;B01
201800008698;1.0;7;0;8.0;2.0;3.0;1.0;B01
201800008698;1.0;7;0;0.0;2.0;3.0;9.0;A01
201800008699;2.0;7;0;0.0;2.0;4.0;1.0;B01
201800008699;1.0;3;0;0.0;2.0;1.0;2.0;A01
201800008700;1.0;34;0;0.0;2.0;1.0;17.0;B01
201800008700;1.0;7;0;0.0;2.0;8.0;15.0;A01
201800008701;2.0;7;0;0.0;2.0;3.0;1.0;B01
201800008701;2.0;30;0;0.0;2.0;1.0;1.0;A01
201800008702;2.0;33;0;0.0;2.0;1.0;0.0;B01
201800008702;2.0;7;0;0.0;2.0;2.0;10.0;A01
201800008703;1.0;7;0;0.0;2.0;1.0;1.0;A01
201800008703;2.0;7;0;0.0;2.0;4.0;2.0;C01
201800008703;2.0;7;0;0.0;2.0;4.0;2.0;B01
201800008704;1.0;33;0;0.0;2.0;8.0;1.0;B01
201800008704;1.0;7;0;0.0;2.0;1.0;1.0;A01
201800008705;1.0;33;0;0.0;0.0;2.0;0.0;A01
201800008706;1.0;7;0;0.0;1.0;1.0;1.0;Z01
201800008707;1.0;3;0;0.0;2.0;1.0;1.0;B01
201800008707;2.0;7;0;0.0;2.0;2.0;9.0;A01
201800008708;1.0;7;0;0.0;2.0;7.0;1.0;A01
201800008708;1.0;7;0;0.0;2.0;1.0;18.0;Z01
201800008708;1.0;7;0;0.0;2.0;6.0;1.0;B01
201800008709;1.0;7;0;0.0;2.0;8.0;15.0;A01
201800008709;1.0;7;0;0.0;2.0;1.0;1.0;B01
201800008710;1.0;7;0;0.0;2.0;3.0;2.0;B01
201800008710;2.0;37;0;0.0;2.0;3.0;17.0;A01
201800008711;2.0;7;0;0.0;2.0;1.0;5.0;A01
201800008711;1.0;33;0;0.0;2.0;1.0;1.0;B01
201800008712;1.0;7;0;0.0;2.0;1.0;15.0;A01
201800008712;1.0;33;0;0.0;2.0;1.0;1.0;B01
201800008713;1.0;7;0;0.0;2.0;2.0;10.0;A01
201800008713;1.0;7;0;0.0;2.0;1.0;8.0;B01
201800008714;1.0;7;0;0.0;2.0;3.0;15.0;B01
201800008714;1.0;31;0;0.0;2.0;7.0;0.0;A01
201800008715;2.0;33;0;0.0;0.0;0.0;21.0;A01
201800008715;1.0;7;0;0.0;0.0;0.0;10.0;B01
201800008716;1.0;10;0;0.0;2.0;1.0;2.0;A01
201800008716;1.0;7;0;0.0;2.0;4.0;2.0;B01
201800008717;2.0;10;0;0.0;2.0;3.0;22.0;A01
201800008717;2.0;33;0;0.0;2.0;1.0;17.0;B01
201800008718;1.0;7;0;0.0;2.0;7.0;15.0;B01
201800008718;2.0;31;0;0.0;2.0;1.0;8.0;A01
201800008719;1.0;34;0;0.0;2.0;1.0;11.0;B01
201800008719;1.0;7;0;0.0;2.0;3.0;9.0;A01
201800008720;1.0;7;0;0.0;2.0;2.0;15.0;A01
201800008720;2.0;30;0;0.0;2.0;1.0;1.0;B01
201800008721;1.0;7;0;0.0;2.0;1.0;1.0;Z01
201800008721;1.0;33;0;0.0;2.0;1.0;0.0;A01
201800008722;1.0;30;0;0.0;2.0;1.0;1.0;A01
201800008722;2.0;7;0;0.0;2.0;3.0;1.0;B01
201800008722;2.0;7;0;0.0;2.0;0.0;15.0;Z01
201800008723;1.0;7;0;0.0;2.0;4.0;1.0;B01
201800008723;2.0;7;0;0.0;2.0;1.0;1.0;A01
201800008724;1.0;7;0;0.0;2.0;1.0;2.0;A01