Num_Acc;senc;catv;occutc;obs;obsm;choc;manv;num_veh
201800008967;1.0;7;0;0.0;2.0;2.0;15.0;Z01
201800008967;0.0;7;0;0.0;2.0;1.0;2.0;B01
201800008968;1.0;13;0;0.0;1.0;1.0;1.0;A01
201800008969;2.0;33;0;0.0;2.0;1.0;1.0;B01
201800008969;1.0;7;0;0.0;2.0;2.0;15.0;A01
201800008970;1.0;7;0;0.0;2.0;6.0;1.0;B01
201800008970;2.0;7;0;0.0;2.0;1.0;13.0;A01
201800008971;0.0;10;0;1.0;1.0;4.0;4.0;A01
201800008972;2.0;7;0;0.0;2.0;8.0;15.0;B01
201800008972;2.0;30;0;0.0;2.0;1.0;17.0;A01
201800008973;0.0;7;0;0.0;2.0;3.0;15.0;A01
201800008973;0.0;2;0;0.0;2.0;1.0;17.0;B01
201800008974;0.0;30;0;0.0;1.0;1.0;1.0;Z01
201800008975;1.0;32;0;0.0;1.0;1.0;1.0;A01
201800008976;1.0;7;0;0.0;2.0;2.0;1.0;B01
201800008976;1.0;30;0;0.0;2.0;1.0;16.0;A01
201800008977;2.0;7;0;0.0;2.0;1.0;2.0;A01
201800008977;2.0;2;0;0.0;2.0;4.0;3.0;B01
201800008978;2.0;7;0;0.0;2.0;5.0;23.0;B01
201800008978;2.0;32;0;0.0;2.0;1.0;2.0;A01
201800008979;2.0;7;0;0.0;2.0;2.0;19.0;A01
201800008979;2.0;7;0;0.0;2.0;3.0;1.0;B01
201800008980;0.0;7;0;0.0;2.0;7.0;1.0;B01
201800008980;0.0;7;0;0.0;2.0;3.0;0.0;A01
201800008981;0.0;2;0;0.0;2.0;4.0;2.0;B01
201800008981;2.0;7;0;0.0;2.0;1.0;2.0;A01
201800008982;1.0;1;0;0.0;2.0;1.0;0.0;A01
201800008982;1.0;7;0;0.0;2.0;2.0;16.0;B01
201800008983;1.0;40;3;0.0;2.0;8.0;1.0;B01
201800008983;1.0;7;0;0.0;4.0;1.0;1.0;A01
201800008984;1.0;30;0;0.0;0.0;6.0;1.0;A01
201800008985;1.0;31;0;1.0;2.0;8.0;1.0;B01
201800008985;2.0;7;0;0.0;2.0;1.0;10.0;A01
201800008986;1.0;7;0;0.0;2.0;1.0;13.0;A01
201800008986;2.0;32;0;0.0;2.0;1.0;1.0;B01
201800008987;1.0;32;0;0.0;2.0;1.0;0.0;B01
201800008987;2.0;7;0;0.0;2.0;2.0;15.0;A01
201800008988;1.0;30;0;0.0;2.0;1.0;0.0;A01
201800008988;1.0;7;0;0.0;2.0;6.0;20.0;B01
201800008989;2.0;7;0;0.0;2.0;3.0;1.0;A01
201800008989;2.0;2;0;0.0;2.0;6.0;15.0;B01
201800008990;1.0;31;0;0.0;2.0;7.0;15.0;B01
201800008990;1.0;7;0;0.0;2.0;3.0;15.0;A01
201800008991;1.0;7;0;0.0;2.0;1.0;0.0;A01
201800008991;1.0;7;0;0.0;2.0;4.0;23.0;C01
201800008991;1.0;7;0;0.0;2.0;4.0;23.0;B01
201800008992;1.0;7;0;0.0;2.0;1.0;2.0;A01
201800008992;1.0;7;0;1.0;0.0;4.0;2.0;B01
201800008993;1.0;7;0;0.0;2.0;2.0;0.0;A01
201800008993;1.0;31;0;0.0;2.0;0.0;0.0;B01
201800008994;1.0;10;0;0.0;2.0;6.0;1.0;B01
201800008994;1.0;7;0;0.0;2.0;1.0;2.0;A01
201800008995;2.0;10;0;0.0;2.0;5.0;15.0;A01
201800008995;1.0;33;0;0.0;2.0;7.0;1.0;B01
201800008995;2.0;10;0;0.0;2.0;1.0;1.0;C01
201800008996;1.0;7;0;1.0;2.0;2.0;1.0;A01
201800008996;2.0;7;0;0.0;2.0;3.0;1.0;B01
201800008997;2.0;7;0;0.0;2.0;1.0;1.0;B01
201800008997;1.0;13;0;0.0;2.0;1.0;15.0;A01
201800008998;2.0;34;0;0.0;2.0;7.0;0.0;B01
201800008998;1.0;7;0;1.0;2.0;3.0;17.0;A01
201800008999;0.0;31;0;0.0;1.0;1.0;1.0;B01
201800009000;1.0;31;0;0.0;1.0;1.0;0.0;Z01
201800009001;1.0;7;0;0.0;2.0;1.0;1.0;B01
201800009001;2.0;7;0;0.0;2.0;1.0;5.0;A01
201800009002;2.0;7;0;0.0;2.0;2.0;14.0;A01
201800009002;2.0;7;0;0.0;2.0;3.0;1.0;B01
201800009003;2.0;20;0;0.0;1.0;0.0;0.0;Z01
201800009004;1.0;7;0;0.0;2.0;3.0;15.0;A01
201800009004;1.0;31;0;0.0;2.0;1.0;1.0;B01
201800009005;1.0;32;0;0.0;2.0;7.0;2.0;B01
201800009005;1.0;7;0;0.0;2.0;8.0;15.0;A01
201800009006;1.0;30;0;0.0;2.0;7.0;16.0;A01
201800009006;1.0;30;0;0.0;2.0;1.0;18.0;Z01
201800009007;1.0;7;0;0.0;2.0;6.0;20.0;B01
201800009007;1.0;7;0;0.0;2.0;2.0;2.0;A01
201800009008;0.0;7;0;0.0;2.0;1.0;13.0;A01
201800009008;0.0;7;0;0.0;2.0;1.0;1.0;B01
201800009009;2.0;30;0;0.0;0.0;1.0;1.0;A01
201800009010;2.0;34;0;0.0;2.0;4.0;15.0;B01
201800009010;2.0;34;0;0.0;2.0;7.0;1.0;A01
201800009011;0.0;7;0;0.0;2.0;3.0;15.0;A01
201800009011;2.0;32;0;0.0;2.0;1.0;21.0;B01
201800009012;1.0;7;0;0.0;1.0;3.0;15.0;A01
201800009013;2.0;10;0;0.0;2.0;3.0;9.0;A01
201800009013;1.0;32;0;0.0;2.0;1.0;0.0;B01
201800009014;1.0;10;0;0.0;2.0;3.0;15.0;A01
201800009014;2.0;7;0;0.0;2.0;1.0;1.0;B01
201800009015;2.0;7;0;1.0;1.0;1.0;20.0;A01
201800009016;0.0;7;0;0.0;2.0;8.0;1.0;B01
201800009016;0.0;7;0;0.0;2.0;1.0;1.0;A01
201800009017;1.0;7;0;0.0;1.0;0.0;1.0;A01
201800009018;1.0;7;0;0.0;2.0;1.0;2.0;A01
201800009018;1.0;7;0;14.0;2.0;0.0;2.0;B01
201800009019;1.0;7;0;0.0;1.0;4.0;20.0;A01
201800009020;2.0;7;0;0.0;2.0;1.0;1.0;B01
201800009020;1.0;7;0;0.0;2.0;7.0;15.0;A01
201800009021;0.0;7;0;0.0;2.0;4.0;1.0;D01
201800009021;0.0;7;0;0.0;2.0;4.0;11.0;B01
201800009021;0.0;7;0;0.0;2.0;4.0;1.0;C01
201800009021;0.0;13;0;0.0;2.0;1.0;1.0;A01
201800009022;2.0;32;0;0.0;2.0;1.0;1.0;A01
201800009022;2.0;7;0;0.0;2.0;4.0;1.0;B01
201800009023;0.0;7;0;1.0;0.0;3.0;2.0;A01
201800009023;0.0;7;0;0.0;2.0;5.0;2.0;B01
201800009024;0.0;20;0;0.0;1.0;5.0;1.0;A01
201800009025;0.0;34;0;0.0;0.0;0.0;0.0;A01
201800009026;1.0;33;0;0.0;2.0;1.0;0.0;B01
201800009026;2.0;7;0;0.0;2.0;3.0;15.0;A01
201800009027;1.0;7;0;1.0;0.0;1.0;14.0;A01
201800009028;2.0;7;0;8.0;2.0;2.0;15.0;A01
201800009028;1.0;33;0;0.0;2.0;1.0;10.0;B01
201800009029;1.0;30;0;10.0;0.0;7.0;1.0;B01
201800009029;1.0;7;0;0.0;0.0;0.0;19.0;A01
201800009030;1.0;7;0;0.0;1.0;0.0;1.0;Z01
201800009031;2.0;7;0;0.0;2.0;2.0;20.0;B01
201800009031;2.0;34;0;0.0;2.0;1.0;2.0;A01
201800009032;;7;0;;;;;A01
201800009032;;34;0;;;;;B01
201800009033;0.0;3;0;0.0;2.0;1.0;2.0;A01
201800009033;0.0;7;0;0.0;2.0;4.0;2.0;B01
201800009034;1.0;7;0;0.0;2.0;2.0;1.0;B01
201800009034;2.0;7;0;0.0;2.0;3.0;15.0;A01
201800009035;2.0;7;0;0.0;2.0;3.0;20.0;A01
201800009035;2.0;7;0;0.0;2.0;2.0;1.0;B01
201800009036;0.0;30;0;0.0;0.0;0.0;0.0;A01
201800009037;1.0;7;0;0.0;2.0;4.0;2.0;B01
201800009037;1.0;7;0;0.0;2.0;1.0;2.0;A01
201800009038;2.0;7;0;0.0;1.0;1.0;1.0;A01
201800009039;1.0;7;0;0.0;2.0;1.0;2.0;A01
201800009039;1.0;7;0;0.0;2.0;4.0;2.0;C01
201800009039;1.0;7;0;0.0;2.0;4.0;2.0;B01
201800009040;1.0;10;0;13.0;0.0;1.0;13.0;A01
201800009041;1.0;7;0;0.0;2.0;8.0;15.0;A01
201800009041;1.0;31;0;0.0;2.0;1.0;1.0;B01
201800009042;0.0;7;0;0.0;1.0;0.0;0.0;A01
201800009043;2.0;10;0;0.0;2.0;2.0;2.0;A01
201800009043;2.0;7;0;0.0;2.0;6.0;1.0;B01
201800009044;1.0;34;0;14.0;0.0;0.0;0.0;A01
201800009044;1.0;7;0;0.0;2.0;0.0;0.0;B01
201800009045;1.0;2;0;0.0;2.0;1.0;17.0;B01
201800009045;1.0;7;0;0.0;2.0;7.0;0.0;A01
201800009046;1.0;33;0;0.0;2.0;1.0;1.0;B01
201800009046;2.0;7;0;0.0;2.0;3.0;15.0;A01
201800009047;0.0;2;0;0.0;2.0;3.0;1.0;B01
201800009047;0.0;7;0;0.0;2.0;0.0;14.0;A01
201800009048;1.0;31;0;0.0;0.0;0.0;2.0;A01
201800009049;0.0;33;0;0.0;0.0;0.0;0.0;A01
201800009050;1.0;7;0;0.0;0.0;1.0;21.0;A01
201800009051;0.0;33;0;4.0;0.0;1.0;21.0;A01
201800009052;0.0;33;0;0.0;2.0;1.0;1.0;B01
201800009052;0.0;30;0;0.0;2.0;1.0;11.0;A01
201800009053;1.0;32;0;0.0;2.0;4.0;23.0;B01
201800009053;1.0;3;0;0.0;2.0;1.0;2.0;A01
201800009054;0.0;7;0;0.0;2.0;1.0;1.0;A01
201800009054;0.0;7;0;0.0;2.0;7.0;15.0;B01
201800009055;1.0;7;0;0.0;2.0;2.0;15.0;A01
201800009055;1.0;37;16;0.0;2.0;3.0;1.0;B01
201800009056;1.0;7;0;1.0;1.0;1.0;0.0;Z01
201800009057;0.0;35;0;1.0;2.0;1.0;0.0;A01
201800009058;2.0;10;0;0.0;1.0;0.0;0.0;A01
201800009059;0.0;34;0;0.0;0.0;0.0;0.0;B01
201800009060;1.0;7;0;0.0;2.0;1.0;1.0;B01
201800009060;1.0;30;0;0.0;2.0;7.0;19.0;A01
201800009061;1.0;7;0;0.0;1.0;2.0;15.0;A01
201800009062;2.0;7;0;0.0;2.0;3.0;1.0;B01
201800009062;1.0;7;0;0.0;2.0;3.0;13.0;A01
201800009063;1.0;7;0;8.0;0.0;1.0;19.0;A01
201800009064;0.0;10;0;0.0;2.0;3.0;13.0;Z01
201800009064;1.0;10;0;0.0;2.0;3.0;1.0;A01
201800009065;2.0;32;0;0.0;2.0;2.0;1.0;A01
201800009065;2.0;10;0;0.0;2.0;5.0;1.0;B01
201800009066;2.0;10;0;0.0;2.0;0.0;0.0;Z01
201800009066;1.0;7;0;0.0;0.0;0.0;24.0;B01
201800009067;1.0;7;0;0.0;2.0;0.0;0.0;A01
201800009067;1.0;7;0;0.0;2.0;0.0;0.0;B01
201800009068;2.0;10;0;0.0;2.0;1.0;2.0;Z01
201800009068;2.0;7;0;0.0;2.0;4.0;23.0;B01
201800009069;2.0;7;0;0.0;1.0;1.0;2.0;A01
201800009070;2.0;7;0;0.0;1.0;1.0;1.0;A01
201800009071;1.0;7;0;0.0;2.0;4.0;2.0;Z01
201800009071;1.0;7;0;0.0;2.0;1.0;2.0;A01
201800009072;1.0;10;0;0.0;1.0;1.0;15.0;Z01
201800009073;2.0;7;0;0.0;2.0;3.0;1.0;A01
201800009073;2.0;7;0;0.0;2.0;7.0;16.0;B01
201800009074;1.0;2;0;0.0;2.0;4.0;2.0;B01
201800009074;0.0;99;0;0.0;2.0;1.0;2.0;Z01
201800009075;2.0;30;0;0.0;0.0;0.0;21.0;A01
201800009076;2.0;32;0;0.0;0.0;0.0;21.0;A01
201800009077;0.0;7;0;0.0;2.0;1.0;1.0;B01
201800009077;0.0;7;0;0.0;2.0;1.0;13.0;A01
201800009078;2.0;7;0;0.0;2.0;7.0;15.0;A01
201800009078;1.0;32;0;0.0;2.0;1.0;1.0;B01
201800009079;2.0;33;0;0.0;2.0;0.0;1.0;B01
201800009079;1.0;7;0;0.0;2.0;0.0;0.0;Z01
201800009080;0.0;7;0;0.0;1.0;3.0;0.0;A01
201800009081;1.0;30;0;0.0;2.0;7.0;1.0;A01
201800009081;2.0;99;0;0.0;2.0;1.0;15.0;Z01
201800009082;1.0;10;0;0.0;2.0;3.0;15.0;A01
201800009082;2.0;2;0;0.0;2.0;3.0;0.0;B01
201800009083;1.0;10;0;0.0;2.0;6.0;15.0;C01
201800009083;1.0;7;0;0.0;2.0;1.0;1.0;A01
201800009083;1.0;7;0;0.0;2.0;4.0;15.0;B01
201800009084;0.0;7;0;0.0;1.0;0.0;0.0;A01
201800009085;1.0;7;0;0.0;2.0;4.0;9.0;C01
201800009085;1.0;7;0;0.0;2.0;9.0;2.0;B01
201800009085;1.0;7;0;0.0;2.0;1.0;2.0;A01
201800009086;0.0;7;0;0.0;1.0;2.0;9.0;A01
201800009087;2.0;33;0;1.0;2.0;1.0;2.0;B01
201800009087;1.0;7;0;0.0;2.0;3.0;15.0;A01
201800009088;0.0;7;0;0.0;2.0;1.0;13.0;B01
201800009088;1.0;99;0;0.0;2.0;3.0;0.0;A01
201800009089;2.0;7;0;0.0;0.0;3.0;13.0;A01
201800009090;1.0;10;0;0.0;2.0;2.0;15.0;A01
201800009090;2.0;30;0;0.0;2.0;1.0;1.0;B01
201800009091;0.0;7;0;0.0;2.0;4.0;15.0;B01
201800009091;0.0;14;0;0.0;2.0;1.0;1.0;A01
201800009092;1.0;10;0;0.0;2.0;8.0;15.0;A01
201800009092;1.0;32;0;0.0;2.0;1.0;15.0;B01
201800009093;1.0;7;0;0.0;2.0;5.0;14.0;A01
201800009093;1.0;1;0;0.0;2.0;1.0;1.0;B01
201800009094;2.0;7;0;0.0;2.0;7.0;1.0;B01
201800009094;2.0;10;0;0.0;2.0;2.0;15.0;A01
201800009095;0.0;7;0;0.0;2.0;5.0;2.0;B01
201800009095;0.0;7;0;0.0;2.0;2.0;2.0;A01
201800009096;1.0;1;0;0.0;2.0;4.0;13.0;B01
201800009096;1.0;32;0;0.0;2.0;1.0;1.0;A01
201800009097;0.0;32;0;0.0;1.0;2.0;17.0;A01
201800009098;0.0;30;0;0.0;1.0;0.0;0.0;A01
201800009099;0.0;99;0;0.0;1.0;0.0;0.0;Z01
201800009100;0.0;7;0;0.0;2.0;3.0;2.0;B01
201800009100;0.0;30;0;8.0;1.0;1.0;13.0;A01
201800009101;2.0;7;0;0.0;1.0;1.0;15.0;A01
201800009102;0.0;7;0;0.0;2.0;3.0;23.0;B01
201800009102;0.0;30;0;0.0;2.0;0.0;0.0;A01
201800009103;0.0;2;0;0.0;2.0;1.0;1.0;B01
201800009103;1.0;7;0;0.0;2.0;7.0;15.0;A01
201800009104;0.0;30;0;0.0;1.0;1.0;1.0;A01
201800009105;1.0;7;0;0.0;2.0;8.0;22.0;A01
201800009105;1.0;32;0;1.0;0.0;7.0;1.0;B01
201800009106;2.0;30;0;0.0;2.0;0.0;19.0;A01
201800009106;1.0;7;0;0.0;6.0;0.0;0.0;B01
201800009107;0.0;15;0;0.0;2.0;8.0;1.0;A01
201800009107;0.0;15;0;0.0;2.0;1.0;1.0;B01
201800009107;0.0;15;0;0.0;2.0;7.0;17.0;Z01
201800009108;2.0;7;0;0.0;2.0;7.0;1.0;B01
201800009108;2.0;10;0;0.0;2.0;6.0;4.0;A01
201800009109;1.0;7;0;0.0;2.0;2.0;1.0;A01
201800009109;2.0;7;0;0.0;2.0;1.0;15.0;B01
201800009110;2.0;7;0;0.0;1.0;1.0;1.0;A01
201800009111;0.0;7;0;13.0;0.0;2.0;1.0;A01
201800009112;0.0;10;0;0.0;2.0;7.0;1.0;B01
201800009112;0.0;7;0;0.0;2.0;8.0;9.0;A01
201800009113;2.0;14;0;0.0;1.0;8.0;1.0;A01
201800009113;0.0;7;0;0.0;1.0;1.0;0.0;Z01
201800009114;1.0;33;0;0.0;1.0;0.0;0.0;A01
201800009115;0.0;33;0;0.0;2.0;3.0;1.0;B01
201800009115;0.0;10;0;0.0;2.0;2.0;14.0;A01
201800009116;0.0;7;0;0.0;2.0;3.0;20.0;A01
201800009116;1.0;2;0;1.0;2.0;1.0;1.0;B01
201800009117;1.0;30;0;0.0;1.0;2.0;1.0;A01
201800009118;1.0;7;0;0.0;2.0;4.0;2.0;B01
201800009118;1.0;7;0;0.0;2.0;1.0;2.0;A01
201800009119;0.0;33;0;0.0;2.0;1.0;1.0;B01
201800009119;0.0;7;0;0.0;2.0;3.0;15.0;A01
201800009120;1.0;3;0;0.0;2.0;4.0;1.0;A01
201800009120;1.0;7;0;0.0;2.0;1.0;1.0;B01
201800009121;2.0;3;0;0.0;2.0;6.0;1.0;B01
201800009121;1.0;7;0;0.0;2.0;3.0;13.0;A01
201800009121;2.0;7;0;0.0;2.0;3.0;1.0;C01
201800009122;2.0;7;0;0.0;2.0;4.0;2.0;A01
201800009122;2.0;2;0;0.0;2.0;1.0;2.0;B01
201800009123;2.0;7;0;0.0;1.0;2.0;1.0;A01
201800009124;0.0;32;0;0.0;2.0;1.0;14.0;A01
201800009124;0.0;7;0;0.0;2.0;3.0;9.0;B01
201800009125;0.0;10;0;0.0;2.0;3.0;15.0;A01
201800009125;2.0;34;0;0.0;2.0;1.0;1.0;B01
201800009126;0.0;7;0;0.0;2.0;1.0;2.0;B01
201800009126;0.0;7;0;0.0;2.0;4.0;9.0;A01
201800009127;1.0;2;0;0.0;2.0;2.0;1.0;B01
201800009127;1.0;7;0;0.0;2.0;3.0;1.0;A01
201800009128;2.0;7;0;0.0;1.0;1.0;1.0;A01
201800009129;1.0;7;0;0.0;2.0;1.0;2.0;A01
201800009129;1.0;7;0;0.0;2.0;4.0;1.0;C01
201800009129;1.0;7;0;0.0;2.0;4.0;2.0;B01
201800009130;2.0;7;0;0.0;1.0;1.0;1.0;A01
201800009131;0.0;37;11;0.0;1.0;2.0;1.0;A01
201800009132;0.0;2;0;0.0;1.0;1.0;1.0;A01
201800009133;1.0;7;0;0.0;0.0;0.0;0.0;Z01
201800009133;1.0;7;0;0.0;2.0;2.0;2.0;A01
201800009134;1.0;30;0;0.0;2.0;1.0;0.0;A01
201800009134;1.0;34;0;0.0;2.0;7.0;1.0;B01
201800009135;1.0;30;0;0.0;2.0;1.0;1.0;B01
201800009135;1.0;7;0;0.0;2.0;2.0;22.0;A01
201800009136;2.0;7;0;0.0;2.0;4.0;23.0;B01
201800009136;2.0;10;0;1.0;0.0;1.0;2.0;A01
201800009137;0.0;32;0;0.0;2.0;7.0;21.0;A01
201800009138;2.0;1;0;0.0;2.0;0.0;0.0;B01
201800009138;2.0;7;0;0.0;6.0;0.0;0.0;A01
201800009139;1.0;7;0;0.0;2.0;1.0;2.0;A01
201800009139;1.0;32;0;0.0;2.0;4.0;2.0;B01
201800009140;2.0;10;0;0.0;2.0;4.0;0.0;B01
201800009140;2.0;10;0;0.0;2.0;1.0;2.0;A01
201800009141;1.0;33;0;4.0;0.0;9.0;14.0;A01
201800009142;1.0;10;0;8.0;0.0;1.0;0.0;A01
201800009143;2.0;99;0;0.0;2.0;4.0;1.0;B01
201800009143;2.0;30;0;0.0;2.0;1.0;1.0;A01
201800009144;0.0;7;0;0.0;2.0;3.0;0.0;B01
201800009144;0.0;7;0;0.0;2.0;3.0;0.0;A01
201800009145;1.0;7;0;0.0;2.0;5.0;16.0;A01
201800009145;1.0;7;0;0.0;2.0;1.0;1.0;Z01
201800009146;2.0;7;0;0.0;2.0;1.0;9.0;A01
201800009146;0.0;32;0;0.0;2.0;7.0;1.0;B01
201800009147;0.0;33;0;0.0;1.0;1.0;17.0;Z01
201800009148;0.0;31;0;0.0;0.0;7.0;21.0;A01
201800009149;1.0;34;0;4.0;0.0;1.0;1.0;A01
201800009150;1.0;7;0;0.0;2.0;4.0;2.0;A01
201800009150;1.0;7;0;0.0;2.0;1.0;2.0;Z01
201800009151;0.0;34;0;0.0;2.0;1.0;1.0;B01
201800009151;0.0;10;0;0.0;2.0;6.0;10.0;A01
201800009152;0.0;33;0;0.0;2.0;1.0;1.0;A01
201800009152;0.0;7;0;0.0;2.0;2.0;0.0;B01
201800009153;2.0;32;0;0.0;2.0;1.0;5.0;A01
201800009153;2.0;7;0;0.0;2.0;3.0;2.0;B01
201800009154;1.0;30;0;0.0;1.0;0.0;5.0;Z01
201800009155;2.0;10;0;0.0;2.0;4.0;1.0;B01
201800009155;2.0;10;0;0.0;2.0;1.0;1.0;A01
201800009156;0.0;7;0;0.0;2.0;7.0;1.0;A01
201800009156;2.0;7;0;0.0;2.0;1.0;1.0;B01
201800009157;0.0;32;0;0.0;2.0;0.0;18.0;A01
201800009157;0.0;15;0;0.0;2.0;2.0;1.0;B01
201800009158;0.0;37;1;0.0;2.0;6.0;1.0;B01
201800009158;0.0;7;0;0.0;2.0;1.0;1.0;A01
201800009159;1.0;7;0;0.0;1.0;3.0;1.0;A01
201800009160;1.0;38;1;0.0;2.0;8.0;2.0;B01
201800009160;2.0;7;0;0.0;2.0;1.0;2.0;A01
201800009161;1.0;10;0;0.0;2.0;1.0;2.0;A01
201800009161;2.0;2;0;0.0;2.0;3.0;1.0;B01
201800009162;1.0;10;0;0.0;1.0;1.0;1.0;A01
201800009163;0.0;38;16;0.0;2.0;2.0;16.0;A01
201800009163;0.0;1;0;0.0;2.0;2.0;19.0;B01
201800009164;1.0;7;0;0.0;2.0;3.0;1.0;B01
201800009164;2.0;2;0;0.0;2.0;1.0;5.0;A01
201800009165;0.0;7;0;0.0;1.0;1.0;1.0;A01
201800009166;1.0;7;0;0.0;2.0;0.0;15.0;A01
201800009166;1.0;31;0;0.0;2.0;0.0;1.0;B01
201800009167;1.0;7;0;0.0;2.0;3.0;1.0;B01
201800009167;1.0;7;0;0.0;2.0;1.0;19.0;A01
201800009168;0.0;10;0;0.0;1.0;2.0;19.0;A01
201800009169;0.0;7;0;0.0;2.0;8.0;15.0;B01
201800009169;0.0;33;0;8.0;2.0;1.0;1.0;A01
201800009170;2.0;7;0;0.0;2.0;8.0;20.0;A01
201800009170;2.0;32;0;0.0;2.0;1.0;1.0;B01
201800009171;0.0;7;0;0.0;1.0;7.0;1.0;A01
201800009172;1.0;10;0;6.0;2.0;4.0;1.0;A01
201800009172;0.0;99;0;0.0;2.0;1.0;2.0;Z01
201800009173;0.0;33;0;0.0;0.0;7.0;15.0;A01
201800009174;2.0;7;0;0.0;2.0;1.0;1.0;A01
201800009174;2.0;7;0;0.0;0.0;4.0;0.0;B01
201800009175;1.0;7;0;0.0;2.0;1.0;2.0;A01
201800009175;1.0;7;0;0.0;2.0;4.0;2.0;B01
201800009176;2.0;13;0;6.0;0.0;3.0;15.0;A01
201800009177;0.0;34;0;0.0;2.0;2.0;21.0;B01
201800009177;0.0;7;0;0.0;2.0;3.0;9.0;A01
201800009178;1.0;30;0;1.0;0.0;1.0;1.0;A01
201800009179;2.0;7;0;0.0;2.0;3.0;1.0;A01
201800009179;1.0;33;0;0.0;2.0;8.0;15.0;B01
201800009180;1.0;33;0;0.0;2.0;4.0;16.0;B01
201800009180;1.0;10;0;0.0;2.0;1.0;2.0;A01
201800009181;2.0;7;0;0.0;1.0;7.0;1.0;A01
201800009182;2.0;7;0;0.0;2.0;3.0;15.0;A01
201800009182;2.0;33;0;0.0;2.0;3.0;2.0;B01
201800009183;1.0;7;0;0.0;1.0;2.0;1.0;A01
201800009184;1.0;7;0;0.0;2.0;1.0;2.0;A01
201800009184;1.0;33;0;0.0;2.0;4.0;1.0;B01
201800009185;1.0;30;0;11.0;0.0;1.0;0.0;A01
201800009186;2.0;7;0;0.0;2.0;6.0;10.0;B01
201800009186;2.0;34;0;0.0;2.0;2.0;1.0;A01
201800009187;1.0;7;0;0.0;1.0;1.0;1.0;A01
201800009188;0.0;15;0;0.0;2.0;4.0;2.0;B01
201800009188;2.0;15;0;0.0;2.0;4.0;1.0;A01
201800009189;0.0;7;0;0.0;2.0;6.0;16.0;B01
201800009189;0.0;7;0;0.0;2.0;2.0;2.0;A01
201800009190;2.0;33;0;0.0;0.0;7.0;1.0;A01
201800009191;1.0;7;0;0.0;2.0;4.0;1.0;B01
201800009191;1.0;7;0;0.0;1.0;1.0;1.0;A01
201800009192;0.0;34;0;0.0;2.0;1.0;1.0;B01
201800009192;0.0;7;0;0.0;2.0;3.0;0.0;A01
201800009193;2.0;7;0;0.0;1.0;1.0;1.0;A01
201800009194;1.0;10;0;0.0;1.0;2.0;1.0;A01
201800009195;0.0;7;0;0.0;2.0;3.0;1.0;A01
201800009195;0.0;10;0;0.0;2.0;1.0;1.0;B01
201800009196;0.0;99;0;0.0;2.0;3.0;15.0;A01
201800009196;0.0;99;0;8.0;2.0;3.0;1.0;B01
201800009197;0.0;7;0;4.0;0.0;1.0;2.0;A01
201800009198;1.0;7;0;0.0;2.0;3.0;2.0;A01
201800009198;1.0;7;0;0.0;1.0;4.0;0.0;B01
201800009199;1.0;32;0;0.0;0.0;8.0;1.0;A01
201800009200;1.0;7;0;0.0;1.0;1.0;15.0;A01
201800009201;1.0;7;0;0.0;2.0;8.0;1.0;B01
201800009201;1.0;7;0;0.0;2.0;2.0;10.0;A01
201800009202;1.0;7;0;0.0;2.0;1.0;5.0;A01
201800009202;0.0;7;0;0.0;2.0;1.0;1.0;B01
201800009203;0.0;10;0;0.0;2.0;4.0;2.0;B01
201800009203;0.0;7;0;0.0;2.0;4.0;2.0;C01
201800009203;0.0;7;0;0.0;2.0;1.0;2.0;A01
201800009203;0.0;7;0;0.0;2.0;4.0;2.0;D01
201800009204;1.0;7;0;0.0;2.0;2.0;15.0;A01
201800009204;1.0;1;0;0.0;2.0;6.0;0.0;B01
201800009205;1.0;7;0;0.0;2.0;4.0;23.0;B01
201800009205;1.0;7;0;0.0;2.0;4.0;23.0;C01
201800009205;1.0;7;0;0.0;2.0;1.0;2.0;A01
201800009206;1.0;7;0;0.0;2.0;3.0;1.0;B01
201800009206;1.0;7;0;0.0;2.0;1.0;1.0;A01
201800009207;0.0;7;0;0.0;1.0;3.0;0.0;A01
201800009208;0.0;7;0;0.0;2.0;0.0;0.0;A01
201800009208;0.0;7;0;0.0;2.0;0.0;0.0;B01
201800009208;0.0;7;0;0.0;2.0;1.0;1.0;C01
201800009209;1.0;20;0;0.0;2.0;1.0;2.0;Z01
201800009209;1.0;2;0;0.0;2.0;4.0;2.0;B01
201800009210;1.0;7;0;0.0;2.0;4.0;0.0;B01
201800009210;1.0;7;0;0.0;2.0;4.0;1.0;A01
201800009210;2.0;7;0;0.0;2.0;1.0;0.0;D01
201800009210;1.0;7;0;0.0;2.0;4.0;0.0;C01
201800009211;0.0;7;0;0.0;2.0;2.0;16.0;B01
201800009211;2.0;34;0;0.0;2.0;6.0;1.0;A01
201800009212;0.0;31;0;0.0;2.0;1.0;2.0;B01
201800009213;2.0;7;0;0.0;2.0;3.0;2.0;B01
201800009213;2.0;7;0;0.0;2.0;2.0;20.0;A01
201800009214;1.0;7;0;0.0;1.0;3.0;1.0;A01
201800009215;0.0;7;0;0.0;2.0;3.0;16.0;A01
201800009215;0.0;2;0;0.0;2.0;4.0;0.0;B01
201800009216;1.0;31;0;0.0;2.0;1.0;1.0;A01
201800009216;1.0;7;0;0.0;2.0;0.0;1.0;B01
201800009217;0.0;33;0;0.0;2.0;0.0;0.0;A01
201800009217;0.0;7;0;0.0;2.0;0.0;0.0;B01