Num_Acc;senc;catv;occutc;obs;obsm;choc;manv;num_veh
201800010223;2.0;7;0;0.0;1.0;2.0;1.0;A01
201800010224;1.0;7;0;15.0;1.0;3.0;1.0;A01
201800010225;0.0;7;0;0.0;2.0;8.0;1.0;B01
201800010225;0.0;7;0;0.0;2.0;1.0;15.0;A01
201800010226;1.0;7;0;0.0;2.0;4.0;15.0;B01
201800010226;2.0;7;0;0.0;2.0;1.0;0.0;A01
201800010227;2.0;7;0;0.0;2.0;1.0;2.0;A01
201800010227;2.0;7;0;0.0;2.0;4.0;1.0;B01
201800010228;1.0;33;0;14.0;0.0;1.0;1.0;A01
201800010229;2.0;30;0;0.0;1.0;1.0;1.0;A01
201800010230;0.0;7;0;6.0;0.0;1.0;1.0;A01
201800010231;2.0;2;0;0.0;2.0;1.0;1.0;A01
201800010231;1.0;7;0;0.0;2.0;3.0;1.0;B01
201800010232;1.0;32;0;0.0;2.0;2.0;17.0;B01
201800010232;1.0;7;0;0.0;2.0;3.0;0.0;A01
201800010233;2.0;7;0;0.0;2.0;6.0;15.0;A01
201800010233;2.0;2;0;0.0;2.0;1.0;1.0;B01
201800010234;0.0;7;0;6.0;0.0;1.0;21.0;A01
201800010235;1.0;7;0;1.0;2.0;3.0;20.0;A01
201800010235;1.0;37;1;0.0;2.0;2.0;1.0;B01
201800010236;0.0;7;0;0.0;6.0;1.0;1.0;A01
201800010237;2.0;10;0;0.0;2.0;1.0;1.0;A01
201800010237;2.0;7;0;0.0;2.0;4.0;23.0;B01
201800010238;2.0;7;0;0.0;2.0;4.0;4.0;A01
201800010238;0.0;7;0;0.0;2.0;1.0;15.0;B01
201800010239;2.0;33;0;0.0;2.0;1.0;1.0;B01
201800010239;2.0;7;0;0.0;2.0;2.0;15.0;A01
201800010240;2.0;7;0;0.0;2.0;8.0;22.0;A01
201800010240;2.0;7;0;0.0;2.0;1.0;1.0;B01
201800010241;2.0;7;0;0.0;2.0;1.0;2.0;B01
201800010241;2.0;7;0;0.0;2.0;7.0;14.0;A01
201800010242;2.0;7;0;15.0;2.0;1.0;7.0;B01
201800010242;1.0;7;0;0.0;2.0;3.0;15.0;A01
201800010243;1.0;2;0;0.0;2.0;1.0;1.0;B01
201800010243;1.0;7;0;0.0;2.0;2.0;19.0;A01
201800010244;0.0;32;0;0.0;2.0;0.0;0.0;A01
201800010244;0.0;37;1;0.0;0.0;0.0;0.0;B01
201800010245;1.0;7;0;0.0;2.0;6.0;15.0;A01
201800010245;2.0;33;0;0.0;2.0;1.0;1.0;B01
201800010246;0.0;7;0;0.0;2.0;1.0;15.0;A01
201800010246;0.0;7;0;0.0;2.0;2.0;1.0;B01
201800010247;1.0;7;0;0.0;2.0;4.0;1.0;B01
201800010247;1.0;7;0;0.0;2.0;1.0;2.0;A01
201800010248;2.0;33;0;0.0;0.0;1.0;1.0;A01
201800010249;1.0;7;0;8.0;2.0;6.0;1.0;B01
201800010249;1.0;7;0;0.0;2.0;1.0;15.0;Z01
201800010250;1.0;33;0;0.0;0.0;0.0;14.0;A01
201800010251;0.0;30;0;0.0;2.0;2.0;1.0;A01
201800010251;0.0;7;0;0.0;2.0;1.0;1.0;B01
201800010252;2.0;33;0;0.0;0.0;1.0;17.0;A01
201800010252;2.0;7;0;0.0;0.0;3.0;15.0;B01
201800010253;2.0;7;0;0.0;2.0;4.0;23.0;A01
201800010253;2.0;7;0;0.0;2.0;4.0;0.0;B01
201800010253;2.0;7;0;0.0;2.0;1.0;0.0;Z01
201800010254;0.0;33;0;8.0;0.0;0.0;0.0;B01
201800010254;0.0;7;0;0.0;0.0;0.0;0.0;A01
201800010255;1.0;7;0;0.0;2.0;1.0;21.0;A01
201800010256;1.0;33;0;0.0;0.0;7.0;18.0;B01
201800010256;1.0;7;0;0.0;0.0;6.0;13.0;A01
201800010257;2.0;7;0;0.0;2.0;4.0;2.0;B01
201800010257;2.0;7;0;0.0;2.0;1.0;2.0;A01
201800010258;0.0;7;0;0.0;2.0;1.0;1.0;C01
201800010258;0.0;33;0;0.0;2.0;1.0;5.0;B01
201800010258;0.0;7;0;0.0;2.0;2.0;19.0;A01
201800010259;2.0;1;0;0.0;2.0;1.0;1.0;B01
201800010259;2.0;7;0;0.0;2.0;5.0;16.0;A01
201800010260;0.0;31;0;0.0;0.0;1.0;0.0;A01
201800010261;1.0;31;0;0.0;0.0;8.0;15.0;A01
201800010262;0.0;7;0;0.0;2.0;1.0;0.0;B01
201800010262;2.0;7;0;0.0;2.0;1.0;15.0;A01
201800010263;2.0;34;0;0.0;2.0;1.0;3.0;A01
201800010263;1.0;7;0;0.0;2.0;3.0;2.0;B01
201800010264;2.0;33;0;0.0;2.0;7.0;0.0;B01
201800010264;0.0;7;0;0.0;2.0;8.0;0.0;A01
201800010265;2.0;7;0;0.0;2.0;8.0;1.0;A01
201800010265;1.0;7;0;0.0;2.0;7.0;17.0;B01
201800010266;1.0;7;0;0.0;1.0;2.0;0.0;A01
201800010267;0.0;32;0;0.0;2.0;1.0;2.0;B01
201800010267;0.0;7;0;0.0;2.0;6.0;15.0;A01
201800010268;0.0;7;0;0.0;1.0;8.0;1.0;A01
201800010269;1.0;7;0;0.0;2.0;6.0;10.0;A01
201800010269;1.0;33;0;0.0;2.0;1.0;21.0;B01
201800010270;0.0;37;0;0.0;2.0;3.0;1.0;B01
201800010270;0.0;7;0;0.0;2.0;3.0;16.0;A01
201800010271;0.0;33;0;0.0;2.0;1.0;2.0;B01
201800010271;0.0;7;0;0.0;2.0;4.0;10.0;A01
201800010272;0.0;7;0;0.0;2.0;3.0;13.0;A01
201800010272;0.0;7;0;0.0;2.0;3.0;1.0;B01
201800010273;0.0;7;0;0.0;2.0;2.0;15.0;A01
201800010273;0.0;7;0;0.0;2.0;1.0;1.0;B01
201800010274;0.0;10;0;0.0;2.0;1.0;1.0;B01
201800010274;0.0;7;0;0.0;2.0;1.0;13.0;A01
201800010275;0.0;7;0;4.0;2.0;8.0;10.0;A01
201800010275;0.0;17;0;0.0;2.0;1.0;1.0;B01
201800010276;0.0;14;0;0.0;2.0;3.0;1.0;B01
201800010276;0.0;7;0;0.0;2.0;3.0;13.0;A01
201800010277;1.0;7;0;0.0;2.0;1.0;13.0;A01
201800010277;1.0;7;0;0.0;2.0;1.0;0.0;B01
201800010278;0.0;7;0;2.0;2.0;2.0;1.0;B01
201800010278;0.0;7;0;0.0;2.0;8.0;1.0;C01
201800010278;0.0;7;0;13.0;2.0;3.0;17.0;A01
201800010279;0.0;7;0;0.0;1.0;1.0;1.0;A01
201800010280;0.0;7;0;0.0;2.0;1.0;1.0;B01
201800010280;0.0;7;0;0.0;2.0;1.0;2.0;C01
201800010280;0.0;7;0;11.0;2.0;1.0;13.0;A01
201800010281;0.0;7;0;0.0;2.0;1.0;2.0;B01
201800010281;0.0;7;0;0.0;2.0;4.0;23.0;A01
201800010281;0.0;7;0;0.0;2.0;4.0;2.0;E01
201800010281;0.0;7;0;0.0;2.0;1.0;1.0;D01
201800010281;0.0;7;0;0.0;2.0;1.0;2.0;C01
201800010282;0.0;7;0;0.0;2.0;3.0;9.0;B01
201800010282;0.0;7;0;0.0;2.0;1.0;1.0;A01
201800010283;0.0;7;0;0.0;1.0;1.0;1.0;A01
201800010284;0.0;33;0;0.0;2.0;1.0;17.0;A01
201800010284;0.0;10;0;0.0;2.0;3.0;10.0;B01
201800010285;0.0;10;0;1.0;1.0;1.0;19.0;A01
201800010286;0.0;7;0;0.0;2.0;6.0;19.0;B01
201800010286;0.0;34;0;0.0;2.0;1.0;1.0;A01
201800010287;0.0;34;0;0.0;2.0;1.0;1.0;B01
201800010287;0.0;7;0;0.0;2.0;2.0;10.0;A01
201800010288;0.0;33;0;0.0;2.0;1.0;1.0;B01
201800010288;0.0;7;0;0.0;2.0;1.0;5.0;A01
201800010289;0.0;7;0;0.0;2.0;2.0;1.0;B01
201800010289;0.0;99;0;0.0;2.0;8.0;19.0;A01
201800010290;0.0;7;0;0.0;2.0;6.0;15.0;A01
201800010290;0.0;33;0;0.0;2.0;1.0;1.0;B01
201800010291;0.0;10;0;0.0;2.0;1.0;1.0;A01
201800010291;0.0;7;0;11.0;0.0;4.0;1.0;B01
201800010292;1.0;17;0;0.0;2.0;6.0;1.0;C01
201800010292;1.0;7;0;0.0;2.0;2.0;1.0;B01
201800010292;1.0;7;0;0.0;2.0;3.0;13.0;A01
201800010293;0.0;7;0;0.0;1.0;1.0;0.0;A01
201800010294;1.0;10;0;0.0;2.0;1.0;2.0;A01
201800010294;0.0;17;0;0.0;2.0;4.0;2.0;B01
201800010295;1.0;7;0;0.0;2.0;1.0;5.0;A01
201800010295;1.0;7;0;0.0;2.0;1.0;0.0;B01
201800010296;0.0;7;0;0.0;2.0;4.0;2.0;B01
201800010296;0.0;7;0;0.0;2.0;1.0;2.0;A01
201800010297;2.0;33;0;0.0;2.0;1.0;17.0;A01
201800010297;1.0;7;0;0.0;6.0;1.0;0.0;B01
201800010298;0.0;2;0;0.0;2.0;1.0;1.0;B01
201800010298;0.0;7;0;0.0;2.0;7.0;15.0;A01
201800010299;0.0;7;0;0.0;2.0;2.0;16.0;B01
201800010299;0.0;33;0;0.0;2.0;1.0;18.0;A01
201800010300;0.0;1;0;0.0;2.0;4.0;1.0;B01
201800010300;0.0;7;0;0.0;2.0;1.0;14.0;A01
201800010301;0.0;34;0;0.0;2.0;1.0;17.0;B01
201800010301;0.0;7;0;0.0;2.0;6.0;1.0;C01
201800010301;0.0;10;0;0.0;2.0;1.0;9.0;A01
201800010302;2.0;7;0;3.0;0.0;1.0;13.0;A01
201800010303;0.0;2;0;13.0;0.0;0.0;1.0;A01
201800010304;0.0;7;0;0.0;2.0;2.0;1.0;B01
201800010304;0.0;7;0;8.0;2.0;8.0;11.0;A01
201800010305;0.0;7;0;8.0;2.0;1.0;17.0;A01
201800010305;0.0;7;0;0.0;2.0;3.0;15.0;B01
201800010306;0.0;7;0;1.0;1.0;5.0;0.0;A01
201800010307;0.0;7;0;0.0;1.0;2.0;1.0;A01
201800010308;0.0;7;0;0.0;2.0;1.0;1.0;A01
201800010308;0.0;7;0;0.0;0.0;0.0;0.0;B01
201800010309;0.0;7;0;0.0;2.0;4.0;1.0;B01
201800010309;0.0;17;0;0.0;2.0;1.0;2.0;A01
201800010310;0.0;7;0;0.0;1.0;3.0;1.0;A01
201800010311;0.0;7;0;0.0;2.0;3.0;15.0;B01
201800010311;0.0;33;0;0.0;2.0;1.0;17.0;A01
201800010312;0.0;7;0;0.0;2.0;1.0;1.0;A01
201800010312;0.0;7;0;0.0;2.0;4.0;1.0;B01
201800010313;1.0;7;0;0.0;1.0;3.0;9.0;A01
201800010314;1.0;99;0;0.0;2.0;3.0;13.0;A01
201800010314;1.0;1;0;0.0;2.0;2.0;0.0;B01
201800010315;1.0;7;0;0.0;2.0;7.0;17.0;B01
201800010315;1.0;7;0;0.0;2.0;8.0;13.0;A01
201800010316;0.0;7;0;1.0;0.0;3.0;13.0;A01
201800010317;0.0;7;0;0.0;1.0;3.0;1.0;A01
201800010318;1.0;2;0;0.0;2.0;1.0;1.0;B01
201800010318;1.0;7;0;0.0;2.0;1.0;15.0;A01
201800010319;0.0;7;0;0.0;2.0;1.0;6.0;A01
201800010319;0.0;7;0;0.0;2.0;3.0;1.0;B01
201800010320;1.0;7;0;0.0;1.0;1.0;15.0;A01
201800010321;0.0;7;0;0.0;2.0;6.0;23.0;C01
201800010321;0.0;7;0;0.0;2.0;5.0;23.0;B01
201800010321;0.0;7;0;0.0;2.0;1.0;3.0;A01
201800010321;;7;0;;;;;D01
201800010322;1.0;10;0;0.0;2.0;3.0;1.0;B01
201800010322;1.0;7;0;0.0;2.0;2.0;9.0;A01
201800010323;1.0;17;0;3.0;0.0;2.0;14.0;A01
201800010324;0.0;10;0;0.0;1.0;4.0;4.0;A01
201800010325;0.0;30;0;0.0;2.0;1.0;5.0;A01
201800010325;0.0;7;0;0.0;2.0;2.0;1.0;B01
201800010326;1.0;7;0;2.0;0.0;2.0;14.0;A01
201800010327;1.0;33;0;0.0;2.0;1.0;21.0;B01
201800010327;2.0;7;0;0.0;2.0;3.0;15.0;A01
201800010328;1.0;33;0;0.0;2.0;1.0;1.0;B01
201800010328;2.0;7;0;0.0;2.0;1.0;15.0;A01
201800010329;1.0;7;0;0.0;2.0;0.0;1.0;C01
201800010329;1.0;31;0;0.0;2.0;5.0;17.0;A01
201800010329;1.0;7;0;0.0;2.0;5.0;15.0;B01
201800010330;0.0;7;0;0.0;2.0;3.0;11.0;A01
201800010330;0.0;15;0;0.0;2.0;3.0;0.0;B01
201800010331;0.0;33;0;0.0;2.0;1.0;17.0;B01
201800010331;0.0;7;0;0.0;2.0;3.0;10.0;A01
201800010332;0.0;7;0;0.0;1.0;2.0;1.0;A01
201800010333;0.0;7;0;0.0;2.0;4.0;23.0;C01
201800010333;0.0;7;0;0.0;2.0;4.0;2.0;B01
201800010333;0.0;7;0;0.0;2.0;1.0;0.0;A01
201800010334;0.0;7;0;0.0;2.0;1.0;13.0;A01
201800010334;0.0;7;0;0.0;2.0;5.0;21.0;B01
201800010334;0.0;7;0;0.0;2.0;1.0;1.0;C01
201800010335;0.0;7;0;0.0;1.0;1.0;1.0;A01
201800010336;0.0;33;0;0.0;2.0;4.0;0.0;B01
201800010336;0.0;14;0;0.0;2.0;1.0;9.0;A01
201800010337;0.0;7;0;2.0;0.0;0.0;0.0;A01
201800010338;0.0;7;0;0.0;1.0;1.0;0.0;Z01
201800010339;1.0;7;0;0.0;2.0;1.0;1.0;B01
201800010339;1.0;7;0;0.0;2.0;3.0;15.0;A01
201800010340;0.0;7;0;0.0;0.0;0.0;0.0;B01
201800010340;1.0;7;0;0.0;2.0;1.0;2.0;A01
201800010341;1.0;1;0;1.0;0.0;1.0;0.0;A01
201800010342;1.0;7;0;0.0;2.0;3.0;1.0;C01
201800010342;2.0;7;0;1.0;2.0;2.0;1.0;A01
201800010343;1.0;7;0;16.0;0.0;9.0;1.0;A01
201800010344;0.0;7;0;0.0;0.0;7.0;1.0;A01
201800010345;1.0;7;0;0.0;1.0;2.0;1.0;A01
201800010346;0.0;7;0;13.0;0.0;3.0;1.0;A01
201800010347;0.0;7;0;0.0;2.0;1.0;1.0;C01
201800010347;0.0;7;0;0.0;2.0;1.0;2.0;A01
201800010347;0.0;7;0;0.0;2.0;6.0;0.0;B01
201800010348;0.0;7;0;0.0;1.0;1.0;1.0;A01
201800010349;0.0;7;0;0.0;2.0;3.0;5.0;A01
201800010349;0.0;7;0;0.0;2.0;8.0;1.0;B01
201800010349;0.0;7;0;0.0;2.0;8.0;1.0;C01
201800010350;0.0;7;0;0.0;1.0;2.0;1.0;A01
201800010351;0.0;7;0;0.0;2.0;1.0;1.0;C01
201800010351;0.0;7;0;0.0;2.0;8.0;1.0;B01
201800010351;0.0;7;0;0.0;2.0;1.0;13.0;A01
201800010352;0.0;31;0;0.0;2.0;1.0;1.0;B01
201800010352;0.0;7;0;0.0;2.0;3.0;9.0;A01
201800010353;0.0;7;0;0.0;2.0;2.0;13.0;A01
201800010353;0.0;10;0;0.0;2.0;1.0;1.0;B01
201800010354;0.0;1;0;0.0;2.0;1.0;15.0;A01
201800010354;0.0;3;0;0.0;2.0;1.0;1.0;B01
201800010355;0.0;7;0;0.0;2.0;0.0;0.0;A01
201800010355;0.0;1;0;0.0;2.0;4.0;1.0;B01
201800010356;0.0;7;0;13.0;0.0;3.0;13.0;A01
201800010357;0.0;7;0;0.0;2.0;1.0;1.0;C01
201800010357;0.0;7;0;0.0;2.0;1.0;1.0;B01
201800010357;0.0;7;0;0.0;2.0;1.0;13.0;A01
201800010358;0.0;7;0;0.0;2.0;3.0;13.0;A01
201800010358;0.0;31;0;0.0;2.0;3.0;1.0;B01
201800010359;0.0;7;0;0.0;1.0;1.0;1.0;A01
201800010360;0.0;7;0;0.0;1.0;3.0;1.0;A01
201800010361;1.0;7;0;0.0;1.0;2.0;1.0;A01
201800010362;1.0;7;0;0.0;2.0;2.0;15.0;A01
201800010362;2.0;30;0;0.0;2.0;1.0;1.0;B01
201800010362;1.0;7;0;14.0;0.0;3.0;1.0;C01
201800010363;1.0;7;0;0.0;0.0;4.0;1.0;B01
201800010363;1.0;7;0;0.0;2.0;1.0;1.0;Z01
201800010363;1.0;3;0;0.0;2.0;4.0;1.0;A01
201800010364;1.0;31;0;0.0;2.0;1.0;2.0;B01
201800010364;1.0;7;0;0.0;2.0;4.0;20.0;A01
201800010365;2.0;7;0;14.0;0.0;9.0;1.0;A01
201800010366;1.0;7;0;0.0;2.0;1.0;15.0;A01
201800010366;2.0;30;0;0.0;2.0;1.0;0.0;B01
201800010367;1.0;7;0;0.0;2.0;2.0;15.0;A01
201800010367;1.0;34;0;0.0;2.0;7.0;19.0;B01
201800010368;1.0;31;0;0.0;1.0;8.0;17.0;A01
201800010369;2.0;2;0;0.0;2.0;1.0;19.0;B01
201800010369;1.0;10;0;0.0;2.0;2.0;15.0;A01
201800010370;0.0;7;0;0.0;2.0;5.0;19.0;A01
201800010370;0.0;33;0;0.0;2.0;1.0;19.0;B01
201800010371;1.0;7;0;8.0;0.0;1.0;1.0;A01
201800010372;1.0;7;0;0.0;1.0;3.0;1.0;A01
201800010373;0.0;30;0;0.0;0.0;8.0;14.0;A01
201800010374;2.0;7;0;0.0;2.0;4.0;20.0;Z01
201800010374;1.0;30;0;0.0;2.0;1.0;1.0;A01
201800010375;1.0;7;0;0.0;1.0;3.0;16.0;A01
201800010376;0.0;7;0;0.0;2.0;1.0;9.0;A01
201800010376;0.0;7;0;10.0;2.0;8.0;1.0;B01
201800010377;0.0;7;0;0.0;2.0;3.0;19.0;A01
201800010377;0.0;31;0;0.0;2.0;1.0;17.0;B01
201800010378;0.0;7;0;0.0;2.0;1.0;1.0;A01
201800010378;0.0;7;0;0.0;0.0;8.0;1.0;B01
201800010379;0.0;7;0;0.0;2.0;1.0;2.0;A01
201800010379;0.0;7;0;0.0;2.0;4.0;2.0;B01
201800010379;0.0;7;0;0.0;2.0;4.0;0.0;C01
201800010380;0.0;7;0;0.0;2.0;6.0;23.0;B01
201800010380;0.0;33;0;0.0;2.0;1.0;1.0;A01
201800010381;0.0;10;0;0.0;2.0;3.0;2.0;A01
201800010381;0.0;10;0;0.0;2.0;5.0;2.0;B01
201800010382;0.0;10;0;0.0;2.0;0.0;9.0;Z01
201800010382;2.0;33;0;0.0;2.0;9.0;21.0;A01
201800010383;0.0;7;0;0.0;6.0;7.0;13.0;B01
201800010383;0.0;1;0;0.0;2.0;8.0;13.0;A01
201800010384;0.0;3;0;9.0;0.0;1.0;15.0;A01
201800010385;0.0;7;0;0.0;0.0;0.0;10.0;B01
201800010385;0.0;33;0;0.0;0.0;0.0;17.0;A01
201800010386;0.0;7;0;0.0;2.0;1.0;19.0;A01
201800010386;0.0;7;0;0.0;2.0;8.0;1.0;B01
201800010387;1.0;7;0;0.0;2.0;1.0;1.0;B01
201800010387;1.0;7;0;0.0;2.0;8.0;9.0;A01
201800010388;2.0;7;0;0.0;1.0;3.0;1.0;A01
201800010389;1.0;7;0;0.0;2.0;3.0;13.0;A01
201800010389;2.0;7;0;0.0;2.0;3.0;1.0;B01
201800010390;0.0;7;0;0.0;2.0;1.0;1.0;A01
201800010390;0.0;7;0;0.0;2.0;4.0;1.0;B01
201800010391;0.0;10;0;0.0;2.0;8.0;0.0;B01
201800010391;1.0;7;0;0.0;2.0;1.0;0.0;A01
201800010392;0.0;33;0;0.0;2.0;8.0;18.0;B01
201800010392;0.0;10;0;0.0;2.0;1.0;15.0;A01
201800010393;1.0;10;0;0.0;2.0;6.0;13.0;A01
201800010393;1.0;10;0;0.0;2.0;2.0;2.0;B01
201800010394;2.0;32;0;0.0;2.0;1.0;17.0;A01
201800010394;2.0;7;0;0.0;2.0;6.0;15.0;B01
201800010395;0.0;1;0;0.0;2.0;7.0;19.0;B01
201800010395;0.0;1;0;0.0;2.0;1.0;1.0;A01
201800010396;0.0;7;0;0.0;1.0;1.0;1.0;A01
201800010397;1.0;7;0;0.0;2.0;3.0;1.0;B01
201800010397;1.0;7;0;0.0;2.0;5.0;9.0;A01
201800010398;0.0;7;0;0.0;2.0;1.0;1.0;B01
201800010398;0.0;7;0;0.0;2.0;1.0;13.0;A01
201800010399;0.0;7;0;0.0;2.0;0.0;1.0;B01
201800010399;0.0;30;0;0.0;2.0;1.0;9.0;A01
201800010400;2.0;34;0;0.0;2.0;2.0;13.0;B01
201800010400;1.0;7;0;0.0;2.0;6.0;15.0;A01
201800010401;0.0;31;0;0.0;1.0;1.0;21.0;A01
201800010402;2.0;10;0;9.0;1.0;1.0;0.0;A01
201800010403;0.0;7;0;14.0;0.0;1.0;1.0;A01
201800010404;2.0;33;0;0.0;2.0;1.0;21.0;A01
201800010404;1.0;7;0;0.0;2.0;3.0;1.0;B01
201800010405;0.0;7;0;0.0;2.0;2.0;0.0;B01
201800010405;0.0;7;0;0.0;2.0;3.0;0.0;A01
201800010406;0.0;7;0;0.0;2.0;2.0;19.0;A01
201800010406;0.0;7;0;0.0;2.0;7.0;1.0;B01
201800010407;0.0;30;0;0.0;2.0;1.0;17.0;A01
201800010407;0.0;7;0;0.0;2.0;3.0;15.0;B01
201800010408;0.0;30;0;0.0;2.0;0.0;2.0;B01
201800010408;0.0;7;0;0.0;2.0;1.0;2.0;A01
201800010409;0.0;7;0;0.0;2.0;4.0;23.0;B01
201800010409;0.0;7;0;0.0;2.0;1.0;0.0;A01
201800010409;0.0;7;0;0.0;2.0;4.0;16.0;C01
201800010410;1.0;7;0;0.0;2.0;2.0;9.0;A01
201800010410;1.0;7;0;0.0;2.0;3.0;1.0;B01
201800010411;2.0;7;0;0.0;2.0;6.0;15.0;A01
201800010411;2.0;10;0;0.0;2.0;2.0;1.0;B01
201800010412;1.0;7;0;0.0;2.0;3.0;2.0;A01
201800010412;1.0;7;0;0.0;6.0;4.0;23.0;B01
201800010413;1.0;7;0;1.0;2.0;1.0;13.0;A01
201800010413;1.0;17;0;0.0;2.0;4.0;24.0;B01
201800010414;0.0;7;0;0.0;2.0;7.0;19.0;A01
201800010414;0.0;7;0;0.0;2.0;1.0;1.0;B01
201800010415;1.0;99;0;0.0;1.0;0.0;0.0;A01
201800010416;1.0;3;0;0.0;0.0;0.0;0.0;A01
201800010417;2.0;7;0;0.0;2.0;1.0;13.0;A01
201800010417;1.0;2;0;0.0;2.0;1.0;1.0;B01
201800010418;1.0;33;0;0.0;2.0;1.0;0.0;B01
201800010418;0.0;7;0;0.0;2.0;5.0;9.0;A01
201800010419;0.0;7;0;3.0;0.0;1.0;14.0;A01
201800010420;1.0;7;0;0.0;2.0;2.0;9.0;A01
201800010420;1.0;33;0;0.0;2.0;5.0;1.0;B01
201800010421;1.0;7;0;0.0;2.0;1.0;15.0;B01
201800010421;1.0;32;0;0.0;2.0;1.0;14.0;A01
201800010422;2.0;7;0;0.0;2.0;1.0;5.0;A01
201800010422;2.0;7;0;0.0;2.0;8.0;1.0;C01
201800010422;2.0;7;0;0.0;2.0;1.0;11.0;B01
201800010423;0.0;7;0;0.0;6.0;5.0;1.0;B01
201800010423;1.0;1;0;0.0;2.0;1.0;1.0;A01
201800010424;0.0;7;0;14.0;0.0;1.0;17.0;A01
201800010424;0.0;7;0;0.0;0.0;0.0;0.0;B01
201800010425;0.0;7;0;0.0;2.0;3.0;1.0;B01
201800010425;0.0;7;0;0.0;2.0;3.0;13.0;A01
201800010426;1.0;7;0;0.0;2.0;3.0;15.0;A01
201800010426;2.0;7;0;0.0;2.0;1.0;1.0;B01
201800010427;1.0;7;0;0.0;2.0;1.0;19.0;A01
201800010427;0.0;10;0;0.0;2.0;1.0;1.0;B01
201800010428;2.0;15;0;0.0;6.0;5.0;1.0;B01
201800010428;2.0;15;0;0.0;2.0;3.0;21.0;A01
201800010429;2.0;7;0;14.0;0.0;1.0;1.0;A01
201800010429;2.0;7;0;0.0;2.0;4.0;23.0;B01
201800010430;1.0;33;0;0.0;2.0;7.0;1.0;B01
201800010430;1.0;7;0;0.0;2.0;3.0;9.0;A01
201800010431;0.0;10;0;0.0;1.0;1.0;0.0;A01
201800010432;0.0;7;0;0.0;1.0;1.0;0.0;A01
201800010433;1.0;7;0;0.0;1.0;2.0;1.0;A01
201800010434;2.0;7;0;15.0;2.0;7.0;15.0;A01
201800010434;2.0;7;0;0.0;2.0;1.0;1.0;B01
201800010435;1.0;7;0;2.0;0.0;4.0;0.0;A01
201800010436;0.0;7;0;0.0;1.0;1.0;1.0;A01
201800010437;1.0;10;0;0.0;1.0;1.0;0.0;A01
201800010438;1.0;33;0;0.0;2.0;8.0;9.0;B01
201800010438;1.0;10;0;0.0;2.0;5.0;9.0;A01
201800010439;1.0;7;0;0.0;2.0;3.0;13.0;A01
201800010439;0.0;10;0;0.0;2.0;3.0;1.0;B01
201800010440;1.0;7;0;0.0;2.0;3.0;15.0;A01
201800010440;1.0;7;0;0.0;2.0;2.0;1.0;B01
201800010441;2.0;34;0;0.0;1.0;3.0;1.0;A01
201800010442;2.0;7;0;2.0;9.0;7.0;1.0;A01
201800010443;1.0;7;0;2.0;0.0;2.0;1.0;A01
201800010444;0.0;30;0;0.0;2.0;8.0;17.0;A01
201800010444;0.0;7;0;0.0;2.0;8.0;1.0;B01
201800010445;2.0;7;0;3.0;2.0;2.0;1.0;A01
201800010445;2.0;7;0;3.0;0.0;6.0;1.0;B01
201800010446;1.0;7;0;0.0;1.0;3.0;1.0;A01
201800010447;2.0;10;0;3.0;0.0;2.0;1.0;A01
201800010448;1.0;7;0;0.0;2.0;2.0;17.0;A01
201800010448;1.0;7;0;0.0;2.0;6.0;1.0;B01
201800010449;2.0;7;0;0.0;2.0;2.0;13.0;A01
201800010449;2.0;17;0;0.0;0.0;6.0;1.0;B01
201800010450;2.0;7;0;0.0;2.0;2.0;17.0;A01
201800010450;2.0;17;0;0.0;0.0;6.0;1.0;B01
201800010451;2.0;7;0;4.0;0.0;3.0;1.0;A01
201800010452;1.0;7;0;7.0;0.0;2.0;1.0;A01
201800010453;1.0;7;0;4.0;0.0;3.0;1.0;A01
201800010454;2.0;7;0;2.0;0.0;1.0;16.0;A01
201800010455;2.0;7;0;3.0;0.0;1.0;1.0;A01
201800010456;2.0;38;4;0.0;0.0;5.0;9.0;B01
201800010456;2.0;31;0;0.0;2.0;3.0;9.0;A01
201800010457;2.0;7;0;0.0;0.0;4.0;1.0;B01
201800010457;2.0;10;0;0.0;2.0;1.0;2.0;A01
201800010458;2.0;17;0;1.0;0.0;2.0;1.0;A01
201800010458;2.0;7;0;0.0;0.0;6.0;24.0;B01
201800010459;1.0;7;0;0.0;2.0;1.0;2.0;A01
201800010459;1.0;7;0;0.0;0.0;4.0;2.0;B01
201800010460;2.0;7;0;0.0;2.0;1.0;2.0;D01
201800010460;2.0;7;0;0.0;2.0;4.0;2.0;B01
201800010460;2.0;7;0;0.0;0.0;4.0;2.0;E01
201800010460;2.0;7;0;0.0;2.0;1.0;2.0;C01
201800010460;2.0;7;0;0.0;2.0;1.0;2.0;A01
201800010461;2.0;17;0;0.0;0.0;6.0;1.0;B01
201800010461;2.0;10;0;0.0;2.0;2.0;0.0;A01
201800010462;2.0;7;0;0.0;2.0;4.0;2.0;C01
201800010462;2.0;7;0;0.0;2.0;0.0;2.0;D01
201800010462;2.0;7;0;0.0;2.0;1.0;2.0;B01
201800010462;2.0;7;0;0.0;0.0;4.0;1.0;G01
201800010462;2.0;7;0;0.0;0.0;4.0;2.0;E01
201800010462;2.0;7;0;0.0;2.0;1.0;2.0;F01
201800010462;2.0;7;0;0.0;2.0;1.0;2.0;A01
201800010463;2.0;7;0;0.0;0.0;1.0;2.0;A01