Num_Acc;senc;catv;occutc;obs;obsm;choc;manv;num_veh
201800010464;1.0;7;0;0.0;2.0;1.0;13.0;A01
201800010464;2.0;7;0;0.0;2.0;1.0;1.0;B01
201800010465;2.0;33;0;0.0;0.0;9.0;2.0;A01
201800010466;1.0;31;0;0.0;2.0;7.0;1.0;B01
201800010466;2.0;10;0;0.0;2.0;2.0;15.0;A01
201800010467;1.0;7;0;0.0;0.0;2.0;15.0;A01
201800010467;2.0;33;0;0.0;2.0;1.0;1.0;B01
201800010468;1.0;33;0;12.0;0.0;1.0;1.0;A01
201800010469;2.0;7;0;13.0;0.0;2.0;1.0;A01
201800010470;1.0;10;0;3.0;0.0;2.0;1.0;A01
201800010471;2.0;10;0;3.0;0.0;8.0;1.0;A01
201800010472;1.0;38;17;2.0;0.0;7.0;1.0;A01
201800010473;2.0;17;0;0.0;2.0;4.0;1.0;B01
201800010473;2.0;17;0;0.0;2.0;1.0;17.0;A01
201800010474;2.0;7;0;6.0;0.0;1.0;14.0;A01
201800010475;2.0;7;0;3.0;0.0;2.0;0.0;A01
201800010476;1.0;7;0;11.0;0.0;2.0;14.0;A01
201800010477;1.0;7;0;13.0;0.0;3.0;1.0;A01
201800010478;1.0;33;0;0.0;0.0;1.0;14.0;A01
201800010479;1.0;7;0;0.0;2.0;2.0;17.0;A01
201800010479;1.0;15;0;0.0;0.0;6.0;1.0;B01
201800010480;2.0;7;0;4.0;0.0;1.0;1.0;A01
201800010481;0.0;2;0;9.0;0.0;8.0;1.0;A01
201800010482;2.0;10;0;0.0;2.0;7.0;1.0;A01
201800010482;1.0;32;0;0.0;2.0;1.0;19.0;B01
201800010483;2.0;1;0;0.0;2.0;4.0;2.0;B01
201800010483;2.0;7;0;0.0;2.0;2.0;1.0;A01
201800010484;1.0;34;0;8.0;2.0;1.0;17.0;B01
201800010484;1.0;7;0;8.0;0.0;6.0;15.0;A01
201800010485;1.0;7;0;13.0;0.0;9.0;1.0;A01
201800010486;2.0;7;0;0.0;0.0;2.0;1.0;A01
201800010487;1.0;7;0;0.0;0.0;0.0;1.0;A01
201800010488;2.0;7;0;4.0;0.0;2.0;15.0;A01
201800010489;2.0;10;0;1.0;0.0;2.0;1.0;B01
201800010489;2.0;10;0;1.0;0.0;2.0;1.0;C01
201800010489;2.0;10;0;4.0;0.0;3.0;1.0;A01
201800010490;2.0;17;0;14.0;0.0;1.0;1.0;A01
201800010490;2.0;7;0;0.0;2.0;5.0;0.0;B01
201800010490;1.0;7;0;0.0;2.0;1.0;1.0;C01
201800010491;1.0;7;0;13.0;0.0;2.0;14.0;A01
201800010492;1.0;17;0;3.0;0.0;8.0;9.0;A01
201800010493;1.0;7;0;13.0;0.0;1.0;14.0;A01
201800010494;1.0;17;0;0.0;2.0;4.0;2.0;B01
201800010494;1.0;17;0;0.0;2.0;1.0;2.0;A01
201800010494;1.0;17;0;0.0;2.0;4.0;2.0;C01
201800010495;2.0;17;0;0.0;2.0;3.0;1.0;B01
201800010495;1.0;13;0;0.0;2.0;8.0;13.0;A01
201800010496;2.0;17;0;0.0;0.0;0.0;13.0;A01
201800010496;2.0;7;0;0.0;0.0;2.0;14.0;B01
201800010497;2.0;7;0;14.0;0.0;2.0;2.0;C01
201800010497;2.0;7;0;0.0;2.0;2.0;2.0;A01
201800010497;2.0;7;0;0.0;0.0;4.0;2.0;B01
201800010498;1.0;13;0;0.0;2.0;1.0;1.0;B01
201800010498;2.0;7;0;0.0;2.0;1.0;13.0;A01
201800010499;0.0;7;0;0.0;2.0;3.0;1.0;B01
201800010499;0.0;36;0;0.0;2.0;8.0;19.0;A01
201800010500;1.0;7;0;2.0;0.0;1.0;0.0;A01
201800010501;2.0;15;0;0.0;2.0;3.0;13.0;A01
201800010501;1.0;7;0;0.0;2.0;3.0;1.0;B01
201800010501;1.0;7;0;0.0;2.0;1.0;21.0;C01
201800010502;1.0;7;0;0.0;2.0;3.0;13.0;A01
201800010502;1.0;7;0;0.0;2.0;3.0;1.0;B01
201800010503;1.0;7;0;13.0;0.0;7.0;1.0;A01
201800010504;1.0;7;0;6.0;2.0;3.0;1.0;B01
201800010504;1.0;7;0;7.0;2.0;1.0;19.0;A01
201800010505;2.0;7;0;0.0;2.0;1.0;13.0;A01
201800010505;1.0;7;0;0.0;2.0;3.0;1.0;B01
201800010506;1.0;33;0;0.0;2.0;1.0;11.0;A01
201800010506;1.0;21;0;0.0;2.0;6.0;15.0;B01
201800010507;1.0;7;0;0.0;2.0;1.0;2.0;A01
201800010507;1.0;10;0;0.0;0.0;4.0;15.0;B01
201800010508;2.0;2;0;0.0;2.0;1.0;1.0;A01
201800010508;1.0;7;0;0.0;2.0;7.0;15.0;B01
201800010509;1.0;1;0;0.0;2.0;1.0;17.0;A01
201800010509;1.0;7;0;0.0;0.0;8.0;10.0;B01
201800010510;2.0;7;0;0.0;1.0;2.0;1.0;A01
201800010511;2.0;7;0;0.0;1.0;1.0;1.0;A01
201800010512;1.0;7;0;0.0;2.0;1.0;1.0;A01
201800010512;1.0;7;0;0.0;0.0;4.0;1.0;B01
201800010513;1.0;2;0;0.0;2.0;1.0;1.0;B01
201800010513;2.0;7;0;0.0;2.0;7.0;16.0;A01
201800010514;1.0;33;0;0.0;2.0;8.0;1.0;A01
201800010514;2.0;17;0;0.0;0.0;8.0;6.0;B01
201800010515;1.0;7;0;8.0;0.0;1.0;14.0;A01
201800010516;2.0;7;0;0.0;0.0;7.0;0.0;A01
201800010516;0.0;14;0;0.0;2.0;1.0;0.0;B01
201800010517;2.0;7;0;0.0;0.0;9.0;1.0;A01
201800010518;2.0;7;0;11.0;0.0;1.0;0.0;A01
201800010519;2.0;7;0;0.0;2.0;2.0;1.0;B01
201800010519;1.0;7;0;14.0;2.0;3.0;1.0;A01
201800010520;0.0;2;0;0.0;0.0;0.0;1.0;A01
201800010520;0.0;7;0;0.0;0.0;0.0;2.0;B01
201800010521;0.0;7;0;9.0;0.0;3.0;0.0;A01
201800010522;0.0;7;0;8.0;0.0;2.0;17.0;A01
201800010523;1.0;7;0;0.0;1.0;1.0;11.0;A01
201800010524;2.0;33;0;0.0;0.0;0.0;0.0;A01
201800010525;1.0;7;0;0.0;2.0;1.0;1.0;A01
201800010525;2.0;15;0;0.0;2.0;1.0;1.0;B01
201800010526;2.0;7;0;1.0;0.0;1.0;1.0;A01
201800010527;2.0;7;0;0.0;1.0;3.0;7.0;A01
201800010528;2.0;30;0;0.0;2.0;1.0;1.0;A01
201800010528;0.0;7;0;0.0;2.0;7.0;1.0;B01
201800010529;0.0;1;0;0.0;0.0;0.0;21.0;B01
201800010529;0.0;13;0;0.0;9.0;5.0;1.0;C01
201800010530;2.0;7;0;0.0;2.0;1.0;1.0;A01
201800010530;0.0;1;0;0.0;2.0;7.0;19.0;B01
201800010531;1.0;7;0;0.0;2.0;2.0;1.0;A01
201800010531;1.0;32;0;0.0;2.0;8.0;16.0;B01
201800010532;1.0;7;0;0.0;2.0;2.0;1.0;A01
201800010532;2.0;33;0;0.0;2.0;1.0;5.0;B01
201800010533;1.0;7;0;0.0;1.0;1.0;19.0;A01
201800010534;0.0;7;0;0.0;2.0;3.0;19.0;B01
201800010534;0.0;33;0;0.0;2.0;7.0;1.0;A01
201800010535;1.0;32;0;0.0;2.0;1.0;0.0;B01
201800010535;1.0;7;0;0.0;2.0;2.0;15.0;A01
201800010536;0.0;7;0;0.0;2.0;3.0;0.0;B01
201800010536;0.0;31;0;0.0;2.0;3.0;0.0;A01
201800010537;1.0;7;0;0.0;1.0;1.0;1.0;A01
201800010538;1.0;33;0;0.0;2.0;8.0;1.0;A01
201800010538;0.0;7;0;0.0;2.0;3.0;1.0;B01
201800010539;0.0;1;0;1.0;0.0;0.0;0.0;A01
201800010539;0.0;10;0;0.0;2.0;3.0;24.0;B01
201800010540;0.0;13;0;3.0;0.0;2.0;9.0;A01
201800010541;1.0;7;0;0.0;2.0;6.0;10.0;A01
201800010541;1.0;30;0;0.0;2.0;1.0;1.0;B01
201800010542;0.0;7;0;0.0;1.0;1.0;1.0;A01
201800010543;0.0;1;0;0.0;2.0;1.0;5.0;A01
201800010543;0.0;7;0;0.0;2.0;1.0;1.0;B01
201800010544;0.0;7;0;0.0;2.0;4.0;1.0;A01
201800010544;0.0;7;0;0.0;2.0;1.0;2.0;C01
201800010544;0.0;7;0;0.0;2.0;2.0;1.0;B01
201800010545;1.0;7;0;0.0;2.0;1.0;1.0;B01
201800010545;2.0;7;0;0.0;2.0;1.0;2.0;A01
201800010546;1.0;7;0;6.0;0.0;1.0;1.0;A01
201800010547;0.0;7;0;0.0;2.0;1.0;2.0;A01
201800010547;0.0;7;0;0.0;2.0;4.0;2.0;D01
201800010547;0.0;7;0;0.0;2.0;4.0;2.0;C01
201800010547;1.0;7;0;0.0;2.0;4.0;2.0;B01
201800010548;0.0;7;0;0.0;2.0;4.0;1.0;A01
201800010548;0.0;7;0;0.0;2.0;1.0;1.0;B01
201800010549;0.0;33;0;0.0;2.0;1.0;1.0;A01
201800010549;1.0;10;0;0.0;2.0;4.0;1.0;B01
201800010550;0.0;10;0;0.0;2.0;3.0;15.0;A01
201800010550;0.0;30;0;0.0;2.0;8.0;1.0;B01
201800010551;0.0;30;0;0.0;2.0;1.0;5.0;A01
201800010551;1.0;7;0;0.0;2.0;1.0;1.0;B01
201800010552;1.0;7;0;0.0;2.0;1.0;2.0;X01
201800010552;2.0;1;0;0.0;2.0;4.0;2.0;A01
201800010553;1.0;7;0;;1.0;;;A01
201800010554;2.0;1;0;0.0;2.0;1.0;2.0;B01
201800010554;0.0;7;0;0.0;2.0;4.0;4.0;A01
201800010555;1.0;1;0;0.0;2.0;4.0;2.0;B01
201800010555;1.0;7;0;0.0;2.0;3.0;15.0;A01
201800010556;1.0;31;0;;;;;B01
201800010556;1.0;7;0;;;;;A01
201800010557;2.0;33;0;6.0;0.0;1.0;1.0;A01
201800010558;1.0;7;0;0.0;1.0;1.0;1.0;A01
201800010559;0.0;7;0;2.0;0.0;1.0;1.0;A01
201800010560;0.0;33;0;0.0;6.0;0.0;0.0;A01
201800010561;1.0;7;0;0.0;1.0;3.0;15.0;A01
201800010562;0.0;1;0;0.0;2.0;1.0;1.0;B01
201800010562;0.0;7;0;0.0;2.0;2.0;15.0;A01
201800010563;0.0;1;0;0.0;2.0;1.0;1.0;B01
201800010563;0.0;7;0;0.0;2.0;2.0;9.0;A01
201800010564;1.0;7;0;0.0;1.0;1.0;1.0;A01
201800010565;1.0;7;0;0.0;1.0;1.0;1.0;A01
201800010566;1.0;2;0;;;;;B01
201800010566;1.0;7;0;;;;;A01
201800010567;0.0;7;0;0.0;2.0;1.0;9.0;B01
201800010567;0.0;7;0;0.0;2.0;1.0;2.0;A01
201800010568;0.0;7;0;0.0;2.0;3.0;1.0;B01
201800010568;0.0;1;0;0.0;2.0;3.0;19.0;A01
201800010569;1.0;7;0;9.0;0.0;9.0;1.0;A01
201800010570;1.0;7;0;0.0;1.0;1.0;2.0;A01
201800010571;1.0;2;0;0.0;2.0;1.0;2.0;A01
201800010571;1.0;7;0;0.0;2.0;4.0;1.0;B01
201800010572;1.0;33;0;0.0;2.0;1.0;1.0;B01
201800010572;0.0;7;0;0.0;2.0;8.0;15.0;A01
201800010573;1.0;31;0;0.0;2.0;1.0;1.0;B01
201800010573;1.0;7;0;0.0;2.0;1.0;15.0;A01
201800010574;0.0;7;0;0.0;2.0;1.0;17.0;A01
201800010574;0.0;37;1;0.0;2.0;1.0;1.0;B01
201800010575;0.0;37;1;0.0;2.0;2.0;15.0;A01
201800010575;0.0;1;0;0.0;2.0;1.0;1.0;B01
201800010576;0.0;7;0;0.0;1.0;2.0;1.0;A01
201800010577;0.0;1;0;0.0;2.0;1.0;5.0;B01
201800010577;1.0;7;0;0.0;2.0;2.0;9.0;A01
201800010578;1.0;7;0;0.0;1.0;1.0;1.0;A01
201800010579;0.0;37;9;0.0;1.0;1.0;1.0;A01
201800010580;0.0;7;0;0.0;2.0;7.0;10.0;A01
201800010580;0.0;7;0;0.0;2.0;1.0;1.0;B01
201800010581;0.0;32;0;0.0;2.0;7.0;2.0;B01
201800010581;0.0;7;0;0.0;2.0;6.0;17.0;A01
201800010582;0.0;33;0;0.0;2.0;1.0;2.0;B01
201800010582;0.0;7;0;0.0;2.0;8.0;10.0;A01
201800010583;0.0;7;0;0.0;2.0;8.0;16.0;A01
201800010583;0.0;1;0;0.0;2.0;2.0;2.0;B01
201800010584;0.0;10;0;0.0;0.0;0.0;1.0;A01
201800010585;0.0;33;0;0.0;2.0;7.0;2.0;B01
201800010585;0.0;7;0;0.0;2.0;1.0;9.0;A01
201800010586;1.0;10;0;0.0;1.0;1.0;1.0;A01
201800010587;0.0;7;0;0.0;2.0;1.0;1.0;A01
201800010587;1.0;7;0;0.0;2.0;4.0;2.0;B01
201800010588;1.0;7;0;0.0;2.0;1.0;16.0;A01
201800010588;1.0;1;0;0.0;2.0;1.0;1.0;B01
201800010589;0.0;7;0;0.0;2.0;1.0;1.0;A01
201800010589;0.0;7;0;0.0;2.0;1.0;1.0;B01
201800010590;;7;0;;;;;A01
201800010591;;7;0;;;;;A01
201800010591;;31;0;;;;;B01
201800010592;0.0;34;0;0.0;2.0;1.0;0.0;B01
201800010592;0.0;7;0;0.0;2.0;3.0;15.0;A01
201800010593;2.0;7;0;0.0;2.0;2.0;1.0;A01
201800010593;0.0;7;0;0.0;2.0;3.0;16.0;B01
201800010594;2.0;7;0;13.0;0.0;1.0;21.0;A01
201800010595;2.0;33;0;0.0;2.0;1.0;1.0;B01
201800010595;1.0;7;0;0.0;2.0;7.0;15.0;A01
201800010596;1.0;7;0;0.0;2.0;7.0;17.0;A01
201800010596;1.0;31;0;0.0;2.0;8.0;1.0;B01
201800010597;1.0;14;0;0.0;1.0;1.0;1.0;A01
201800010598;1.0;7;0;0.0;1.0;4.0;20.0;A01
201800010599;0.0;34;0;0.0;0.0;7.0;1.0;A01
201800010600;1.0;7;0;6.0;0.0;3.0;1.0;A01
201800010601;1.0;7;0;2.0;0.0;3.0;1.0;A01
201800010602;0.0;1;0;0.0;2.0;2.0;1.0;B01
201800010602;1.0;3;0;0.0;2.0;1.0;9.0;A01
201800010603;2.0;33;0;3.0;0.0;1.0;0.0;A01
201800010604;0.0;2;0;6.0;0.0;2.0;1.0;A01
201800010605;2.0;1;0;0.0;0.0;0.0;1.0;A01
201800010605;1.0;7;0;0.0;0.0;0.0;1.0;B01
201800010606;0.0;31;0;0.0;0.0;0.0;0.0;A01
201800010607;2.0;7;0;0.0;2.0;1.0;13.0;A01
201800010607;1.0;7;0;1.0;2.0;1.0;1.0;B01
201800010608;1.0;7;0;0.0;1.0;3.0;10.0;A01
201800010609;2.0;3;0;0.0;1.0;2.0;1.0;A01
201800010610;1.0;7;0;0.0;2.0;1.0;1.0;B01
201800010610;0.0;33;0;0.0;2.0;8.0;19.0;A01
201800010611;1.0;7;0;0.0;2.0;7.0;13.0;A01
201800010611;2.0;7;0;0.0;2.0;1.0;1.0;B01
201800010612;2.0;7;0;13.0;0.0;3.0;1.0;A01
201800010613;0.0;2;0;4.0;0.0;7.0;1.0;A01
201800010614;2.0;7;0;0.0;2.0;2.0;15.0;A01
201800010614;1.0;33;0;0.0;2.0;1.0;1.0;B01
201800010615;0.0;7;0;0.0;0.0;0.0;0.0;A01
201800010616;0.0;7;0;0.0;9.0;2.0;21.0;A01
201800010616;0.0;1;0;0.0;2.0;0.0;19.0;B01
201800010617;0.0;31;0;13.0;0.0;3.0;1.0;A01
201800010618;2.0;7;0;13.0;6.0;1.0;21.0;A01
201800010619;2.0;7;0;0.0;2.0;1.0;16.0;A01
201800010619;2.0;1;0;0.0;2.0;4.0;1.0;B01
201800010620;1.0;7;0;0.0;2.0;2.0;1.0;B01
201800010620;2.0;2;0;0.0;2.0;2.0;15.0;A01
201800010621;0.0;17;0;2.0;0.0;1.0;0.0;A01
201800010622;1.0;7;0;2.0;0.0;1.0;13.0;A01
201800010623;1.0;7;0;0.0;2.0;1.0;5.0;A01
201800010623;2.0;15;0;0.0;2.0;1.0;1.0;B01
201800010624;2.0;1;0;1.0;0.0;0.0;1.0;B01
201800010624;2.0;7;0;0.0;0.0;0.0;22.0;A01
201800010625;1.0;33;0;0.0;0.0;0.0;1.0;A01
201800010626;0.0;7;0;0.0;2.0;2.0;17.0;B01
201800010626;0.0;3;0;0.0;0.0;6.0;1.0;A01
201800010627;0.0;99;0;0.0;2.0;0.0;1.0;A01
201800010628;0.0;7;0;0.0;1.0;2.0;1.0;A01
201800010629;0.0;1;0;0.0;2.0;7.0;15.0;B01
201800010629;0.0;7;0;0.0;9.0;1.0;1.0;A01
201800010630;0.0;15;0;13.0;2.0;2.0;1.0;A01
201800010630;0.0;7;0;0.0;2.0;1.0;15.0;B01
201800010631;2.0;7;0;0.0;2.0;1.0;1.0;B01
201800010631;1.0;15;0;0.0;2.0;6.0;2.0;C01
201800010631;1.0;7;0;0.0;2.0;1.0;17.0;A01
201800010632;0.0;7;0;13.0;0.0;1.0;0.0;A01
201800010633;0.0;7;0;0.0;2.0;3.0;0.0;B01
201800010633;0.0;7;0;0.0;2.0;3.0;11.0;A01
201800010634;1.0;7;0;3.0;2.0;4.0;17.0;D01
201800010634;1.0;7;0;0.0;2.0;1.0;17.0;E01
201800010634;1.0;7;0;0.0;0.0;4.0;17.0;A01
201800010634;1.0;10;0;0.0;2.0;3.0;17.0;B01
201800010634;1.0;7;0;0.0;2.0;1.0;17.0;C01
201800010635;2.0;7;0;11.0;2.0;1.0;1.0;A01
201800010635;1.0;7;0;0.0;2.0;3.0;1.0;B01
201800010636;2.0;33;0;13.0;0.0;8.0;1.0;A01
201800010637;0.0;1;0;0.0;0.0;0.0;1.0;A01
201800010638;0.0;33;0;0.0;0.0;8.0;1.0;A01
201800010639;2.0;7;0;0.0;2.0;3.0;15.0;A01
201800010639;2.0;33;0;0.0;2.0;1.0;1.0;B01
201800010640;1.0;7;0;0.0;1.0;3.0;20.0;A01
201800010641;1.0;7;0;3.0;0.0;2.0;13.0;A01
201800010642;0.0;7;0;0.0;1.0;8.0;1.0;A01
201800010643;2.0;7;0;0.0;1.0;2.0;1.0;A01
201800010644;1.0;7;0;0.0;2.0;1.0;1.0;B01
201800010644;2.0;7;0;0.0;2.0;6.0;1.0;A01
201800010645;0.0;7;0;0.0;1.0;6.0;4.0;A01
201800010646;1.0;33;0;8.0;0.0;7.0;1.0;A01
201800010647;0.0;1;0;0.0;2.0;1.0;15.0;A01
201800010647;0.0;7;0;12.0;9.0;7.0;1.0;B01
201800010648;1.0;7;0;0.0;2.0;3.0;1.0;B01
201800010648;2.0;7;0;0.0;2.0;3.0;1.0;A01
201800010649;1.0;33;0;0.0;0.0;1.0;13.0;A01
201800010650;0.0;33;0;0.0;0.0;3.0;1.0;A01
201800010651;2.0;33;0;14.0;0.0;1.0;1.0;A01
201800010652;1.0;33;0;0.0;2.0;1.0;1.0;B01
201800010652;1.0;7;0;0.0;2.0;2.0;13.0;A01
201800010653;1.0;38;40;6.0;0.0;1.0;1.0;A01
201800010654;1.0;33;0;0.0;2.0;1.0;13.0;A01
201800010654;2.0;33;0;0.0;2.0;1.0;1.0;B01
201800010655;2.0;7;0;0.0;2.0;3.0;13.0;B01
201800010655;1.0;7;0;0.0;2.0;3.0;13.0;A01
201800010656;1.0;7;0;0.0;2.0;3.0;5.0;A01
201800010656;2.0;7;0;0.0;2.0;3.0;1.0;B01
201800010657;0.0;14;0;0.0;1.0;3.0;1.0;A01
201800010658;0.0;7;0;3.0;0.0;3.0;1.0;A01
201800010659;2.0;33;0;0.0;6.0;1.0;2.0;B01
201800010659;2.0;33;0;0.0;6.0;2.0;2.0;A01
201800010660;1.0;33;0;0.0;2.0;2.0;2.0;B01
201800010660;1.0;7;0;0.0;2.0;6.0;2.0;A01
201800010661;0.0;7;0;0.0;2.0;3.0;1.0;B01
201800010661;0.0;7;0;0.0;2.0;3.0;13.0;A01
201800010662;0.0;1;0;0.0;5.0;7.0;1.0;A01
201800010663;2.0;7;0;0.0;0.0;4.0;23.0;B01
201800010663;2.0;7;0;0.0;2.0;1.0;1.0;A01
201800010664;0.0;2;0;0.0;2.0;1.0;17.0;A01
201800010664;0.0;7;0;0.0;0.0;8.0;15.0;B01
201800010665;1.0;33;0;0.0;0.0;2.0;1.0;A01
201800010666;0.0;33;0;0.0;2.0;8.0;1.0;A01
201800010667;2.0;7;0;1.0;9.0;1.0;13.0;A01
201800010667;0.0;1;0;0.0;0.0;1.0;0.0;B01
201800010668;0.0;7;0;0.0;1.0;3.0;1.0;A01
201800010669;2.0;7;0;0.0;0.0;0.0;1.0;A01
201800010670;1.0;10;0;0.0;1.0;2.0;2.0;A01
201800010671;2.0;7;0;0.0;2.0;1.0;1.0;B01
201800010671;1.0;7;0;0.0;2.0;1.0;13.0;A01
201800010672;1.0;7;0;0.0;2.0;1.0;1.0;A01
201800010672;2.0;7;0;0.0;2.0;1.0;5.0;B01
201800010673;0.0;1;0;1.0;0.0;1.0;0.0;A01
201800010674;1.0;33;0;12.0;0.0;0.0;1.0;A01
201800010675;1.0;7;0;0.0;1.0;1.0;21.0;A01
201800010676;0.0;7;0;0.0;0.0;5.0;2.0;B01
201800010676;2.0;33;0;0.0;2.0;1.0;2.0;A01
201800010677;1.0;7;0;0.0;2.0;1.0;1.0;A01
201800010677;2.0;7;0;0.0;2.0;1.0;13.0;B01
201800010678;2.0;2;0;0.0;0.0;2.0;1.0;A01
201800010679;1.0;15;0;0.0;2.0;8.0;15.0;A01
201800010679;2.0;7;0;0.0;2.0;1.0;1.0;B01
201800010680;2.0;2;0;1.0;2.0;5.0;17.0;B01
201800010680;2.0;7;0;0.0;2.0;3.0;15.0;A01
201800010681;1.0;7;0;0.0;0.0;1.0;1.0;A01
201800010682;1.0;7;0;7.0;0.0;9.0;1.0;A01
201800010683;2.0;21;0;0.0;2.0;2.0;15.0;A01
201800010683;2.0;7;0;0.0;2.0;2.0;17.0;B01
201800010684;1.0;7;0;15.0;0.0;1.0;14.0;A01
201800010685;1.0;7;0;0.0;2.0;4.0;23.0;B01
201800010685;1.0;7;0;0.0;2.0;1.0;2.0;A01
201800010685;1.0;7;0;0.0;0.0;6.0;23.0;C01
201800010686;2.0;33;0;0.0;2.0;1.0;1.0;B01
201800010686;1.0;10;0;0.0;2.0;5.0;15.0;A01
201800010687;1.0;7;0;0.0;2.0;1.0;1.0;B01
201800010687;2.0;7;0;0.0;2.0;1.0;13.0;A01
201800010688;1.0;7;0;0.0;1.0;1.0;1.0;A01
201800010689;1.0;1;0;0.0;2.0;6.0;1.0;B01
201800010689;2.0;7;0;0.0;2.0;2.0;1.0;A01
201800010690;2.0;7;0;0.0;2.0;4.0;23.0;B01
201800010690;2.0;7;0;0.0;2.0;1.0;23.0;C01
201800010690;2.0;7;0;0.0;2.0;4.0;23.0;A01
201800010691;1.0;33;0;0.0;6.0;1.0;1.0;A01
201800010692;2.0;7;0;0.0;2.0;1.0;13.0;A01
201800010692;1.0;7;0;0.0;2.0;1.0;1.0;B01
201800010693;2.0;7;0;0.0;2.0;1.0;1.0;A01
201800010693;1.0;33;0;0.0;2.0;1.0;13.0;B01
201800010693;1.0;33;0;0.0;2.0;1.0;0.0;C01
201800010694;1.0;33;0;0.0;0.0;8.0;0.0;A01
201800010695;1.0;7;0;0.0;1.0;3.0;15.0;A01
201800010696;1.0;1;0;0.0;2.0;2.0;2.0;B01
201800010696;1.0;7;0;0.0;2.0;3.0;9.0;A01
201800010697;0.0;7;0;0.0;1.0;3.0;1.0;A01
201800010698;0.0;1;0;1.0;0.0;1.0;1.0;B01
201800010698;0.0;20;0;0.0;9.0;7.0;23.0;A01
201800010699;2.0;7;0;0.0;2.0;3.0;15.0;A01
201800010699;1.0;33;0;0.0;2.0;1.0;1.0;B01
201800010700;2.0;21;0;1.0;1.0;1.0;2.0;B01
201800010701;1.0;7;0;13.0;2.0;2.0;1.0;A01
201800010702;0.0;7;0;15.0;0.0;2.0;16.0;A01
201800010703;2.0;7;0;0.0;2.0;2.0;23.0;B01
201800010703;1.0;7;0;0.0;2.0;2.0;23.0;A01
201800010704;2.0;10;0;0.0;1.0;1.0;1.0;A01
201800010705;2.0;7;0;0.0;2.0;1.0;13.0;B01
201800010705;1.0;10;0;0.0;2.0;3.0;13.0;A01
201800010706;0.0;7;0;13.0;0.0;2.0;1.0;A01
201800010707;1.0;7;0;0.0;2.0;3.0;15.0;A01
201800010707;1.0;1;0;0.0;2.0;1.0;1.0;B01
201800010708;1.0;7;0;0.0;0.0;1.0;0.0;A01
201800010709;1.0;7;0;5.0;0.0;1.0;1.0;A01
201800010710;2.0;7;0;0.0;2.0;1.0;19.0;A01
201800010710;1.0;2;0;0.0;2.0;8.0;1.0;B01
201800010711;1.0;2;0;0.0;0.0;7.0;1.0;A01
201800010712;2.0;7;0;0.0;2.0;1.0;1.0;B01
201800010712;1.0;7;0;0.0;2.0;1.0;13.0;A01
201800010713;1.0;38;1;0.0;2.0;1.0;1.0;B01
201800010713;2.0;7;0;0.0;2.0;1.0;0.0;A01
201800010714;1.0;33;0;8.0;0.0;2.0;1.0;A01
201800010715;1.0;2;0;0.0;0.0;0.0;0.0;A01
201800010716;1.0;7;0;0.0;0.0;1.0;1.0;A01
201800010717;1.0;7;0;0.0;2.0;1.0;1.0;C01
201800010717;2.0;7;0;0.0;2.0;1.0;1.0;B01
201800010717;1.0;7;0;0.0;2.0;3.0;1.0;A01
201800010718;0.0;7;0;0.0;1.0;2.0;0.0;A01
201800010719;1.0;33;0;12.0;0.0;7.0;2.0;A01
201800010720;0.0;37;15;0.0;1.0;6.0;0.0;A01
201800010721;1.0;7;0;13.0;2.0;3.0;1.0;B01
201800010721;2.0;7;0;13.0;2.0;3.0;13.0;A01
201800010722;1.0;7;0;0.0;9.0;7.0;2.0;A01
201800010722;1.0;1;0;0.0;0.0;8.0;15.0;B01
201800010723;1.0;7;0;0.0;2.0;1.0;1.0;A01
201800010723;1.0;7;0;0.0;2.0;2.0;1.0;B01
201800010724;1.0;33;0;8.0;0.0;1.0;0.0;A01
201800010725;1.0;33;0;0.0;2.0;9.0;17.0;B01
201800010725;1.0;10;0;0.0;2.0;6.0;15.0;A01
201800010726;1.0;33;0;0.0;2.0;1.0;1.0;A01
201800010726;2.0;7;0;0.0;2.0;6.0;9.0;B01
201800010727;0.0;7;0;0.0;1.0;8.0;15.0;A01
201800010728;1.0;7;0;13.0;0.0;2.0;13.0;A01
201800010729;2.0;2;0;0.0;2.0;1.0;5.0;A01
201800010729;1.0;20;0;0.0;2.0;3.0;5.0;B01
201800010730;0.0;7;0;2.0;0.0;1.0;1.0;A01
201800010731;2.0;99;0;0.0;1.0;0.0;1.0;A01
201800010732;2.0;7;0;0.0;0.0;1.0;1.0;A01
201800010733;2.0;7;0;0.0;0.0;9.0;17.0;A01
201800010734;1.0;7;0;0.0;0.0;5.0;19.0;A02
201800010734;1.0;7;0;0.0;2.0;1.0;1.0;B01
201800010735;1.0;7;0;2.0;0.0;3.0;1.0;A01
201800010736;1.0;7;0;0.0;0.0;1.0;0.0;A01
201800010737;1.0;7;0;2.0;0.0;3.0;1.0;A01
201800010738;2.0;33;0;0.0;0.0;1.0;1.0;A01
201800010739;1.0;7;0;0.0;1.0;6.0;13.0;A01
201800010740;1.0;7;0;7.0;2.0;3.0;13.0;A01
201800010740;2.0;7;0;7.0;2.0;9.0;1.0;B01
201800010741;1.0;17;0;0.0;2.0;3.0;1.0;C01
201800010741;1.0;7;0;3.0;2.0;3.0;1.0;B01