Num_Acc;senc;catv;occutc;obs;obsm;choc;manv;num_veh
201800010741;2.0;7;0;0.0;2.0;3.0;13.0;A01
201800010742;1.0;7;0;0.0;9.0;6.0;0.0;A01
201800010742;1.0;1;0;0.0;2.0;7.0;1.0;B01
201800010743;2.0;7;0;8.0;0.0;1.0;1.0;A01
201800010744;1.0;7;0;13.0;0.0;7.0;1.0;A01
201800010745;0.0;7;0;12.0;0.0;1.0;0.0;A01
201800010746;1.0;7;0;0.0;2.0;2.0;1.0;B01
201800010746;1.0;7;0;0.0;2.0;3.0;1.0;A01
201800010747;1.0;1;0;0.0;0.0;0.0;0.0;A01
201800010748;1.0;33;0;16.0;0.0;1.0;1.0;A01
201800010749;0.0;7;0;0.0;1.0;2.0;1.0;A01
201800010750;1.0;7;0;8.0;0.0;1.0;0.0;A01
201800010751;0.0;7;0;0.0;0.0;9.0;0.0;A01
201800010752;0.0;17;0;12.0;0.0;0.0;1.0;A01
201800010753;1.0;7;0;0.0;1.0;2.0;2.0;A01
201800010754;1.0;7;0;0.0;9.0;2.0;2.0;A01
201800010754;1.0;1;0;0.0;0.0;4.0;2.0;B01
201800010755;1.0;7;0;2.0;0.0;1.0;15.0;A01
201800010756;1.0;7;0;7.0;0.0;1.0;1.0;A01
201800010757;1.0;31;0;15.0;0.0;1.0;15.0;A01
201800010758;0.0;7;0;0.0;0.0;1.0;13.0;A01
201800010759;0.0;7;0;0.0;1.0;2.0;14.0;A01
201800010760;0.0;3;0;6.0;0.0;3.0;10.0;A01
201800010761;0.0;7;0;0.0;2.0;3.0;17.0;A01
201800010761;0.0;2;0;0.0;2.0;8.0;1.0;B01
201800010762;1.0;7;0;0.0;2.0;3.0;1.0;B01
201800010762;2.0;7;0;0.0;2.0;1.0;1.0;A01
201800010763;2.0;7;0;13.0;0.0;9.0;13.0;A01
201800010764;2.0;7;0;6.0;0.0;1.0;14.0;A01
201800010765;1.0;7;0;0.0;1.0;1.0;9.0;A01
201800010766;2.0;30;0;0.0;0.0;8.0;21.0;A01
201800010767;1.0;7;0;0.0;1.0;3.0;23.0;B01
201800010767;1.0;7;0;0.0;2.0;1.0;2.0;A01
201800010768;0.0;2;0;13.0;2.0;7.0;2.0;A01
201800010768;0.0;7;0;0.0;2.0;8.0;18.0;Z01
201800010769;1.0;7;0;0.0;2.0;2.0;17.0;A01
201800010769;1.0;1;0;0.0;2.0;4.0;1.0;B01
201800010770;0.0;7;0;0.0;2.0;1.0;16.0;B01
201800010770;2.0;30;0;0.0;2.0;4.0;15.0;A01
201800010771;2.0;7;0;9.0;0.0;1.0;0.0;A01
201800010772;1.0;34;0;0.0;0.0;7.0;0.0;A01
201800010773;0.0;32;0;0.0;0.0;0.0;13.0;A01
201800010774;0.0;1;0;0.0;2.0;3.0;1.0;B01
201800010774;0.0;7;0;0.0;0.0;2.0;16.0;A01
201800010775;1.0;32;0;0.0;0.0;7.0;0.0;A01
201800010776;0.0;7;0;12.0;0.0;2.0;0.0;A01
201800010777;1.0;99;0;0.0;1.0;7.0;19.0;A01
201800010778;0.0;7;0;0.0;6.0;1.0;0.0;A01
201800010778;0.0;1;0;14.0;0.0;4.0;19.0;B01
201800010779;0.0;30;0;8.0;0.0;1.0;13.0;A01
201800010780;1.0;33;0;0.0;2.0;0.0;0.0;T01
201800010780;1.0;33;0;0.0;2.0;6.0;0.0;B01
201800010780;2.0;7;0;0.0;2.0;2.0;0.0;A01
201800010781;0.0;7;0;0.0;2.0;8.0;15.0;A01
201800010781;0.0;2;0;0.0;2.0;3.0;16.0;B01
201800010782;2.0;7;0;13.0;9.0;3.0;1.0;A01
201800010782;2.0;1;0;0.0;2.0;7.0;1.0;B01
201800010783;1.0;1;0;0.0;0.0;1.0;1.0;A01
201800010783;1.0;1;0;0.0;0.0;4.0;1.0;B01
201800010784;1.0;21;0;0.0;0.0;0.0;15.0;B01
201800010784;1.0;7;0;0.0;2.0;3.0;2.0;A01
201800010785;2.0;2;0;2.0;0.0;1.0;1.0;A01
201800010786;0.0;1;0;;;;;A01
201800010787;0.0;1;0;;;;;A01
201800010788;1.0;7;0;0.0;0.0;1.0;0.0;A01
201800010789;0.0;2;0;9.0;0.0;1.0;1.0;A01
201800010790;2.0;7;0;0.0;2.0;3.0;1.0;A01
201800010790;1.0;7;0;0.0;2.0;3.0;1.0;B01
201800010791;2.0;17;0;0.0;0.0;4.0;23.0;A01
201800010791;2.0;7;0;1.0;2.0;1.0;24.0;B01
201800010792;2.0;33;0;3.0;0.0;8.0;16.0;A01
201800010793;1.0;7;0;0.0;0.0;1.0;14.0;A01
201800010794;1.0;32;0;0.0;0.0;0.0;1.0;A01
201800010795;1.0;7;0;0.0;2.0;1.0;1.0;A01
201800010795;1.0;7;0;0.0;2.0;4.0;1.0;B01
201800010795;2.0;7;0;0.0;2.0;2.0;1.0;C01
201800010796;2.0;33;0;0.0;0.0;0.0;1.0;A01
201800010797;2.0;7;0;0.0;2.0;3.0;13.0;A01
201800010797;1.0;7;0;0.0;2.0;3.0;1.0;B01
201800010798;1.0;7;0;6.0;0.0;2.0;1.0;A01
201800010799;2.0;7;0;0.0;2.0;3.0;1.0;B01
201800010799;1.0;7;0;0.0;2.0;3.0;1.0;A01
201800010800;1.0;33;0;0.0;0.0;0.0;17.0;A01
201800010801;1.0;7;0;8.0;0.0;1.0;21.0;A01
201800010802;2.0;7;0;8.0;0.0;9.0;1.0;A01
201800010803;1.0;7;0;13.0;2.0;1.0;13.0;A01
201800010804;1.0;7;0;13.0;0.0;2.0;1.0;A01
201800010805;2.0;33;0;13.0;0.0;9.0;1.0;A01
201800010806;2.0;7;0;7.0;2.0;6.0;1.0;A01
201800010806;1.0;7;0;0.0;2.0;1.0;1.0;B01
201800010807;2.0;7;0;13.0;0.0;9.0;14.0;A01
201800010808;2.0;7;0;0.0;2.0;2.0;17.0;A01
201800010808;1.0;33;0;0.0;2.0;1.0;1.0;B01
201800010809;2.0;10;0;2.0;0.0;2.0;13.0;A01
201800010810;2.0;7;0;0.0;2.0;2.0;11.0;A01
201800010810;2.0;1;0;0.0;2.0;3.0;2.0;B01
201800010811;2.0;17;0;3.0;0.0;8.0;11.0;A01
201800010812;0.0;7;0;0.0;2.0;7.0;13.0;A01
201800010812;0.0;7;0;0.0;2.0;8.0;14.0;B01
201800010813;1.0;7;0;0.0;2.0;2.0;17.0;A01
201800010813;1.0;7;0;0.0;0.0;8.0;15.0;B01
201800010814;1.0;7;0;8.0;0.0;3.0;0.0;A01
201800010815;0.0;1;0;10.0;0.0;1.0;21.0;A01
201800010815;0.0;7;0;0.0;0.0;0.0;1.0;B01
201800010816;1.0;31;0;0.0;2.0;1.0;13.0;A01
201800010816;2.0;7;0;0.0;2.0;3.0;14.0;B01
201800010817;1.0;7;0;0.0;2.0;3.0;13.0;A01
201800010817;2.0;14;0;0.0;2.0;3.0;14.0;B01
201800010818;1.0;7;0;0.0;0.0;4.0;15.0;B01
201800010818;1.0;10;0;0.0;2.0;1.0;2.0;A01
201800010819;1.0;7;0;0.0;1.0;2.0;1.0;A01
201800010820;1.0;7;0;13.0;0.0;1.0;1.0;A01
201800010821;2.0;14;0;5.0;0.0;2.0;1.0;A01
201800010822;0.0;31;0;0.0;2.0;1.0;1.0;B01
201800010822;2.0;7;0;0.0;2.0;3.0;16.0;A01
201800010823;1.0;7;0;16.0;0.0;0.0;1.0;A01
201800010824;2.0;7;0;0.0;2.0;1.0;1.0;C01
201800010824;1.0;33;0;0.0;2.0;1.0;1.0;A01
201800010824;2.0;7;0;0.0;2.0;1.0;1.0;B01
201800010825;2.0;30;0;0.0;2.0;8.0;15.0;B01
201800010825;2.0;33;0;0.0;2.0;1.0;1.0;A01
201800010826;1.0;7;0;0.0;2.0;1.0;1.0;A01
201800010826;2.0;33;0;0.0;2.0;1.0;1.0;B01
201800010827;0.0;33;0;0.0;9.0;1.0;1.0;A01
201800010828;2.0;7;0;0.0;2.0;2.0;13.0;A01
201800010828;1.0;7;0;0.0;2.0;1.0;1.0;B01
201800010829;1.0;7;0;0.0;1.0;4.0;4.0;A01
201800010830;1.0;33;0;0.0;0.0;0.0;1.0;A01
201800010831;1.0;7;0;0.0;0.0;2.0;1.0;A01
201800010832;2.0;33;0;16.0;0.0;0.0;1.0;A01
201800010833;2.0;7;0;16.0;0.0;9.0;0.0;A01
201800010834;2.0;33;0;0.0;0.0;0.0;1.0;A01
201800010834;1.0;33;0;0.0;0.0;0.0;1.0;B01
201800010835;2.0;33;0;16.0;0.0;7.0;1.0;A01
201800010836;1.0;7;0;0.0;2.0;4.0;23.0;B01
201800010836;1.0;1;0;1.0;0.0;1.0;1.0;A01
201800010837;1.0;31;0;13.0;9.0;0.0;1.0;A01
201800010838;2.0;33;0;13.0;0.0;0.0;1.0;A01
201800010839;1.0;33;0;13.0;0.0;1.0;1.0;A01
201800010840;2.0;33;0;10.0;0.0;1.0;1.0;A01
201800010841;2.0;33;0;0.0;0.0;8.0;0.0;A01
201800010842;1.0;7;0;0.0;0.0;0.0;2.0;A01
201800010843;2.0;7;0;2.0;0.0;8.0;1.0;A01
201800010844;2.0;7;0;0.0;1.0;3.0;1.0;A01
201800010845;1.0;14;0;0.0;9.0;7.0;1.0;A01
201800010845;1.0;1;0;0.0;2.0;1.0;18.0;B01
201800010846;2.0;7;0;13.0;0.0;7.0;1.0;A01
201800010847;1.0;33;0;0.0;0.0;0.0;1.0;A01
201800010848;2.0;33;0;5.0;0.0;1.0;1.0;A01
201800010849;2.0;7;0;0.0;2.0;3.0;13.0;A01
201800010849;1.0;10;0;0.0;2.0;3.0;1.0;B01
201800010850;2.0;7;0;0.0;2.0;2.0;15.0;B01
201800010850;1.0;7;0;0.0;2.0;2.0;1.0;A01
201800010851;2.0;7;0;16.0;0.0;9.0;0.0;A01
201800010852;2.0;7;0;0.0;2.0;1.0;2.0;B01
201800010852;1.0;7;0;0.0;2.0;2.0;15.0;A01
201800010853;1.0;7;0;0.0;2.0;1.0;1.0;A01
201800010853;1.0;21;0;0.0;0.0;5.0;16.0;B01
201800010854;2.0;7;0;0.0;2.0;8.0;1.0;A01
201800010854;1.0;7;0;0.0;2.0;6.0;1.0;B01
201800010855;1.0;2;0;0.0;0.0;8.0;13.0;A01
201800010856;1.0;7;0;14.0;0.0;0.0;1.0;A01
201800010857;2.0;7;0;13.0;0.0;9.0;1.0;A01
201800010858;2.0;7;0;9.0;0.0;2.0;21.0;A01
201800010859;1.0;7;0;2.0;0.0;1.0;0.0;A01
201800010860;2.0;7;0;0.0;2.0;1.0;13.0;A01
201800010860;1.0;7;0;0.0;2.0;1.0;1.0;B01
201800010861;1.0;33;0;0.0;0.0;0.0;14.0;A01
201800010862;0.0;7;0;2.0;0.0;2.0;0.0;A01
201800010863;0.0;7;0;0.0;1.0;1.0;15.0;A01
201800010864;0.0;7;0;13.0;0.0;2.0;1.0;A01
201800010865;0.0;7;0;13.0;0.0;1.0;1.0;A01
201800010866;1.0;15;0;0.0;2.0;1.0;1.0;B01
201800010866;0.0;7;0;0.0;0.0;8.0;19.0;A01
201800010867;0.0;7;0;13.0;0.0;2.0;1.0;A01
201800010868;2.0;7;0;13.0;0.0;0.0;1.0;A01
201800010869;2.0;7;0;0.0;0.0;8.0;19.0;B01
201800010869;2.0;10;0;0.0;2.0;1.0;1.0;A01
201800010870;1.0;7;0;0.0;2.0;1.0;1.0;C01
201800010870;2.0;34;0;0.0;2.0;8.0;13.0;A01
201800010870;1.0;7;0;0.0;2.0;8.0;1.0;B01
201800010871;1.0;31;0;0.0;2.0;1.0;2.0;B01
201800010871;1.0;7;0;0.0;2.0;3.0;10.0;A01
201800010872;0.0;7;0;0.0;1.0;2.0;1.0;A01
201800010873;2.0;7;0;7.0;0.0;8.0;1.0;A01
201800010874;2.0;1;0;13.0;0.0;0.0;1.0;A01
201800010875;0.0;33;0;13.0;0.0;1.0;1.0;A01
201800010876;2.0;7;0;13.0;0.0;3.0;0.0;A01
201800010877;1.0;7;0;0.0;2.0;1.0;13.0;A01
201800010877;2.0;7;0;0.0;2.0;3.0;1.0;B01
201800010878;2.0;34;0;0.0;6.0;3.0;1.0;A01
201800010879;1.0;33;0;13.0;0.0;1.0;1.0;A01
201800010880;1.0;7;0;4.0;0.0;2.0;0.0;A01
201800010881;1.0;7;0;0.0;2.0;3.0;15.0;B01
201800010881;1.0;33;0;0.0;2.0;1.0;17.0;A01
201800010882;2.0;7;0;15.0;0.0;1.0;13.0;A01
201800010883;2.0;7;0;0.0;2.0;3.0;1.0;B01
201800010883;1.0;7;0;0.0;2.0;1.0;15.0;A01
201800010884;1.0;7;0;0.0;1.0;7.0;2.0;A01
201800010885;0.0;7;0;1.0;0.0;7.0;1.0;A01
201800010886;0.0;14;0;0.0;2.0;3.0;1.0;A01
201800010886;0.0;7;0;0.0;2.0;3.0;13.0;B01
201800010887;1.0;33;0;13.0;0.0;1.0;1.0;A01
201800010888;0.0;7;0;0.0;1.0;2.0;1.0;A01
201800010889;2.0;7;0;4.0;2.0;4.0;1.0;A01
201800010889;1.0;33;0;13.0;2.0;1.0;1.0;B01
201800010890;0.0;7;0;0.0;0.0;3.0;9.0;A01
201800010890;2.0;32;0;0.0;0.0;7.0;1.0;B01
201800010891;1.0;7;0;0.0;2.0;6.0;0.0;D01
201800010891;1.0;31;0;0.0;2.0;1.0;1.0;B01
201800010891;1.0;7;0;0.0;2.0;2.0;13.0;A01
201800010891;1.0;7;0;0.0;2.0;8.0;1.0;C01
201800010892;2.0;7;0;0.0;2.0;5.0;13.0;B01
201800010892;0.0;33;0;0.0;2.0;8.0;1.0;A01
201800010893;2.0;33;0;13.0;0.0;0.0;19.0;A01
201800010894;2.0;33;0;13.0;0.0;0.0;1.0;A01
201800010895;2.0;7;0;0.0;2.0;1.0;0.0;B01
201800010895;1.0;7;0;0.0;2.0;1.0;13.0;A01
201800010896;1.0;7;0;0.0;2.0;3.0;1.0;A01
201800010896;2.0;7;0;0.0;2.0;3.0;19.0;B01
201800010897;1.0;7;0;0.0;2.0;1.0;15.0;A01
201800010897;1.0;7;0;1.0;0.0;3.0;1.0;B01
201800010898;0.0;7;0;0.0;2.0;5.0;23.0;A01
201800010898;0.0;7;0;0.0;0.0;3.0;23.0;B01
201800010899;1.0;7;0;7.0;0.0;0.0;1.0;A01
201800010900;1.0;7;0;13.0;0.0;1.0;1.0;A01
201800010901;0.0;7;0;0.0;2.0;1.0;15.0;A01
201800010901;0.0;31;0;0.0;2.0;1.0;1.0;B01
201800010902;0.0;7;0;2.0;0.0;3.0;0.0;A01
201800010903;2.0;7;0;6.0;0.0;1.0;1.0;A01
201800010904;1.0;7;0;0.0;2.0;3.0;13.0;A01
201800010904;2.0;7;0;0.0;2.0;3.0;1.0;B01
201800010905;1.0;33;0;13.0;0.0;1.0;1.0;A01
201800010906;2.0;2;0;0.0;2.0;1.0;1.0;B01
201800010906;2.0;7;0;0.0;2.0;3.0;15.0;A01
201800010907;0.0;1;0;0.0;5.0;1.0;1.0;A01
201800010908;0.0;2;0;0.0;2.0;7.0;17.0;A01
201800010908;0.0;7;0;0.0;2.0;8.0;15.0;B01
201800010909;2.0;7;0;0.0;2.0;1.0;2.0;C01
201800010909;1.0;7;0;0.0;2.0;1.0;13.0;A01
201800010909;2.0;7;0;0.0;2.0;3.0;2.0;B01
201800010910;2.0;33;0;0.0;0.0;8.0;0.0;A01
201800010911;1.0;31;0;0.0;9.0;0.0;1.0;B01
201800010911;2.0;15;0;0.0;0.0;0.0;1.0;A01
201800010912;0.0;7;0;0.0;0.0;0.0;0.0;A01
201800010912;0.0;2;0;0.0;0.0;7.0;0.0;B01
201800010913;1.0;7;0;13.0;0.0;1.0;14.0;A01
201800010914;1.0;10;0;0.0;2.0;2.0;2.0;A01
201800010914;1.0;30;0;3.0;0.0;4.0;2.0;B01
201800010915;0.0;7;0;0.0;2.0;3.0;19.0;A01
201800010915;0.0;7;0;8.0;2.0;1.0;1.0;B01
201800010916;1.0;7;0;0.0;2.0;2.0;1.0;A01
201800010916;2.0;14;0;0.0;2.0;3.0;1.0;B01
201800010917;2.0;7;0;0.0;2.0;3.0;1.0;B01
201800010917;1.0;7;0;0.0;2.0;3.0;15.0;A01
201800010918;1.0;31;0;0.0;0.0;7.0;2.0;B01
201800010918;1.0;7;0;0.0;2.0;3.0;15.0;A01
201800010919;2.0;7;0;0.0;2.0;1.0;13.0;A01
201800010919;1.0;7;0;0.0;2.0;3.0;1.0;C01
201800010919;1.0;7;0;0.0;2.0;8.0;1.0;B01
201800010920;1.0;15;0;0.0;2.0;1.0;1.0;B01
201800010920;2.0;7;0;0.0;2.0;3.0;13.0;A01
201800010921;1.0;33;0;2.0;0.0;1.0;1.0;A01
201800010922;2.0;7;0;1.0;1.0;2.0;1.0;A01
201800010923;2.0;7;0;0.0;2.0;2.0;1.0;C01
201800010923;1.0;7;0;0.0;2.0;1.0;13.0;A01
201800010923;2.0;7;0;0.0;2.0;1.0;1.0;B01
201800010924;2.0;7;0;0.0;2.0;1.0;1.0;B01
201800010924;1.0;7;0;0.0;2.0;1.0;15.0;A01
201800010925;2.0;7;0;7.0;0.0;1.0;2.0;A01
201800010926;1.0;7;0;0.0;2.0;1.0;1.0;A01
201800010926;2.0;7;0;0.0;2.0;1.0;1.0;B01
201800010927;2.0;7;0;0.0;0.0;6.0;15.0;B01
201800010927;1.0;33;0;0.0;2.0;1.0;1.0;A01
201800010928;1.0;33;0;14.0;0.0;1.0;13.0;A01
201800010929;2.0;7;0;0.0;2.0;1.0;13.0;A01
201800010929;1.0;7;0;0.0;2.0;1.0;1.0;B01
201800010930;2.0;7;0;0.0;2.0;3.0;13.0;A01
201800010930;1.0;7;0;0.0;2.0;6.0;1.0;B01
201800010930;1.0;7;0;0.0;2.0;3.0;1.0;C01
201800010931;1.0;7;0;2.0;0.0;3.0;13.0;A01
201800010932;1.0;7;0;13.0;2.0;3.0;13.0;A01
201800010932;2.0;14;0;13.0;2.0;3.0;1.0;B01
201800010933;2.0;7;0;2.0;0.0;2.0;0.0;A01
201800010934;1.0;7;0;6.0;0.0;1.0;1.0;A01
201800010935;1.0;33;0;0.0;2.0;1.0;15.0;A01
201800010935;1.0;7;0;0.0;0.0;2.0;17.0;B01
201800010936;0.0;33;0;0.0;2.0;2.0;17.0;A01
201800010936;1.0;7;0;0.0;2.0;8.0;15.0;B01
201800010937;1.0;15;0;3.0;0.0;3.0;1.0;A01
201800010938;2.0;7;0;0.0;2.0;6.0;1.0;B01
201800010938;0.0;7;0;0.0;2.0;1.0;19.0;A01
201800010939;1.0;32;0;0.0;6.0;1.0;0.0;A01
201800010940;1.0;7;0;0.0;2.0;5.0;1.0;B01
201800010940;0.0;7;0;0.0;2.0;1.0;19.0;A01
201800010941;1.0;7;0;2.0;0.0;8.0;1.0;B01
201800010941;2.0;7;0;0.0;2.0;1.0;1.0;A01
201800010942;2.0;7;0;0.0;2.0;1.0;1.0;C01
201800010942;1.0;7;0;0.0;2.0;3.0;1.0;A01
201800010942;2.0;7;0;0.0;2.0;8.0;1.0;B01
201800010943;0.0;7;0;0.0;1.0;2.0;1.0;A01
201800010944;0.0;10;0;0.0;0.0;3.0;1.0;A01
201800010944;0.0;10;0;0.0;0.0;3.0;1.0;B01
201800010944;0.0;7;0;0.0;2.0;1.0;1.0;C01
201800010945;1.0;33;0;0.0;0.0;7.0;1.0;A01
201800010946;2.0;33;0;7.0;0.0;1.0;17.0;A01
201800010947;0.0;36;0;0.0;0.0;0.0;0.0;A01
201800010948;1.0;33;0;16.0;0.0;1.0;16.0;A01
201800010949;2.0;33;0;13.0;0.0;8.0;15.0;A01
201800010950;2.0;7;0;0.0;2.0;1.0;1.0;B01
201800010950;1.0;7;0;0.0;2.0;1.0;5.0;A01
201800010951;2.0;33;0;0.0;2.0;1.0;2.0;C01
201800010951;2.0;33;0;0.0;2.0;4.0;2.0;A01
201800010951;2.0;33;0;0.0;2.0;1.0;2.0;B01
201800010952;1.0;33;0;0.0;0.0;7.0;1.0;A01
201800010953;0.0;33;0;0.0;0.0;0.0;0.0;A01
201800010954;1.0;7;0;13.0;0.0;1.0;14.0;A01
201800010955;1.0;7;0;2.0;0.0;7.0;14.0;A01
201800010956;2.0;2;0;0.0;2.0;1.0;13.0;A01
201800010956;1.0;7;0;0.0;2.0;1.0;1.0;B01
201800010957;2.0;31;0;0.0;2.0;1.0;1.0;B01
201800010957;0.0;7;0;0.0;2.0;5.0;19.0;A01
201800010958;0.0;7;0;2.0;0.0;7.0;1.0;A01
201800010959;0.0;7;0;0.0;0.0;0.0;1.0;A01
201800010960;1.0;33;0;0.0;2.0;3.0;1.0;A01
201800010960;2.0;10;0;0.0;0.0;5.0;0.0;B01
201800010961;1.0;7;0;13.0;0.0;2.0;2.0;A01
201800010962;0.0;7;0;0.0;2.0;3.0;15.0;A01
201800010962;0.0;33;0;0.0;2.0;7.0;17.0;B01
201800010963;0.0;2;0;0.0;2.0;1.0;1.0;B01
201800010963;0.0;7;0;0.0;0.0;4.0;1.0;A01
201800010964;2.0;7;0;0.0;2.0;1.0;1.0;B01
201800010964;1.0;7;0;0.0;2.0;3.0;15.0;A01
201800010965;2.0;34;0;0.0;1.0;1.0;1.0;A01
201800010966;2.0;10;0;0.0;2.0;1.0;1.0;A01
201800010966;1.0;10;0;0.0;2.0;1.0;15.0;B01
201800010967;0.0;7;0;0.0;2.0;1.0;19.0;B01
201800010967;0.0;7;0;6.0;0.0;3.0;1.0;A01
201800010968;0.0;7;0;0.0;2.0;1.0;21.0;B01
201800010968;0.0;7;0;0.0;2.0;1.0;13.0;A01
201800010969;0.0;7;0;0.0;2.0;1.0;1.0;B01
201800010969;0.0;7;0;0.0;2.0;3.0;19.0;A01
201800010970;0.0;33;0;0.0;0.0;6.0;19.0;B01
201800010970;1.0;7;0;0.0;2.0;2.0;19.0;A01
201800010971;2.0;7;0;2.0;0.0;1.0;0.0;A01
201800010972;0.0;7;0;0.0;2.0;5.0;19.0;A01
201800010972;0.0;33;0;0.0;2.0;1.0;1.0;B01
201800010973;2.0;7;0;0.0;2.0;1.0;1.0;B01
201800010973;1.0;7;0;0.0;2.0;1.0;13.0;A01
201800010974;0.0;7;0;0.0;2.0;1.0;1.0;A01
201800010974;0.0;7;0;0.0;2.0;1.0;1.0;B01
201800010975;1.0;7;0;0.0;2.0;3.0;1.0;B01
201800010975;2.0;7;0;0.0;2.0;3.0;13.0;A01
201800010976;0.0;33;0;0.0;0.0;0.0;2.0;A01
201800010977;2.0;7;0;13.0;0.0;1.0;14.0;A01
201800010978;2.0;34;0;0.0;2.0;2.0;13.0;A01
201800010978;1.0;7;0;0.0;2.0;3.0;1.0;B01
201800010979;0.0;7;0;13.0;2.0;3.0;1.0;B01
201800010979;0.0;7;0;13.0;2.0;3.0;13.0;A01
201800010979;0.0;7;0;13.0;2.0;3.0;1.0;C01
201800010980;0.0;7;0;0.0;2.0;3.0;1.0;A01
201800010980;0.0;7;0;0.0;2.0;3.0;1.0;B01
201800010981;0.0;7;0;2.0;0.0;7.0;16.0;A01
201800010982;2.0;7;0;7.0;0.0;3.0;0.0;A01
201800010983;2.0;7;0;0.0;2.0;1.0;1.0;B01
201800010983;1.0;10;0;0.0;2.0;1.0;5.0;A01
201800010983;2.0;7;0;0.0;2.0;1.0;2.0;C01
201800010984;2.0;7;0;0.0;2.0;3.0;0.0;C01
201800010984;1.0;7;0;0.0;2.0;3.0;0.0;A01
201800010984;1.0;7;0;0.0;2.0;1.0;0.0;B01
201800010985;0.0;7;0;9.0;2.0;4.0;24.0;B01
201800010985;1.0;7;0;1.0;0.0;1.0;13.0;A01
201800010986;1.0;7;0;5.0;0.0;3.0;5.0;A01
201800010987;0.0;7;0;0.0;2.0;1.0;16.0;B01
201800010987;0.0;7;0;0.0;2.0;8.0;15.0;A01
201800010988;0.0;1;0;0.0;2.0;3.0;2.0;B01
201800010988;0.0;3;0;0.0;9.0;6.0;16.0;A01
201800010989;1.0;7;0;0.0;2.0;3.0;13.0;A01
201800010989;2.0;7;0;0.0;2.0;1.0;21.0;B01
201800010989;2.0;7;0;0.0;2.0;1.0;21.0;C01
201800010990;0.0;7;0;0.0;1.0;3.0;1.0;A01
201800010991;2.0;7;0;0.0;1.0;2.0;1.0;A01
201800010992;0.0;99;0;0.0;0.0;0.0;1.0;A01
201800010993;2.0;7;0;0.0;2.0;3.0;1.0;B01
201800010993;1.0;7;0;0.0;2.0;3.0;13.0;A01
201800010994;1.0;33;0;0.0;2.0;5.0;17.0;B01
201800010994;1.0;7;0;0.0;2.0;3.0;10.0;A01
201800010995;1.0;7;0;0.0;0.0;8.0;1.0;A01
201800010995;2.0;7;0;0.0;2.0;1.0;1.0;B01
201800010996;0.0;7;0;0.0;1.0;4.0;4.0;A01
201800010997;2.0;7;0;0.0;9.0;2.0;1.0;A01
201800010997;2.0;1;0;0.0;0.0;4.0;2.0;B01
201800010998;0.0;33;0;0.0;2.0;1.0;1.0;B01
201800010998;0.0;33;0;0.0;2.0;6.0;10.0;A01
201800010999;2.0;7;0;0.0;2.0;3.0;1.0;A01
201800010999;2.0;37;4;0.0;2.0;8.0;15.0;B01
201800011000;2.0;7;0;0.0;2.0;3.0;1.0;B01
201800011000;1.0;7;0;0.0;2.0;3.0;0.0;A01
201800011001;1.0;7;0;0.0;2.0;6.0;0.0;A01
201800011001;2.0;10;0;0.0;2.0;3.0;1.0;B01
201800011002;0.0;33;0;0.0;0.0;8.0;3.0;A01
201800011002;0.0;7;0;0.0;9.0;7.0;0.0;B01
201800011003;2.0;1;0;0.0;2.0;1.0;19.0;A01
201800011003;1.0;7;0;0.0;2.0;8.0;1.0;B01
201800011004;1.0;34;0;11.0;0.0;1.0;0.0;A01
201800011005;0.0;1;0;0.0;0.0;0.0;0.0;A01
201800011005;0.0;99;0;0.0;2.0;3.0;19.0;B01
201800011006;0.0;7;0;0.0;1.0;1.0;17.0;A01
201800011007;2.0;7;0;8.0;0.0;1.0;1.0;A01
201800011008;2.0;7;0;0.0;2.0;3.0;6.0;A01
201800011008;1.0;1;0;0.0;2.0;1.0;19.0;B01
201800011009;0.0;7;0;0.0;1.0;1.0;15.0;A01
201800011010;0.0;7;0;0.0;2.0;8.0;1.0;A01
201800011010;0.0;33;0;0.0;0.0;7.0;1.0;B01
201800011011;1.0;7;0;15.0;0.0;9.0;2.0;A01
201800011012;1.0;7;0;0.0;1.0;2.0;1.0;A01
201800011013;0.0;7;0;0.0;2.0;3.0;9.0;A01
201800011013;0.0;33;0;8.0;2.0;2.0;9.0;B01
201800011014;0.0;7;0;0.0;2.0;3.0;19.0;A01
201800011014;0.0;20;0;0.0;2.0;2.0;7.0;B01
201800011015;2.0;7;0;0.0;9.0;7.0;17.0;A01
201800011015;2.0;1;0;0.0;0.0;8.0;1.0;B01
201800011016;2.0;7;0;10.0;2.0;2.0;0.0;A01
201800011016;2.0;7;0;10.0;2.0;8.0;1.0;B01
201800011017;0.0;7;0;0.0;0.0;3.0;1.0;A01
201800011017;0.0;33;0;0.0;2.0;1.0;1.0;B01
201800011018;0.0;7;0;0.0;2.0;2.0;15.0;A01
201800011018;0.0;7;0;0.0;2.0;1.0;2.0;B01
201800011019;0.0;7;0;0.0;1.0;3.0;1.0;A01
201800011020;2.0;7;0;0.0;0.0;5.0;10.0;A01
201800011020;1.0;33;0;0.0;2.0;1.0;1.0;B01
201800011021;0.0;7;0;0.0;1.0;3.0;15.0;A01
201800011022;1.0;7;0;0.0;2.0;1.0;1.0;A01
201800011022;1.0;7;0;0.0;0.0;4.0;1.0;B01
201800011023;2.0;7;0;0.0;2.0;1.0;1.0;A01