Num_Acc;senc;catv;occutc;obs;obsm;choc;manv;num_veh
201800011023;1.0;7;0;0.0;2.0;1.0;1.0;B01
201800011024;0.0;7;0;0.0;1.0;3.0;1.0;A01
201800011025;1.0;10;0;0.0;2.0;1.0;2.0;A01
201800011025;1.0;7;0;0.0;2.0;4.0;2.0;B01
201800011026;0.0;7;0;0.0;2.0;3.0;1.0;B01
201800011026;0.0;7;0;0.0;2.0;2.0;19.0;A01
201800011026;0.0;7;0;0.0;2.0;1.0;23.0;C01
201800011027;1.0;7;0;0.0;2.0;3.0;13.0;A01
201800011027;2.0;7;0;0.0;2.0;3.0;1.0;B01
201800011027;2.0;7;0;0.0;2.0;3.0;1.0;C01
201800011028;2.0;7;0;0.0;2.0;1.0;5.0;A01
201800011028;1.0;7;0;0.0;2.0;1.0;1.0;B01
201800011029;0.0;2;0;0.0;0.0;0.0;1.0;A01
201800011030;2.0;33;0;0.0;0.0;1.0;1.0;A01
201800011031;1.0;7;0;0.0;2.0;3.0;13.0;A01
201800011031;2.0;7;0;0.0;2.0;3.0;1.0;B01
201800011032;1.0;7;0;13.0;0.0;2.0;14.0;A01
201800011033;0.0;7;0;0.0;9.0;2.0;1.0;A01
201800011033;0.0;1;0;0.0;2.0;8.0;1.0;B01
201800011034;2.0;7;0;0.0;0.0;5.0;1.0;A01
201800011034;2.0;33;0;0.0;2.0;1.0;1.0;B01
201800011035;2.0;7;0;13.0;0.0;1.0;1.0;A01
201800011036;1.0;7;0;0.0;2.0;1.0;13.0;A01
201800011036;2.0;15;0;0.0;2.0;8.0;1.0;B01
201800011037;2.0;33;0;2.0;0.0;1.0;0.0;A01
201800011038;0.0;2;0;12.0;0.0;1.0;1.0;A01
201800011039;0.0;33;0;16.0;0.0;1.0;1.0;A01
201800011040;1.0;13;0;0.0;1.0;0.0;2.0;A01
201800011041;0.0;7;0;8.0;0.0;0.0;0.0;A01
201800011042;2.0;33;0;0.0;6.0;1.0;1.0;A01
201800011043;0.0;7;0;13.0;0.0;1.0;1.0;A01
201800011044;1.0;2;0;12.0;0.0;0.0;1.0;A01
201800011045;0.0;36;0;8.0;0.0;1.0;1.0;A01
201800011046;0.0;7;0;0.0;2.0;1.0;5.0;A01
201800011046;0.0;10;0;0.0;2.0;1.0;5.0;B01
201800011047;2.0;7;0;2.0;0.0;1.0;1.0;A01
201800011048;0.0;7;0;0.0;1.0;1.0;1.0;A01
201800011049;1.0;7;0;4.0;2.0;1.0;1.0;A01
201800011049;1.0;7;0;0.0;2.0;6.0;1.0;B01
201800011050;0.0;7;0;0.0;2.0;2.0;9.0;A01
201800011050;0.0;32;0;0.0;2.0;2.0;0.0;B01
201800011051;1.0;1;0;0.0;2.0;3.0;1.0;B01
201800011051;2.0;7;0;0.0;9.0;3.0;15.0;A01
201800011052;2.0;7;0;0.0;2.0;1.0;1.0;A01
201800011052;1.0;7;0;0.0;2.0;3.0;1.0;B01
201800011052;1.0;7;0;0.0;2.0;1.0;1.0;C01
201800011053;2.0;7;0;13.0;0.0;1.0;1.0;A01
201800011053;2.0;7;0;7.0;0.0;5.0;19.0;B01
201800011054;0.0;7;0;0.0;1.0;1.0;1.0;A01
201800011055;1.0;33;0;0.0;2.0;1.0;13.0;B01
201800011055;0.0;7;0;0.0;0.0;6.0;15.0;A01
201800011056;1.0;7;0;6.0;1.0;2.0;0.0;A01
201800011056;2.0;7;0;0.0;2.0;2.0;0.0;B01
201800011057;1.0;2;0;12.0;0.0;7.0;0.0;A01
201800011058;0.0;7;0;13.0;0.0;1.0;1.0;A01
201800011059;0.0;7;0;2.0;0.0;9.0;9.0;A01
201800011060;0.0;7;0;0.0;1.0;3.0;15.0;A01
201800011061;0.0;7;0;0.0;9.0;1.0;15.0;A01
201800011061;0.0;1;0;0.0;2.0;8.0;1.0;B01
201800011062;2.0;14;0;0.0;2.0;8.0;19.0;A01
201800011062;1.0;7;0;0.0;2.0;1.0;1.0;B01
201800011063;1.0;2;0;0.0;2.0;7.0;17.0;A01
201800011063;1.0;7;0;0.0;2.0;3.0;15.0;B01
201800011064;2.0;7;0;2.0;0.0;2.0;14.0;A01
201800011065;1.0;7;0;12.0;2.0;3.0;1.0;A01
201800011065;2.0;7;0;12.0;2.0;2.0;15.0;B01
201800011066;2.0;2;0;0.0;2.0;1.0;1.0;B01
201800011066;0.0;7;0;0.0;2.0;3.0;15.0;A01
201800011067;0.0;7;0;0.0;0.0;3.0;1.0;A01
201800011068;0.0;33;0;0.0;0.0;0.0;1.0;A01
201800011069;1.0;2;0;14.0;0.0;1.0;16.0;A01
201800011070;1.0;99;0;6.0;0.0;1.0;1.0;A01
201800011071;1.0;2;0;1.0;0.0;1.0;14.0;A01
201800011072;2.0;7;0;0.0;2.0;2.0;10.0;A01
201800011072;2.0;30;0;0.0;2.0;1.0;1.0;B01
201800011073;0.0;7;0;0.0;2.0;2.0;15.0;A01
201800011073;0.0;7;0;0.0;2.0;1.0;1.0;B01
201800011074;2.0;2;0;0.0;2.0;1.0;1.0;B01
201800011074;2.0;7;0;0.0;2.0;6.0;16.0;A01
201800011075;1.0;7;0;1.0;0.0;2.0;14.0;A01
201800011076;0.0;7;0;0.0;1.0;2.0;1.0;A01
201800011077;2.0;7;0;2.0;0.0;1.0;1.0;A01
201800011078;2.0;7;0;0.0;1.0;1.0;1.0;A01
201800011079;1.0;7;0;0.0;2.0;4.0;0.0;B01
201800011079;1.0;7;0;0.0;2.0;1.0;0.0;A01
201800011080;1.0;7;0;0.0;2.0;8.0;15.0;A01
201800011080;0.0;1;0;0.0;2.0;1.0;1.0;B01
201800011081;1.0;7;0;8.0;0.0;3.0;13.0;A01
201800011082;1.0;13;0;0.0;2.0;5.0;1.0;B01
201800011082;1.0;17;0;0.0;2.0;2.0;17.0;A01
201800011083;1.0;2;0;0.0;2.0;2.0;1.0;A01
201800011083;1.0;7;0;0.0;2.0;2.0;10.0;B01
201800011084;0.0;1;0;16.0;0.0;1.0;0.0;A01
201800011085;2.0;1;0;16.0;0.0;0.0;0.0;A01
201800011086;2.0;7;0;0.0;1.0;3.0;0.0;A01
201800011087;1.0;7;0;13.0;0.0;1.0;0.0;A01
201800011088;0.0;7;0;16.0;0.0;1.0;19.0;A01
201800011089;2.0;7;0;0.0;2.0;1.0;2.0;A01
201800011089;1.0;7;0;0.0;2.0;4.0;2.0;B01
201800011090;2.0;10;0;0.0;2.0;7.0;15.0;A01
201800011090;1.0;30;0;0.0;2.0;8.0;1.0;B01
201800011091;1.0;7;0;0.0;1.0;1.0;1.0;A01
201800011092;1.0;7;0;0.0;1.0;1.0;1.0;A01
201800011093;1.0;7;0;0.0;2.0;1.0;2.0;A01
201800011093;1.0;2;0;0.0;2.0;4.0;1.0;B01
201800011094;1.0;7;0;0.0;1.0;7.0;1.0;A01
201800011095;1.0;15;0;0.0;2.0;7.0;17.0;A01
201800011095;1.0;7;0;0.0;2.0;8.0;1.0;B01
201800011096;1.0;10;0;0.0;1.0;1.0;1.0;A01
201800011097;2.0;7;0;0.0;1.0;3.0;1.0;A01
201800011098;2.0;7;0;0.0;2.0;2.0;1.0;B01
201800011098;2.0;7;0;0.0;2.0;8.0;11.0;A01
201800011099;2.0;7;0;0.0;1.0;1.0;9.0;A01
201800011100;0.0;7;0;6.0;0.0;1.0;1.0;A01
201800011101;1.0;34;0;0.0;2.0;1.0;1.0;B01
201800011101;1.0;10;0;0.0;2.0;7.0;19.0;A01
201800011102;2.0;33;0;0.0;5.0;1.0;1.0;A01
201800011103;1.0;7;0;0.0;0.0;0.0;0.0;A01
201800011104;0.0;33;0;0.0;2.0;7.0;5.0;A01
201800011104;0.0;14;0;0.0;2.0;3.0;21.0;B01
201800011105;1.0;7;0;2.0;0.0;1.0;16.0;A01
201800011106;0.0;33;0;0.0;0.0;0.0;1.0;A01
201800011107;2.0;7;0;13.0;0.0;1.0;1.0;A01
201800011108;1.0;7;0;1.0;0.0;3.0;1.0;A01
201800011109;0.0;33;0;16.0;0.0;7.0;1.0;A01
201800011110;2.0;7;0;1.0;2.0;3.0;1.0;A01
201800011110;1.0;7;0;0.0;2.0;3.0;13.0;B01
201800011111;0.0;7;0;16.0;0.0;7.0;19.0;A01
201800011111;2.0;7;0;0.0;2.0;1.0;1.0;B01
201800011112;1.0;7;0;0.0;2.0;1.0;5.0;A01
201800011112;2.0;7;0;0.0;2.0;1.0;1.0;B01
201800011112;2.0;10;0;0.0;2.0;8.0;1.0;C01
201800011112;2.0;7;0;0.0;2.0;8.0;1.0;D01
201800011113;2.0;7;0;0.0;0.0;1.0;13.0;A01
201800011114;1.0;7;0;0.0;2.0;1.0;5.0;A01
201800011114;2.0;7;0;0.0;2.0;2.0;1.0;B01
201800011115;1.0;33;0;0.0;2.0;1.0;17.0;A01
201800011115;2.0;7;0;0.0;2.0;1.0;1.0;B01
201800011116;2.0;1;0;0.0;2.0;3.0;16.0;A01
201800011116;0.0;7;0;0.0;2.0;2.0;1.0;B01
201800011117;0.0;7;0;0.0;2.0;3.0;0.0;A01
201800011117;0.0;2;0;0.0;2.0;1.0;0.0;B01
201800011118;2.0;7;0;0.0;2.0;3.0;9.0;A01
201800011118;2.0;31;0;0.0;2.0;1.0;2.0;B01
201800011119;0.0;7;0;13.0;0.0;3.0;1.0;A01
201800011120;0.0;7;0;0.0;2.0;6.0;9.0;A01
201800011120;0.0;31;0;0.0;2.0;1.0;1.0;B01
201800011121;2.0;33;0;0.0;0.0;7.0;1.0;A01
201800011122;1.0;7;0;0.0;1.0;1.0;16.0;A01
201800011123;2.0;7;0;0.0;2.0;7.0;13.0;A01
201800011123;1.0;7;0;0.0;2.0;1.0;1.0;B01
201800011124;1.0;7;0;13.0;0.0;1.0;1.0;A01
201800011125;1.0;7;0;16.0;0.0;1.0;1.0;A01
201800011126;2.0;7;0;6.0;0.0;1.0;1.0;A01
201800011127;2.0;7;0;0.0;2.0;2.0;2.0;A01
201800011127;2.0;7;0;0.0;0.0;6.0;16.0;B01
201800011128;1.0;7;0;3.0;2.0;1.0;1.0;A01
201800011128;2.0;7;0;0.0;2.0;1.0;1.0;B01
201800011129;0.0;7;0;0.0;2.0;1.0;15.0;A01
201800011129;2.0;33;0;0.0;2.0;1.0;1.0;B01
201800011130;0.0;1;0;0.0;0.0;1.0;1.0;A01
201800011131;1.0;2;0;8.0;0.0;2.0;1.0;A01
201800011132;2.0;7;0;0.0;2.0;2.0;0.0;A01
201800011132;2.0;2;0;0.0;2.0;4.0;1.0;B01
201800011133;1.0;7;0;0.0;2.0;1.0;1.0;A01
201800011133;1.0;7;0;0.0;0.0;4.0;15.0;B01
201800011134;1.0;7;0;0.0;2.0;7.0;2.0;A01
201800011134;1.0;1;0;0.0;2.0;6.0;1.0;B01
201800011135;0.0;7;0;0.0;9.0;2.0;2.0;A01
201800011135;0.0;1;0;0.0;0.0;0.0;2.0;B01
201800011135;0.0;1;0;0.0;0.0;0.0;2.0;C01
201800011136;0.0;7;0;0.0;2.0;1.0;17.0;A01
201800011136;0.0;7;0;0.0;2.0;1.0;1.0;B01
201800011136;0.0;7;0;0.0;2.0;1.0;1.0;C01
201800011137;0.0;7;0;0.0;1.0;4.0;4.0;A01
201800011138;2.0;7;0;13.0;0.0;2.0;1.0;A01
201800011139;2.0;7;0;13.0;0.0;1.0;1.0;A01
201800011140;2.0;7;0;13.0;0.0;7.0;13.0;A01
201800011141;1.0;7;0;2.0;0.0;1.0;17.0;A01
201800011142;1.0;7;0;0.0;9.0;8.0;2.0;B01
201800011142;2.0;7;0;0.0;2.0;1.0;19.0;A01
201800011143;1.0;7;0;3.0;0.0;2.0;0.0;A01
201800011144;0.0;7;0;0.0;1.0;3.0;13.0;A01
201800011145;0.0;7;0;6.0;0.0;0.0;1.0;A01
201800011146;2.0;7;0;8.0;0.0;9.0;2.0;A01
201800011147;2.0;7;0;0.0;2.0;3.0;13.0;A01
201800011147;1.0;7;0;0.0;2.0;3.0;1.0;B01
201800011148;0.0;7;0;0.0;1.0;4.0;4.0;A01
201800011149;2.0;2;0;0.0;0.0;3.0;0.0;A01
201800011150;1.0;7;0;0.0;2.0;1.0;1.0;B01
201800011150;0.0;7;0;7.0;0.0;7.0;1.0;A01
201800011151;1.0;7;0;13.0;0.0;2.0;2.0;A01
201800011152;1.0;7;0;13.0;0.0;1.0;16.0;A01
201800011153;0.0;7;0;0.0;2.0;3.0;19.0;A01
201800011153;2.0;7;0;0.0;2.0;2.0;1.0;B01
201800011154;0.0;30;0;0.0;0.0;7.0;1.0;A01
201800011155;0.0;10;0;0.0;2.0;8.0;1.0;A01
201800011155;0.0;2;0;0.0;2.0;2.0;1.0;B01
201800011156;2.0;7;0;0.0;2.0;7.0;13.0;A01
201800011156;1.0;7;0;0.0;2.0;1.0;1.0;B01
201800011157;1.0;7;0;0.0;2.0;3.0;16.0;A01
201800011157;2.0;7;0;0.0;2.0;3.0;1.0;B01
201800011158;1.0;7;0;6.0;0.0;1.0;1.0;A01
201800011159;1.0;7;0;13.0;0.0;2.0;14.0;A01
201800011160;0.0;7;0;0.0;2.0;3.0;13.0;A01
201800011160;0.0;7;0;0.0;2.0;3.0;1.0;B01
201800011161;1.0;7;0;0.0;2.0;2.0;2.0;A01
201800011161;1.0;2;0;0.0;0.0;4.0;2.0;B01
201800011162;2.0;7;0;0.0;2.0;7.0;13.0;A01
201800011162;1.0;7;0;0.0;2.0;1.0;1.0;B01
201800011163;2.0;7;0;0.0;9.0;3.0;9.0;A01
201800011163;1.0;1;0;0.0;2.0;1.0;1.0;B01
201800011164;0.0;1;0;0.0;0.0;4.0;0.0;A01
201800011165;0.0;7;0;0.0;2.0;1.0;1.0;A01
201800011165;0.0;31;0;12.0;2.0;7.0;1.0;B01
201800011166;1.0;31;0;0.0;2.0;1.0;1.0;A01
201800011166;0.0;7;0;0.0;2.0;6.0;19.0;B01
201800011167;0.0;7;0;0.0;2.0;1.0;15.0;A01
201800011167;0.0;30;0;0.0;2.0;1.0;1.0;B01
201800011168;1.0;7;0;0.0;1.0;1.0;1.0;A01
201800011169;1.0;7;0;3.0;0.0;3.0;13.0;A01
201800011170;0.0;2;0;1.0;0.0;1.0;0.0;A01
201800011171;1.0;7;0;0.0;0.0;9.0;13.0;A01
201800011172;1.0;2;0;0.0;2.0;1.0;1.0;A01
201800011172;2.0;7;0;0.0;2.0;7.0;15.0;B01
201800011173;0.0;1;0;0.0;2.0;1.0;15.0;A01
201800011173;0.0;7;0;0.0;9.0;2.0;1.0;B01
201800011174;1.0;7;0;0.0;2.0;1.0;1.0;B01
201800011174;0.0;7;0;0.0;2.0;8.0;1.0;A01
201800011175;2.0;2;0;0.0;2.0;1.0;1.0;A01
201800011175;1.0;7;0;0.0;2.0;1.0;1.0;B01
201800011176;1.0;7;0;0.0;2.0;3.0;15.0;A01
201800011176;2.0;7;0;0.0;2.0;2.0;1.0;B01
201800011177;1.0;33;0;2.0;0.0;1.0;1.0;A01
201800011178;0.0;1;0;0.0;0.0;0.0;1.0;A01
201800011179;1.0;33;0;0.0;0.0;8.0;1.0;A01
201800011180;2.0;33;0;0.0;2.0;1.0;1.0;B01
201800011180;1.0;10;0;0.0;2.0;7.0;15.0;A01
201800011181;2.0;10;0;0.0;0.0;1.0;1.0;B01
201800011181;1.0;1;0;0.0;2.0;8.0;1.0;A01
201800011182;1.0;7;0;2.0;0.0;8.0;14.0;A01
201800011183;2.0;7;0;2.0;0.0;1.0;1.0;A01
201800011184;1.0;10;0;0.0;2.0;2.0;1.0;B01
201800011184;1.0;7;0;0.0;2.0;2.0;0.0;A01
201800011185;2.0;10;0;2.0;0.0;1.0;13.0;A01
201800011186;1.0;14;0;2.0;0.0;1.0;1.0;A01
201800011187;1.0;7;0;0.0;2.0;1.0;1.0;C01
201800011187;1.0;7;0;0.0;2.0;6.0;1.0;B01
201800011187;2.0;7;0;0.0;2.0;1.0;1.0;A01
201800011188;2.0;7;0;0.0;0.0;9.0;0.0;A01
201800011189;1.0;7;0;6.0;0.0;9.0;1.0;A01
201800011190;2.0;7;0;0.0;0.0;3.0;15.0;B01
201800011190;2.0;33;0;0.0;2.0;1.0;2.0;A01
201800011191;2.0;7;0;0.0;2.0;1.0;1.0;B01
201800011191;0.0;7;0;0.0;2.0;8.0;19.0;A01
201800011192;1.0;7;0;0.0;1.0;2.0;1.0;A01
201800011193;2.0;7;0;0.0;2.0;4.0;2.0;A01
201800011193;2.0;7;0;0.0;2.0;1.0;2.0;B01
201800011194;1.0;2;0;6.0;0.0;2.0;1.0;A01
201800011195;0.0;7;0;14.0;0.0;2.0;1.0;A01
201800011196;1.0;21;0;0.0;0.0;0.0;0.0;A01
201800011197;1.0;7;0;0.0;1.0;3.0;1.0;A01
201800011198;1.0;7;0;0.0;0.0;0.0;21.0;A01
201800011199;0.0;7;0;0.0;1.0;2.0;16.0;A01
201800011200;1.0;32;0;3.0;0.0;2.0;1.0;A01
201800011201;2.0;7;0;0.0;2.0;7.0;1.0;B01
201800011201;1.0;33;0;0.0;2.0;0.0;0.0;A01
201800011202;2.0;7;0;0.0;2.0;1.0;1.0;B01
201800011202;2.0;31;0;0.0;2.0;1.0;1.0;C01
201800011202;1.0;10;0;0.0;0.0;8.0;15.0;A01
201800011203;1.0;7;0;3.0;0.0;0.0;0.0;A01
201800011204;2.0;7;0;0.0;2.0;3.0;1.0;B01
201800011204;1.0;33;0;0.0;2.0;1.0;5.0;A01
201800011205;1.0;33;0;0.0;2.0;1.0;1.0;A01
201800011205;2.0;10;0;0.0;2.0;3.0;1.0;B01
201800011206;1.0;2;0;0.0;2.0;3.0;1.0;A01
201800011206;2.0;7;0;0.0;2.0;3.0;1.0;B02
201800011207;1.0;7;0;0.0;2.0;3.0;13.0;A01
201800011207;2.0;7;0;0.0;2.0;6.0;1.0;B01
201800011208;2.0;33;0;0.0;0.0;1.0;0.0;A01
201800011209;0.0;7;0;0.0;2.0;3.0;13.0;A01
201800011209;0.0;7;0;0.0;2.0;3.0;1.0;B01
201800011210;1.0;7;0;0.0;1.0;3.0;1.0;A01
201800011211;2.0;7;0;0.0;2.0;1.0;5.0;A01
201800011211;1.0;15;0;0.0;2.0;1.0;1.0;B01
201800011212;2.0;7;0;10.0;0.0;7.0;0.0;A01
201800011213;1.0;33;0;0.0;2.0;1.0;17.0;A01
201800011213;2.0;7;0;0.0;2.0;1.0;1.0;B01
201800011214;0.0;31;0;0.0;0.0;7.0;0.0;A01
201800011215;1.0;7;0;0.0;2.0;7.0;1.0;A01
201800011215;2.0;7;0;0.0;2.0;1.0;1.0;B01
201800011216;1.0;7;0;0.0;1.0;1.0;1.0;B01
201800011217;1.0;14;0;2.0;0.0;7.0;1.0;A01
201800011218;1.0;7;0;16.0;0.0;0.0;1.0;A01
201800011219;1.0;7;0;0.0;1.0;2.0;1.0;A01
201800011220;2.0;7;0;0.0;2.0;1.0;19.0;A01
201800011220;1.0;33;0;0.0;2.0;3.0;1.0;B01
201800011221;2.0;7;0;0.0;0.0;1.0;14.0;A01
201800011222;1.0;7;0;0.0;2.0;3.0;0.0;A01
201800011222;2.0;7;0;0.0;2.0;3.0;0.0;B01
201800011222;2.0;7;0;0.0;2.0;1.0;0.0;C01
201800011223;2.0;7;0;0.0;2.0;7.0;5.0;A01
201800011223;1.0;7;0;0.0;2.0;1.0;1.0;B01
201800011224;1.0;7;0;2.0;0.0;1.0;1.0;A01
201800011225;1.0;7;0;13.0;2.0;1.0;1.0;A01
201800011225;1.0;7;0;0.0;0.0;6.0;23.0;B01
201800011226;1.0;17;0;0.0;2.0;2.0;1.0;B01
201800011226;1.0;2;0;0.0;2.0;8.0;1.0;A01
201800011227;1.0;10;0;2.0;0.0;7.0;1.0;A01
201800011228;1.0;7;0;0.0;2.0;8.0;13.0;A01
201800011228;2.0;33;0;0.0;2.0;8.0;1.0;B01
201800011229;1.0;33;0;13.0;0.0;7.0;1.0;A01
201800011230;1.0;7;0;0.0;2.0;1.0;15.0;A01
201800011230;1.0;7;0;0.0;2.0;1.0;1.0;B01
201800011231;1.0;7;0;6.0;0.0;1.0;1.0;A01
201800011232;2.0;7;0;13.0;2.0;4.0;1.0;B01
201800011232;1.0;7;0;0.0;2.0;4.0;2.0;A01
201800011233;0.0;2;0;0.0;2.0;1.0;1.0;A01
201800011233;0.0;7;0;0.0;2.0;3.0;1.0;B01
201800011234;2.0;7;0;0.0;2.0;8.0;19.0;A01
201800011234;2.0;10;0;0.0;2.0;1.0;1.0;B01
201800011235;1.0;7;0;0.0;2.0;3.0;19.0;A01
201800011235;1.0;7;0;0.0;2.0;2.0;1.0;B02
201800011236;2.0;7;0;6.0;0.0;8.0;13.0;A01
201800011237;0.0;7;0;0.0;1.0;0.0;1.0;A01
201800011238;0.0;1;0;0.0;2.0;1.0;0.0;A01
201800011239;1.0;33;0;2.0;0.0;1.0;1.0;A01
201800011240;1.0;1;0;0.0;0.0;0.0;16.0;A01
201800011241;2.0;99;0;0.0;0.0;0.0;1.0;A01
201800011242;2.0;7;0;0.0;0.0;0.0;1.0;A01
201800011243;2.0;10;0;3.0;2.0;3.0;1.0;B01
201800011243;2.0;7;0;0.0;2.0;1.0;1.0;C01
201800011243;1.0;15;0;0.0;2.0;3.0;13.0;A01
201800011244;0.0;7;0;8.0;0.0;3.0;13.0;A01
201800011245;1.0;7;0;13.0;0.0;1.0;14.0;A01
201800011246;1.0;7;0;2.0;0.0;1.0;0.0;A01
201800011247;1.0;7;0;0.0;2.0;3.0;1.0;B01
201800011247;2.0;2;0;0.0;2.0;1.0;13.0;A01
201800011248;2.0;1;0;0.0;2.0;1.0;13.0;B01
201800011248;1.0;7;0;0.0;9.0;3.0;1.0;A01
201800011249;2.0;7;0;0.0;2.0;1.0;1.0;B01
201800011249;1.0;7;0;0.0;2.0;1.0;13.0;A01
201800011250;2.0;7;0;15.0;0.0;3.0;1.0;A01
201800011251;2.0;7;0;8.0;0.0;1.0;1.0;A01
201800011251;1.0;7;0;13.0;0.0;1.0;1.0;B01
201800011252;1.0;2;0;0.0;0.0;0.0;1.0;A01
201800011253;2.0;7;0;0.0;2.0;3.0;1.0;B01
201800011253;1.0;7;0;0.0;2.0;1.0;1.0;A01
201800011254;2.0;7;0;0.0;2.0;3.0;1.0;B01
201800011254;1.0;3;0;0.0;2.0;8.0;19.0;A01
201800011255;1.0;33;0;8.0;0.0;0.0;1.0;A01
201800011256;2.0;33;0;0.0;2.0;2.0;15.0;A01
201800011256;1.0;7;0;0.0;2.0;2.0;1.0;B01
201800011257;2.0;7;0;2.0;0.0;0.0;1.0;A01
201800011258;1.0;7;0;2.0;0.0;7.0;1.0;A01
201800011259;2.0;7;0;0.0;2.0;3.0;21.0;B01
201800011259;1.0;7;0;0.0;2.0;3.0;14.0;A01
201800011260;2.0;33;0;0.0;0.0;8.0;1.0;A01
201800011261;2.0;7;0;0.0;2.0;3.0;1.0;A01
201800011261;1.0;7;0;0.0;2.0;3.0;1.0;B01
201800011262;2.0;7;0;2.0;0.0;3.0;1.0;A01
201800011263;2.0;7;0;0.0;1.0;1.0;1.0;A01
201800011264;1.0;7;0;6.0;0.0;3.0;1.0;A01
201800011265;2.0;33;0;0.0;0.0;0.0;1.0;A01
201800011266;2.0;7;0;2.0;0.0;1.0;1.0;A01
201800011267;2.0;31;0;16.0;0.0;2.0;1.0;A01
201800011268;2.0;7;0;5.0;0.0;1.0;13.0;A01
201800011269;1.0;2;0;0.0;0.0;0.0;15.0;A01
201800011270;1.0;7;0;6.0;0.0;1.0;17.0;A01
201800011271;1.0;7;0;0.0;2.0;2.0;1.0;A01
201800011271;1.0;1;0;0.0;0.0;4.0;1.0;B01
201800011272;0.0;7;0;16.0;0.0;0.0;0.0;A01
201800011273;1.0;7;0;0.0;2.0;3.0;15.0;A01
201800011273;2.0;2;0;0.0;2.0;8.0;1.0;B01
201800011274;2.0;7;0;0.0;2.0;3.0;1.0;B01
201800011274;1.0;7;0;0.0;2.0;2.0;19.0;A01
201800011275;2.0;7;0;0.0;2.0;3.0;1.0;B01
201800011275;1.0;10;0;0.0;2.0;2.0;19.0;A01
201800011276;1.0;7;0;0.0;2.0;8.0;1.0;A01
201800011276;2.0;7;0;0.0;2.0;2.0;1.0;B01
201800011277;2.0;7;0;13.0;0.0;1.0;1.0;A01
201800011278;1.0;7;0;0.0;0.0;3.0;13.0;A01
201800011279;1.0;7;0;0.0;0.0;1.0;15.0;A01
201800011279;2.0;2;0;0.0;0.0;8.0;5.0;B01
201800011280;1.0;7;0;0.0;2.0;1.0;21.0;A01
201800011280;2.0;7;0;0.0;2.0;1.0;1.0;B01
201800011280;1.0;7;0;0.0;2.0;8.0;23.0;C01
201800011280;1.0;7;0;0.0;2.0;8.0;23.0;D01
201800011281;1.0;7;0;8.0;0.0;3.0;1.0;A01
201800011282;1.0;7;0;0.0;2.0;1.0;6.0;A01
201800011282;2.0;7;0;0.0;0.0;1.0;1.0;B01
201800011283;1.0;7;0;0.0;2.0;3.0;1.0;A01
201800011283;2.0;7;0;0.0;2.0;3.0;1.0;B01
201800011284;0.0;7;0;0.0;1.0;1.0;1.0;A01
201800011285;1.0;7;0;0.0;2.0;3.0;13.0;A01
201800011285;2.0;7;0;0.0;2.0;3.0;1.0;B01
201800011286;2.0;7;0;0.0;2.0;6.0;10.0;A01
201800011286;1.0;7;0;0.0;2.0;1.0;1.0;B01
201800011287;2.0;35;0;6.0;0.0;3.0;1.0;A01
201800011288;2.0;31;0;0.0;0.0;7.0;0.0;A01
201800011289;1.0;21;0;0.0;2.0;8.0;1.0;A01
201800011289;2.0;2;0;13.0;2.0;8.0;1.0;B01
201800011290;1.0;7;0;8.0;0.0;1.0;1.0;A01
201800011291;1.0;7;0;1.0;9.0;3.0;1.0;A01
201800011291;1.0;7;0;0.0;0.0;8.0;1.0;B01
201800011292;1.0;7;0;7.0;2.0;1.0;19.0;B01
201800011292;1.0;7;0;16.0;0.0;7.0;19.0;A01
201800011293;2.0;7;0;0.0;2.0;1.0;1.0;A01
201800011293;1.0;7;0;13.0;2.0;3.0;1.0;B01
201800011294;2.0;2;0;6.0;0.0;7.0;1.0;A01
201800011295;1.0;7;0;0.0;2.0;1.0;13.0;A01
201800011295;2.0;7;0;0.0;2.0;1.0;1.0;B01
201800011296;1.0;33;0;0.0;0.0;2.0;1.0;A01
201800011297;2.0;7;0;0.0;2.0;1.0;13.0;A01
201800011297;1.0;7;0;0.0;2.0;1.0;1.0;B01
201800011297;2.0;7;0;0.0;2.0;3.0;23.0;C01
201800011297;1.0;7;0;1.0;0.0;3.0;13.0;D01
201800011298;2.0;7;0;0.0;2.0;1.0;15.0;A01
201800011298;1.0;2;0;0.0;2.0;1.0;1.0;B01
201800011299;0.0;7;0;0.0;2.0;2.0;15.0;A01
201800011299;0.0;31;0;0.0;0.0;7.0;1.0;B01
201800011300;1.0;1;0;0.0;2.0;4.0;16.0;A01
201800011300;1.0;1;0;0.0;2.0;4.0;16.0;B01
201800011300;1.0;7;0;0.0;2.0;1.0;1.0;C01
201800011301;1.0;7;0;0.0;2.0;3.0;5.0;A01
201800011301;2.0;7;0;0.0;2.0;3.0;1.0;B01
201800011302;1.0;7;0;0.0;0.0;4.0;1.0;A01
201800011302;1.0;7;0;0.0;2.0;1.0;1.0;B01
201800011303;1.0;7;0;7.0;0.0;2.0;1.0;A01
201800011304;2.0;7;0;9.0;2.0;1.0;9.0;A01
201800011304;0.0;7;0;0.0;2.0;2.0;1.0;B01
201800011305;2.0;33;0;0.0;2.0;1.0;13.0;A01
201800011305;1.0;7;0;0.0;2.0;1.0;1.0;B01
201800011306;2.0;7;0;0.0;1.0;3.0;1.0;A01
201800011307;1.0;7;0;6.0;0.0;1.0;1.0;A01
201800011308;1.0;7;0;0.0;2.0;1.0;2.0;A01
201800011308;1.0;7;0;0.0;2.0;4.0;2.0;B01