Num_Acc;senc;catv;occutc;obs;obsm;choc;manv;num_veh
201800013258;1.0;1;0;0.0;2.0;1.0;0.0;A01
201800013258;2.0;7;0;0.0;2.0;2.0;1.0;B01
201800013259;0.0;99;0;13.0;0.0;0.0;1.0;A01
201800013260;1.0;7;0;15.0;0.0;2.0;14.0;A01
201800013261;2.0;7;0;0.0;1.0;4.0;4.0;A01
201800013262;0.0;7;0;0.0;2.0;8.0;16.0;A01
201800013262;0.0;7;0;0.0;2.0;2.0;1.0;B01
201800013262;0.0;7;0;0.0;2.0;2.0;1.0;C01
201800013263;1.0;7;0;0.0;0.0;7.0;15.0;A01
201800013263;2.0;33;0;0.0;2.0;1.0;1.0;B01
201800013264;0.0;7;0;0.0;2.0;1.0;1.0;A01
201800013264;0.0;7;0;0.0;0.0;7.0;1.0;B01
201800013265;1.0;33;0;0.0;0.0;0.0;1.0;A01
201800013266;0.0;7;0;0.0;2.0;3.0;19.0;A01
201800013266;0.0;7;0;0.0;2.0;2.0;1.0;B01
201800013267;2.0;33;0;0.0;2.0;1.0;1.0;A01
201800013267;1.0;7;0;0.0;0.0;6.0;15.0;B01
201800013268;2.0;99;0;0.0;0.0;0.0;9.0;B01
201800013268;2.0;2;0;0.0;0.0;0.0;1.0;A01
201800013269;0.0;2;0;0.0;0.0;8.0;1.0;A01
201800013270;1.0;7;0;0.0;2.0;7.0;19.0;A01
201800013270;2.0;33;0;0.0;2.0;9.0;1.0;B01
201800013271;0.0;2;0;0.0;2.0;1.0;5.0;A01
201800013271;0.0;10;0;0.0;2.0;1.0;1.0;B01
201800013272;1.0;7;0;0.0;1.0;2.0;1.0;A01
201800013273;0.0;7;0;0.0;1.0;2.0;1.0;A01
201800013274;1.0;7;0;0.0;2.0;5.0;15.0;B01
201800013274;1.0;33;0;0.0;2.0;1.0;1.0;A01
201800013274;2.0;7;0;0.0;2.0;3.0;1.0;C01
201800013275;2.0;10;0;0.0;2.0;1.0;15.0;A01
201800013275;2.0;10;0;0.0;2.0;6.0;1.0;B01
201800013276;0.0;10;0;0.0;2.0;3.0;13.0;A01
201800013276;0.0;7;0;6.0;2.0;5.0;17.0;B01
201800013277;1.0;7;0;0.0;0.0;1.0;1.0;A01
201800013278;2.0;14;0;0.0;2.0;2.0;1.0;B01
201800013278;0.0;7;0;0.0;2.0;8.0;19.0;A01
201800013279;0.0;2;0;0.0;1.0;0.0;1.0;A01
201800013280;0.0;7;0;0.0;2.0;1.0;19.0;A01
201800013280;0.0;7;0;0.0;2.0;1.0;1.0;B01
201800013281;2.0;7;0;13.0;0.0;1.0;1.0;A01
201800013282;0.0;7;0;9.0;0.0;2.0;0.0;A01
201800013283;1.0;10;0;0.0;2.0;1.0;1.0;A01
201800013283;0.0;7;0;0.0;2.0;3.0;19.0;B01
201800013284;2.0;7;0;8.0;0.0;7.0;19.0;A01
201800013284;1.0;38;1;0.0;2.0;3.0;1.0;B01
201800013285;1.0;7;0;0.0;1.0;2.0;1.0;A01
201800013286;0.0;7;0;16.0;0.0;2.0;1.0;A01
201800013287;0.0;7;0;0.0;0.0;0.0;14.0;A01
201800013288;2.0;17;0;16.0;2.0;8.0;13.0;A01
201800013288;0.0;7;0;0.0;2.0;3.0;1.0;B01
201800013289;1.0;7;0;0.0;1.0;6.0;4.0;A01
201800013290;0.0;7;0;0.0;2.0;1.0;15.0;A01
201800013290;0.0;7;0;0.0;2.0;1.0;1.0;B01
201800013291;0.0;7;0;0.0;2.0;1.0;19.0;A01
201800013291;2.0;7;0;0.0;2.0;8.0;1.0;B01
201800013292;1.0;10;0;0.0;2.0;3.0;13.0;A01
201800013292;2.0;7;0;0.0;2.0;3.0;1.0;B01
201800013293;1.0;7;0;0.0;1.0;2.0;1.0;A01
201800013294;0.0;7;0;15.0;0.0;1.0;15.0;A01
201800013295;1.0;7;0;6.0;2.0;5.0;17.0;A01
201800013295;1.0;7;0;0.0;2.0;6.0;1.0;B01
201800013296;1.0;7;0;0.0;2.0;1.0;2.0;A01
201800013296;1.0;21;0;0.0;0.0;0.0;2.0;B01
201800013297;0.0;7;0;9.0;0.0;1.0;1.0;A01
201800013298;0.0;33;0;0.0;2.0;1.0;1.0;B01
201800013298;0.0;7;0;0.0;2.0;2.0;15.0;A01
201800013299;2.0;7;0;2.0;0.0;7.0;1.0;A01
201800013300;0.0;7;0;0.0;1.0;1.0;1.0;A01
201800013301;0.0;2;0;0.0;2.0;4.0;1.0;A01
201800013301;0.0;7;0;0.0;2.0;1.0;2.0;B01
201800013302;0.0;7;0;2.0;0.0;9.0;1.0;A01
201800013303;0.0;33;0;0.0;0.0;8.0;1.0;A01
201800013304;0.0;7;0;0.0;2.0;3.0;16.0;A01
201800013304;0.0;7;0;0.0;2.0;7.0;1.0;B01
201800013305;1.0;7;0;0.0;1.0;3.0;1.0;A01
201800013306;0.0;7;0;0.0;2.0;1.0;1.0;A01
201800013306;0.0;35;0;0.0;2.0;1.0;1.0;B01
201800013307;0.0;7;0;0.0;2.0;1.0;1.0;A01
201800013307;0.0;7;0;0.0;0.0;5.0;15.0;B01
201800013308;1.0;1;0;0.0;2.0;5.0;0.0;A01
201800013308;0.0;7;0;0.0;0.0;0.0;0.0;B01
201800013309;0.0;15;0;0.0;2.0;1.0;2.0;A01
201800013309;0.0;7;0;0.0;2.0;4.0;2.0;B01
201800013309;0.0;7;0;0.0;2.0;4.0;2.0;C01
201800013309;0.0;7;0;0.0;2.0;7.0;2.0;D01
201800013309;0.0;7;0;0.0;0.0;4.0;2.0;E01
201800013310;0.0;36;0;0.0;0.0;2.0;15.0;A01
201800013311;2.0;7;0;0.0;2.0;1.0;2.0;A01
201800013311;2.0;21;0;0.0;0.0;4.0;15.0;B01
201800013312;0.0;7;0;0.0;1.0;0.0;1.0;A01
201800013313;0.0;2;0;0.0;2.0;1.0;1.0;B01
201800013313;0.0;14;0;0.0;2.0;2.0;19.0;A01
201800013314;0.0;7;0;0.0;1.0;1.0;1.0;A01
201800013315;0.0;33;0;0.0;2.0;1.0;14.0;A01
201800013315;0.0;10;0;0.0;2.0;1.0;23.0;B01
201800013316;0.0;31;0;0.0;2.0;2.0;18.0;A01
201800013316;0.0;7;0;0.0;2.0;8.0;1.0;B01
201800013317;0.0;7;0;0.0;1.0;2.0;15.0;A01
201800013318;2.0;7;0;0.0;1.0;2.0;1.0;A01
201800013319;0.0;7;0;0.0;6.0;3.0;13.0;A01
201800013319;0.0;7;0;0.0;2.0;3.0;1.0;B01
201800013320;2.0;1;0;0.0;2.0;1.0;2.0;A01
201800013320;2.0;7;0;0.0;9.0;5.0;1.0;B01
201800013321;0.0;7;0;0.0;1.0;2.0;16.0;A01
201800013322;2.0;33;0;0.0;2.0;1.0;17.0;A01
201800013322;1.0;7;0;0.0;9.0;1.0;1.0;B01
201800013323;2.0;7;0;0.0;2.0;3.0;13.0;A01
201800013323;1.0;7;0;0.0;2.0;3.0;1.0;B01
201800013324;1.0;33;0;0.0;0.0;4.0;1.0;A01
201800013325;0.0;21;0;0.0;2.0;1.0;15.0;A01
201800013325;0.0;7;0;0.0;2.0;3.0;1.0;B01
201800013326;0.0;1;0;0.0;2.0;8.0;5.0;A01
201800013326;0.0;10;0;0.0;2.0;2.0;1.0;B01
201800013327;0.0;7;0;13.0;0.0;3.0;0.0;A01
201800013328;0.0;33;0;0.0;2.0;1.0;1.0;A01
201800013328;0.0;10;0;0.0;2.0;5.0;15.0;B01
201800013329;0.0;7;0;6.0;2.0;7.0;1.0;B01
201800013329;1.0;7;0;0.0;2.0;1.0;1.0;A01
201800013330;2.0;7;0;0.0;2.0;2.0;15.0;A01
201800013330;1.0;2;0;0.0;2.0;1.0;1.0;B01
201800013331;0.0;2;0;15.0;0.0;1.0;0.0;A01
201800013332;1.0;7;0;0.0;2.0;3.0;1.0;A01
201800013332;0.0;1;0;0.0;2.0;6.0;19.0;B01
201800013333;0.0;33;0;0.0;0.0;8.0;1.0;A01
201800013334;0.0;10;0;0.0;2.0;8.0;15.0;A01
201800013334;0.0;2;0;0.0;2.0;1.0;17.0;B01
201800013335;2.0;99;0;0.0;0.0;4.0;1.0;A01
201800013335;2.0;7;0;0.0;2.0;1.0;1.0;B01
201800013336;0.0;7;0;0.0;2.0;3.0;13.0;A01
201800013336;0.0;7;0;0.0;2.0;3.0;1.0;B01
201800013337;0.0;7;0;0.0;2.0;1.0;0.0;A01
201800013337;0.0;7;0;0.0;2.0;1.0;0.0;B01
201800013338;2.0;7;0;0.0;2.0;3.0;1.0;A01
201800013338;1.0;7;0;0.0;2.0;3.0;13.0;B01
201800013339;0.0;3;0;0.0;2.0;3.0;16.0;A01
201800013339;2.0;7;0;0.0;2.0;2.0;1.0;B01
201800013340;;7;0;7.0;0.0;9.0;1.0;A01
201800013341;0.0;2;0;1.0;0.0;1.0;0.0;A01
201800013342;1.0;3;0;0.0;2.0;1.0;1.0;A01
201800013342;2.0;7;0;0.0;2.0;1.0;1.0;B01
201800013343;0.0;1;0;8.0;0.0;1.0;0.0;A01
201800013344;1.0;7;0;13.0;0.0;2.0;1.0;A01
201800013345;1.0;2;0;0.0;2.0;2.0;2.0;A01
201800013345;1.0;7;0;0.0;0.0;8.0;23.0;B01
201800013345;2.0;7;0;0.0;2.0;3.0;1.0;C01
201800013346;0.0;3;0;0.0;2.0;2.0;15.0;A01
201800013346;0.0;7;0;0.0;2.0;1.0;1.0;B01
201800013346;0.0;7;0;0.0;2.0;3.0;21.0;C01
201800013347;0.0;33;0;0.0;2.0;1.0;1.0;A01
201800013347;0.0;16;0;0.0;0.0;6.0;1.0;B01
201800013348;2.0;33;0;0.0;0.0;1.0;1.0;A01
201800013349;2.0;7;0;6.0;0.0;1.0;15.0;A01
201800013350;0.0;10;0;0.0;1.0;5.0;4.0;A01
201800013351;0.0;36;0;13.0;0.0;1.0;17.0;A01
201800013352;2.0;2;0;8.0;0.0;1.0;0.0;A01
201800013353;0.0;7;0;0.0;2.0;1.0;1.0;A01
201800013353;0.0;7;0;7.0;2.0;3.0;1.0;B01
201800013354;2.0;33;0;13.0;0.0;0.0;1.0;A01
201800013355;0.0;2;0;15.0;0.0;2.0;1.0;A01
201800013356;1.0;33;0;0.0;2.0;1.0;17.0;A01
201800013356;1.0;7;0;0.0;2.0;6.0;15.0;B01
201800013357;2.0;2;0;0.0;2.0;1.0;1.0;B01
201800013357;2.0;7;0;0.0;2.0;3.0;1.0;A01
201800013358;0.0;2;0;0.0;2.0;7.0;1.0;C01
201800013358;0.0;7;0;0.0;2.0;1.0;19.0;A01
201800013358;0.0;7;0;0.0;2.0;1.0;23.0;B01
201800013359;2.0;7;0;13.0;2.0;1.0;13.0;A01
201800013359;1.0;7;0;13.0;2.0;3.0;13.0;B01
201800013360;0.0;31;0;16.0;0.0;8.0;1.0;A01
201800013361;0.0;7;0;0.0;2.0;1.0;5.0;A01
201800013361;0.0;7;0;0.0;2.0;1.0;1.0;B01
201800013362;0.0;7;0;6.0;1.0;1.0;19.0;A01
201800013363;0.0;33;0;0.0;2.0;2.0;2.0;A01
201800013363;0.0;7;0;0.0;2.0;5.0;15.0;B01
201800013364;0.0;7;0;13.0;0.0;2.0;14.0;A01
201800013365;0.0;7;0;0.0;2.0;1.0;1.0;A01
201800013365;0.0;7;0;0.0;2.0;2.0;1.0;B01
201800013366;0.0;2;0;0.0;0.0;0.0;1.0;A01
201800013367;0.0;7;0;13.0;0.0;1.0;1.0;A01
201800013368;2.0;7;0;0.0;2.0;2.0;;A01
201800013368;1.0;7;0;0.0;2.0;1.0;1.0;B01
201800013369;0.0;10;0;13.0;0.0;2.0;1.0;A01
201800013370;0.0;7;0;6.0;0.0;2.0;1.0;A01
201800013371;0.0;7;0;13.0;0.0;1.0;14.0;A01
201800013372;0.0;1;0;0.0;0.0;0.0;1.0;A01
201800013373;0.0;33;0;13.0;0.0;1.0;21.0;A01
201800013374;0.0;7;0;0.0;2.0;2.0;15.0;A01
201800013374;0.0;2;0;0.0;2.0;1.0;1.0;B01
201800013375;0.0;1;0;0.0;2.0;8.0;1.0;B01
201800013375;0.0;7;0;0.0;2.0;1.0;15.0;A01
201800013376;0.0;7;0;0.0;2.0;8.0;20.0;A01
201800013376;0.0;33;0;0.0;2.0;1.0;1.0;B01
201800013377;0.0;1;0;0.0;2.0;7.0;1.0;A01
201800013377;0.0;7;0;0.0;2.0;1.0;1.0;B01
201800013378;0.0;2;0;16.0;0.0;2.0;14.0;A01
201800013379;0.0;7;0;13.0;0.0;2.0;0.0;A01
201800013380;0.0;7;0;0.0;9.0;1.0;2.0;A01
201800013380;0.0;1;0;0.0;0.0;4.0;2.0;B01
201800013381;0.0;7;0;0.0;1.0;1.0;1.0;A01
201800013381;0.0;7;0;0.0;1.0;2.0;1.0;B01
201800013382;0.0;7;0;0.0;2.0;3.0;13.0;A01
201800013382;0.0;7;0;0.0;2.0;8.0;1.0;B01
201800013382;0.0;7;0;0.0;2.0;3.0;1.0;C01
201800013383;0.0;1;0;0.0;2.0;1.0;1.0;B01
201800013383;0.0;7;0;0.0;2.0;6.0;19.0;A01
201800013384;1.0;7;0;2.0;0.0;1.0;14.0;A01
201800013385;1.0;7;0;0.0;2.0;2.0;19.0;A01
201800013385;1.0;7;0;0.0;2.0;1.0;1.0;B01
201800013386;2.0;7;0;0.0;0.0;5.0;1.0;A01
201800013386;2.0;2;0;0.0;2.0;1.0;2.0;B01
201800013386;1.0;7;0;0.0;9.0;1.0;1.0;C01
201800013387;0.0;7;0;0.0;2.0;6.0;4.0;A01
201800013387;0.0;1;0;0.0;2.0;0.0;1.0;B01
201800013388;1.0;7;0;13.0;0.0;1.0;1.0;A01
201800013389;0.0;7;0;0.0;0.0;8.0;0.0;A01
201800013389;0.0;7;0;0.0;2.0;1.0;0.0;B01
201800013390;0.0;7;0;0.0;2.0;6.0;1.0;A01
201800013390;0.0;7;0;0.0;2.0;1.0;19.0;B01
201800013391;0.0;7;0;0.0;2.0;1.0;1.0;A01
201800013391;0.0;7;0;0.0;0.0;4.0;1.0;B01
201800013391;0.0;7;0;0.0;2.0;4.0;15.0;C01
201800013391;0.0;7;0;0.0;0.0;8.0;19.0;D01
201800013392;1.0;33;0;12.0;0.0;1.0;1.0;A01
201800013393;2.0;33;0;13.0;0.0;0.0;0.0;A01
201800013394;1.0;7;0;0.0;2.0;6.0;13.0;A01
201800013394;1.0;33;0;0.0;2.0;1.0;17.0;B01
201800013395;0.0;7;0;0.0;2.0;1.0;1.0;A01
201800013395;0.0;7;0;0.0;2.0;1.0;5.0;B01
201800013396;2.0;2;0;0.0;2.0;7.0;1.0;B01
201800013396;2.0;7;0;0.0;2.0;1.0;1.0;A01
201800013397;2.0;21;0;0.0;9.0;0.0;14.0;A01
201800013398;1.0;7;0;0.0;2.0;2.0;1.0;B01
201800013398;0.0;2;0;0.0;2.0;1.0;9.0;A01
201800013399;2.0;33;0;0.0;2.0;1.0;2.0;A01
201800013399;2.0;7;0;0.0;2.0;8.0;15.0;B01
201800013400;1.0;7;0;0.0;2.0;3.0;13.0;A01
201800013400;2.0;7;0;0.0;2.0;3.0;1.0;B01
201800013401;0.0;2;0;1.0;0.0;1.0;1.0;A01
201800013402;0.0;7;0;2.0;0.0;1.0;13.0;A01
201800013403;2.0;33;0;0.0;2.0;3.0;17.0;A01
201800013403;1.0;7;0;0.0;2.0;3.0;1.0;B01
201800013404;2.0;7;0;6.0;0.0;8.0;14.0;A01
201800013405;0.0;7;0;0.0;0.0;1.0;15.0;A01
201800013405;0.0;33;0;0.0;0.0;1.0;1.0;B01
201800013406;1.0;2;0;0.0;2.0;1.0;13.0;A01
201800013406;1.0;7;0;0.0;2.0;1.0;1.0;B01
201800013407;0.0;17;0;0.0;2.0;3.0;21.0;A01
201800013407;0.0;2;0;0.0;2.0;1.0;13.0;B01
201800013408;0.0;33;0;0.0;0.0;7.0;13.0;A01
201800013409;0.0;7;0;0.0;0.0;4.0;15.0;A01
201800013409;0.0;7;0;0.0;2.0;1.0;2.0;B01
201800013410;0.0;7;0;0.0;1.0;1.0;1.0;A01
201800013411;1.0;21;0;0.0;2.0;8.0;13.0;A01
201800013411;2.0;1;0;0.0;2.0;1.0;1.0;B01
201800013412;0.0;33;0;0.0;2.0;1.0;13.0;A01
201800013412;0.0;7;0;0.0;2.0;8.0;15.0;B01
201800013413;0.0;2;0;0.0;2.0;7.0;19.0;A01
201800013413;0.0;7;0;0.0;2.0;1.0;1.0;B01
201800013414;0.0;7;0;7.0;0.0;1.0;1.0;A01
201800013415;0.0;7;0;0.0;1.0;3.0;1.0;A01
201800013416;0.0;7;0;6.0;0.0;1.0;1.0;A01
201800013417;0.0;10;0;0.0;2.0;3.0;1.0;A01
201800013417;0.0;7;0;0.0;2.0;1.0;1.0;B01
201800013417;0.0;7;0;0.0;0.0;4.0;1.0;C01
201800013417;0.0;7;0;0.0;2.0;1.0;1.0;D01
201800013418;1.0;7;0;0.0;2.0;3.0;13.0;A01
201800013418;1.0;7;0;0.0;2.0;3.0;1.0;B01
201800013418;1.0;7;0;0.0;2.0;3.0;1.0;C01
201800013419;2.0;7;0;13.0;2.0;7.0;17.0;A01
201800013419;2.0;7;0;0.0;2.0;3.0;15.0;B01
201800013420;;7;0;13.0;0.0;1.0;6.0;A01
201800013421;0.0;33;0;0.0;0.0;8.0;1.0;A01
201800013422;0.0;7;0;0.0;2.0;2.0;9.0;B01
201800013422;0.0;7;0;0.0;2.0;2.0;1.0;A01
201800013423;0.0;7;0;0.0;2.0;2.0;19.0;A01
201800013423;0.0;7;0;0.0;2.0;1.0;1.0;B01
201800013424;1.0;31;0;0.0;2.0;3.0;9.0;A01
201800013424;2.0;7;0;0.0;2.0;2.0;21.0;B01
201800013424;1.0;7;0;0.0;2.0;1.0;1.0;C01
201800013425;2.0;7;0;0.0;2.0;2.0;17.0;A01
201800013425;2.0;30;0;0.0;2.0;8.0;15.0;B01
201800013426;2.0;10;0;0.0;2.0;3.0;1.0;A01
201800013426;2.0;7;0;0.0;2.0;1.0;9.0;B01
201800013427;2.0;31;0;1.0;0.0;1.0;14.0;A01
201800013428;2.0;7;0;0.0;2.0;8.0;15.0;A01
201800013428;2.0;31;0;0.0;2.0;1.0;1.0;B01
201800013429;1.0;33;0;0.0;0.0;1.0;0.0;A01
201800013429;2.0;7;0;0.0;2.0;1.0;13.0;B01
201800013430;1.0;7;0;0.0;2.0;1.0;13.0;A01
201800013430;2.0;7;0;0.0;2.0;1.0;1.0;B01
201800013431;0.0;7;0;0.0;2.0;3.0;13.0;A01
201800013431;0.0;7;0;0.0;2.0;3.0;1.0;B01
201800013431;0.0;7;0;0.0;2.0;3.0;1.0;C01
201800013432;0.0;7;0;0.0;1.0;3.0;1.0;A01
201800013433;1.0;7;0;0.0;2.0;1.0;2.0;A01
201800013433;1.0;7;0;0.0;2.0;4.0;2.0;B01
201800013433;1.0;7;0;0.0;0.0;4.0;15.0;C01
201800013434;2.0;7;0;0.0;1.0;2.0;2.0;A01
201800013435;0.0;7;0;0.0;0.0;3.0;0.0;A01
201800013436;0.0;2;0;0.0;0.0;3.0;9.0;A01
201800013436;0.0;10;0;0.0;0.0;2.0;1.0;B01
201800013437;1.0;7;0;2.0;0.0;2.0;1.0;A01
201800013438;1.0;33;0;0.0;2.0;2.0;13.0;A01
201800013438;2.0;7;0;0.0;2.0;2.0;1.0;B01
201800013439;2.0;7;0;0.0;2.0;1.0;13.0;A01
201800013439;1.0;7;0;0.0;2.0;6.0;1.0;B01
201800013439;1.0;7;0;0.0;2.0;1.0;1.0;C01
201800013440;1.0;31;0;0.0;2.0;1.0;14.0;A01
201800013440;0.0;21;0;0.0;2.0;3.0;0.0;B01
201800013441;1.0;7;0;13.0;0.0;9.0;2.0;A01
201800013442;2.0;10;0;0.0;9.0;1.0;1.0;B01
201800013442;2.0;1;0;0.0;2.0;8.0;1.0;A01
201800013443;1.0;7;0;0.0;2.0;1.0;0.0;A01
201800013444;1.0;7;0;0.0;0.0;0.0;1.0;A01
201800013445;2.0;7;0;2.0;0.0;8.0;13.0;A01
201800013446;2.0;7;0;8.0;0.0;3.0;1.0;A01
201800013447;1.0;33;0;3.0;0.0;2.0;2.0;A01
201800013448;1.0;7;0;0.0;9.0;7.0;2.0;A01
201800013448;1.0;1;0;0.0;0.0;6.0;2.0;B01
201800013448;1.0;1;0;0.0;0.0;4.0;2.0;C01
201800013449;2.0;33;0;13.0;0.0;0.0;0.0;A01
201800013450;2.0;7;0;8.0;0.0;1.0;0.0;A01
201800013451;2.0;33;0;13.0;0.0;1.0;14.0;A01
201800013452;1.0;33;0;7.0;0.0;0.0;1.0;A01
201800013453;0.0;36;0;13.0;0.0;2.0;16.0;A01
201800013454;0.0;36;0;2.0;0.0;2.0;1.0;A01
201800013455;1.0;2;0;0.0;0.0;1.0;13.0;A01
201800013456;1.0;7;0;6.0;0.0;2.0;1.0;A01
201800013457;2.0;7;0;2.0;0.0;1.0;17.0;A01
201800013458;2.0;7;0;0.0;2.0;1.0;13.0;B01
201800013458;1.0;7;0;0.0;2.0;8.0;13.0;A01
201800013459;1.0;7;0;8.0;0.0;2.0;1.0;A01
201800013459;2.0;99;0;0.0;0.0;0.0;19.0;B01
201800013460;2.0;7;0;2.0;0.0;1.0;1.0;A01
201800013461;1.0;7;0;0.0;2.0;1.0;1.0;B01
201800013461;1.0;7;0;0.0;2.0;1.0;9.0;A01
201800013462;2.0;31;0;0.0;2.0;1.0;1.0;B01
201800013462;0.0;10;0;0.0;2.0;2.0;19.0;A01
201800013463;2.0;99;0;0.0;2.0;3.0;15.0;B01
201800013463;2.0;33;0;0.0;2.0;7.0;17.0;A01
201800013464;0.0;7;0;0.0;2.0;3.0;1.0;A01
201800013464;0.0;33;0;0.0;2.0;3.0;1.0;B01
201800013465;2.0;7;0;13.0;0.0;3.0;13.0;A01
201800013466;1.0;15;0;0.0;2.0;3.0;2.0;A01
201800013466;1.0;7;0;0.0;2.0;4.0;2.0;B01
201800013466;2.0;7;0;0.0;2.0;1.0;1.0;C01
201800013467;2.0;2;0;0.0;2.0;1.0;1.0;A01
201800013467;1.0;7;0;0.0;2.0;8.0;15.0;B01
201800013468;2.0;7;0;6.0;0.0;1.0;1.0;A01
201800013469;2.0;7;0;13.0;0.0;1.0;17.0;A01
201800013470;2.0;7;0;0.0;2.0;1.0;13.0;A01
201800013470;1.0;7;0;0.0;2.0;3.0;1.0;B01
201800013471;2.0;7;0;8.0;0.0;0.0;0.0;A01
201800013472;1.0;7;0;0.0;0.0;1.0;1.0;A01
201800013473;2.0;15;0;0.0;0.0;7.0;1.0;A01
201800013474;1.0;33;0;0.0;2.0;9.0;2.0;A01
201800013474;1.0;7;0;0.0;0.0;4.0;2.0;B01
201800013475;2.0;7;0;0.0;2.0;1.0;1.0;B01
201800013475;2.0;7;0;0.0;2.0;7.0;15.0;A01
201800013476;2.0;7;0;0.0;2.0;3.0;1.0;A01
201800013476;1.0;7;0;0.0;2.0;3.0;1.0;B01
201800013476;1.0;7;0;0.0;2.0;3.0;1.0;C01
201800013477;1.0;7;0;0.0;2.0;1.0;1.0;B01
201800013477;2.0;7;0;0.0;2.0;2.0;1.0;C01
201800013477;1.0;7;0;0.0;2.0;3.0;9.0;A01
201800013478;2.0;7;0;0.0;2.0;3.0;1.0;A01
201800013478;1.0;7;0;0.0;2.0;3.0;1.0;B01
201800013478;1.0;7;0;0.0;2.0;8.0;1.0;C01
201800013479;2.0;3;0;0.0;2.0;1.0;13.0;A01
201800013479;1.0;33;0;0.0;2.0;1.0;1.0;B01
201800013479;1.0;10;0;0.0;2.0;1.0;1.0;C01
201800013480;1.0;33;0;13.0;0.0;2.0;1.0;A01
201800013481;2.0;10;0;0.0;0.0;2.0;16.0;A01
201800013481;2.0;33;0;0.0;2.0;3.0;18.0;B01
201800013482;2.0;2;0;0.0;2.0;7.0;1.0;A01
201800013482;0.0;7;0;0.0;2.0;1.0;9.0;B01
201800013483;1.0;7;0;1.0;1.0;1.0;0.0;A01
201800013484;2.0;7;0;0.0;1.0;3.0;1.0;A01
201800013485;1.0;7;0;6.0;2.0;8.0;17.0;A01
201800013485;1.0;7;0;0.0;2.0;1.0;1.0;B01
201800013486;1.0;7;0;0.0;2.0;3.0;0.0;A01
201800013486;2.0;7;0;0.0;2.0;3.0;0.0;B01
201800013487;2.0;7;0;13.0;0.0;9.0;1.0;A01
201800013488;2.0;7;0;5.0;0.0;1.0;14.0;A01
201800013489;1.0;7;0;0.0;2.0;3.0;1.0;A01
201800013489;0.0;99;0;0.0;2.0;3.0;19.0;B01
201800013490;2.0;7;0;0.0;2.0;3.0;10.0;A01
201800013490;2.0;7;0;0.0;2.0;2.0;1.0;B01
201800013491;0.0;7;0;13.0;0.0;1.0;1.0;A01
201800013492;2.0;7;0;0.0;1.0;2.0;1.0;A01
201800013493;2.0;33;0;9.0;2.0;1.0;1.0;A01
201800013493;1.0;7;0;0.0;0.0;7.0;24.0;B01
201800013494;0.0;7;0;6.0;1.0;1.0;23.0;A01
201800013495;1.0;31;0;3.0;0.0;7.0;21.0;A01
201800013495;2.0;7;0;0.0;0.0;0.0;13.0;B01
201800013496;1.0;7;0;2.0;0.0;0.0;19.0;A01
201800013497;1.0;7;0;0.0;0.0;4.0;23.0;A01
201800013497;1.0;7;0;14.0;0.0;1.0;1.0;B01
201800013498;1.0;7;0;0.0;0.0;6.0;23.0;A01
201800013498;1.0;33;0;0.0;2.0;1.0;21.0;B01
201800013498;2.0;7;0;0.0;2.0;3.0;21.0;C01
201800013498;1.0;33;0;0.0;2.0;8.0;1.0;D01
201800013499;0.0;7;0;0.0;0.0;4.0;23.0;A01
201800013499;0.0;7;0;0.0;2.0;4.0;2.0;B01
201800013500;1.0;7;0;0.0;2.0;1.0;1.0;B01
201800013500;0.0;1;0;0.0;2.0;7.0;19.0;A01
201800013501;2.0;2;0;0.0;2.0;8.0;1.0;A01
201800013501;1.0;7;0;0.0;2.0;8.0;1.0;B01
201800013502;0.0;7;0;0.0;9.0;8.0;15.0;B01
201800013502;0.0;2;0;0.0;2.0;1.0;1.0;A01
201800013503;2.0;7;0;0.0;2.0;1.0;1.0;B01
201800013503;0.0;7;0;0.0;2.0;8.0;19.0;A01
201800013504;2.0;7;0;13.0;0.0;9.0;13.0;A01
201800013505;1.0;33;0;13.0;5.0;1.0;1.0;A01
201800013506;1.0;7;0;0.0;2.0;1.0;1.0;B01
201800013506;1.0;7;0;0.0;2.0;7.0;19.0;A01
201800013507;1.0;7;0;0.0;2.0;1.0;5.0;A01
201800013507;2.0;7;0;0.0;2.0;1.0;1.0;B01
201800013508;1.0;7;0;0.0;2.0;3.0;13.0;A01
201800013508;2.0;7;0;0.0;2.0;3.0;1.0;B01
201800013509;2.0;7;0;0.0;2.0;1.0;13.0;A01
201800013509;1.0;7;0;0.0;2.0;1.0;1.0;B01
201800013510;2.0;7;0;0.0;1.0;2.0;1.0;A01
201800013511;0.0;7;0;0.0;2.0;1.0;16.0;A01
201800013511;0.0;7;0;6.0;2.0;2.0;1.0;B01
201800013512;2.0;7;0;13.0;0.0;3.0;1.0;A01
201800013513;0.0;1;0;0.0;0.0;0.0;0.0;B01
201800013513;0.0;21;0;0.0;0.0;0.0;1.0;A01
201800013514;0.0;32;0;0.0;0.0;9.0;2.0;A01
201800013515;0.0;7;0;0.0;2.0;1.0;1.0;B01
201800013515;0.0;33;0;0.0;2.0;1.0;13.0;A01
201800013516;1.0;7;0;0.0;2.0;3.0;17.0;B01
201800013516;2.0;7;0;0.0;0.0;6.0;15.0;A01
201800013517;2.0;2;0;0.0;2.0;1.0;17.0;A01
201800013517;1.0;7;0;0.0;2.0;1.0;1.0;B01