Num_Acc;senc;catv;occutc;obs;obsm;choc;manv;num_veh
201800014346;1.0;7;0;0.0;2.0;3.0;1.0;A01
201800014346;2.0;7;0;0.0;2.0;1.0;1.0;D01
201800014346;2.0;14;0;0.0;2.0;3.0;1.0;B01
201800014347;2.0;10;0;7.0;0.0;9.0;1.0;A01
201800014348;0.0;33;0;0.0;2.0;7.0;1.0;A01
201800014349;2.0;17;0;0.0;2.0;8.0;2.0;B01
201800014349;1.0;2;0;0.0;2.0;2.0;1.0;A01
201800014350;1.0;7;0;13.0;0.0;1.0;1.0;A01
201800014351;1.0;10;0;0.0;0.0;9.0;1.0;A01
201800014352;2.0;7;0;0.0;2.0;3.0;13.0;A01
201800014352;1.0;38;60;0.0;2.0;3.0;1.0;B01
201800014353;1.0;33;0;3.0;0.0;7.0;1.0;A01
201800014354;1.0;33;0;0.0;0.0;8.0;1.0;A01
201800014355;2.0;7;0;0.0;2.0;3.0;11.0;A01
201800014355;2.0;7;0;0.0;2.0;3.0;1.0;B01
201800014356;0.0;7;0;0.0;2.0;3.0;1.0;A01
201800014356;0.0;7;0;0.0;2.0;2.0;13.0;B01
201800014357;1.0;21;0;0.0;2.0;2.0;15.0;A01
201800014357;2.0;33;0;0.0;2.0;8.0;1.0;B01
201800014358;2.0;33;0;0.0;2.0;1.0;17.0;A01
201800014358;2.0;7;0;0.0;2.0;8.0;15.0;B01
201800014359;2.0;7;0;0.0;0.0;0.0;14.0;A01
201800014360;2.0;7;0;0.0;0.0;5.0;15.0;A01
201800014360;2.0;7;0;0.0;2.0;6.0;23.0;B01
201800014360;1.0;7;0;0.0;0.0;1.0;1.0;C01
201800014360;2.0;7;0;0.0;2.0;2.0;1.0;D01
201800014361;2.0;7;0;13.0;0.0;9.0;14.0;A01
201800014362;0.0;33;0;1.0;0.0;1.0;1.0;A01
201800014363;0.0;2;0;0.0;0.0;0.0;0.0;A01
201800014364;1.0;2;0;0.0;0.0;1.0;0.0;A01
201800014365;1.0;2;0;0.0;2.0;1.0;2.0;A01
201800014365;1.0;2;0;0.0;0.0;4.0;2.0;B01
201800014366;1.0;7;0;0.0;2.0;8.0;1.0;B01
201800014366;2.0;33;0;0.0;2.0;3.0;13.0;A01
201800014367;1.0;7;0;0.0;2.0;2.0;13.0;A01
201800014367;2.0;7;0;0.0;2.0;3.0;21.0;B01
201800014367;2.0;7;0;0.0;2.0;3.0;21.0;C01
201800014368;0.0;7;0;0.0;2.0;2.0;1.0;A01
201800014368;0.0;36;0;0.0;2.0;3.0;16.0;B01
201800014369;2.0;7;0;0.0;0.0;0.0;15.0;A01
201800014369;2.0;7;0;0.0;0.0;6.0;21.0;B01
201800014369;2.0;7;0;0.0;2.0;4.0;23.0;C01
201800014369;2.0;7;0;0.0;2.0;2.0;21.0;D01
201800014370;0.0;2;0;13.0;0.0;1.0;0.0;A01
201800014371;1.0;7;0;0.0;2.0;1.0;2.0;A01
201800014371;1.0;7;0;0.0;2.0;4.0;23.0;B01
201800014371;1.0;7;0;0.0;0.0;4.0;23.0;C01
201800014372;2.0;7;0;0.0;2.0;3.0;15.0;A01
201800014372;1.0;7;0;7.0;2.0;3.0;1.0;B01
201800014373;2.0;7;0;0.0;1.0;2.0;1.0;A01
201800014374;2.0;7;0;0.0;2.0;3.0;1.0;A01
201800014374;1.0;7;0;12.0;2.0;8.0;9.0;B01
201800014375;0.0;2;0;0.0;2.0;3.0;19.0;A01
201800014375;0.0;7;0;0.0;2.0;7.0;1.0;B01
201800014376;1.0;2;0;0.0;2.0;7.0;19.0;A01
201800014376;2.0;7;0;0.0;2.0;3.0;1.0;B01
201800014377;1.0;7;0;10.0;0.0;1.0;1.0;A01
201800014378;2.0;30;0;13.0;0.0;1.0;1.0;A01
201800014379;1.0;7;0;0.0;2.0;1.0;1.0;B01
201800014379;1.0;7;0;0.0;2.0;8.0;1.0;A01
201800014380;2.0;7;0;0.0;2.0;2.0;17.0;A01
201800014380;2.0;1;0;0.0;2.0;8.0;1.0;B01
201800014381;0.0;7;0;0.0;2.0;5.0;19.0;A01
201800014381;0.0;34;0;0.0;2.0;1.0;1.0;B01
201800014382;2.0;7;0;15.0;0.0;1.0;1.0;A01
201800014383;1.0;7;0;0.0;2.0;3.0;2.0;A01
201800014383;1.0;33;0;0.0;0.0;4.0;2.0;B01
201800014384;2.0;7;0;0.0;2.0;1.0;2.0;A01
201800014384;2.0;7;0;0.0;2.0;4.0;2.0;B01
201800014384;1.0;7;0;0.0;2.0;8.0;1.0;C01
201800014385;2.0;7;0;13.0;0.0;3.0;13.0;A01
201800014386;1.0;7;0;6.0;0.0;1.0;1.0;A01
201800014387;1.0;7;0;6.0;2.0;1.0;13.0;A01
201800014387;2.0;7;0;0.0;2.0;1.0;1.0;B01
201800014388;1.0;7;0;16.0;0.0;3.0;1.0;A01
201800014389;1.0;2;0;16.0;0.0;0.0;0.0;A01
201800014390;1.0;7;0;0.0;2.0;3.0;1.0;B01
201800014390;1.0;7;0;0.0;2.0;1.0;1.0;A01
201800014391;1.0;33;0;0.0;0.0;4.0;1.0;A01
201800014392;1.0;7;0;0.0;2.0;1.0;1.0;A01
201800014392;2.0;7;0;0.0;2.0;1.0;13.0;B01
201800014392;2.0;7;0;0.0;2.0;6.0;2.0;C01
201800014393;2.0;2;0;0.0;2.0;1.0;17.0;A01
201800014393;2.0;7;0;0.0;2.0;8.0;15.0;B01
201800014394;0.0;7;0;0.0;2.0;3.0;13.0;A01
201800014394;0.0;7;0;0.0;2.0;1.0;1.0;B01
201800014395;1.0;7;0;0.0;2.0;1.0;1.0;B01
201800014395;0.0;10;0;0.0;2.0;2.0;1.0;A01
201800014396;1.0;7;0;13.0;0.0;3.0;1.0;A01
201800014397;2.0;7;0;6.0;2.0;2.0;17.0;A01
201800014397;2.0;7;0;0.0;2.0;3.0;15.0;B01
201800014398;1.0;7;0;0.0;2.0;3.0;19.0;A01
201800014398;2.0;2;0;0.0;2.0;1.0;1.0;B01
201800014399;0.0;33;0;0.0;0.0;0.0;1.0;A01
201800014400;1.0;7;0;0.0;1.0;3.0;15.0;A01
201800014401;2.0;7;0;2.0;0.0;1.0;1.0;A01
201800014402;1.0;7;0;0.0;2.0;0.0;17.0;A01
201800014403;1.0;7;0;0.0;2.0;8.0;19.0;A01
201800014403;1.0;17;0;0.0;2.0;3.0;1.0;B01
201800014404;1.0;7;0;2.0;0.0;1.0;1.0;A01
201800014405;1.0;7;0;0.0;2.0;1.0;1.0;A01
201800014405;2.0;7;0;0.0;2.0;4.0;1.0;B01
201800014405;2.0;7;0;0.0;2.0;4.0;1.0;C01
201800014406;1.0;7;0;0.0;2.0;1.0;1.0;A01
201800014406;1.0;2;0;0.0;2.0;4.0;1.0;B01
201800014407;0.0;33;0;0.0;2.0;2.0;0.0;A01
201800014407;0.0;7;0;0.0;2.0;7.0;0.0;B01
201800014408;0.0;1;0;0.0;1.0;1.0;1.0;A01
201800014409;0.0;7;0;0.0;2.0;1.0;15.0;A01
201800014409;0.0;2;0;0.0;2.0;7.0;1.0;B01
201800014410;;2;0;6.0;0.0;3.0;1.0;A01
201800014411;2.0;7;0;0.0;2.0;4.0;15.0;A01
201800014411;2.0;7;0;0.0;2.0;1.0;0.0;B01
201800014411;1.0;7;0;0.0;2.0;1.0;1.0;C01
201800014412;1.0;7;0;0.0;2.0;3.0;5.0;A01
201800014412;2.0;7;0;0.0;2.0;3.0;1.0;B01
201800014412;2.0;7;0;0.0;2.0;1.0;1.0;C01
201800014413;0.0;7;0;0.0;1.0;8.0;20.0;A01
201800014414;2.0;7;0;0.0;2.0;1.0;13.0;A01
201800014414;1.0;7;0;0.0;2.0;1.0;1.0;B01
201800014415;2.0;7;0;6.0;0.0;1.0;1.0;A01
201800014416;0.0;7;0;6.0;0.0;1.0;1.0;A01
201800014417;1.0;33;0;0.0;2.0;1.0;17.0;A01
201800014417;1.0;7;0;0.0;2.0;8.0;15.0;B01
201800014418;0.0;7;0;0.0;2.0;1.0;13.0;A01
201800014418;0.0;7;0;0.0;2.0;1.0;1.0;B01
201800014419;2.0;7;0;0.0;0.0;6.0;15.0;A01
201800014419;2.0;31;0;0.0;2.0;2.0;17.0;B01
201800014420;1.0;7;0;6.0;0.0;1.0;1.0;A01
201800014421;1.0;7;0;13.0;0.0;8.0;0.0;A01
201800014422;2.0;7;0;13.0;0.0;3.0;0.0;A01
201800014423;1.0;7;0;0.0;2.0;8.0;0.0;A01
201800014423;2.0;7;0;0.0;2.0;8.0;0.0;B01
201800014424;1.0;7;0;0.0;0.0;1.0;1.0;A01
201800014425;0.0;7;0;13.0;0.0;3.0;1.0;A01
201800014426;2.0;7;0;2.0;0.0;3.0;1.0;A01
201800014427;2.0;2;0;0.0;2.0;8.0;15.0;A01
201800014427;1.0;7;0;0.0;2.0;2.0;1.0;B01
201800014428;1.0;7;0;0.0;0.0;2.0;15.0;A01
201800014429;2.0;7;0;15.0;0.0;1.0;0.0;A01
201800014430;2.0;7;0;0.0;2.0;3.0;1.0;B01
201800014430;2.0;7;0;0.0;2.0;2.0;1.0;A01
201800014431;1.0;10;0;0.0;2.0;1.0;1.0;A01
201800014431;2.0;7;0;0.0;2.0;7.0;13.0;B01
201800014432;0.0;7;0;13.0;0.0;0.0;1.0;A01
201800014433;1.0;7;0;0.0;2.0;2.0;15.0;A01
201800014433;2.0;7;0;0.0;2.0;1.0;1.0;B01
201800014434;0.0;2;0;0.0;2.0;1.0;1.0;B01
201800014434;0.0;10;0;0.0;2.0;3.0;9.0;A01
201800014435;2.0;7;0;6.0;0.0;2.0;1.0;A01
201800014436;2.0;2;0;0.0;2.0;1.0;1.0;A01
201800014436;2.0;7;0;0.0;2.0;6.0;1.0;B01
201800014437;0.0;7;0;0.0;1.0;4.0;4.0;A01
201800014438;2.0;99;0;3.0;0.0;0.0;1.0;A01
201800014439;1.0;7;0;0.0;2.0;3.0;1.0;A01
201800014439;2.0;7;0;0.0;2.0;1.0;17.0;B01
201800014440;2.0;7;0;0.0;2.0;1.0;2.0;A01
201800014440;2.0;3;0;0.0;0.0;4.0;2.0;B01
201800014441;2.0;31;0;0.0;2.0;7.0;17.0;A01
201800014441;2.0;7;0;0.0;2.0;8.0;17.0;B01
201800014442;2.0;7;0;9.0;0.0;1.0;1.0;A01
201800014443;0.0;7;0;12.0;0.0;8.0;15.0;B01
201800014443;0.0;7;0;0.0;2.0;1.0;17.0;A01
201800014444;1.0;7;0;6.0;0.0;3.0;1.0;A01
201800014445;0.0;7;0;0.0;2.0;1.0;1.0;B01
201800014445;0.0;10;0;0.0;2.0;1.0;13.0;A01
201800014446;1.0;7;0;0.0;0.0;3.0;13.0;A01
201800014446;2.0;7;0;6.0;0.0;3.0;0.0;B01
201800014447;1.0;7;0;0.0;2.0;7.0;13.0;A01
201800014447;2.0;10;0;0.0;2.0;1.0;1.0;B01
201800014448;2.0;7;0;0.0;2.0;1.0;1.0;A01
201800014448;1.0;10;0;0.0;2.0;4.0;9.0;B01
201800014449;2.0;7;0;0.0;0.0;6.0;1.0;A01
201800014449;1.0;33;0;0.0;2.0;1.0;13.0;B01
201800014450;0.0;7;0;0.0;2.0;3.0;13.0;A01
201800014450;0.0;7;0;0.0;2.0;3.0;13.0;B01
201800014451;1.0;7;0;0.0;2.0;1.0;1.0;A01
201800014451;1.0;33;0;0.0;2.0;4.0;1.0;B01
201800014452;1.0;33;0;0.0;2.0;1.0;13.0;A01
201800014452;2.0;7;0;0.0;2.0;3.0;1.0;B01
201800014453;2.0;7;0;6.0;2.0;1.0;2.0;A01
201800014453;2.0;7;0;0.0;0.0;7.0;2.0;B01
201800014454;2.0;7;0;0.0;2.0;1.0;2.0;A01
201800014454;2.0;7;0;0.0;0.0;4.0;15.0;B01
201800014454;2.0;7;0;0.0;2.0;2.0;2.0;C01
201800014455;0.0;2;0;0.0;2.0;1.0;1.0;A01
201800014455;0.0;14;0;0.0;0.0;8.0;15.0;B01
201800014456;1.0;7;0;2.0;0.0;1.0;1.0;A01
201800014457;1.0;7;0;0.0;2.0;3.0;1.0;A01
201800014457;2.0;7;0;0.0;2.0;3.0;1.0;B01
201800014458;2.0;7;0;0.0;2.0;1.0;17.0;A01
201800014458;1.0;7;0;0.0;2.0;1.0;1.0;B01
201800014459;2.0;2;0;0.0;2.0;1.0;13.0;A01
201800014459;1.0;7;0;0.0;2.0;1.0;1.0;B01
201800014460;1.0;7;0;0.0;0.0;8.0;1.0;A01
201800014461;2.0;2;0;8.0;0.0;2.0;1.0;A01
201800014462;1.0;33;0;6.0;0.0;2.0;1.0;A01
201800014463;0.0;2;0;9.0;0.0;2.0;1.0;A01
201800014464;1.0;7;0;8.0;0.0;3.0;1.0;A01
201800014465;2.0;2;0;0.0;0.0;2.0;1.0;A01
201800014466;0.0;33;0;0.0;2.0;1.0;2.0;A01
201800014466;1.0;7;0;0.0;2.0;8.0;15.0;B01
201800014467;2.0;7;0;0.0;2.0;1.0;1.0;A01
201800014467;1.0;7;0;0.0;0.0;1.0;1.0;B01
201800014468;0.0;1;0;0.0;0.0;0.0;1.0;A01
201800014469;1.0;33;0;0.0;2.0;8.0;17.0;A01
201800014469;2.0;10;0;0.0;2.0;8.0;1.0;B01
201800014470;1.0;2;0;0.0;2.0;1.0;5.0;A01
201800014470;2.0;7;0;0.0;2.0;1.0;1.0;B01
201800014471;1.0;7;0;13.0;0.0;9.0;24.0;A01
201800014472;0.0;7;0;0.0;2.0;1.0;15.0;A01
201800014472;0.0;7;0;0.0;2.0;1.0;1.0;B01
201800014473;2.0;7;0;1.0;0.0;1.0;1.0;A01
201800014474;2.0;7;0;0.0;0.0;0.0;1.0;A01
201800014475;1.0;7;0;0.0;2.0;1.0;2.0;A01
201800014475;1.0;1;0;0.0;0.0;4.0;15.0;B01
201800014476;2.0;7;0;0.0;2.0;2.0;15.0;A01
201800014476;1.0;7;0;0.0;2.0;3.0;1.0;B01
201800014477;1.0;7;0;13.0;0.0;3.0;1.0;A01
201800014478;1.0;33;0;15.0;0.0;7.0;14.0;A01
201800014479;0.0;7;0;0.0;9.0;2.0;21.0;A01
201800014479;0.0;33;0;0.0;2.0;1.0;21.0;B01
201800014480;2.0;33;0;12.0;0.0;7.0;2.0;A01
201800014481;2.0;33;0;0.0;0.0;6.0;19.0;A01
201800014481;2.0;34;0;0.0;2.0;1.0;1.0;B01
201800014482;2.0;7;0;15.0;1.0;1.0;0.0;A01
201800014483;2.0;7;0;0.0;1.0;1.0;1.0;A01
201800014484;1.0;7;0;0.0;1.0;1.0;1.0;A01
201800014485;1.0;7;0;13.0;0.0;2.0;2.0;A01
201800014486;1.0;33;0;0.0;0.0;7.0;0.0;A01
201800014487;0.0;7;0;0.0;1.0;4.0;4.0;A01
201800014488;0.0;33;0;16.0;0.0;7.0;17.0;A01
201800014489;1.0;32;0;0.0;0.0;2.0;13.0;A01
201800014490;1.0;7;0;0.0;2.0;1.0;15.0;A01
201800014490;2.0;7;0;0.0;2.0;1.0;21.0;B01
201800014491;1.0;7;0;2.0;0.0;7.0;1.0;A01
201800014492;1.0;7;0;0.0;2.0;1.0;2.0;A01
201800014492;1.0;7;0;0.0;2.0;4.0;2.0;B01
201800014493;0.0;2;0;0.0;0.0;7.0;0.0;A01
201800014494;2.0;33;0;0.0;0.0;7.0;1.0;A01
201800014495;1.0;1;0;0.0;0.0;0.0;0.0;A01
201800014496;1.0;7;0;0.0;2.0;2.0;17.0;B01
201800014496;1.0;7;0;0.0;2.0;8.0;15.0;A01
201800014497;1.0;33;0;12.0;0.0;6.0;15.0;A01
201800014498;2.0;7;0;2.0;0.0;0.0;1.0;A01
201800014499;1.0;33;0;0.0;2.0;2.0;19.0;A01
201800014499;2.0;7;0;0.0;2.0;2.0;2.0;B01
201800014500;2.0;7;0;15.0;0.0;1.0;1.0;A01
201800014501;1.0;7;0;6.0;0.0;1.0;0.0;A01
201800014502;2.0;7;0;0.0;2.0;4.0;2.0;A01
201800014502;2.0;10;0;0.0;2.0;1.0;2.0;B01
201800014503;2.0;33;0;0.0;2.0;1.0;1.0;A01
201800014503;2.0;7;0;0.0;2.0;6.0;15.0;B01
201800014504;2.0;33;0;0.0;6.0;7.0;13.0;A01
201800014505;2.0;33;0;0.0;2.0;1.0;2.0;A01
201800014505;1.0;7;0;0.0;9.0;6.0;2.0;B01
201800014506;2.0;7;0;2.0;0.0;2.0;1.0;A01
201800014507;1.0;3;0;0.0;2.0;3.0;16.0;A01
201800014507;1.0;7;0;0.0;2.0;2.0;21.0;B01
201800014508;1.0;7;0;0.0;2.0;3.0;1.0;A01
201800014508;2.0;7;0;0.0;2.0;3.0;1.0;B01
201800014509;1.0;7;0;0.0;2.0;1.0;15.0;A01
201800014509;2.0;7;0;8.0;2.0;1.0;1.0;B01
201800014510;2.0;7;0;2.0;0.0;2.0;19.0;A01
201800014511;1.0;7;0;0.0;2.0;2.0;17.0;A01
201800014511;1.0;21;0;0.0;2.0;6.0;15.0;B01
201800014512;1.0;7;0;0.0;0.0;0.0;13.0;A01
201800014512;2.0;33;0;16.0;0.0;1.0;1.0;B01
201800014513;1.0;31;0;0.0;0.0;8.0;0.0;A01
201800014514;1.0;7;0;0.0;2.0;3.0;13.0;A01
201800014514;2.0;7;0;0.0;2.0;3.0;1.0;B01
201800014515;2.0;10;0;0.0;5.0;1.0;19.0;A01
201800014515;0.0;99;0;0.0;2.0;8.0;19.0;B01
201800014516;2.0;7;0;6.0;0.0;8.0;1.0;A01
201800014517;2.0;10;0;13.0;0.0;1.0;1.0;A01
201800014518;1.0;7;0;0.0;2.0;1.0;1.0;A01
201800014518;1.0;7;0;0.0;2.0;4.0;23.0;B01
201800014518;1.0;7;0;0.0;2.0;4.0;23.0;C01
201800014519;2.0;1;0;0.0;0.0;7.0;1.0;B01
201800014519;1.0;7;0;0.0;2.0;3.0;19.0;A01
201800014520;0.0;7;0;0.0;0.0;3.0;9.0;A01
201800014520;1.0;33;0;11.0;2.0;9.0;1.0;B01
201800014521;2.0;7;0;8.0;2.0;3.0;15.0;A01
201800014521;2.0;7;0;0.0;2.0;1.0;17.0;B01
201800014522;1.0;7;0;0.0;2.0;1.0;13.0;A01
201800014522;2.0;7;0;0.0;2.0;1.0;1.0;B01
201800014523;1.0;7;0;0.0;2.0;3.0;2.0;B01
201800014523;2.0;3;0;0.0;2.0;1.0;6.0;A01
201800014524;2.0;33;0;6.0;0.0;7.0;1.0;A01
201800014525;2.0;7;0;0.0;2.0;1.0;1.0;B01
201800014525;1.0;7;0;0.0;2.0;1.0;1.0;A01
201800014526;0.0;7;0;6.0;0.0;1.0;15.0;A01
201800014527;1.0;7;0;2.0;0.0;0.0;1.0;A01
201800014528;1.0;7;0;0.0;2.0;1.0;15.0;B01
201800014528;2.0;32;0;0.0;2.0;3.0;1.0;A01
201800014529;1.0;7;0;0.0;2.0;1.0;1.0;B01
201800014529;2.0;7;0;0.0;2.0;1.0;1.0;A01
201800014530;1.0;33;0;0.0;0.0;7.0;1.0;A01
201800014531;1.0;1;0;0.0;0.0;3.0;1.0;A01
201800014532;2.0;7;0;0.0;2.0;1.0;1.0;B01
201800014532;1.0;7;0;0.0;2.0;3.0;15.0;A01
201800014533;1.0;7;0;0.0;2.0;0.0;2.0;B01
201800014533;2.0;7;0;0.0;2.0;0.0;2.0;A01
201800014534;1.0;7;0;0.0;2.0;3.0;1.0;A01
201800014534;2.0;7;0;0.0;2.0;3.0;1.0;B01
201800014535;2.0;7;0;13.0;0.0;1.0;1.0;A01
201800014536;1.0;7;0;3.0;0.0;1.0;0.0;A01
201800014537;2.0;7;0;6.0;0.0;2.0;1.0;A01
201800014538;1.0;7;0;0.0;2.0;3.0;13.0;A01
201800014538;2.0;7;0;0.0;2.0;3.0;1.0;B01
201800014539;1.0;7;0;0.0;2.0;1.0;1.0;C01
201800014539;1.0;7;0;0.0;2.0;2.0;1.0;B01
201800014539;2.0;7;0;3.0;2.0;4.0;1.0;A01
201800014540;0.0;7;0;0.0;2.0;2.0;1.0;A01
201800014540;0.0;2;0;0.0;2.0;2.0;1.0;B01
201800014541;0.0;33;0;0.0;2.0;1.0;13.0;B01
201800014541;0.0;7;0;0.0;2.0;3.0;1.0;A01
201800014542;1.0;7;0;9.0;9.0;2.0;1.0;A01
201800014543;2.0;7;0;0.0;9.0;2.0;15.0;A01
201800014543;1.0;1;0;0.0;2.0;3.0;1.0;B01
201800014544;2.0;7;0;2.0;0.0;3.0;1.0;A01
201800014545;1.0;7;0;1.0;0.0;2.0;14.0;A01
201800014546;1.0;7;0;2.0;0.0;2.0;1.0;A01
201800014547;1.0;36;0;13.0;0.0;9.0;14.0;A01
201800014548;1.0;10;0;2.0;0.0;3.0;13.0;A01
201800014549;2.0;7;0;13.0;0.0;2.0;1.0;A01
201800014550;0.0;1;0;0.0;0.0;0.0;15.0;A01
201800014551;2.0;33;0;0.0;2.0;1.0;1.0;B01
201800014551;1.0;7;0;0.0;2.0;7.0;15.0;A01
201800014552;0.0;7;0;0.0;1.0;1.0;1.0;A01
201800014553;1.0;33;0;7.0;0.0;1.0;0.0;A01
201800014554;1.0;7;0;0.0;2.0;1.0;2.0;A01
201800014554;2.0;7;0;0.0;2.0;1.0;0.0;B01
201800014555;0.0;1;0;0.0;2.0;7.0;1.0;A01
201800014555;0.0;21;0;0.0;2.0;6.0;1.0;B01
201800014556;2.0;1;0;15.0;0.0;0.0;13.0;A01
201800014557;0.0;7;0;0.0;0.0;3.0;2.0;A01
201800014557;2.0;1;0;0.0;2.0;2.0;14.0;B01
201800014558;1.0;7;0;0.0;9.0;3.0;1.0;B01
201800014558;1.0;1;0;0.0;2.0;8.0;1.0;A01
201800014559;2.0;33;0;3.0;0.0;1.0;1.0;A01
201800014560;1.0;10;0;2.0;0.0;1.0;1.0;A01
201800014561;2.0;7;0;0.0;2.0;1.0;1.0;A01
201800014561;1.0;7;0;0.0;2.0;3.0;1.0;B01
201800014562;0.0;1;0;0.0;0.0;8.0;1.0;A01
201800014563;0.0;2;0;0.0;0.0;0.0;0.0;A01
201800014564;2.0;1;0;0.0;2.0;3.0;18.0;A01
201800014564;2.0;7;0;0.0;2.0;2.0;20.0;B01
201800014565;0.0;36;0;2.0;0.0;1.0;1.0;A01
201800014566;1.0;7;0;0.0;2.0;3.0;15.0;A01
201800014566;2.0;7;0;0.0;2.0;1.0;1.0;B01
201800014567;2.0;7;0;2.0;0.0;3.0;1.0;A01
201800014568;1.0;15;0;0.0;1.0;3.0;21.0;A01
201800014569;2.0;7;0;0.0;0.0;1.0;1.0;A01
201800014570;2.0;7;0;0.0;2.0;3.0;15.0;A01
201800014570;2.0;7;0;7.0;2.0;1.0;17.0;B01
201800014571;1.0;7;0;3.0;0.0;7.0;1.0;A01
201800014572;2.0;7;0;6.0;0.0;1.0;1.0;A01
201800014573;1.0;7;0;13.0;0.0;0.0;0.0;A01
201800014574;1.0;7;0;13.0;0.0;1.0;1.0;A01
201800014575;2.0;7;0;0.0;2.0;1.0;1.0;A01
201800014575;2.0;7;0;0.0;1.0;4.0;1.0;B01
201800014576;2.0;33;0;0.0;2.0;1.0;0.0;A01
201800014576;0.0;7;0;0.0;0.0;3.0;19.0;B01
201800014577;2.0;21;0;0.0;0.0;6.0;2.0;B01
201800014577;2.0;33;0;0.0;2.0;7.0;2.0;A01
201800014578;0.0;7;0;13.0;0.0;1.0;0.0;A01
201800014579;1.0;7;0;0.0;1.0;1.0;1.0;A01
201800014580;1.0;7;0;2.0;0.0;1.0;1.0;A01
201800014581;1.0;7;0;13.0;0.0;3.0;1.0;A01
201800014582;1.0;7;0;13.0;0.0;3.0;1.0;A01
201800014583;1.0;7;0;15.0;0.0;3.0;0.0;A01
201800014583;2.0;7;0;0.0;0.0;3.0;0.0;B01
201800014584;0.0;21;0;0.0;2.0;2.0;19.0;B01
201800014584;0.0;7;0;0.0;2.0;3.0;1.0;A01
201800014585;1.0;33;0;0.0;0.0;8.0;1.0;A01
201800014586;2.0;7;0;13.0;0.0;1.0;14.0;A01
201800014587;0.0;33;0;8.0;0.0;1.0;1.0;A01
201800014588;2.0;7;0;0.0;2.0;1.0;1.0;B01
201800014588;2.0;7;0;0.0;0.0;4.0;15.0;A01
201800014589;2.0;7;0;0.0;2.0;3.0;1.0;B01
201800014589;1.0;7;0;0.0;2.0;3.0;13.0;A01
201800014590;2.0;3;0;13.0;0.0;9.0;14.0;A01
201800014591;0.0;21;0;2.0;0.0;0.0;15.0;A01
201800014592;1.0;99;0;13.0;0.0;9.0;1.0;A01
201800014593;1.0;33;0;0.0;0.0;0.0;1.0;A01
201800014594;1.0;33;0;0.0;0.0;7.0;1.0;A01
201800014595;2.0;7;0;0.0;2.0;0.0;17.0;A01
201800014595;2.0;15;0;0.0;2.0;3.0;1.0;B01
201800014596;1.0;7;0;0.0;1.0;2.0;1.0;A01
201800014597;2.0;7;0;13.0;0.0;2.0;1.0;A01
201800014598;1.0;7;0;0.0;2.0;1.0;6.0;B01
201800014598;1.0;7;0;0.0;2.0;1.0;6.0;A01
201800014599;2.0;10;0;2.0;0.0;9.0;1.0;A01
201800014600;2.0;10;0;7.0;0.0;2.0;11.0;A01
201800014600;2.0;10;0;0.0;0.0;0.0;0.0;C01
201800014600;1.0;10;0;0.0;0.0;1.0;1.0;B01
201800014601;2.0;7;0;3.0;2.0;3.0;13.0;A01
201800014601;1.0;15;0;3.0;2.0;3.0;1.0;B01
201800014602;1.0;7;0;2.0;0.0;7.0;13.0;A01
201800014603;2.0;15;0;0.0;0.0;3.0;1.0;B01
201800014603;1.0;7;0;13.0;2.0;5.0;5.0;A01
201800014604;1.0;7;0;0.0;2.0;8.0;1.0;B01
201800014604;2.0;7;0;0.0;2.0;1.0;1.0;A01
201800014605;1.0;7;0;14.0;0.0;1.0;1.0;A01
201800014605;2.0;14;0;14.0;0.0;1.0;1.0;C01
201800014605;1.0;7;0;14.0;0.0;1.0;1.0;B01
201800014606;1.0;7;0;0.0;2.0;3.0;15.0;A01
201800014606;2.0;1;0;0.0;2.0;1.0;1.0;B01
201800014607;2.0;7;0;15.0;0.0;7.0;1.0;A01
201800014608;2.0;7;0;0.0;1.0;2.0;1.0;A01
201800014609;2.0;7;0;0.0;2.0;6.0;1.0;C01
201800014609;2.0;7;0;0.0;2.0;3.0;17.0;A01
201800014609;1.0;30;0;0.0;2.0;1.0;1.0;B01
201800014610;1.0;7;0;6.0;0.0;1.0;0.0;A01
201800014611;2.0;7;0;2.0;0.0;1.0;1.0;A01
201800014612;2.0;10;0;0.0;2.0;3.0;0.0;A01
201800014612;1.0;15;0;0.0;2.0;3.0;1.0;B01
201800014612;1.0;15;0;0.0;2.0;0.0;0.0;C01
201800014613;1.0;33;0;0.0;0.0;8.0;2.0;A01
201800014614;1.0;33;0;0.0;2.0;1.0;1.0;A01
201800014614;0.0;7;0;0.0;2.0;3.0;19.0;B01
201800014615;1.0;7;0;0.0;2.0;1.0;19.0;B01
201800014615;2.0;7;0;9.0;2.0;7.0;19.0;A01
201800014616;1.0;2;0;0.0;0.0;8.0;1.0;A01
201800014617;2.0;7;0;13.0;0.0;3.0;13.0;A01
201800014618;0.0;7;0;0.0;0.0;7.0;1.0;A01
201800014619;1.0;7;0;13.0;0.0;0.0;1.0;A01
201800014620;1.0;33;0;0.0;0.0;7.0;2.0;A01
201800014621;2.0;33;0;0.0;0.0;8.0;2.0;A01
201800014622;2.0;7;0;0.0;2.0;8.0;9.0;A01
201800014622;1.0;33;0;0.0;0.0;7.0;1.0;B01
201800014623;1.0;7;0;0.0;0.0;0.0;1.0;A01
201800014624;2.0;10;0;0.0;2.0;3.0;13.0;A01
201800014624;1.0;7;0;0.0;2.0;3.0;21.0;B01