Num_Acc;senc;catv;occutc;obs;obsm;choc;manv;num_veh
201800015164;2.0;20;0;0.0;2.0;1.0;19.0;A01
201800015165;2.0;7;0;0.0;2.0;1.0;17.0;B01
201800015165;2.0;7;0;0.0;0.0;8.0;15.0;A01
201800015166;2.0;33;0;0.0;2.0;3.0;13.0;B01
201800015166;1.0;33;0;12.0;2.0;3.0;13.0;A01
201800015167;1.0;7;0;13.0;0.0;1.0;1.0;A01
201800015168;0.0;7;0;13.0;0.0;1.0;13.0;A01
201800015169;1.0;7;0;0.0;2.0;1.0;13.0;A01
201800015169;2.0;7;0;0.0;0.0;1.0;1.0;B01
201800015170;2.0;7;0;0.0;2.0;1.0;1.0;A01
201800015170;1.0;33;0;0.0;2.0;1.0;1.0;B01
201800015170;1.0;33;0;0.0;2.0;7.0;1.0;C01
201800015171;1.0;7;0;13.0;0.0;1.0;14.0;A01
201800015172;2.0;33;0;0.0;2.0;2.0;21.0;A01
201800015172;2.0;20;0;0.0;2.0;3.0;15.0;B01
201800015173;2.0;7;0;13.0;0.0;9.0;1.0;A01
201800015174;1.0;7;0;0.0;2.0;3.0;13.0;A01
201800015174;2.0;7;0;0.0;2.0;3.0;1.0;B01
201800015175;2.0;7;0;13.0;0.0;2.0;3.0;A01
201800015176;1.0;1;0;0.0;0.0;8.0;1.0;A01
201800015177;2.0;7;0;2.0;0.0;3.0;13.0;A01
201800015178;1.0;2;0;12.0;0.0;1.0;6.0;A01
201800015179;1.0;7;0;10.0;0.0;1.0;1.0;A01
201800015180;1.0;32;0;0.0;2.0;1.0;1.0;B01
201800015180;2.0;7;0;0.0;2.0;3.0;15.0;A01
201800015181;2.0;7;0;0.0;0.0;9.0;13.0;A01
201800015182;2.0;7;0;13.0;0.0;3.0;21.0;A01
201800015183;1.0;7;0;0.0;2.0;8.0;15.0;B01
201800015183;2.0;33;0;0.0;2.0;7.0;2.0;A01
201800015184;2.0;7;0;2.0;0.0;8.0;1.0;A01
201800015185;1.0;7;0;0.0;2.0;8.0;1.0;A01
201800015185;2.0;7;0;0.0;2.0;8.0;13.0;B01
201800015186;2.0;1;0;6.0;0.0;7.0;14.0;A01
201800015187;1.0;33;0;0.0;0.0;0.0;13.0;A01
201800015188;2.0;7;0;0.0;2.0;3.0;1.0;B01
201800015188;1.0;7;0;0.0;2.0;3.0;13.0;A01
201800015189;2.0;1;0;0.0;2.0;8.0;15.0;B01
201800015189;2.0;7;0;0.0;2.0;2.0;17.0;A01
201800015190;0.0;1;0;12.0;0.0;9.0;1.0;A01
201800015191;1.0;7;0;14.0;0.0;1.0;1.0;A01
201800015192;1.0;7;0;2.0;0.0;7.0;1.0;A01
201800015193;1.0;7;0;0.0;2.0;3.0;1.0;A01
201800015193;2.0;7;0;0.0;2.0;3.0;1.0;B01
201800015194;0.0;7;0;8.0;0.0;0.0;0.0;A01
201800015195;2.0;10;0;0.0;2.0;8.0;1.0;B01
201800015195;1.0;33;0;0.0;2.0;8.0;1.0;A01
201800015196;1.0;10;0;0.0;2.0;2.0;17.0;A01
201800015196;1.0;21;0;0.0;2.0;6.0;1.0;B01
201800015197;0.0;7;0;2.0;0.0;7.0;1.0;A01
201800015198;2.0;7;0;0.0;2.0;3.0;13.0;A01
201800015198;1.0;7;0;0.0;2.0;8.0;1.0;B01
201800015199;0.0;2;0;0.0;2.0;1.0;1.0;B01
201800015199;0.0;7;0;0.0;2.0;3.0;9.0;A01
201800015200;1.0;7;0;0.0;2.0;3.0;15.0;A01
201800015200;2.0;2;0;6.0;2.0;8.0;1.0;B01
201800015201;1.0;7;0;0.0;0.0;9.0;1.0;A01
201800015202;1.0;7;0;13.0;0.0;3.0;1.0;A01
201800015203;2.0;7;0;13.0;0.0;9.0;19.0;A01
201800015204;1.0;33;0;0.0;0.0;0.0;21.0;A01
201800015205;1.0;7;0;13.0;0.0;2.0;0.0;B01
201800015205;2.0;7;0;13.0;2.0;6.0;16.0;A01
201800015206;0.0;7;0;13.0;0.0;0.0;1.0;A01
201800015207;0.0;7;0;0.0;2.0;1.0;1.0;B01
201800015207;0.0;7;0;0.0;2.0;1.0;13.0;A01
201800015208;2.0;7;0;0.0;0.0;9.0;1.0;A01
201800015209;1.0;7;0;8.0;0.0;3.0;13.0;A01
201800015210;0.0;33;0;0.0;0.0;7.0;1.0;A01
201800015211;2.0;7;0;2.0;0.0;3.0;14.0;A01
201800015212;1.0;7;0;8.0;0.0;3.0;0.0;A01
201800015213;0.0;2;0;0.0;0.0;2.0;1.0;A01
201800015214;0.0;7;0;0.0;0.0;2.0;1.0;B01
201800015214;1.0;7;0;0.0;2.0;3.0;19.0;A01
201800015215;1.0;7;0;13.0;0.0;1.0;1.0;A01
201800015216;1.0;7;0;12.0;0.0;2.0;1.0;A01
201800015217;0.0;7;0;0.0;1.0;1.0;16.0;A01
201800015218;0.0;7;0;0.0;2.0;5.0;19.0;A01
201800015218;0.0;2;0;0.0;2.0;1.0;1.0;B01
201800015219;1.0;34;0;1.0;2.0;2.0;17.0;A01
201800015219;1.0;7;0;0.0;2.0;8.0;15.0;B01
201800015220;1.0;33;0;0.0;2.0;1.0;17.0;A01
201800015220;1.0;7;0;0.0;2.0;8.0;10.0;B01
201800015221;0.0;7;0;8.0;0.0;9.0;13.0;A01
201800015222;1.0;33;0;0.0;2.0;1.0;1.0;A01
201800015222;1.0;7;0;0.0;2.0;3.0;9.0;B01
201800015223;2.0;7;0;0.0;2.0;1.0;13.0;A01
201800015223;1.0;7;0;0.0;2.0;1.0;1.0;B01
201800015224;1.0;7;0;10.0;0.0;7.0;1.0;A01
201800015225;0.0;1;0;0.0;0.0;0.0;0.0;A01
201800015226;2.0;7;0;3.0;2.0;1.0;1.0;B01
201800015226;1.0;7;0;0.0;2.0;1.0;13.0;A01
201800015227;2.0;7;0;2.0;0.0;0.0;13.0;A01
201800015228;0.0;7;0;0.0;1.0;3.0;1.0;A01
201800015229;1.0;7;0;0.0;2.0;1.0;1.0;B01
201800015229;2.0;33;0;0.0;2.0;1.0;1.0;A01
201800015230;2.0;1;0;0.0;2.0;8.0;1.0;B01
201800015230;2.0;10;0;0.0;2.0;2.0;2.0;A01
201800015231;2.0;7;0;0.0;2.0;1.0;1.0;B01
201800015231;2.0;7;0;0.0;2.0;1.0;1.0;C01
201800015231;2.0;7;0;0.0;0.0;4.0;1.0;A01
201800015232;2.0;7;0;8.0;0.0;3.0;13.0;A01
201800015233;2.0;7;0;0.0;2.0;6.0;5.0;A01
201800015233;1.0;33;0;0.0;2.0;3.0;1.0;B01
201800015234;0.0;7;0;0.0;1.0;2.0;1.0;A01
201800015235;1.0;33;0;0.0;2.0;1.0;17.0;B01
201800015235;1.0;7;0;0.0;2.0;6.0;10.0;A01
201800015236;1.0;7;0;2.0;0.0;1.0;19.0;A01
201800015237;1.0;7;0;6.0;0.0;1.0;14.0;A01
201800015238;1.0;7;0;0.0;2.0;1.0;13.0;A01
201800015238;2.0;7;0;0.0;2.0;1.0;1.0;B01
201800015239;2.0;7;0;0.0;1.0;3.0;1.0;A01
201800015240;2.0;1;0;0.0;2.0;1.0;5.0;B01
201800015240;1.0;7;0;0.0;2.0;3.0;1.0;A01
201800015241;1.0;31;0;16.0;0.0;0.0;1.0;A01
201800015242;1.0;7;0;2.0;0.0;9.0;1.0;A01
201800015243;1.0;7;0;0.0;2.0;1.0;1.0;A01
201800015243;2.0;7;0;1.0;2.0;1.0;15.0;B01
201800015244;1.0;7;0;2.0;0.0;2.0;2.0;A01
201800015245;2.0;7;0;0.0;5.0;1.0;13.0;A01
201800015245;1.0;10;0;0.0;2.0;1.0;1.0;B01
201800015246;2.0;7;0;2.0;0.0;2.0;1.0;A01
201800015247;0.0;36;0;2.0;0.0;1.0;1.0;A01
201800015248;1.0;7;0;2.0;0.0;2.0;1.0;A01
201800015249;2.0;7;0;0.0;1.0;1.0;1.0;A01
201800015250;0.0;7;0;0.0;9.0;2.0;14.0;A01
201800015250;0.0;1;0;0.0;2.0;2.0;1.0;B01
201800015251;1.0;33;0;12.0;0.0;1.0;0.0;A01
201800015252;1.0;7;0;15.0;0.0;1.0;19.0;A01
201800015253;0.0;7;0;3.0;0.0;7.0;1.0;A01
201800015254;2.0;7;0;13.0;0.0;1.0;13.0;A01
201800015255;0.0;36;0;0.0;0.0;1.0;1.0;A01
201800015256;0.0;7;0;0.0;2.0;2.0;15.0;A01
201800015256;0.0;7;0;0.0;2.0;3.0;1.0;B01
201800015257;1.0;7;0;2.0;0.0;1.0;1.0;A01
201800015258;1.0;7;0;13.0;0.0;7.0;13.0;A01
201800015259;2.0;37;1;0.0;2.0;3.0;1.0;B01
201800015259;2.0;7;0;2.0;2.0;7.0;17.0;A01
201800015260;2.0;7;0;0.0;2.0;1.0;1.0;B01
201800015260;1.0;7;0;3.0;2.0;5.0;13.0;A01
201800015261;2.0;7;0;2.0;0.0;1.0;1.0;A01
201800015262;0.0;7;0;0.0;1.0;3.0;1.0;A01
201800015263;1.0;7;0;0.0;2.0;1.0;13.0;A01
201800015263;2.0;7;0;0.0;2.0;1.0;0.0;B01
201800015264;1.0;7;0;0.0;2.0;3.0;13.0;A01
201800015264;0.0;7;0;0.0;2.0;1.0;1.0;B01
201800015265;1.0;1;0;0.0;0.0;0.0;1.0;A01
201800015266;0.0;7;0;0.0;2.0;8.0;19.0;A01
201800015266;0.0;33;0;0.0;2.0;1.0;1.0;B01
201800015267;0.0;7;0;2.0;0.0;8.0;1.0;A01
201800015268;2.0;7;0;0.0;2.0;1.0;13.0;A01
201800015268;1.0;7;0;0.0;2.0;1.0;1.0;B01
201800015269;1.0;7;0;0.0;9.0;8.0;1.0;B01
201800015269;0.0;1;0;0.0;2.0;1.0;1.0;A01
201800015270;2.0;7;0;1.0;0.0;1.0;1.0;A01
201800015270;2.0;20;0;0.0;2.0;1.0;24.0;B01
201800015271;2.0;7;0;2.0;0.0;1.0;0.0;A01
201800015272;2.0;7;0;2.0;0.0;1.0;14.0;A01
201800015273;2.0;7;0;2.0;0.0;1.0;13.0;A01
201800015274;1.0;7;0;2.0;0.0;7.0;13.0;A01
201800015275;0.0;7;0;2.0;0.0;3.0;2.0;A01
201800015276;2.0;33;0;0.0;2.0;1.0;21.0;B01
201800015276;1.0;7;0;0.0;0.0;5.0;19.0;A01
201800015277;0.0;7;0;0.0;1.0;3.0;1.0;A01
201800015278;0.0;7;0;0.0;1.0;2.0;16.0;A01
201800015279;2.0;7;0;0.0;1.0;3.0;1.0;A01
201800015280;2.0;10;0;0.0;2.0;1.0;15.0;A01
201800015280;1.0;7;0;0.0;2.0;3.0;1.0;B01
201800015281;2.0;7;0;0.0;2.0;1.0;13.0;A01
201800015281;1.0;7;0;0.0;2.0;1.0;1.0;B01
201800015282;2.0;33;0;0.0;2.0;1.0;1.0;B01
201800015282;0.0;7;0;0.0;0.0;6.0;19.0;A01
201800015283;1.0;7;0;0.0;2.0;2.0;17.0;A01
201800015283;1.0;17;0;0.0;2.0;8.0;1.0;B01
201800015284;1.0;7;0;0.0;1.0;4.0;4.0;A01
201800015285;2.0;7;0;0.0;2.0;1.0;1.0;A01
201800015285;2.0;7;0;0.0;0.0;4.0;23.0;B01
201800015285;1.0;7;0;0.0;2.0;3.0;1.0;C01
201800015286;0.0;7;0;0.0;1.0;2.0;1.0;A01
201800015287;1.0;7;0;0.0;2.0;2.0;1.0;A01
201800015287;2.0;7;0;0.0;2.0;1.0;1.0;B01
201800015288;1.0;7;0;6.0;0.0;1.0;1.0;A01
201800015289;0.0;2;0;6.0;0.0;1.0;14.0;A01
201800015290;0.0;33;0;15.0;2.0;2.0;17.0;A01
201800015290;0.0;7;0;0.0;2.0;3.0;15.0;B01
201800015291;1.0;2;0;6.0;0.0;1.0;1.0;A01
201800015292;1.0;7;0;0.0;2.0;3.0;1.0;A01
201800015292;2.0;2;0;0.0;2.0;1.0;1.0;B01
201800015293;0.0;7;0;0.0;1.0;1.0;1.0;A01
201800015294;1.0;10;0;0.0;2.0;3.0;1.0;A01
201800015294;1.0;10;0;0.0;2.0;3.0;1.0;B01
201800015295;0.0;7;0;0.0;2.0;2.0;1.0;A01
201800015295;0.0;7;0;0.0;2.0;1.0;1.0;B01
201800015296;1.0;2;0;0.0;2.0;2.0;21.0;B01
201800015296;1.0;7;0;0.0;2.0;8.0;16.0;A01
201800015297;0.0;7;0;2.0;0.0;1.0;1.0;A01
201800015298;1.0;7;0;0.0;9.0;2.0;2.0;A01
201800015298;1.0;1;0;0.0;2.0;4.0;2.0;B01
201800015299;0.0;7;0;0.0;2.0;3.0;1.0;A01
201800015299;0.0;7;0;0.0;2.0;1.0;1.0;B01
201800015300;0.0;33;0;2.0;0.0;2.0;21.0;A01
201800015301;0.0;7;0;13.0;0.0;2.0;1.0;A01
201800015302;2.0;7;0;0.0;2.0;3.0;13.0;A01
201800015302;1.0;7;0;0.0;2.0;3.0;1.0;B01
201800015303;2.0;7;0;0.0;2.0;1.0;13.0;A01
201800015303;1.0;7;0;0.0;2.0;1.0;1.0;B01
201800015304;0.0;7;0;0.0;1.0;3.0;1.0;A01
201800015305;0.0;7;0;0.0;2.0;1.0;1.0;A01
201800015305;0.0;7;0;0.0;2.0;1.0;1.0;B01
201800015306;1.0;7;0;0.0;0.0;0.0;1.0;A01
201800015307;0.0;7;0;0.0;1.0;2.0;20.0;A01
201800015308;0.0;1;0;0.0;0.0;0.0;1.0;A01
201800015308;0.0;7;0;0.0;0.0;0.0;0.0;B01
201800015309;2.0;7;0;8.0;0.0;2.0;1.0;A01
201800015310;1.0;7;0;0.0;1.0;1.0;1.0;A01
201800015311;1.0;7;0;0.0;2.0;1.0;1.0;A01
201800015311;1.0;7;0;0.0;2.0;1.0;1.0;B01
201800015311;2.0;7;0;0.0;2.0;8.0;1.0;C01
201800015312;1.0;2;0;0.0;2.0;1.0;2.0;A01
201800015312;1.0;7;0;0.0;0.0;5.0;9.0;B01
201800015313;1.0;7;0;0.0;2.0;3.0;1.0;A01
201800015313;2.0;7;0;0.0;2.0;3.0;13.0;B01
201800015314;0.0;7;0;0.0;2.0;1.0;1.0;A01
201800015314;0.0;7;0;6.0;2.0;1.0;1.0;B01
201800015315;1.0;7;0;0.0;1.0;1.0;1.0;A01
201800015316;1.0;7;0;8.0;0.0;8.0;1.0;A01
201800015317;1.0;7;0;0.0;2.0;1.0;1.0;A01
201800015317;0.0;7;0;0.0;2.0;8.0;19.0;B01
201800015318;1.0;7;0;0.0;1.0;1.0;1.0;A01
201800015319;1.0;7;0;0.0;2.0;1.0;1.0;A01
201800015319;2.0;10;0;0.0;2.0;3.0;1.0;B01
201800015320;0.0;7;0;0.0;2.0;1.0;1.0;A01
201800015320;0.0;7;0;0.0;2.0;4.0;23.0;B01
201800015321;1.0;7;0;0.0;2.0;3.0;9.0;A01
201800015321;1.0;1;0;0.0;2.0;1.0;1.0;B01
201800015322;0.0;7;0;0.0;1.0;0.0;1.0;A01
201800015323;2.0;7;0;0.0;2.0;1.0;9.0;A01
201800015323;2.0;1;0;0.0;0.0;4.0;0.0;B01
201800015324;1.0;7;0;0.0;2.0;1.0;2.0;A01
201800015324;1.0;7;0;0.0;2.0;4.0;2.0;B01
201800015324;1.0;33;0;0.0;0.0;4.0;2.0;C01
201800015325;0.0;7;0;0.0;1.0;3.0;1.0;A01
201800015326;2.0;7;0;0.0;9.0;3.0;2.0;A01
201800015326;2.0;1;0;0.0;2.0;1.0;2.0;B01
201800015327;1.0;7;0;0.0;1.0;2.0;2.0;A01
201800015328;1.0;10;0;14.0;1.0;0.0;1.0;A01
201800015329;1.0;7;0;13.0;0.0;1.0;1.0;A01
201800015330;1.0;7;0;12.0;0.0;1.0;0.0;A01
201800015331;2.0;7;0;0.0;2.0;7.0;15.0;A01
201800015331;1.0;33;0;0.0;2.0;1.0;1.0;B01
201800015332;0.0;15;0;0.0;2.0;3.0;1.0;A01
201800015332;0.0;2;0;0.0;2.0;1.0;1.0;B01
201800015333;0.0;7;0;1.0;0.0;2.0;14.0;B01
201800015334;0.0;33;0;0.0;2.0;1.0;1.0;B01
201800015334;0.0;2;0;0.0;2.0;8.0;9.0;A01
201800015335;0.0;31;0;0.0;0.0;0.0;1.0;A01
201800015336;1.0;2;0;0.0;1.0;3.0;1.0;A01
201800015337;0.0;2;0;0.0;0.0;9.0;0.0;B01
201800015338;2.0;3;0;2.0;0.0;8.0;15.0;A01
201800015339;1.0;7;0;15.0;0.0;1.0;0.0;A01
201800015340;1.0;1;0;0.0;2.0;4.0;1.0;A01
201800015340;1.0;7;0;0.0;2.0;4.0;1.0;B01
201800015341;0.0;33;0;7.0;0.0;7.0;1.0;A01
201800015342;1.0;7;0;13.0;0.0;1.0;1.0;A01
201800015343;0.0;2;0;0.0;0.0;0.0;1.0;A01
201800015344;0.0;7;0;0.0;1.0;0.0;0.0;A01
201800015345;1.0;7;0;0.0;2.0;2.0;2.0;A01
201800015345;1.0;1;0;0.0;2.0;6.0;2.0;B01
201800015346;1.0;7;0;0.0;2.0;1.0;1.0;A01
201800015346;1.0;7;0;0.0;2.0;4.0;23.0;B01
201800015346;1.0;7;0;0.0;0.0;4.0;23.0;C01
201800015347;1.0;7;0;0.0;2.0;3.0;1.0;B01
201800015347;1.0;33;0;0.0;2.0;1.0;9.0;A01
201800015348;2.0;7;0;0.0;2.0;1.0;0.0;B01
201800015348;1.0;1;0;0.0;2.0;0.0;0.0;A01
201800015349;2.0;7;0;0.0;2.0;1.0;1.0;B01
201800015349;1.0;7;0;0.0;2.0;1.0;19.0;A01
201800015350;1.0;7;0;0.0;9.0;5.0;15.0;A01
201800015350;2.0;2;0;0.0;9.0;2.0;1.0;B01
201800015351;1.0;2;0;0.0;0.0;1.0;0.0;A01
201800015351;1.0;7;0;0.0;0.0;7.0;16.0;B01
201800015352;2.0;7;0;0.0;1.0;2.0;1.0;A01
201800015353;1.0;7;0;0.0;2.0;1.0;1.0;B01
201800015353;1.0;7;0;0.0;2.0;7.0;19.0;A01
201800015354;0.0;7;0;0.0;2.0;7.0;19.0;A01
201800015354;0.0;7;0;0.0;2.0;1.0;1.0;B01
201800015355;2.0;33;0;0.0;0.0;7.0;1.0;A01
201800015355;2.0;7;0;0.0;2.0;8.0;1.0;B01
201800015356;2.0;31;0;0.0;2.0;1.0;17.0;A01
201800015356;2.0;7;0;6.0;2.0;3.0;15.0;B01
201800015357;0.0;33;0;0.0;2.0;1.0;2.0;A01
201800015357;0.0;7;0;0.0;0.0;4.0;15.0;B01
201800015358;0.0;7;0;0.0;0.0;5.0;0.0;A01
201800015359;0.0;7;0;0.0;0.0;8.0;15.0;A01
201800015359;0.0;33;0;15.0;0.0;2.0;17.0;B01
201800015360;0.0;7;0;0.0;2.0;3.0;13.0;A01
201800015360;0.0;7;0;0.0;2.0;3.0;1.0;B01
201800015361;1.0;2;0;0.0;0.0;0.0;9.0;A01
201800015362;1.0;99;0;0.0;1.0;1.0;0.0;A01
201800015363;1.0;7;0;0.0;2.0;2.0;15.0;A01
201800015363;2.0;33;0;0.0;2.0;1.0;1.0;B01
201800015364;2.0;7;0;0.0;0.0;9.0;14.0;A01
201800015365;2.0;10;0;0.0;2.0;3.0;13.0;A01
201800015365;2.0;7;0;8.0;0.0;6.0;1.0;B01
201800015366;2.0;33;0;0.0;0.0;0.0;1.0;A01
201800015367;1.0;7;0;0.0;1.0;2.0;1.0;A01
201800015368;2.0;7;0;0.0;2.0;7.0;1.0;A01
201800015368;1.0;10;0;0.0;2.0;1.0;1.0;B01
201800015369;1.0;2;0;0.0;0.0;4.0;1.0;A01
201800015369;1.0;2;0;0.0;2.0;1.0;1.0;B01
201800015369;1.0;2;0;0.0;2.0;1.0;1.0;C01
201800015370;2.0;10;0;0.0;2.0;3.0;1.0;A01
201800015370;2.0;1;0;0.0;0.0;7.0;1.0;B01
201800015371;0.0;7;0;13.0;0.0;3.0;1.0;A01
201800015372;0.0;2;0;0.0;0.0;1.0;1.0;A01
201800015373;2.0;7;0;0.0;2.0;1.0;0.0;A01
201800015373;1.0;7;0;0.0;2.0;3.0;1.0;B01
201800015374;2.0;7;0;0.0;2.0;7.0;6.0;A01
201800015374;1.0;7;0;0.0;2.0;1.0;1.0;B01
201800015375;1.0;7;0;13.0;0.0;1.0;1.0;A01
201800015376;1.0;7;0;13.0;0.0;1.0;1.0;A01
201800015377;1.0;7;0;0.0;0.0;8.0;1.0;A01
201800015377;1.0;10;0;0.0;2.0;2.0;9.0;B01
201800015378;2.0;7;0;0.0;0.0;8.0;1.0;A01
201800015378;1.0;10;0;0.0;2.0;4.0;15.0;B01
201800015378;1.0;10;0;0.0;2.0;1.0;1.0;C01
201800015379;2.0;31;0;0.0;2.0;2.0;17.0;A01
201800015379;1.0;7;0;0.0;2.0;6.0;15.0;B01
201800015380;2.0;7;0;0.0;2.0;1.0;1.0;A01
201800015380;1.0;7;0;0.0;2.0;1.0;1.0;B01
201800015381;0.0;7;0;6.0;2.0;2.0;1.0;A01
201800015381;0.0;7;0;0.0;2.0;8.0;9.0;B01
201800015382;1.0;7;0;0.0;9.0;3.0;9.0;A01
201800015382;1.0;1;0;0.0;2.0;1.0;1.0;B01
201800015383;1.0;7;0;0.0;2.0;1.0;1.0;A01
201800015383;2.0;7;0;0.0;2.0;3.0;1.0;B01
201800015384;1.0;7;0;0.0;2.0;3.0;19.0;B01
201800015384;2.0;2;0;0.0;2.0;1.0;1.0;A01
201800015385;1.0;2;0;11.0;0.0;1.0;1.0;A01
201800015386;1.0;33;0;2.0;0.0;0.0;1.0;A01
201800015387;0.0;21;0;0.0;1.0;3.0;1.0;A01
201800015388;1.0;7;0;0.0;1.0;1.0;1.0;A01
201800015389;1.0;7;0;0.0;1.0;3.0;1.0;A01
201800015390;0.0;7;0;13.0;0.0;2.0;1.0;A01
201800015391;0.0;2;0;0.0;2.0;1.0;1.0;A01
201800015391;0.0;7;0;0.0;2.0;1.0;1.0;B01
201800015392;1.0;7;0;8.0;2.0;1.0;0.0;A01
201800015392;2.0;7;0;;2.0;3.0;1.0;B01
201800015393;1.0;7;0;13.0;0.0;0.0;1.0;A01
201800015394;0.0;7;0;13.0;0.0;1.0;1.0;A01
201800015395;0.0;2;0;0.0;2.0;1.0;17.0;A01
201800015395;0.0;38;1;0.0;2.0;3.0;15.0;B01
201800015396;2.0;7;0;13.0;0.0;3.0;1.0;A01
201800015397;2.0;7;0;0.0;2.0;1.0;1.0;B01
201800015397;1.0;7;0;0.0;2.0;3.0;15.0;A01
201800015398;2.0;7;0;0.0;2.0;3.0;15.0;A01
201800015398;1.0;7;0;0.0;2.0;3.0;1.0;B01
201800015399;2.0;33;0;0.0;0.0;0.0;1.0;A01
201800015400;0.0;2;0;0.0;2.0;1.0;1.0;A01
201800015400;0.0;7;0;0.0;2.0;3.0;1.0;B01
201800015401;1.0;15;0;4.0;0.0;8.0;1.0;A01
201800015402;2.0;7;0;2.0;0.0;1.0;1.0;A01
201800015403;1.0;7;0;13.0;0.0;3.0;1.0;A01
201800015404;0.0;7;0;0.0;1.0;3.0;1.0;A01
201800015405;2.0;17;0;0.0;2.0;3.0;1.0;B01
201800015405;2.0;7;0;8.0;2.0;6.0;19.0;A01
201800015406;2.0;7;0;0.0;2.0;3.0;1.0;A01
201800015406;1.0;7;0;0.0;2.0;2.0;1.0;B01
201800015407;2.0;33;0;13.0;0.0;1.0;1.0;A01
201800015408;1.0;2;0;0.0;0.0;8.0;1.0;A01
201800015409;1.0;7;0;16.0;0.0;7.0;1.0;A01
201800015410;0.0;31;0;13.0;0.0;1.0;1.0;A01
201800015411;1.0;7;0;0.0;2.0;3.0;10.0;A01
201800015411;1.0;7;0;0.0;2.0;1.0;1.0;B01
201800015412;1.0;7;0;8.0;0.0;3.0;19.0;A01
201800015413;1.0;7;0;0.0;2.0;3.0;1.0;A01
201800015413;2.0;7;0;0.0;2.0;1.0;13.0;B01
201800015413;1.0;7;0;0.0;2.0;1.0;1.0;C01
201800015414;2.0;7;0;0.0;1.0;3.0;1.0;A01
201800015415;2.0;2;0;0.0;0.0;0.0;0.0;A01
201800015416;2.0;7;0;0.0;0.0;2.0;1.0;B01
201800015416;0.0;7;0;0.0;2.0;1.0;16.0;A01
201800015417;0.0;7;0;13.0;0.0;2.0;0.0;A01
201800015418;1.0;2;0;0.0;2.0;1.0;23.0;A01
201800015418;2.0;7;0;0.0;2.0;2.0;1.0;B01
201800015419;1.0;33;0;1.0;0.0;8.0;0.0;A01
201800015420;1.0;7;0;0.0;2.0;8.0;9.0;A01
201800015420;2.0;33;0;0.0;2.0;1.0;1.0;B01
201800015421;1.0;7;0;0.0;2.0;1.0;13.0;A01
201800015421;2.0;7;0;0.0;2.0;1.0;1.0;B01
201800015422;2.0;7;0;;;;1.0;A01
201800015422;1.0;31;0;0.0;0.0;4.0;1.0;B01
201800015423;1.0;7;0;0.0;1.0;3.0;1.0;A01
201800015424;0.0;7;0;13.0;0.0;0.0;1.0;A01
201800015425;1.0;7;0;15.0;0.0;2.0;1.0;A01
201800015426;1.0;33;0;0.0;2.0;1.0;1.0;A01
201800015426;1.0;21;0;0.0;2.0;3.0;15.0;B01
201800015427;0.0;7;0;0.0;2.0;2.0;17.0;A01
201800015427;0.0;1;0;0.0;2.0;3.0;1.0;B01
201800015428;1.0;7;0;8.0;0.0;1.0;1.0;A01
201800015429;2.0;7;0;0.0;2.0;3.0;13.0;A01
201800015429;1.0;7;0;0.0;2.0;3.0;1.0;B01
201800015430;2.0;1;0;0.0;2.0;3.0;1.0;B01
201800015430;0.0;7;0;0.0;9.0;2.0;19.0;A01
201800015431;0.0;7;0;0.0;2.0;2.0;1.0;A01
201800015431;0.0;99;0;0.0;0.0;8.0;1.0;B01
201800015432;0.0;7;0;13.0;0.0;1.0;1.0;A01
201800015433;1.0;7;0;0.0;1.0;1.0;1.0;A01
201800015434;2.0;7;0;13.0;0.0;3.0;1.0;A01
201800015435;2.0;7;0;0.0;2.0;3.0;13.0;A01
201800015435;1.0;7;0;0.0;2.0;3.0;1.0;B01
201800015436;1.0;7;0;0.0;1.0;2.0;2.0;A01
201800015437;2.0;31;0;0.0;2.0;1.0;17.0;A01
201800015437;2.0;7;0;0.0;0.0;3.0;15.0;B01
201800015438;0.0;7;0;0.0;2.0;3.0;19.0;A01
201800015438;0.0;2;0;0.0;2.0;1.0;1.0;B01
201800015439;1.0;7;0;0.0;0.0;7.0;0.0;A01
201800015440;1.0;7;0;0.0;2.0;3.0;9.0;A01
201800015440;1.0;1;0;0.0;2.0;7.0;1.0;B01
201800015441;0.0;2;0;0.0;2.0;8.0;13.0;A01
201800015441;0.0;21;0;0.0;2.0;8.0;1.0;B01
201800015442;1.0;7;0;1.0;0.0;1.0;1.0;A01
201800015443;2.0;33;0;5.0;0.0;1.0;1.0;A01
201800015444;2.0;7;0;0.0;2.0;1.0;13.0;A01
201800015444;1.0;7;0;0.0;2.0;1.0;1.0;B01
201800015445;2.0;33;0;13.0;0.0;1.0;1.0;A01
201800015446;2.0;7;0;0.0;0.0;6.0;15.0;A01
201800015446;1.0;33;0;0.0;2.0;1.0;1.0;B01
201800015447;1.0;7;0;13.0;0.0;3.0;13.0;A01
201800015448;1.0;33;0;0.0;2.0;1.0;1.0;A01
201800015448;2.0;10;0;0.0;2.0;3.0;17.0;B01
201800015449;2.0;7;0;0.0;1.0;1.0;1.0;A01
201800015450;1.0;17;0;13.0;0.0;7.0;1.0;A01
201800015451;1.0;7;0;0.0;2.0;1.0;1.0;A01
201800015451;2.0;7;0;0.0;2.0;1.0;1.0;B01
201800015451;2.0;7;0;0.0;2.0;1.0;1.0;C01
201800015452;1.0;10;0;0.0;0.0;7.0;1.0;A01
201800015453;0.0;7;0;0.0;1.0;2.0;16.0;A01
201800015454;1.0;7;0;13.0;0.0;2.0;1.0;A01