Num_Acc;senc;catv;occutc;obs;obsm;choc;manv;num_veh
201800015722;1.0;1;0;0.0;2.0;4.0;1.0;B01
201800015722;1.0;7;0;0.0;9.0;1.0;1.0;A01
201800015723;0.0;7;0;0.0;2.0;2.0;16.0;A01
201800015723;0.0;1;0;0.0;2.0;3.0;1.0;B01
201800015724;0.0;7;0;0.0;2.0;2.0;1.0;A01
201800015724;0.0;1;0;0.0;2.0;1.0;19.0;B01
201800015725;0.0;1;0;0.0;2.0;1.0;19.0;A01
201800015725;0.0;7;0;0.0;2.0;2.0;1.0;B01
201800015726;0.0;7;0;0.0;2.0;1.0;1.0;B01
201800015726;0.0;33;0;0.0;2.0;8.0;19.0;A01
201800015727;1.0;33;0;0.0;2.0;1.0;1.0;B01
201800015727;2.0;7;0;0.0;2.0;8.0;19.0;A01
201800015728;0.0;1;0;0.0;0.0;1.0;1.0;A01
201800015729;2.0;7;0;2.0;0.0;3.0;1.0;A01
201800015730;2.0;7;0;13.0;2.0;3.0;13.0;A01
201800015730;1.0;33;0;0.0;2.0;1.0;1.0;B01
201800015731;0.0;7;0;0.0;1.0;0.0;9.0;A01
201800015732;1.0;33;0;0.0;1.0;1.0;1.0;A01
201800015733;1.0;2;0;12.0;1.0;1.0;1.0;A01
201800015734;1.0;7;0;2.0;0.0;8.0;5.0;A01
201800015735;1.0;7;0;9.0;2.0;1.0;1.0;B01
201800015735;0.0;7;0;0.0;2.0;8.0;19.0;A01
201800015736;1.0;7;0;7.0;2.0;1.0;9.0;A01
201800015736;2.0;7;0;0.0;2.0;8.0;1.0;B01
201800015737;1.0;7;0;0.0;2.0;1.0;15.0;A01
201800015737;2.0;33;0;0.0;2.0;8.0;1.0;B01
201800015738;0.0;10;0;0.0;1.0;4.0;0.0;A01
201800015739;2.0;30;0;0.0;2.0;1.0;1.0;A01
201800015739;2.0;99;0;0.0;0.0;4.0;1.0;B01
201800015740;2.0;7;0;2.0;0.0;3.0;1.0;A01
201800015741;1.0;7;0;6.0;0.0;9.0;1.0;A01
201800015742;1.0;7;0;0.0;1.0;1.0;1.0;A01
201800015743;1.0;33;0;0.0;2.0;7.0;1.0;B01
201800015743;1.0;7;0;0.0;2.0;1.0;9.0;A01
201800015744;1.0;7;0;2.0;2.0;2.0;1.0;A01
201800015744;1.0;31;0;0.0;2.0;3.0;18.0;B01
201800015745;0.0;36;0;0.0;2.0;3.0;1.0;B01
201800015745;0.0;21;0;0.0;2.0;3.0;1.0;A01
201800015746;2.0;7;0;0.0;2.0;8.0;1.0;B01
201800015746;2.0;2;0;0.0;2.0;1.0;1.0;A01
201800015747;1.0;7;0;0.0;0.0;1.0;1.0;B01
201800015747;2.0;7;0;0.0;2.0;1.0;17.0;A01
201800015748;0.0;1;0;0.0;2.0;2.0;17.0;B01
201800015748;0.0;7;0;0.0;9.0;3.0;15.0;A01
201800015749;0.0;7;0;0.0;2.0;7.0;19.0;B01
201800015749;0.0;2;0;0.0;2.0;1.0;1.0;A01
201800015750;2.0;7;0;0.0;2.0;2.0;15.0;B01
201800015750;1.0;2;0;0.0;2.0;1.0;1.0;A01
201800015751;2.0;30;0;12.0;2.0;1.0;17.0;B01
201800015751;2.0;7;0;0.0;2.0;3.0;15.0;A01
201800015752;2.0;7;0;0.0;2.0;8.0;15.0;A01
201800015752;2.0;33;0;0.0;2.0;1.0;17.0;B01
201800015753;1.0;7;0;0.0;1.0;1.0;15.0;A01
201800015754;1.0;1;0;0.0;2.0;4.0;1.0;A01
201800015754;1.0;7;0;0.0;2.0;2.0;2.0;B01
201800015755;0.0;7;0;6.0;0.0;8.0;1.0;A01
201800015756;2.0;7;0;0.0;1.0;1.0;1.0;A01
201800015757;0.0;33;0;8.0;0.0;3.0;1.0;A01
201800015758;1.0;7;0;0.0;0.0;4.0;23.0;B01
201800015758;1.0;1;0;1.0;0.0;1.0;1.0;A01
201800015759;1.0;33;0;8.0;0.0;1.0;1.0;A01
201800015760;1.0;36;0;0.0;0.0;0.0;15.0;A01
201800015761;1.0;2;0;0.0;2.0;8.0;1.0;A01
201800015761;2.0;7;0;0.0;2.0;3.0;15.0;B01
201800015762;1.0;7;0;0.0;2.0;1.0;1.0;A01
201800015762;2.0;7;0;0.0;2.0;5.0;13.0;B01
201800015763;0.0;31;0;8.0;0.0;8.0;1.0;A01
201800015764;1.0;7;0;0.0;2.0;3.0;13.0;A01
201800015764;2.0;7;0;0.0;2.0;1.0;1.0;B01
201800015765;1.0;7;0;0.0;2.0;4.0;1.0;B01
201800015765;1.0;7;0;0.0;2.0;1.0;1.0;A01
201800015766;0.0;33;0;6.0;0.0;0.0;1.0;A01
201800015767;0.0;2;0;0.0;2.0;3.0;13.0;A01
201800015768;0.0;7;0;0.0;2.0;1.0;1.0;B01
201800015768;0.0;7;0;0.0;2.0;3.0;1.0;A01
201800015769;2.0;7;0;2.0;0.0;3.0;1.0;A01
201800015770;1.0;33;0;0.0;0.0;9.0;21.0;A01
201800015771;0.0;31;0;8.0;0.0;2.0;1.0;A01
201800015772;0.0;7;0;0.0;1.0;1.0;0.0;A01
201800015773;2.0;33;0;6.0;6.0;1.0;1.0;A01
201800015774;0.0;31;0;0.0;1.0;1.0;18.0;A01
201800015775;1.0;1;0;0.0;2.0;0.0;1.0;B01
201800015775;1.0;7;0;0.0;2.0;0.0;2.0;A01
201800015776;2.0;7;0;13.0;0.0;3.0;1.0;A01
201800015777;0.0;7;0;0.0;1.0;2.0;15.0;A01
201800015778;2.0;7;0;0.0;2.0;1.0;1.0;B01
201800015778;1.0;7;0;0.0;2.0;1.0;1.0;A01
201800015779;1.0;7;0;2.0;0.0;8.0;0.0;A01
201800015780;1.0;7;0;0.0;9.0;3.0;0.0;A01
201800015780;1.0;1;0;0.0;0.0;4.0;0.0;B01
201800015781;0.0;7;0;0.0;1.0;1.0;1.0;A01
201800015782;1.0;7;0;0.0;1.0;2.0;1.0;A01
201800015783;0.0;7;0;6.0;0.0;3.0;1.0;A01
201800015784;1.0;7;0;0.0;1.0;1.0;15.0;A01
201800015785;1.0;2;0;0.0;2.0;1.0;2.0;A01
201800015785;1.0;7;0;0.0;0.0;3.0;1.0;B01
201800015785;1.0;7;0;0.0;0.0;6.0;2.0;C01
201800015786;1.0;31;0;0.0;2.0;1.0;1.0;B01
201800015786;2.0;7;0;0.0;2.0;2.0;15.0;A01
201800015787;2.0;7;0;0.0;2.0;1.0;2.0;A01
201800015787;2.0;7;0;0.0;0.0;4.0;2.0;B01
201800015788;1.0;31;0;0.0;2.0;1.0;2.0;A01
201800015788;1.0;7;0;0.0;0.0;4.0;15.0;B01
201800015789;1.0;7;0;0.0;2.0;3.0;1.0;A01
201800015789;2.0;7;0;0.0;2.0;3.0;1.0;B01
201800015790;1.0;7;0;0.0;0.0;0.0;2.0;B01
201800015790;1.0;2;0;0.0;0.0;1.0;1.0;A01
201800015791;0.0;1;0;0.0;0.0;8.0;1.0;C01
201800015791;0.0;1;0;0.0;0.0;7.0;1.0;B01
201800015791;0.0;1;0;0.0;0.0;8.0;1.0;A01
201800015792;0.0;1;0;0.0;2.0;1.0;1.0;B01
201800015792;0.0;7;0;0.0;9.0;5.0;16.0;A01
201800015793;0.0;2;0;14.0;0.0;1.0;5.0;A01
201800015794;1.0;10;0;0.0;2.0;2.0;17.0;A01
201800015794;1.0;1;0;0.0;2.0;8.0;1.0;B01
201800015795;1.0;7;0;2.0;0.0;1.0;0.0;A01
201800015796;0.0;1;0;0.0;2.0;3.0;1.0;B01
201800015796;0.0;7;0;0.0;9.0;2.0;1.0;A01
201800015797;1.0;33;0;13.0;0.0;1.0;1.0;A01
201800015798;2.0;7;0;0.0;2.0;3.0;15.0;A01
201800015798;1.0;33;0;0.0;2.0;1.0;1.0;B01
201800015799;0.0;7;0;0.0;1.0;1.0;1.0;A01
201800015800;1.0;2;0;0.0;0.0;0.0;0.0;A01
201800015801;1.0;7;0;0.0;0.0;3.0;5.0;A01
201800015801;2.0;1;0;0.0;2.0;1.0;1.0;B01
201800015802;0.0;7;0;6.0;0.0;1.0;13.0;A01
201800015803;0.0;7;0;13.0;2.0;7.0;1.0;B01
201800015803;0.0;13;0;13.0;2.0;2.0;1.0;A01
201800015804;1.0;10;0;0.0;1.0;2.0;14.0;A01
201800015805;1.0;33;0;13.0;0.0;0.0;14.0;A01
201800015806;2.0;7;0;6.0;2.0;3.0;1.0;B01
201800015806;1.0;7;0;0.0;2.0;3.0;13.0;A01
201800015807;2.0;33;0;12.0;0.0;1.0;0.0;A01
201800015808;2.0;7;0;0.0;2.0;0.0;1.0;A01
201800015808;1.0;7;0;0.0;2.0;3.0;1.0;B01
201800015809;2.0;33;0;0.0;2.0;1.0;1.0;B01
201800015809;2.0;7;0;0.0;2.0;2.0;19.0;A01
201800015810;2.0;7;0;0.0;2.0;8.0;1.0;A01
201800015810;1.0;7;0;0.0;2.0;8.0;1.0;B01
201800015811;1.0;7;0;0.0;2.0;7.0;1.0;A01
201800015811;2.0;7;0;0.0;2.0;1.0;1.0;B01
201800015812;1.0;32;0;12.0;0.0;1.0;1.0;A01
201800015813;2.0;7;0;0.0;2.0;3.0;13.0;A01
201800015813;1.0;7;0;0.0;2.0;3.0;1.0;B01
201800015814;1.0;34;0;0.0;2.0;2.0;17.0;A01
201800015814;1.0;7;0;0.0;2.0;3.0;15.0;B01
201800015815;1.0;1;0;0.0;2.0;8.0;11.0;A01
201800015815;1.0;10;0;0.0;9.0;2.0;9.0;B01
201800015816;1.0;7;0;0.0;2.0;8.0;19.0;A01
201800015816;1.0;33;0;0.0;2.0;2.0;21.0;B01
201800015817;1.0;7;0;0.0;0.0;4.0;0.0;A01
201800015817;1.0;33;0;0.0;2.0;1.0;2.0;B01
201800015818;2.0;7;0;0.0;2.0;7.0;15.0;A01
201800015818;1.0;33;0;0.0;2.0;1.0;1.0;B01
201800015819;2.0;10;0;0.0;2.0;1.0;19.0;A01
201800015819;1.0;10;0;0.0;2.0;1.0;1.0;B01
201800015820;1.0;7;0;0.0;2.0;1.0;1.0;A01
201800015820;1.0;1;0;0.0;2.0;4.0;1.0;B01
201800015821;0.0;7;0;13.0;0.0;1.0;1.0;A01
201800015822;1.0;7;0;0.0;2.0;1.0;13.0;A01
201800015822;2.0;10;0;0.0;2.0;8.0;1.0;B01
201800015822;2.0;10;0;0.0;2.0;8.0;1.0;C01
201800015822;2.0;10;0;0.0;2.0;1.0;1.0;D01
201800015823;1.0;7;0;0.0;1.0;2.0;0.0;A01
201800015824;2.0;7;0;0.0;2.0;1.0;2.0;C01
201800015824;2.0;7;0;0.0;2.0;8.0;2.0;A01
201800015824;2.0;7;0;0.0;2.0;6.0;2.0;B01
201800015825;2.0;7;0;13.0;0.0;3.0;1.0;A01
201800015826;1.0;7;0;2.0;0.0;1.0;1.0;A01
201800015827;1.0;7;0;2.0;0.0;1.0;1.0;A01
201800015828;2.0;7;0;0.0;2.0;1.0;1.0;A01
201800015828;2.0;7;0;0.0;0.0;4.0;23.0;B01
201800015828;2.0;7;0;0.0;2.0;4.0;23.0;C01
201800015828;2.0;7;0;0.0;0.0;4.0;23.0;D01
201800015829;1.0;7;0;0.0;2.0;1.0;15.0;A01
201800015829;2.0;7;0;0.0;2.0;1.0;1.0;B01
201800015829;1.0;7;0;0.0;2.0;1.0;1.0;C01
201800015830;1.0;2;0;0.0;2.0;1.0;5.0;A01
201800015830;2.0;7;0;0.0;2.0;2.0;5.0;B01
201800015831;1.0;7;0;0.0;0.0;7.0;15.0;A01
201800015831;2.0;7;0;0.0;2.0;1.0;1.0;B01
201800015832;2.0;2;0;0.0;2.0;1.0;15.0;A01
201800015832;1.0;15;0;0.0;2.0;2.0;1.0;B01
201800015833;2.0;7;0;8.0;0.0;5.0;1.0;A01
201800015834;1.0;7;0;0.0;0.0;1.0;1.0;A01
201800015835;1.0;7;0;0.0;2.0;2.0;2.0;A01
201800015835;1.0;1;0;0.0;2.0;4.0;1.0;B01
201800015836;1.0;7;0;0.0;6.0;1.0;1.0;A01
201800015837;0.0;7;0;0.0;1.0;2.0;19.0;A01
201800015837;0.0;7;0;0.0;2.0;1.0;2.0;B01
201800015838;2.0;7;0;2.0;0.0;1.0;16.0;A01
201800015839;1.0;7;0;0.0;2.0;8.0;0.0;A01
201800015839;1.0;33;0;0.0;2.0;1.0;19.0;B01
201800015839;2.0;7;0;14.0;0.0;2.0;0.0;C01
201800015840;2.0;7;0;0.0;2.0;1.0;1.0;A01
201800015840;2.0;7;0;0.0;0.0;5.0;1.0;B01
201800015841;2.0;7;0;2.0;0.0;1.0;13.0;A01
201800015842;1.0;33;0;0.0;2.0;1.0;13.0;A01
201800015842;2.0;7;0;0.0;2.0;2.0;1.0;B01
201800015843;1.0;7;0;0.0;2.0;8.0;1.0;B01
201800015843;2.0;33;0;0.0;2.0;4.0;13.0;A01
201800015844;2.0;33;0;2.0;0.0;1.0;1.0;A01
201800015845;1.0;7;0;2.0;0.0;1.0;1.0;A01
201800015846;1.0;7;0;2.0;0.0;1.0;1.0;A01
201800015847;2.0;1;0;0.0;0.0;8.0;13.0;A01
201800015848;1.0;7;0;0.0;2.0;7.0;17.0;B01
201800015848;1.0;1;0;0.0;2.0;8.0;1.0;A01
201800015849;1.0;7;0;2.0;0.0;3.0;1.0;A01
201800015850;2.0;7;0;0.0;2.0;1.0;13.0;A01
201800015850;1.0;7;0;0.0;2.0;1.0;1.0;B01
201800015850;1.0;7;0;0.0;2.0;1.0;1.0;C01
201800015851;2.0;7;0;0.0;2.0;1.0;1.0;A01
201800015851;2.0;1;0;0.0;0.0;4.0;1.0;B01
201800015852;1.0;7;0;2.0;0.0;1.0;1.0;A01
201800015853;2.0;7;0;0.0;2.0;3.0;15.0;A01
201800015853;1.0;10;0;0.0;2.0;2.0;1.0;B01
201800015854;2.0;7;0;0.0;2.0;5.0;17.0;A01
201800015854;2.0;1;0;0.0;2.0;3.0;1.0;B01
201800015855;1.0;7;0;0.0;1.0;2.0;21.0;A01
201800015856;2.0;3;0;0.0;0.0;0.0;1.0;A01
201800015857;1.0;7;0;0.0;2.0;1.0;1.0;B01
201800015857;1.0;7;0;0.0;2.0;1.0;1.0;C01
201800015857;1.0;7;0;0.0;2.0;1.0;5.0;A01
201800015857;1.0;7;0;0.0;2.0;1.0;1.0;D01
201800015858;2.0;7;0;0.0;2.0;3.0;13.0;A01
201800015858;1.0;7;0;0.0;2.0;3.0;1.0;B01
201800015859;2.0;7;0;0.0;9.0;3.0;1.0;A01
201800015859;1.0;1;0;0.0;2.0;8.0;19.0;B01
201800015860;2.0;7;0;2.0;0.0;2.0;16.0;A01
201800015861;0.0;7;0;15.0;0.0;0.0;0.0;A01
201800015862;1.0;7;0;0.0;2.0;3.0;5.0;A01
201800015862;2.0;10;0;0.0;2.0;2.0;21.0;B01
201800015863;2.0;2;0;0.0;2.0;8.0;1.0;A01
201800015864;1.0;2;0;0.0;2.0;1.0;1.0;A01
201800015864;1.0;7;0;0.0;9.0;4.0;9.0;B01
201800015865;1.0;7;0;0.0;2.0;3.0;1.0;A01
201800015865;2.0;7;0;0.0;2.0;3.0;1.0;B01
201800015866;0.0;36;0;0.0;0.0;0.0;0.0;A01
201800015867;2.0;33;0;0.0;2.0;1.0;13.0;A01
201800015867;1.0;7;0;0.0;2.0;3.0;1.0;B01
201800015868;1.0;33;0;0.0;6.0;1.0;1.0;A01
201800015869;1.0;7;0;0.0;2.0;7.0;15.0;A01
201800015869;2.0;31;0;0.0;2.0;1.0;1.0;B01
201800015870;1.0;7;0;0.0;0.0;9.0;1.0;A01
201800015871;2.0;7;0;2.0;0.0;0.0;1.0;A01
201800015872;1.0;7;0;13.0;0.0;9.0;1.0;A01
201800015873;1.0;33;0;16.0;0.0;1.0;1.0;A01
201800015874;1.0;7;0;0.0;2.0;3.0;19.0;A01
201800015874;2.0;1;0;0.0;2.0;1.0;1.0;B01
201800015875;2.0;7;0;0.0;2.0;1.0;17.0;A01
201800015875;1.0;7;0;0.0;2.0;1.0;1.0;B01
201800015876;2.0;33;0;0.0;2.0;1.0;1.0;A01
201800015876;2.0;7;0;0.0;2.0;3.0;1.0;B01
201800015877;1.0;7;0;12.0;2.0;3.0;16.0;A01
201800015877;2.0;7;0;12.0;2.0;2.0;1.0;B01
201800015878;2.0;7;0;0.0;2.0;7.0;15.0;A01
201800015878;1.0;7;0;0.0;2.0;2.0;0.0;B01
201800015879;2.0;7;0;0.0;2.0;1.0;13.0;A01
201800015879;2.0;7;0;15.0;2.0;1.0;1.0;B01
201800015880;2.0;7;0;0.0;2.0;1.0;1.0;A01
201800015880;1.0;14;0;0.0;2.0;1.0;1.0;B01
201800015881;0.0;7;0;1.0;0.0;4.0;1.0;A01
201800015881;0.0;7;0;0.0;2.0;1.0;24.0;B01
201800015882;2.0;33;0;0.0;2.0;1.0;17.0;A01
201800015882;2.0;7;0;0.0;2.0;8.0;15.0;B01
201800015883;1.0;7;0;5.0;9.0;0.0;1.0;A01
201800015884;0.0;7;0;0.0;2.0;2.0;2.0;A01
201800015884;0.0;2;0;0.0;2.0;6.0;2.0;B01
201800015885;0.0;7;0;2.0;0.0;1.0;17.0;A01
201800015886;2.0;7;0;2.0;0.0;1.0;1.0;A01
201800015887;1.0;7;0;0.0;0.0;5.0;15.0;A01
201800015887;1.0;1;0;0.0;2.0;1.0;1.0;B01
201800015888;2.0;33;0;0.0;2.0;1.0;21.0;A01
201800015888;1.0;21;0;0.0;2.0;7.0;15.0;B01
201800015889;2.0;7;0;0.0;2.0;3.0;0.0;A01
201800015889;1.0;33;0;5.0;2.0;1.0;0.0;B01
201800015890;1.0;33;0;6.0;0.0;1.0;1.0;A01
201800015891;2.0;7;0;0.0;2.0;3.0;13.0;A01
201800015891;1.0;7;0;0.0;2.0;3.0;1.0;B01
201800015891;2.0;7;0;0.0;2.0;3.0;1.0;C01
201800015892;1.0;21;0;0.0;2.0;8.0;15.0;A01
201800015892;1.0;33;0;0.0;2.0;0.0;17.0;B01
201800015893;0.0;36;0;0.0;0.0;7.0;1.0;A01
201800015894;1.0;33;0;16.0;0.0;0.0;1.0;A01
201800015895;2.0;7;0;0.0;2.0;2.0;14.0;A01
201800015895;1.0;7;0;0.0;2.0;3.0;1.0;B01
201800015896;1.0;7;0;3.0;0.0;3.0;21.0;A01
201800015896;2.0;33;0;0.0;0.0;1.0;13.0;B01
201800015897;0.0;7;0;0.0;2.0;3.0;1.0;A01
201800015897;0.0;1;0;0.0;2.0;1.0;11.0;B01
201800015898;2.0;7;0;0.0;2.0;1.0;17.0;A01
201800015898;1.0;7;0;0.0;2.0;1.0;1.0;B01
201800015899;2.0;7;0;0.0;2.0;0.0;2.0;A01
201800015899;2.0;1;0;0.0;0.0;4.0;2.0;B01
201800015900;1.0;33;0;0.0;2.0;0.0;16.0;A01
201800015900;2.0;7;0;0.0;9.0;2.0;1.0;B01
201800015901;2.0;7;0;2.0;0.0;1.0;1.0;A01
201800015902;2.0;1;0;0.0;9.0;3.0;2.0;A01
201800015902;2.0;10;0;0.0;2.0;2.0;2.0;B01
201800015903;2.0;7;0;13.0;0.0;0.0;0.0;A01
201800015904;2.0;7;0;16.0;0.0;7.0;0.0;A01
201800015905;2.0;33;0;0.0;2.0;1.0;1.0;A01
201800015905;1.0;7;0;0.0;2.0;3.0;17.0;B01
201800015906;1.0;10;0;13.0;0.0;2.0;0.0;A01
201800015907;2.0;1;0;0.0;2.0;1.0;1.0;A01
201800015907;1.0;21;0;0.0;9.0;3.0;9.0;B01
201800015908;2.0;7;0;0.0;2.0;1.0;13.0;A01
201800015908;1.0;7;0;3.0;2.0;1.0;1.0;B01
201800015909;2.0;7;0;13.0;0.0;3.0;0.0;A01
201800015910;1.0;33;0;0.0;2.0;1.0;1.0;A01
201800015910;2.0;7;0;0.0;2.0;2.0;15.0;B01
201800015911;1.0;7;0;0.0;2.0;1.0;13.0;A01
201800015911;2.0;10;0;0.0;2.0;2.0;1.0;B01
201800015912;1.0;34;0;0.0;2.0;0.0;1.0;A01
201800015912;2.0;7;0;0.0;2.0;3.0;1.0;B01
201800015913;2.0;7;0;2.0;0.0;8.0;0.0;A01
201800015914;1.0;7;0;7.0;0.0;8.0;1.0;A01
201800015915;2.0;10;0;0.0;2.0;1.0;5.0;A01
201800015915;1.0;10;0;13.0;2.0;1.0;13.0;B01
201800015916;0.0;34;0;15.0;0.0;1.0;1.0;A01
201800015917;1.0;7;0;2.0;9.0;1.0;1.0;A01
201800015918;2.0;33;0;0.0;0.0;8.0;1.0;A01
201800015919;0.0;7;0;0.0;1.0;3.0;1.0;A01
201800015920;1.0;33;0;3.0;0.0;7.0;1.0;A01
201800015921;1.0;7;0;0.0;2.0;1.0;15.0;A01
201800015921;0.0;33;0;0.0;2.0;8.0;1.0;B01
201800015922;2.0;33;0;0.0;2.0;1.0;17.0;A01
201800015922;1.0;7;0;0.0;2.0;1.0;1.0;B01
201800015923;1.0;7;0;2.0;0.0;1.0;1.0;A01
201800015924;1.0;2;0;1.0;0.0;1.0;1.0;A01
201800015924;1.0;10;0;0.0;2.0;6.0;24.0;B01
201800015925;1.0;7;0;0.0;1.0;2.0;0.0;A01
201800015926;1.0;16;0;0.0;2.0;5.0;1.0;A01
201800015926;1.0;16;0;0.0;2.0;2.0;17.0;B01
201800015926;1.0;7;0;0.0;2.0;2.0;17.0;C01
201800015927;1.0;7;0;6.0;0.0;1.0;1.0;A01
201800015928;1.0;7;0;0.0;1.0;2.0;1.0;A01
201800015929;1.0;7;0;2.0;0.0;1.0;1.0;A01
201800015930;1.0;33;0;0.0;2.0;1.0;17.0;A01
201800015930;1.0;7;0;0.0;0.0;6.0;15.0;B01
201800015931;0.0;7;0;0.0;0.0;9.0;1.0;A01
201800015932;2.0;33;0;0.0;9.0;7.0;1.0;A01
201800015932;1.0;1;0;0.0;2.0;8.0;1.0;B01
201800015933;1.0;33;0;3.0;0.0;0.0;0.0;A01
201800015934;2.0;7;0;13.0;0.0;9.0;14.0;A01
201800015935;2.0;33;0;0.0;0.0;8.0;1.0;A01
201800015936;2.0;31;0;0.0;6.0;1.0;1.0;A01
201800015936;2.0;7;0;0.0;2.0;0.0;1.0;B01
201800015937;2.0;7;0;13.0;2.0;1.0;1.0;A01
201800015937;2.0;7;0;0.0;0.0;4.0;1.0;B01
201800015938;1.0;2;0;0.0;0.0;8.0;2.0;A01
201800015939;2.0;7;0;0.0;1.0;2.0;1.0;A01
201800015940;2.0;7;0;0.0;2.0;1.0;1.0;B01
201800015940;1.0;7;0;0.0;2.0;1.0;17.0;A01
201800015941;2.0;1;0;0.0;2.0;8.0;19.0;A01
201800015941;1.0;1;0;0.0;2.0;1.0;1.0;B01
201800015942;0.0;10;0;0.0;2.0;2.0;1.0;A01
201800015942;0.0;99;0;0.0;2.0;1.0;16.0;B01
201800015943;1.0;1;0;0.0;2.0;0.0;1.0;B01
201800015943;2.0;7;0;0.0;2.0;7.0;15.0;A01
201800015944;2.0;7;0;0.0;1.0;3.0;15.0;A01
201800015945;2.0;33;0;0.0;2.0;3.0;1.0;A01
201800015945;1.0;7;0;0.0;2.0;3.0;1.0;B01
201800015946;2.0;7;0;0.0;2.0;3.0;20.0;A01
201800015946;1.0;34;0;0.0;2.0;2.0;1.0;B01
201800015947;1.0;7;0;0.0;2.0;3.0;1.0;B01
201800015947;2.0;33;0;0.0;2.0;8.0;13.0;A01
201800015948;2.0;7;0;0.0;0.0;9.0;14.0;A01
201800015949;1.0;7;0;0.0;2.0;1.0;17.0;A01
201800015949;1.0;14;0;0.0;2.0;6.0;1.0;B01
201800015950;2.0;33;0;0.0;2.0;1.0;1.0;A01
201800015950;2.0;21;0;0.0;2.0;6.0;1.0;B01
201800015951;1.0;1;0;13.0;0.0;1.0;1.0;A01
201800015952;1.0;7;0;0.0;1.0;3.0;1.0;A01
201800015953;2.0;7;0;0.0;2.0;7.0;13.0;A01
201800015953;1.0;7;0;0.0;2.0;8.0;1.0;B01
201800015954;2.0;7;0;0.0;2.0;3.0;13.0;A01
201800015954;1.0;7;0;3.0;2.0;3.0;1.0;B01
201800015955;2.0;7;0;0.0;2.0;2.0;1.0;B01
201800015955;1.0;2;0;0.0;2.0;1.0;13.0;A01
201800015956;1.0;7;0;0.0;0.0;9.0;14.0;A01
201800015957;1.0;7;0;13.0;2.0;3.0;1.0;B01
201800015957;2.0;7;0;0.0;2.0;3.0;13.0;A01
201800015958;1.0;13;0;1.0;0.0;3.0;13.0;A01
201800015959;1.0;7;0;0.0;2.0;1.0;16.0;A01
201800015959;2.0;7;0;0.0;2.0;1.0;1.0;B01
201800015960;1.0;7;0;0.0;2.0;2.0;13.0;A01
201800015960;2.0;7;0;0.0;2.0;2.0;1.0;B01
201800015961;1.0;7;0;0.0;2.0;1.0;19.0;A01
201800015961;1.0;7;0;0.0;2.0;6.0;1.0;B01
201800015962;1.0;7;0;0.0;0.0;6.0;2.0;B01
201800015962;1.0;33;0;0.0;2.0;1.0;2.0;A01
201800015963;2.0;21;0;0.0;2.0;3.0;15.0;B01
201800015963;2.0;7;0;0.0;2.0;2.0;17.0;A01
201800015964;2.0;15;0;1.0;2.0;1.0;1.0;B01
201800015964;1.0;15;0;0.0;2.0;1.0;13.0;A01
201800015965;2.0;7;0;0.0;2.0;1.0;1.0;B01
201800015965;1.0;7;0;0.0;2.0;3.0;15.0;A01
201800015966;1.0;7;0;0.0;1.0;7.0;14.0;A01
201800015967;1.0;7;0;0.0;0.0;0.0;0.0;A01
201800015968;1.0;13;0;0.0;2.0;5.0;15.0;A01
201800015968;2.0;7;0;0.0;2.0;1.0;1.0;B01
201800015969;2.0;33;0;0.0;0.0;0.0;21.0;A01
201800015970;1.0;33;0;0.0;2.0;1.0;1.0;A01
201800015970;1.0;33;0;0.0;2.0;4.0;1.0;B01
201800015971;2.0;7;0;0.0;2.0;3.0;1.0;B01
201800015971;1.0;33;0;0.0;2.0;1.0;13.0;A01
201800015972;2.0;7;0;13.0;0.0;9.0;0.0;A01
201800015973;2.0;7;0;0.0;2.0;3.0;13.0;A01
201800015973;1.0;7;0;0.0;2.0;3.0;1.0;B01
201800015974;2.0;7;0;0.0;2.0;3.0;15.0;A01
201800015974;2.0;2;0;0.0;2.0;1.0;1.0;B01
201800015975;0.0;2;0;0.0;2.0;1.0;0.0;B01
201800015975;0.0;2;0;0.0;2.0;2.0;0.0;A01
201800015976;2.0;7;0;0.0;2.0;2.0;14.0;A01
201800015976;2.0;33;0;0.0;2.0;4.0;23.0;B01
201800015977;1.0;33;0;0.0;0.0;0.0;1.0;A01
201800015978;1.0;7;0;0.0;2.0;1.0;13.0;A01
201800015978;2.0;7;0;0.0;2.0;3.0;1.0;B01
201800015979;2.0;7;0;0.0;2.0;8.0;24.0;A01
201800015979;2.0;1;0;1.0;0.0;1.0;17.0;B01
201800015980;1.0;7;0;0.0;2.0;1.0;1.0;B01
201800015980;2.0;7;0;0.0;2.0;3.0;15.0;A01
201800015981;1.0;7;0;0.0;2.0;2.0;1.0;B01
201800015981;2.0;7;0;0.0;2.0;7.0;15.0;A01
201800015982;1.0;7;0;0.0;2.0;1.0;15.0;A01
201800015982;2.0;33;0;0.0;2.0;1.0;17.0;B01
201800015983;1.0;1;0;0.0;2.0;1.0;15.0;A01
201800015983;2.0;13;0;0.0;2.0;2.0;1.0;B01
201800015984;1.0;7;0;0.0;2.0;1.0;1.0;B01
201800015984;2.0;7;0;0.0;2.0;3.0;16.0;A01
201800015985;2.0;7;0;0.0;2.0;1.0;13.0;A01
201800015985;1.0;7;0;0.0;2.0;1.0;1.0;B01
201800015986;2.0;33;0;0.0;0.0;2.0;17.0;A01
201800015987;2.0;7;0;0.0;2.0;1.0;13.0;A01
201800015987;1.0;1;0;0.0;2.0;1.0;1.0;B01