Num_Acc;senc;catv;occutc;obs;obsm;choc;manv;num_veh
201800015988;1.0;2;0;2.0;0.0;1.0;14.0;A01
201800015989;1.0;36;0;0.0;0.0;9.0;0.0;A01
201800015990;1.0;2;0;0.0;2.0;1.0;1.0;A01
201800015990;1.0;7;0;0.0;0.0;4.0;20.0;B01
201800015991;2.0;2;0;0.0;2.0;1.0;1.0;A01
201800015991;2.0;1;0;0.0;2.0;1.0;15.0;B01
201800015992;1.0;7;0;13.0;0.0;0.0;1.0;A01
201800015993;1.0;1;0;0.0;2.0;1.0;1.0;B01
201800015993;1.0;7;0;0.0;2.0;1.0;15.0;A01
201800015994;1.0;7;0;12.0;0.0;7.0;0.0;A01
201800015995;1.0;33;0;0.0;2.0;1.0;2.0;A01
201800015995;1.0;33;0;0.0;2.0;4.0;2.0;B01
201800015996;2.0;7;0;1.0;0.0;1.0;14.0;A01
201800015997;2.0;7;0;0.0;2.0;1.0;1.0;A01
201800015997;2.0;7;0;0.0;0.0;6.0;1.0;B01
201800015998;1.0;7;0;2.0;0.0;1.0;1.0;A01
201800015999;1.0;7;0;13.0;0.0;3.0;1.0;A01
201800016000;1.0;10;0;0.0;2.0;1.0;1.0;B01
201800016000;2.0;7;0;2.0;2.0;1.0;13.0;A01
201800016001;0.0;32;0;8.0;0.0;1.0;0.0;A01
201800016002;2.0;7;0;0.0;2.0;3.0;15.0;A01
201800016002;1.0;33;0;0.0;2.0;2.0;1.0;B01
201800016003;0.0;7;0;2.0;0.0;1.0;14.0;A01
201800016004;1.0;33;0;0.0;2.0;9.0;1.0;B01
201800016004;2.0;7;0;0.0;2.0;3.0;1.0;C01
201800016004;1.0;33;0;0.0;2.0;9.0;13.0;A01
201800016005;1.0;7;0;8.0;;3.0;13.0;A01
201800016006;1.0;7;0;13.0;2.0;3.0;1.0;B01
201800016006;2.0;7;0;0.0;2.0;3.0;13.0;A01
201800016007;1.0;7;0;6.0;0.0;3.0;13.0;A01
201800016008;1.0;7;0;2.0;0.0;3.0;14.0;A01
201800016009;2.0;7;0;0.0;2.0;1.0;13.0;A01
201800016009;1.0;7;0;0.0;2.0;1.0;1.0;B01
201800016010;2.0;7;0;0.0;1.0;3.0;13.0;A01
201800016011;2.0;7;0;6.0;0.0;2.0;14.0;A01
201800016012;1.0;7;0;0.0;2.0;3.0;1.0;B01
201800016012;2.0;33;0;3.0;2.0;2.0;1.0;A01
201800016013;2.0;1;0;0.0;2.0;1.0;13.0;A01
201800016013;1.0;33;0;0.0;2.0;1.0;13.0;B01
201800016014;2.0;7;0;0.0;2.0;1.0;1.0;B01
201800016014;2.0;33;0;0.0;2.0;1.0;13.0;A01
201800016015;2.0;7;0;0.0;2.0;3.0;13.0;A01
201800016015;1.0;7;0;0.0;2.0;3.0;1.0;B01
201800016016;2.0;7;0;0.0;2.0;3.0;13.0;A01
201800016016;1.0;7;0;0.0;2.0;3.0;1.0;B01
201800016016;2.0;7;0;0.0;2.0;6.0;1.0;C01
201800016017;1.0;7;0;13.0;0.0;3.0;13.0;A01
201800016018;1.0;7;0;0.0;2.0;3.0;13.0;A01
201800016018;2.0;7;0;0.0;2.0;3.0;1.0;B01
201800016019;2.0;1;0;0.0;2.0;1.0;1.0;A01
201800016019;1.0;7;0;0.0;2.0;3.0;1.0;B01
201800016020;2.0;7;0;0.0;1.0;8.0;1.0;A01
201800016021;1.0;33;0;0.0;2.0;1.0;1.0;B01
201800016021;2.0;7;0;0.0;2.0;3.0;15.0;A01
201800016022;2.0;7;0;3.0;2.0;2.0;1.0;B01
201800016022;1.0;7;0;3.0;2.0;3.0;13.0;A01
201800016023;2.0;7;0;0.0;2.0;1.0;13.0;A01
201800016023;1.0;7;0;0.0;2.0;3.0;1.0;B01
201800016024;1.0;7;0;0.0;2.0;3.0;13.0;A01
201800016024;2.0;7;0;0.0;2.0;3.0;1.0;B01
201800016025;2.0;10;0;0.0;2.0;6.0;4.0;A01
201800016025;2.0;30;0;0.0;2.0;1.0;2.0;B01
201800016026;1.0;7;0;0.0;0.0;8.0;1.0;A01
201800016026;1.0;1;0;0.0;2.0;1.0;1.0;B01
201800016027;2.0;7;0;6.0;0.0;1.0;13.0;A01
201800016028;1.0;7;0;0.0;0.0;4.0;1.0;A01
201800016028;1.0;14;0;0.0;2.0;1.0;1.0;B01
201800016029;1.0;7;0;0.0;2.0;3.0;13.0;A01
201800016029;2.0;7;0;0.0;2.0;3.0;1.0;B01
201800016030;1.0;2;0;0.0;2.0;1.0;5.0;A01
201800016030;0.0;7;0;0.0;2.0;2.0;1.0;B01
201800016031;1.0;7;0;0.0;1.0;1.0;0.0;A01
201800016032;1.0;33;0;0.0;2.0;1.0;17.0;A01
201800016032;2.0;7;0;0.0;2.0;1.0;1.0;B01
201800016033;0.0;7;0;0.0;2.0;3.0;1.0;A01
201800016033;0.0;7;0;0.0;2.0;3.0;1.0;B01
201800016034;2.0;7;0;2.0;0.0;3.0;0.0;A01
201800016035;1.0;2;0;14.0;0.0;1.0;1.0;A01
201800016036;0.0;7;0;0.0;1.0;2.0;2.0;A01
201800016037;0.0;7;0;0.0;1.0;1.0;1.0;A01
201800016038;1.0;7;0;2.0;0.0;5.0;1.0;A01
201800016039;0.0;7;0;13.0;0.0;3.0;13.0;A01
201800016040;0.0;10;0;0.0;1.0;2.0;1.0;A01
201800016041;1.0;7;0;0.0;2.0;2.0;1.0;B01
201800016041;1.0;2;0;0.0;2.0;1.0;16.0;A01
201800016042;2.0;14;0;0.0;2.0;2.0;1.0;B01
201800016042;0.0;7;0;0.0;2.0;8.0;19.0;A01
201800016043;1.0;7;0;0.0;9.0;2.0;1.0;A01
201800016043;1.0;1;0;0.0;2.0;4.0;1.0;B01
201800016044;0.0;7;0;0.0;1.0;3.0;15.0;A01
201800016045;1.0;7;0;0.0;0.0;3.0;13.0;A01
201800016045;2.0;10;0;0.0;2.0;2.0;13.0;B01
201800016046;0.0;7;0;0.0;1.0;2.0;1.0;A01
201800016047;2.0;7;0;2.0;0.0;1.0;1.0;A01
201800016048;2.0;7;0;16.0;0.0;4.0;17.0;A01
201800016049;0.0;2;0;0.0;2.0;8.0;5.0;A01
201800016049;0.0;7;0;0.0;2.0;3.0;1.0;B01
201800016050;0.0;7;0;13.0;0.0;3.0;1.0;A01
201800016051;1.0;7;0;0.0;2.0;1.0;1.0;A01
201800016051;0.0;7;0;0.0;2.0;1.0;16.0;B01
201800016052;1.0;1;0;13.0;0.0;0.0;2.0;A01
201800016053;2.0;7;0;13.0;0.0;1.0;14.0;A01
201800016054;1.0;7;0;1.0;1.0;2.0;1.0;A01
201800016055;2.0;7;0;0.0;2.0;3.0;1.0;A01
201800016055;1.0;31;0;0.0;2.0;3.0;1.0;B01
201800016056;1.0;7;0;0.0;0.0;0.0;1.0;A01
201800016057;0.0;7;0;0.0;0.0;8.0;1.0;A01
201800016058;2.0;10;0;8.0;0.0;8.0;1.0;A01
201800016059;2.0;7;0;13.0;0.0;1.0;1.0;A01
201800016060;0.0;7;0;0.0;4.0;2.0;1.0;A01
201800016060;2.0;39;2;0.0;2.0;3.0;1.0;B01
201800016061;2.0;30;0;0.0;2.0;1.0;6.0;A01
201800016061;1.0;7;0;0.0;2.0;3.0;6.0;B01
201800016062;1.0;2;0;0.0;2.0;2.0;15.0;A01
201800016062;2.0;7;0;0.0;2.0;1.0;1.0;B01
201800016063;2.0;7;0;8.0;0.0;2.0;1.0;A01
201800016064;0.0;7;0;0.0;2.0;3.0;15.0;A01
201800016064;0.0;33;0;0.0;2.0;1.0;1.0;B01
201800016065;2.0;1;0;0.0;2.0;5.0;1.0;B01
201800016065;2.0;7;0;0.0;2.0;1.0;9.0;A01
201800016066;1.0;2;0;0.0;2.0;2.0;17.0;A01
201800016066;1.0;2;0;0.0;2.0;8.0;15.0;B01
201800016067;2.0;7;0;8.0;0.0;3.0;1.0;A01
201800016068;2.0;33;0;0.0;0.0;3.0;17.0;A01
201800016069;2.0;33;0;8.0;2.0;1.0;21.0;A01
201800016069;2.0;21;0;0.0;2.0;5.0;15.0;B01
201800016070;1.0;7;0;0.0;2.0;7.0;1.0;A01
201800016070;2.0;10;0;0.0;2.0;1.0;1.0;B01
201800016071;2.0;10;0;0.0;2.0;1.0;13.0;A01
201800016071;1.0;7;0;0.0;2.0;1.0;0.0;B01
201800016072;2.0;7;0;13.0;0.0;1.0;1.0;A01
201800016073;1.0;7;0;0.0;2.0;2.0;2.0;A01
201800016073;1.0;31;0;0.0;0.0;4.0;2.0;B01
201800016074;0.0;7;0;0.0;1.0;6.0;20.0;A01
201800016075;2.0;7;0;0.0;1.0;1.0;16.0;A01
201800016076;0.0;2;0;6.0;0.0;2.0;1.0;A01
201800016077;2.0;7;0;0.0;2.0;3.0;5.0;A01
201800016077;1.0;7;0;0.0;2.0;3.0;1.0;B01
201800016078;1.0;33;0;13.0;0.0;1.0;1.0;A01
201800016079;1.0;7;0;6.0;0.0;3.0;0.0;A01
201800016080;1.0;7;0;0.0;1.0;1.0;1.0;A01
201800016081;1.0;33;0;0.0;2.0;7.0;1.0;A01
201800016081;2.0;7;0;0.0;2.0;1.0;15.0;B01
201800016082;1.0;33;0;13.0;0.0;8.0;1.0;A01
201800016083;0.0;7;0;0.0;2.0;3.0;13.0;A01
201800016083;0.0;15;0;0.0;0.0;8.0;1.0;B01
201800016084;1.0;7;0;13.0;0.0;7.0;1.0;A01
201800016085;1.0;7;0;0.0;2.0;1.0;1.0;A01
201800016085;2.0;33;0;0.0;2.0;1.0;5.0;B01
201800016086;0.0;7;0;15.0;0.0;8.0;1.0;A01
201800016087;0.0;7;0;0.0;1.0;8.0;24.0;A01
201800016088;1.0;7;0;6.0;0.0;1.0;9.0;A01
201800016089;1.0;7;0;0.0;2.0;1.0;13.0;A01
201800016089;2.0;15;0;0.0;2.0;1.0;1.0;B01
201800016090;1.0;3;0;13.0;0.0;1.0;1.0;A01
201800016091;1.0;15;0;0.0;2.0;1.0;1.0;B01
201800016091;2.0;7;0;0.0;2.0;7.0;1.0;A01
201800016092;1.0;7;0;0.0;2.0;2.0;2.0;A01
201800016092;1.0;1;0;0.0;2.0;4.0;2.0;B01
201800016093;1.0;7;0;13.0;0.0;3.0;0.0;A01
201800016094;1.0;7;0;0.0;1.0;3.0;1.0;A01
201800016095;1.0;2;0;0.0;0.0;4.0;15.0;A01
201800016095;1.0;7;0;0.0;2.0;1.0;1.0;B01
201800016096;2.0;7;0;0.0;0.0;2.0;1.0;A01
201800016097;1.0;7;0;0.0;2.0;1.0;0.0;A01
201800016097;2.0;3;0;0.0;2.0;1.0;5.0;B01
201800016098;1.0;7;0;0.0;2.0;1.0;1.0;B01
201800016098;0.0;7;0;0.0;2.0;3.0;15.0;A01
201800016099;1.0;7;0;13.0;0.0;2.0;1.0;A01
201800016100;1.0;7;0;0.0;2.0;1.0;2.0;A01
201800016100;1.0;7;0;0.0;2.0;4.0;2.0;B01
201800016101;2.0;7;0;0.0;2.0;2.0;1.0;A01
201800016101;1.0;2;0;0.0;2.0;1.0;13.0;B01
201800016102;1.0;31;0;12.0;0.0;1.0;15.0;A01
201800016103;1.0;7;0;0.0;2.0;3.0;15.0;A01
201800016103;1.0;33;0;0.0;2.0;1.0;17.0;B01
201800016104;2.0;2;0;0.0;2.0;2.0;15.0;A01
201800016104;1.0;33;0;0.0;2.0;7.0;1.0;B01
201800016105;1.0;7;0;0.0;2.0;6.0;17.0;A01
201800016105;1.0;33;0;0.0;2.0;1.0;17.0;B01
201800016106;2.0;33;0;0.0;0.0;5.0;23.0;A01
201800016106;2.0;31;0;0.0;2.0;8.0;2.0;B01
201800016107;0.0;33;0;1.0;0.0;1.0;1.0;A01
201800016107;0.0;7;0;0.0;2.0;3.0;23.0;B01
201800016108;0.0;10;0;1.0;0.0;5.0;4.0;A01
201800016108;0.0;7;0;0.0;0.0;3.0;24.0;B01
201800016109;2.0;10;0;0.0;2.0;1.0;15.0;A01
201800016109;1.0;15;0;0.0;2.0;3.0;1.0;B01
201800016110;1.0;7;0;0.0;1.0;3.0;1.0;A01
201800016111;1.0;7;0;0.0;2.0;3.0;1.0;A01
201800016111;2.0;7;0;0.0;2.0;3.0;1.0;B01
201800016112;1.0;7;0;0.0;2.0;8.0;19.0;A01
201800016112;2.0;7;0;0.0;2.0;3.0;1.0;B01
201800016113;2.0;7;0;8.0;0.0;1.0;1.0;A01
201800016114;0.0;7;0;0.0;1.0;2.0;1.0;A01
201800016115;1.0;1;0;12.0;0.0;1.0;1.0;A01
201800016116;2.0;7;0;13.0;0.0;1.0;14.0;A01
201800016117;2.0;7;0;0.0;2.0;1.0;2.0;B01
201800016117;2.0;14;0;9.0;0.0;8.0;2.0;A01
201800016118;2.0;33;0;0.0;2.0;3.0;18.0;A01
201800016118;2.0;7;0;0.0;0.0;2.0;0.0;B01
201800016119;1.0;7;0;0.0;2.0;8.0;19.0;A01
201800016119;2.0;7;0;0.0;2.0;1.0;1.0;B01
201800016120;0.0;7;0;0.0;9.0;0.0;1.0;A01
201800016120;0.0;1;0;0.0;0.0;0.0;1.0;B01
201800016120;0.0;1;0;0.0;0.0;0.0;1.0;C01
201800016120;0.0;1;0;0.0;0.0;0.0;1.0;D01
201800016121;2.0;7;0;0.0;9.0;5.0;10.0;A01
201800016121;2.0;1;0;0.0;2.0;1.0;1.0;B01
201800016121;2.0;1;0;0.0;2.0;1.0;1.0;C01
201800016122;1.0;2;0;0.0;2.0;1.0;1.0;A01
201800016122;2.0;7;0;0.0;2.0;7.0;19.0;B01
201800016123;2.0;33;0;13.0;2.0;0.0;2.0;A01
201800016123;2.0;33;0;13.0;2.0;0.0;2.0;B01
201800016124;2.0;7;0;0.0;0.0;3.0;1.0;B01
201800016124;1.0;7;0;0.0;2.0;3.0;1.0;A01
201800016125;0.0;7;0;0.0;2.0;3.0;18.0;A01
201800016125;0.0;1;0;0.0;2.0;7.0;12.0;B02
201800016126;0.0;7;0;0.0;1.0;4.0;20.0;A01
201800016127;2.0;7;0;15.0;0.0;2.0;1.0;A01
201800016128;1.0;7;0;2.0;0.0;1.0;17.0;A01
201800016129;2.0;7;0;0.0;0.0;4.0;23.0;B01
201800016129;2.0;7;0;0.0;2.0;1.0;2.0;A01
201800016130;1.0;33;0;0.0;0.0;9.0;1.0;A01
201800016131;2.0;7;0;0.0;2.0;6.0;17.0;A01
201800016131;2.0;33;0;0.0;0.0;2.0;17.0;B01
201800016132;1.0;1;0;0.0;2.0;1.0;1.0;B01
201800016132;2.0;1;0;0.0;0.0;8.0;1.0;A01
201800016133;2.0;33;0;0.0;0.0;9.0;1.0;A01
201800016134;2.0;7;0;11.0;0.0;1.0;1.0;A01
201800016135;2.0;33;0;0.0;2.0;1.0;1.0;A01
201800016135;1.0;7;0;0.0;0.0;7.0;15.0;B01
201800016136;2.0;33;0;3.0;0.0;8.0;1.0;A01
201800016137;1.0;7;0;2.0;0.0;1.0;1.0;A01
201800016138;2.0;21;0;0.0;0.0;8.0;15.0;B01
201800016138;2.0;38;1;0.0;2.0;2.0;17.0;A01
201800016139;0.0;7;0;0.0;2.0;3.0;1.0;A01
201800016139;0.0;1;0;0.0;0.0;3.0;1.0;B01
201800016140;2.0;7;0;0.0;0.0;7.0;16.0;A01
201800016140;1.0;33;0;0.0;2.0;1.0;1.0;B01
201800016141;2.0;7;0;0.0;2.0;3.0;15.0;A01
201800016141;0.0;7;0;0.0;0.0;3.0;1.0;B01
201800016142;2.0;33;0;0.0;6.0;1.0;1.0;A01
201800016143;0.0;7;0;0.0;2.0;4.0;2.0;B01
201800016143;1.0;7;0;0.0;2.0;1.0;2.0;A01
201800016144;1.0;31;0;0.0;0.0;8.0;1.0;A01
201800016144;0.0;7;0;0.0;2.0;1.0;19.0;B01
201800016145;1.0;7;0;0.0;2.0;1.0;15.0;A01
201800016145;2.0;33;0;0.0;2.0;2.0;1.0;B01
201800016146;1.0;7;0;3.0;0.0;1.0;1.0;A01
201800016147;2.0;7;0;7.0;0.0;1.0;0.0;A01
201800016148;1.0;33;0;2.0;2.0;1.0;21.0;B01
201800016148;2.0;7;0;0.0;2.0;3.0;15.0;A01
201800016149;1.0;7;0;3.0;0.0;3.0;1.0;A01
201800016150;1.0;7;0;3.0;0.0;0.0;1.0;A01
201800016151;1.0;7;0;0.0;0.0;8.0;10.0;A01
201800016151;1.0;33;0;0.0;2.0;1.0;17.0;B01
201800016152;2.0;7;0;0.0;2.0;3.0;13.0;A01
201800016152;1.0;7;0;0.0;2.0;3.0;1.0;B01
201800016153;2.0;7;0;2.0;0.0;1.0;1.0;A01
201800016154;2.0;7;0;3.0;0.0;6.0;1.0;A01
201800016154;2.0;7;0;0.0;2.0;2.0;1.0;B01
201800016155;1.0;7;0;0.0;0.0;4.0;23.0;A01
201800016155;1.0;7;0;0.0;2.0;4.0;23.0;B01
201800016155;1.0;7;0;0.0;2.0;1.0;1.0;C01
201800016155;1.0;7;0;0.0;2.0;1.0;1.0;D01
201800016155;1.0;7;0;0.0;2.0;1.0;1.0;E01
201800016155;1.0;7;0;0.0;2.0;1.0;1.0;F01
201800016155;1.0;10;0;0.0;2.0;2.0;1.0;G01
201800016156;2.0;7;0;0.0;2.0;2.0;1.0;A01
201800016156;1.0;7;0;0.0;0.0;1.0;1.0;B01
201800016157;2.0;7;0;0.0;0.0;1.0;1.0;B01
201800016157;1.0;7;0;0.0;2.0;1.0;21.0;A01
201800016157;1.0;7;0;0.0;0.0;0.0;9.0;C01
201800016158;1.0;7;0;13.0;0.0;1.0;17.0;A01
201800016159;2.0;7;0;1.0;0.0;2.0;1.0;A01
201800016160;1.0;7;0;2.0;0.0;2.0;1.0;A01
201800016161;1.0;7;0;0.0;2.0;8.0;17.0;B01
201800016161;2.0;1;0;0.0;2.0;3.0;1.0;A01
201800016162;1.0;10;0;0.0;0.0;4.0;23.0;B01
201800016162;1.0;7;0;0.0;2.0;1.0;1.0;A01
201800016163;1.0;7;0;0.0;0.0;3.0;9.0;A01
201800016163;1.0;7;0;0.0;2.0;1.0;1.0;B01
201800016164;1.0;7;0;0.0;1.0;7.0;1.0;A01
201800016165;1.0;7;0;0.0;2.0;1.0;15.0;A01
201800016165;2.0;1;0;0.0;0.0;8.0;15.0;B01
201800016166;2.0;7;0;0.0;0.0;0.0;9.0;A01
201800016166;1.0;33;0;0.0;0.0;0.0;21.0;B01
201800016167;1.0;2;0;0.0;0.0;8.0;1.0;A01
201800016167;2.0;7;0;0.0;0.0;3.0;1.0;B01
201800016168;1.0;7;0;0.0;0.0;3.0;1.0;B01
201800016168;2.0;7;0;0.0;2.0;1.0;1.0;A01
201800016169;2.0;7;0;14.0;0.0;1.0;1.0;A01
201800016169;1.0;7;0;14.0;0.0;1.0;1.0;B01
201800016170;1.0;7;0;2.0;0.0;2.0;1.0;A01
201800016171;2.0;7;0;8.0;0.0;1.0;1.0;A01
201800016172;1.0;7;0;0.0;0.0;2.0;15.0;B01
201800016172;2.0;33;0;3.0;2.0;2.0;1.0;A01
201800016173;2.0;31;0;6.0;0.0;8.0;1.0;A01
201800016174;1.0;7;0;2.0;0.0;5.0;17.0;A01
201800016175;1.0;7;0;2.0;0.0;1.0;1.0;A01
201800016176;2.0;7;0;0.0;0.0;7.0;1.0;A01
201800016176;2.0;1;0;0.0;2.0;1.0;16.0;B01
201800016177;2.0;7;0;0.0;0.0;1.0;10.0;A01
201800016177;2.0;31;0;0.0;2.0;1.0;1.0;B01
201800016178;1.0;30;0;0.0;0.0;9.0;1.0;A01
201800016179;2.0;7;0;2.0;0.0;2.0;1.0;A01
201800016180;1.0;15;0;0.0;2.0;1.0;1.0;B01
201800016180;1.0;1;0;0.0;2.0;7.0;15.0;A01
201800016181;2.0;7;0;0.0;6.0;2.0;1.0;A01
201800016181;1.0;7;0;0.0;2.0;1.0;1.0;B01
201800016182;1.0;7;0;0.0;2.0;3.0;15.0;A01
201800016182;1.0;33;0;0.0;0.0;7.0;17.0;B01
201800016183;1.0;7;0;0.0;0.0;9.0;1.0;A01
201800016184;1.0;15;0;0.0;2.0;2.0;1.0;A01
201800016184;2.0;7;0;0.0;0.0;8.0;15.0;B01
201800016185;1.0;7;0;15.0;0.0;2.0;1.0;A01
201800016186;1.0;7;0;0.0;2.0;1.0;1.0;A01
201800016186;1.0;21;0;0.0;0.0;4.0;23.0;B01
201800016187;2.0;2;0;0.0;2.0;1.0;1.0;B01
201800016187;1.0;3;0;0.0;0.0;6.0;15.0;A01
201800016188;0.0;10;0;0.0;1.0;1.0;15.0;A01
201800016189;2.0;1;0;0.0;0.0;4.0;2.0;A01
201800016189;2.0;1;0;0.0;9.0;1.0;2.0;B01
201800016190;2.0;33;0;0.0;0.0;0.0;1.0;A01
201800016191;1.0;13;0;2.0;0.0;1.0;1.0;A01
201800016192;1.0;7;0;13.0;0.0;1.0;1.0;A01
201800016193;2.0;7;0;2.0;0.0;1.0;1.0;A01
201800016194;1.0;7;0;0.0;2.0;1.0;1.0;A01
201800016194;2.0;7;0;0.0;2.0;1.0;1.0;B01
201800016195;2.0;34;0;0.0;0.0;9.0;1.0;A01
201800016196;1.0;7;0;2.0;0.0;1.0;21.0;A01
201800016197;2.0;7;0;13.0;0.0;2.0;1.0;A01
201800016198;1.0;2;0;0.0;2.0;1.0;15.0;A01
201800016198;2.0;7;0;0.0;0.0;8.0;1.0;B01
201800016199;1.0;33;0;0.0;2.0;1.0;1.0;B01
201800016199;2.0;7;0;0.0;2.0;3.0;1.0;A01
201800016200;1.0;7;0;0.0;1.0;7.0;17.0;A01
201800016201;2.0;7;0;2.0;0.0;1.0;1.0;A01
201800016202;2.0;7;0;0.0;0.0;9.0;1.0;A01
201800016203;1.0;7;0;0.0;0.0;6.0;1.0;A01
201800016203;1.0;7;0;0.0;2.0;2.0;12.0;B01
201800016204;1.0;7;0;0.0;0.0;1.0;1.0;A01
201800016205;1.0;30;0;0.0;0.0;9.0;1.0;A01
201800016206;1.0;1;0;0.0;0.0;1.0;5.0;B01
201800016206;1.0;7;0;0.0;2.0;2.0;9.0;A01
201800016207;2.0;1;0;0.0;2.0;2.0;1.0;A01
201800016207;2.0;2;0;0.0;0.0;6.0;1.0;B01
201800016208;1.0;7;0;0.0;1.0;7.0;1.0;A01
201800016209;1.0;99;0;0.0;1.0;2.0;0.0;A01
201800016210;1.0;7;0;0.0;0.0;3.0;9.0;A01
201800016210;2.0;2;0;0.0;0.0;1.0;1.0;B01
201800016211;1.0;31;0;0.0;6.0;1.0;1.0;A01
201800016212;1.0;7;0;9.0;0.0;8.0;1.0;A01
201800016213;2.0;7;0;0.0;2.0;8.0;15.0;A01
201800016213;2.0;1;0;0.0;0.0;7.0;17.0;B01
201800016214;1.0;10;0;0.0;2.0;3.0;2.0;B01
201800016214;2.0;7;0;0.0;2.0;1.0;5.0;A01
201800016215;2.0;30;0;12.0;0.0;1.0;1.0;A01
201800016216;2.0;10;0;0.0;2.0;2.0;15.0;A01
201800016216;1.0;31;0;0.0;2.0;3.0;1.0;B01
201800016217;2.0;7;0;0.0;1.0;2.0;1.0;A01
201800016218;2.0;7;0;0.0;2.0;7.0;15.0;A01
201800016218;1.0;1;0;0.0;2.0;1.0;1.0;B01
201800016219;2.0;7;0;0.0;2.0;3.0;15.0;A01
201800016219;2.0;32;0;0.0;0.0;1.0;1.0;B01
201800016220;1.0;7;0;7.0;0.0;9.0;1.0;A01
201800016221;2.0;10;0;0.0;2.0;2.0;15.0;A01
201800016221;2.0;7;0;0.0;2.0;1.0;1.0;C01
201800016221;1.0;33;0;0.0;2.0;1.0;1.0;B01
201800016222;1.0;7;0;0.0;2.0;2.0;15.0;A01
201800016222;2.0;7;0;0.0;2.0;1.0;1.0;B01
201800016222;2.0;7;0;0.0;0.0;3.0;23.0;C01
201800016223;1.0;7;0;0.0;1.0;1.0;1.0;A01
201800016224;1.0;7;0;2.0;0.0;3.0;1.0;A01
201800016225;1.0;7;0;0.0;2.0;3.0;1.0;A01
201800016225;2.0;7;0;0.0;0.0;3.0;1.0;B01
201800016226;1.0;2;0;0.0;0.0;9.0;16.0;A01
201800016227;1.0;7;0;2.0;0.0;1.0;1.0;A01
201800016228;2.0;7;0;0.0;0.0;4.0;1.0;A01
201800016228;2.0;1;0;0.0;2.0;1.0;1.0;B01
201800016229;2.0;37;50;0.0;1.0;7.0;9.0;A01
201800016230;1.0;31;0;0.0;2.0;1.0;1.0;A01
201800016230;2.0;7;0;0.0;2.0;2.0;15.0;B01
201800016231;1.0;7;0;0.0;2.0;1.0;5.0;A01
201800016231;2.0;7;0;0.0;2.0;1.0;1.0;B01
201800016232;0.0;7;0;0.0;0.0;4.0;1.0;A01
201800016232;0.0;7;0;0.0;0.0;1.0;1.0;B01
201800016233;2.0;1;0;0.0;2.0;1.0;9.0;B01
201800016233;1.0;7;0;0.0;2.0;2.0;1.0;A01
201800016234;1.0;7;0;13.0;2.0;1.0;19.0;A01
201800016234;2.0;7;0;0.0;0.0;7.0;1.0;B01
201800016235;0.0;7;0;0.0;1.0;2.0;1.0;A01
201800016236;2.0;7;0;0.0;1.0;1.0;1.0;A01
201800016237;0.0;7;0;0.0;2.0;1.0;1.0;A01
201800016237;0.0;10;0;0.0;0.0;4.0;1.0;B01
201800016238;1.0;33;0;0.0;0.0;9.0;16.0;A01
201800016239;1.0;1;0;0.0;0.0;4.0;1.0;A01
201800016239;1.0;7;0;0.0;2.0;2.0;1.0;B01
201800016240;2.0;7;0;0.0;1.0;1.0;23.0;A01
201800016240;2.0;14;0;0.0;0.0;6.0;23.0;B01
201800016241;2.0;1;0;0.0;2.0;1.0;1.0;A01
201800016241;2.0;7;0;0.0;0.0;5.0;15.0;B01
201800016242;2.0;15;0;0.0;0.0;4.0;1.0;A01
201800016242;1.0;15;0;0.0;2.0;3.0;1.0;C01
201800016243;0.0;2;0;0.0;2.0;1.0;1.0;A01
201800016243;0.0;2;0;0.0;0.0;4.0;1.0;B01
201800016244;1.0;10;0;6.0;0.0;3.0;1.0;A01
201800016245;2.0;7;0;0.0;2.0;3.0;9.0;A01
201800016245;2.0;31;0;0.0;0.0;4.0;1.0;B01
201800016246;0.0;13;0;0.0;0.0;1.0;1.0;B01
201800016246;0.0;2;0;0.0;2.0;1.0;1.0;A01
201800016247;0.0;1;0;0.0;6.0;0.0;1.0;A01
201800016248;2.0;1;0;0.0;0.0;4.0;1.0;B01
201800016248;2.0;7;0;0.0;2.0;1.0;9.0;A01
201800016249;1.0;7;0;0.0;0.0;6.0;10.0;A01
201800016249;1.0;7;0;0.0;2.0;1.0;1.0;B01
201800016250;1.0;7;0;0.0;2.0;1.0;1.0;A01
201800016250;1.0;21;0;0.0;0.0;4.0;1.0;B01
201800016251;2.0;7;0;0.0;2.0;1.0;1.0;B01
201800016251;1.0;7;0;0.0;2.0;2.0;15.0;A01
201800016252;1.0;7;0;2.0;0.0;2.0;14.0;A01
201800016253;2.0;7;0;1.0;0.0;1.0;1.0;A01
201800016254;1.0;7;0;0.0;2.0;3.0;1.0;B01
201800016254;2.0;7;0;0.0;2.0;1.0;0.0;A01
201800016255;2.0;7;0;2.0;0.0;0.0;14.0;A01
201800016256;2.0;7;0;0.0;2.0;3.0;13.0;A01
201800016256;1.0;7;0;0.0;2.0;3.0;1.0;B01
201800016257;2.0;7;0;9.0;0.0;1.0;13.0;A01
201800016258;1.0;17;0;2.0;0.0;1.0;1.0;A01
201800016259;2.0;31;0;1.0;0.0;1.0;1.0;A01
201800016260;1.0;7;0;0.0;2.0;1.0;1.0;A01
201800016260;1.0;1;0;0.0;0.0;4.0;0.0;B01
201800016261;2.0;33;0;0.0;2.0;1.0;1.0;B01
201800016261;2.0;7;0;0.0;0.0;3.0;9.0;A01
201800016262;2.0;30;0;0.0;2.0;1.0;1.0;B01