Num_Acc;senc;catv;occutc;obs;obsm;choc;manv;num_veh
201800017105;1.0;7;0;0.0;2.0;1.0;1.0;B01
201800017106;1.0;7;0;13.0;0.0;9.0;1.0;A01
201800017107;2.0;7;0;2.0;0.0;3.0;21.0;A01
201800017108;0.0;1;0;14.0;0.0;1.0;1.0;A01
201800017109;1.0;7;0;2.0;0.0;3.0;14.0;A01
201800017110;2.0;10;0;0.0;2.0;3.0;10.0;A01
201800017110;2.0;33;0;0.0;2.0;2.0;1.0;B01
201800017111;2.0;33;0;16.0;0.0;7.0;1.0;A01
201800017112;1.0;33;0;16.0;0.0;7.0;1.0;A01
201800017113;1.0;33;0;16.0;0.0;2.0;14.0;A01
201800017114;2.0;14;0;0.0;2.0;2.0;0.0;B01
201800017114;2.0;7;0;0.0;2.0;3.0;0.0;A01
201800017115;1.0;14;0;6.0;0.0;2.0;1.0;A01
201800017116;2.0;7;0;0.0;2.0;3.0;13.0;A01
201800017116;1.0;7;0;0.0;2.0;6.0;1.0;B01
201800017116;1.0;7;0;0.0;2.0;1.0;1.0;C01
201800017116;1.0;7;0;13.0;0.0;2.0;1.0;D01
201800017117;1.0;17;0;16.0;0.0;2.0;14.0;A01
201800017118;2.0;10;0;0.0;2.0;1.0;13.0;A01
201800017118;1.0;7;0;0.0;2.0;1.0;1.0;B01
201800017118;1.0;10;0;0.0;2.0;2.0;1.0;C01
201800017119;0.0;10;0;0.0;2.0;1.0;14.0;A01
201800017119;0.0;21;0;0.0;2.0;1.0;1.0;B01
201800017120;1.0;7;0;13.0;0.0;8.0;13.0;A01
201800017121;1.0;2;0;1.0;0.0;1.0;1.0;A01
201800017122;1.0;7;0;0.0;1.0;6.0;20.0;A01
201800017123;2.0;7;0;16.0;0.0;2.0;1.0;A01
201800017124;1.0;7;0;0.0;1.0;2.0;15.0;A01
201800017125;1.0;7;0;0.0;2.0;3.0;1.0;B01
201800017125;2.0;7;0;11.0;2.0;1.0;15.0;A01
201800017126;1.0;21;0;0.0;2.0;1.0;1.0;B01
201800017126;2.0;7;0;0.0;2.0;3.0;1.0;A01
201800017126;2.0;7;0;0.0;2.0;1.0;1.0;C01
201800017127;2.0;7;0;0.0;0.0;1.0;1.0;A01
201800017128;1.0;7;0;2.0;0.0;2.0;13.0;A01
201800017129;2.0;7;0;0.0;0.0;8.0;16.0;A01
201800017129;2.0;7;0;0.0;2.0;1.0;2.0;B01
201800017130;1.0;7;0;2.0;0.0;3.0;1.0;A01
201800017131;1.0;7;0;0.0;1.0;2.0;1.0;A01
201800017132;1.0;7;0;13.0;0.0;1.0;1.0;A01
201800017133;1.0;2;0;0.0;2.0;4.0;1.0;A01
201800017133;1.0;7;0;0.0;2.0;3.0;9.0;B01
201800017134;1.0;7;0;0.0;1.0;3.0;19.0;A01
201800017135;2.0;7;0;0.0;1.0;2.0;19.0;A01
201800017136;1.0;7;0;0.0;2.0;1.0;15.0;A01
201800017136;2.0;2;0;0.0;0.0;8.0;1.0;B01
201800017137;1.0;7;0;0.0;1.0;2.0;15.0;A01
201800017138;1.0;2;0;0.0;2.0;1.0;2.0;A01
201800017138;2.0;7;0;0.0;2.0;4.0;2.0;B01
201800017139;2.0;7;0;0.0;0.0;1.0;0.0;A01
201800017140;2.0;7;0;0.0;2.0;1.0;1.0;B01
201800017140;1.0;7;0;0.0;2.0;7.0;15.0;A01
201800017141;1.0;7;0;0.0;2.0;2.0;1.0;A01
201800017141;2.0;2;0;0.0;2.0;1.0;5.0;B01
201800017142;1.0;7;0;0.0;1.0;2.0;1.0;A01
201800017143;2.0;7;0;13.0;0.0;1.0;1.0;A01
201800017144;1.0;7;0;0.0;0.0;4.0;15.0;A01
201800017144;1.0;7;0;0.0;2.0;1.0;1.0;B01
201800017144;1.0;7;0;0.0;2.0;1.0;1.0;C01
201800017145;1.0;7;0;13.0;0.0;1.0;0.0;A01
201800017146;1.0;2;0;8.0;0.0;1.0;1.0;A01
201800017147;2.0;14;0;0.0;0.0;0.0;0.0;A01
201800017148;2.0;21;0;8.0;0.0;1.0;1.0;A01
201800017149;2.0;33;0;13.0;0.0;1.0;1.0;A01
201800017150;0.0;7;0;0.0;2.0;7.0;0.0;A01
201800017150;0.0;7;0;0.0;2.0;1.0;1.0;B01
201800017151;2.0;7;0;0.0;2.0;3.0;13.0;A01
201800017151;1.0;7;0;0.0;2.0;1.0;1.0;B01
201800017152;0.0;14;0;0.0;1.0;2.0;1.0;A01
201800017153;2.0;7;0;0.0;2.0;3.0;9.0;A01
201800017153;2.0;1;0;0.0;2.0;7.0;1.0;B01
201800017154;2.0;7;0;0.0;2.0;5.0;19.0;A01
201800017154;2.0;7;0;0.0;2.0;1.0;1.0;B01
201800017155;1.0;7;0;6.0;2.0;3.0;1.0;A01
201800017155;2.0;7;0;0.0;2.0;3.0;17.0;B01
201800017156;0.0;31;0;0.0;1.0;1.0;1.0;A01
201800017157;1.0;7;0;0.0;0.0;8.0;10.0;A01
201800017157;1.0;7;0;0.0;2.0;1.0;1.0;B01
201800017158;0.0;7;0;7.0;2.0;8.0;19.0;A01
201800017158;1.0;7;0;0.0;2.0;1.0;1.0;B01
201800017159;2.0;2;0;0.0;2.0;3.0;13.0;A01
201800017159;1.0;7;0;0.0;2.0;3.0;1.0;B01
201800017160;2.0;7;0;0.0;2.0;3.0;11.0;A01
201800017160;1.0;7;0;0.0;2.0;1.0;1.0;B01
201800017161;2.0;7;0;0.0;2.0;1.0;11.0;A01
201800017161;1.0;7;0;0.0;2.0;1.0;1.0;B01
201800017162;2.0;7;0;0.0;2.0;1.0;13.0;A01
201800017162;1.0;7;0;0.0;2.0;1.0;1.0;B01
201800017163;1.0;7;0;0.0;2.0;2.0;2.0;A01
201800017163;1.0;2;0;0.0;2.0;4.0;2.0;B01
201800017164;0.0;7;0;0.0;1.0;2.0;1.0;A01
201800017165;2.0;99;0;0.0;1.0;3.0;1.0;A01
201800017166;2.0;7;0;0.0;2.0;1.0;13.0;A01
201800017166;1.0;7;0;0.0;2.0;1.0;21.0;B01
201800017167;1.0;7;0;0.0;0.0;0.0;1.0;A01
201800017168;1.0;33;0;0.0;0.0;1.0;1.0;A01
201800017169;0.0;7;0;0.0;0.0;1.0;1.0;A01
201800017170;2.0;7;0;0.0;2.0;1.0;1.0;A01
201800017170;1.0;10;0;0.0;2.0;3.0;1.0;B01
201800017171;2.0;33;0;0.0;2.0;1.0;2.0;A01
201800017171;2.0;7;0;0.0;2.0;3.0;15.0;B01
201800017172;2.0;33;0;0.0;0.0;8.0;0.0;A01
201800017173;2.0;33;0;1.0;0.0;7.0;2.0;A01
201800017173;2.0;33;0;0.0;0.0;8.0;23.0;B01
201800017174;1.0;2;0;13.0;0.0;2.0;1.0;A01
201800017175;1.0;7;0;0.0;0.0;0.0;0.0;A01
201800017176;2.0;7;0;0.0;2.0;8.0;13.0;A01
201800017176;1.0;1;0;0.0;2.0;8.0;1.0;B01
201800017177;2.0;33;0;6.0;0.0;1.0;16.0;A01
201800017178;1.0;7;0;2.0;0.0;8.0;1.0;A01
201800017179;2.0;1;0;0.0;2.0;4.0;1.0;B01
201800017179;2.0;7;0;0.0;2.0;2.0;16.0;A01
201800017180;0.0;2;0;13.0;0.0;7.0;15.0;A01
201800017181;1.0;33;0;13.0;0.0;0.0;1.0;A01
201800017182;1.0;33;0;0.0;0.0;2.0;15.0;A01
201800017183;1.0;7;0;0.0;2.0;1.0;1.0;B02
201800017183;2.0;7;0;0.0;2.0;1.0;5.0;A01
201800017184;2.0;7;0;0.0;2.0;1.0;13.0;A01
201800017184;1.0;7;0;0.0;2.0;1.0;1.0;B01
201800017185;2.0;7;0;0.0;2.0;1.0;13.0;A01
201800017185;1.0;7;0;0.0;2.0;3.0;1.0;B01
201800017186;1.0;10;0;0.0;2.0;1.0;15.0;A01
201800017186;2.0;32;0;0.0;2.0;3.0;1.0;B01
201800017187;0.0;7;0;2.0;0.0;3.0;1.0;A01
201800017188;1.0;7;0;6.0;0.0;8.0;1.0;A01
201800017189;2.0;7;0;0.0;2.0;3.0;1.0;B01
201800017189;1.0;1;0;0.0;2.0;1.0;13.0;A01
201800017190;2.0;33;0;0.0;2.0;1.0;13.0;A01
201800017190;1.0;14;0;0.0;2.0;1.0;1.0;B01
201800017191;0.0;7;0;0.0;2.0;2.0;1.0;A01
201800017191;0.0;2;0;0.0;2.0;3.0;16.0;B01
201800017192;1.0;7;0;15.0;0.0;1.0;14.0;A01
201800017193;1.0;7;0;0.0;1.0;3.0;1.0;A01
201800017194;1.0;2;0;0.0;2.0;1.0;1.0;A01
201800017194;1.0;7;0;0.0;0.0;5.0;23.0;B01
201800017195;0.0;7;0;0.0;2.0;1.0;9.0;A01
201800017195;0.0;31;0;0.0;0.0;0.0;0.0;B01
201800017196;1.0;7;0;0.0;0.0;9.0;1.0;A01
201800017197;2.0;7;0;0.0;9.0;1.0;1.0;A01
201800017197;1.0;1;0;0.0;2.0;1.0;13.0;B01
201800017198;1.0;7;0;0.0;2.0;5.0;15.0;A01
201800017198;2.0;2;0;0.0;2.0;1.0;1.0;B01
201800017199;0.0;7;0;0.0;2.0;8.0;13.0;A01
201800017199;0.0;2;0;0.0;2.0;1.0;1.0;B01
201800017200;1.0;7;0;0.0;2.0;1.0;13.0;A01
201800017200;2.0;7;0;0.0;2.0;2.0;1.0;B01
201800017201;2.0;7;0;0.0;1.0;1.0;1.0;A01
201800017202;2.0;7;0;2.0;0.0;2.0;0.0;A01
201800017203;2.0;2;0;0.0;2.0;7.0;1.0;B01
201800017203;2.0;7;0;0.0;2.0;8.0;9.0;A01
201800017204;2.0;33;0;9.0;0.0;1.0;17.0;A01
201800017204;2.0;21;0;0.0;0.0;6.0;15.0;B01
201800017205;2.0;7;0;13.0;0.0;1.0;1.0;A01
201800017206;0.0;10;0;13.0;0.0;3.0;1.0;A01
201800017207;2.0;7;0;2.0;0.0;3.0;13.0;A01
201800017208;2.0;7;0;0.0;0.0;4.0;15.0;A01
201800017208;2.0;7;0;0.0;2.0;2.0;17.0;B01
201800017209;2.0;3;0;0.0;2.0;3.0;1.0;A01
201800017209;1.0;21;0;0.0;2.0;3.0;1.0;B01
201800017210;2.0;7;0;0.0;2.0;3.0;0.0;A01
201800017210;1.0;7;0;0.0;2.0;3.0;0.0;B01
201800017211;1.0;7;0;16.0;0.0;9.0;1.0;A01
201800017212;0.0;7;0;0.0;0.0;9.0;0.0;A01
201800017213;1.0;10;0;0.0;0.0;1.0;1.0;A01
201800017214;1.0;33;0;6.0;0.0;7.0;1.0;A01
201800017215;1.0;34;0;13.0;0.0;1.0;1.0;A01
201800017216;1.0;7;0;0.0;2.0;1.0;1.0;A01
201800017216;2.0;7;0;0.0;2.0;1.0;1.0;B01
201800017217;2.0;7;0;0.0;2.0;3.0;0.0;B01
201800017217;0.0;7;0;0.0;2.0;3.0;0.0;C01
201800017217;1.0;7;0;0.0;2.0;1.0;0.0;A01
201800017218;1.0;33;0;0.0;2.0;5.0;17.0;A01
201800017218;1.0;7;0;0.0;2.0;3.0;15.0;B01
201800017219;0.0;7;0;6.0;0.0;2.0;1.0;A01
201800017220;1.0;7;0;0.0;2.0;1.0;1.0;A01
201800017220;2.0;7;0;0.0;2.0;1.0;13.0;B01
201800017221;2.0;33;0;0.0;0.0;7.0;1.0;A01
201800017222;1.0;7;0;0.0;2.0;7.0;1.0;B01
201800017222;1.0;2;0;0.0;2.0;1.0;19.0;A01
201800017223;1.0;7;0;0.0;2.0;2.0;1.0;B01
201800017223;1.0;1;0;0.0;2.0;3.0;19.0;A01
201800017224;2.0;7;0;0.0;0.0;9.0;1.0;A01
201800017225;0.0;7;0;0.0;2.0;1.0;19.0;A01
201800017225;0.0;7;0;0.0;2.0;2.0;0.0;B01
201800017226;1.0;7;0;6.0;0.0;3.0;1.0;A01
201800017227;1.0;7;0;0.0;2.0;2.0;1.0;A01
201800017227;2.0;7;0;0.0;2.0;3.0;10.0;B01
201800017228;0.0;7;0;6.0;0.0;1.0;0.0;A01
201800017229;1.0;10;0;16.0;0.0;3.0;14.0;A01
201800017230;2.0;7;0;0.0;1.0;1.0;1.0;A01
201800017231;2.0;7;0;13.0;0.0;1.0;1.0;A01
201800017232;2.0;33;0;0.0;2.0;0.0;13.0;A01
201800017232;1.0;14;0;0.0;2.0;1.0;1.0;B01
201800017233;1.0;7;0;0.0;2.0;1.0;13.0;A01
201800017233;2.0;7;0;0.0;2.0;1.0;1.0;B01
201800017234;0.0;2;0;0.0;2.0;2.0;1.0;A01
201800017234;0.0;7;0;0.0;2.0;2.0;1.0;B01
201800017235;2.0;2;0;0.0;2.0;1.0;13.0;A01
201800017235;1.0;7;0;0.0;2.0;3.0;1.0;B01
201800017236;1.0;7;0;0.0;2.0;1.0;1.0;A01
201800017236;2.0;7;0;0.0;2.0;3.0;1.0;B01
201800017237;1.0;7;0;13.0;0.0;1.0;1.0;A01
201800017238;1.0;7;0;0.0;2.0;2.0;1.0;A01
201800017238;1.0;31;0;0.0;2.0;1.0;1.0;B01
201800017239;2.0;7;0;13.0;0.0;3.0;1.0;A01
201800017240;0.0;2;0;0.0;0.0;0.0;10.0;A01
201800017241;2.0;7;0;2.0;0.0;1.0;1.0;A01
201800017242;2.0;33;0;0.0;0.0;3.0;10.0;A01
201800017243;2.0;7;0;2.0;0.0;3.0;1.0;A01
201800017244;2.0;33;0;0.0;0.0;7.0;1.0;A01
201800017245;2.0;33;0;0.0;0.0;8.0;1.0;A01
201800017246;1.0;33;0;0.0;0.0;7.0;1.0;A01
201800017247;0.0;7;0;6.0;0.0;3.0;16.0;A01
201800017248;1.0;7;0;13.0;0.0;4.0;0.0;A01
201800017249;0.0;33;0;0.0;0.0;8.0;1.0;A01
201800017250;2.0;7;0;8.0;0.0;1.0;1.0;A01
201800017251;0.0;7;0;12.0;0.0;1.0;1.0;A01
201800017252;1.0;10;0;0.0;1.0;2.0;1.0;A01
201800017253;1.0;10;0;0.0;2.0;3.0;13.0;A01
201800017253;2.0;10;0;0.0;2.0;3.0;0.0;B01
201800017254;0.0;3;0;8.0;0.0;1.0;1.0;A01
201800017255;0.0;7;0;0.0;1.0;2.0;1.0;A01
201800017256;2.0;7;0;0.0;2.0;1.0;1.0;B01
201800017256;0.0;7;0;0.0;2.0;7.0;19.0;A01
201800017257;2.0;7;0;0.0;2.0;7.0;1.0;A01
201800017257;1.0;7;0;0.0;2.0;1.0;1.0;B01
201800017258;1.0;7;0;0.0;0.0;1.0;13.0;A01
201800017258;2.0;7;0;0.0;0.0;1.0;1.0;B01
201800017259;0.0;7;0;2.0;0.0;0.0;16.0;A01
201800017260;2.0;33;0;0.0;2.0;7.0;2.0;A01
201800017260;2.0;7;0;0.0;9.0;8.0;11.0;B01
201800017261;0.0;31;0;8.0;0.0;1.0;2.0;A01
201800017262;2.0;7;0;0.0;2.0;1.0;5.0;A01
201800017262;1.0;14;0;1.0;2.0;1.0;21.0;B01
201800017263;0.0;36;0;0.0;0.0;0.0;0.0;A01
201800017264;0.0;33;0;0.0;9.0;1.0;0.0;A01
201800017265;1.0;7;0;0.0;0.0;9.0;1.0;A01
201800017266;1.0;7;0;0.0;0.0;3.0;19.0;A01
201800017266;2.0;33;0;0.0;0.0;8.0;1.0;B01
201800017267;2.0;7;0;0.0;1.0;2.0;1.0;A01
201800017268;1.0;7;0;0.0;0.0;1.0;5.0;A01
201800017268;2.0;7;0;0.0;0.0;1.0;1.0;B01
201800017269;2.0;7;0;0.0;9.0;3.0;15.0;A01
201800017269;0.0;1;0;0.0;2.0;1.0;23.0;B01
201800017270;1.0;7;0;6.0;2.0;1.0;21.0;A01
201800017270;2.0;7;0;0.0;2.0;6.0;1.0;B01
201800017271;2.0;33;0;2.0;0.0;1.0;10.0;A01
201800017272;1.0;7;0;13.0;2.0;3.0;1.0;A01
201800017272;2.0;14;0;0.0;2.0;3.0;1.0;B01
201800017273;0.0;7;0;0.0;0.0;3.0;1.0;A01
201800017273;0.0;7;0;0.0;0.0;1.0;13.0;B01
201800017274;1.0;2;0;15.0;0.0;7.0;1.0;A01
201800017275;2.0;21;0;0.0;2.0;3.0;15.0;A01
201800017275;2.0;33;0;0.0;2.0;2.0;17.0;B01
201800017276;2.0;7;0;0.0;0.0;9.0;2.0;A01
201800017277;1.0;1;0;0.0;2.0;7.0;1.0;B01
201800017277;1.0;7;0;0.0;2.0;1.0;15.0;A01
201800017278;2.0;7;0;2.0;0.0;2.0;0.0;A01
201800017279;2.0;31;0;0.0;0.0;0.0;1.0;A01
201800017280;1.0;7;0;2.0;0.0;3.0;1.0;A01
201800017281;1.0;7;0;2.0;0.0;2.0;14.0;A01
201800017282;0.0;7;0;0.0;2.0;3.0;1.0;A01
201800017282;0.0;7;0;0.0;2.0;3.0;1.0;B01
201800017283;1.0;33;0;0.0;0.0;8.0;15.0;A01
201800017284;2.0;7;0;13.0;2.0;8.0;15.0;A01
201800017284;2.0;10;0;13.0;2.0;2.0;1.0;B01
201800017285;2.0;7;0;2.0;0.0;2.0;13.0;A01
201800017286;1.0;3;0;0.0;0.0;9.0;1.0;A01
201800017287;1.0;7;0;13.0;2.0;1.0;1.0;A01
201800017287;1.0;7;0;0.0;2.0;4.0;1.0;B01
201800017287;2.0;7;0;0.0;2.0;3.0;1.0;C01
201800017287;2.0;7;0;0.0;2.0;1.0;1.0;D01
201800017288;2.0;33;0;0.0;2.0;1.0;11.0;A01
201800017288;1.0;7;0;0.0;2.0;1.0;1.0;B01
201800017289;0.0;7;0;0.0;0.0;3.0;1.0;A01
201800017290;2.0;7;0;0.0;2.0;1.0;1.0;B01
201800017290;0.0;7;0;0.0;2.0;7.0;1.0;A01
201800017291;1.0;7;0;0.0;2.0;3.0;13.0;A01
201800017291;2.0;7;0;0.0;2.0;3.0;1.0;B01
201800017292;2.0;10;0;0.0;2.0;2.0;19.0;A01
201800017292;1.0;20;0;0.0;2.0;2.0;1.0;B01
201800017293;1.0;7;0;0.0;2.0;1.0;1.0;A01
201800017293;1.0;7;0;0.0;2.0;5.0;1.0;B01
201800017294;0.0;7;0;2.0;0.0;9.0;1.0;A01
201800017295;1.0;7;0;15.0;0.0;1.0;14.0;A01
201800017296;1.0;7;0;13.0;0.0;2.0;1.0;A01
201800017297;1.0;7;0;2.0;2.0;1.0;2.0;A01
201800017297;1.0;7;0;2.0;2.0;3.0;15.0;B01
201800017298;1.0;33;0;13.0;0.0;8.0;1.0;A01
201800017299;0.0;7;0;0.0;2.0;1.0;1.0;A01
201800017299;0.0;33;0;0.0;0.0;8.0;1.0;B01
201800017300;0.0;7;0;0.0;0.0;0.0;15.0;A01
201800017300;0.0;2;0;0.0;0.0;0.0;1.0;B01
201800017301;2.0;33;0;0.0;2.0;1.0;1.0;A01
201800017301;0.0;7;0;0.0;2.0;3.0;15.0;B01
201800017302;2.0;7;0;0.0;2.0;1.0;1.0;B01
201800017302;2.0;7;0;7.0;2.0;2.0;9.0;A01
201800017303;1.0;7;0;;;;;A01
201800017303;2.0;31;0;0.0;0.0;0.0;1.0;D01
201800017304;1.0;33;0;0.0;6.0;1.0;2.0;A01
201800017305;2.0;7;0;0.0;2.0;1.0;1.0;A01
201800017305;1.0;7;0;0.0;2.0;1.0;1.0;B01
201800017306;1.0;7;0;0.0;2.0;3.0;0.0;B01
201800017306;1.0;7;0;0.0;2.0;7.0;1.0;A01
201800017307;2.0;7;0;13.0;0.0;1.0;21.0;A01
201800017308;1.0;7;0;0.0;2.0;3.0;13.0;A01
201800017308;2.0;7;0;0.0;2.0;3.0;1.0;B01
201800017309;2.0;7;0;0.0;2.0;8.0;9.0;A01
201800017309;1.0;33;0;0.0;2.0;3.0;1.0;B01
201800017310;2.0;1;0;0.0;0.0;9.0;1.0;A01
201800017311;1.0;7;0;13.0;0.0;0.0;1.0;A01
201800017312;0.0;7;0;0.0;1.0;1.0;1.0;A01
201800017313;1.0;7;0;0.0;2.0;1.0;1.0;A01
201800017313;1.0;38;26;0.0;2.0;1.0;1.0;B01
201800017314;2.0;7;0;0.0;2.0;2.0;15.0;A01
201800017314;1.0;7;0;0.0;2.0;1.0;1.0;B01
201800017315;1.0;7;0;0.0;1.0;2.0;2.0;B01
201800017316;2.0;7;0;0.0;1.0;2.0;13.0;A01
201800017317;2.0;7;0;0.0;1.0;1.0;1.0;A01
201800017318;1.0;7;0;8.0;0.0;9.0;1.0;A01
201800017319;1.0;7;0;0.0;2.0;3.0;5.0;A01
201800017319;2.0;7;0;0.0;2.0;3.0;1.0;B01
201800017320;2.0;7;0;2.0;0.0;1.0;0.0;A01
201800017321;1.0;7;0;0.0;0.0;8.0;1.0;B01
201800017321;2.0;7;0;0.0;0.0;3.0;1.0;A01
201800017322;0.0;31;0;6.0;9.0;1.0;0.0;A01
201800017323;0.0;7;0;0.0;1.0;0.0;4.0;A01
201800017324;1.0;7;0;0.0;2.0;6.0;1.0;A01
201800017324;1.0;2;0;0.0;2.0;1.0;1.0;B01
201800017325;0.0;7;0;13.0;0.0;9.0;1.0;A01
201800017326;2.0;7;0;2.0;0.0;3.0;14.0;A01
201800017327;1.0;13;0;3.0;0.0;3.0;1.0;A01
201800017328;2.0;7;0;0.0;1.0;3.0;1.0;A01
201800017329;2.0;7;0;0.0;2.0;8.0;5.0;A01
201800017329;1.0;7;0;0.0;2.0;8.0;1.0;B01
201800017329;1.0;7;0;0.0;2.0;1.0;1.0;C01
201800017330;0.0;7;0;13.0;0.0;1.0;1.0;A01
201800017331;0.0;1;0;0.0;2.0;1.0;9.0;A01
201800017331;0.0;7;0;0.0;2.0;5.0;2.0;B01
201800017332;0.0;7;0;6.0;0.0;1.0;1.0;A01
201800017333;2.0;7;0;0.0;2.0;1.0;13.0;A01
201800017333;1.0;7;0;0.0;2.0;3.0;1.0;B01
201800017334;1.0;7;0;13.0;0.0;3.0;1.0;A01
201800017335;1.0;7;0;0.0;2.0;1.0;1.0;B01
201800017335;1.0;7;0;13.0;0.0;3.0;0.0;A01
201800017336;0.0;7;0;0.0;2.0;1.0;1.0;A01
201800017336;0.0;7;0;0.0;2.0;1.0;13.0;B01
201800017337;0.0;7;0;15.0;0.0;3.0;0.0;A01
201800017338;1.0;33;0;0.0;0.0;9.0;1.0;A01
201800017339;1.0;7;0;8.0;0.0;2.0;1.0;A01
201800017340;0.0;7;0;13.0;0.0;2.0;1.0;A01
201800017341;1.0;7;0;13.0;0.0;0.0;0.0;A01
201800017342;1.0;7;0;2.0;0.0;1.0;1.0;A01
201800017343;2.0;33;0;13.0;0.0;2.0;1.0;A01
201800017344;1.0;33;0;0.0;0.0;8.0;2.0;A01
201800017345;2.0;33;0;13.0;0.0;1.0;1.0;A01
201800017346;0.0;7;0;0.0;2.0;2.0;1.0;A01
201800017346;0.0;2;0;0.0;2.0;1.0;1.0;B01
201800017347;2.0;7;0;13.0;2.0;1.0;1.0;A01
201800017347;1.0;7;0;0.0;2.0;1.0;1.0;B01
201800017348;2.0;10;0;2.0;0.0;1.0;1.0;A01
201800017349;1.0;1;0;0.0;2.0;1.0;1.0;A01
201800017349;2.0;10;0;0.0;9.0;1.0;1.0;B01
201800017350;2.0;7;0;0.0;2.0;2.0;15.0;B01
201800017350;0.0;7;0;0.0;2.0;3.0;19.0;A01
201800017351;2.0;7;0;0.0;9.0;2.0;2.0;A01
201800017351;2.0;1;0;0.0;0.0;4.0;2.0;B01
201800017352;2.0;99;0;0.0;9.0;2.0;17.0;A01
201800017352;2.0;1;0;12.0;0.0;6.0;2.0;B01
201800017353;1.0;2;0;0.0;2.0;1.0;1.0;A01
201800017353;2.0;7;0;0.0;2.0;3.0;1.0;B01
201800017354;1.0;7;0;0.0;2.0;3.0;1.0;A01
201800017354;2.0;7;0;0.0;2.0;3.0;1.0;B01
201800017355;0.0;7;0;0.0;2.0;2.0;1.0;A01
201800017355;0.0;2;0;0.0;2.0;7.0;15.0;B01
201800017356;1.0;7;0;3.0;2.0;8.0;0.0;A01
201800017356;2.0;7;0;0.0;2.0;3.0;0.0;B01
201800017357;1.0;33;0;0.0;0.0;0.0;1.0;A01
201800017358;0.0;7;0;0.0;2.0;2.0;1.0;A01
201800017358;0.0;7;0;0.0;2.0;3.0;16.0;B01
201800017359;0.0;7;0;2.0;0.0;2.0;0.0;A01
201800017360;1.0;7;0;0.0;2.0;3.0;0.0;A01
201800017360;2.0;7;0;0.0;2.0;3.0;0.0;B01
201800017361;0.0;2;0;0.0;2.0;1.0;13.0;A01
201800017361;0.0;7;0;0.0;2.0;3.0;1.0;B01
201800017362;1.0;7;0;0.0;2.0;3.0;15.0;A01
201800017362;1.0;7;0;0.0;2.0;1.0;1.0;B01
201800017363;2.0;7;0;2.0;0.0;3.0;13.0;A01
201800017364;0.0;2;0;0.0;0.0;0.0;2.0;A01
201800017365;0.0;7;0;0.0;1.0;4.0;20.0;A01
201800017366;2.0;7;0;0.0;2.0;1.0;9.0;A01
201800017366;2.0;31;0;0.0;0.0;7.0;0.0;B01
201800017367;1.0;33;0;3.0;0.0;7.0;14.0;A01
201800017368;2.0;2;0;0.0;0.0;3.0;1.0;A01
201800017369;2.0;7;0;13.0;0.0;1.0;1.0;A01
201800017370;1.0;38;15;13.0;2.0;1.0;1.0;B01
201800017370;1.0;7;0;13.0;2.0;7.0;19.0;A01
201800017371;0.0;33;0;0.0;2.0;1.0;13.0;A01
201800017371;0.0;7;0;0.0;2.0;1.0;1.0;B01
201800017372;1.0;33;0;13.0;0.0;9.0;1.0;A01
201800017373;1.0;33;0;0.0;2.0;1.0;1.0;B01
201800017373;0.0;7;0;0.0;2.0;8.0;15.0;A01
201800017374;1.0;33;0;9.0;0.0;7.0;1.0;A01
201800017375;2.0;7;0;2.0;0.0;1.0;14.0;A01
201800017376;1.0;2;0;0.0;2.0;1.0;13.0;A01
201800017376;2.0;7;0;0.0;0.0;6.0;1.0;B01
201800017377;2.0;7;0;5.0;0.0;3.0;5.0;A01
201800017377;1.0;17;0;5.0;0.0;3.0;1.0;B01
201800017378;1.0;7;0;13.0;0.0;1.0;1.0;A01
201800017379;2.0;7;0;0.0;2.0;0.0;17.0;A01
201800017379;1.0;2;0;0.0;2.0;3.0;1.0;B01
201800017380;1.0;7;0;3.0;0.0;2.0;1.0;A01
201800017381;0.0;2;0;0.0;0.0;0.0;0.0;A01
201800017382;2.0;7;0;0.0;2.0;1.0;9.0;A01
201800017382;1.0;7;0;13.0;2.0;8.0;1.0;B01
201800017383;0.0;33;0;0.0;2.0;1.0;1.0;A01
201800017383;0.0;3;0;0.0;2.0;1.0;1.0;B01
201800017384;1.0;15;0;6.0;9.0;1.0;1.0;A01
201800017385;0.0;7;0;6.0;0.0;1.0;1.0;A01
201800017386;1.0;7;0;0.0;2.0;5.0;15.0;A01
201800017386;2.0;33;0;0.0;2.0;1.0;1.0;B01
201800017387;2.0;7;0;0.0;2.0;1.0;1.0;A01
201800017387;2.0;7;0;0.0;2.0;4.0;1.0;B01
201800017388;2.0;7;0;0.0;0.0;1.0;1.0;B01
201800017388;1.0;7;0;0.0;0.0;7.0;19.0;A01
201800017389;1.0;7;0;0.0;1.0;1.0;1.0;A01
201800017390;0.0;7;0;6.0;0.0;1.0;0.0;A01
201800017391;0.0;7;0;0.0;2.0;3.0;5.0;A01
201800017391;0.0;7;0;0.0;2.0;3.0;21.0;B01
201800017391;0.0;7;0;0.0;2.0;8.0;19.0;C01
201800017392;2.0;7;0;15.0;0.0;8.0;1.0;B01
201800017392;2.0;7;0;0.0;2.0;1.0;15.0;A01
201800017393;2.0;7;0;0.0;2.0;3.0;1.0;A01
201800017393;1.0;14;0;0.0;2.0;3.0;1.0;B01
201800017394;1.0;31;0;11.0;0.0;1.0;6.0;A01
201800017395;1.0;7;0;2.0;0.0;1.0;1.0;A01