Num_Acc;senc;catv;occutc;obs;obsm;choc;manv;num_veh
201800018756;0.0;7;0;0.0;1.0;1.0;1.0;A01
201800018757;0.0;7;0;13.0;0.0;1.0;1.0;A01
201800018758;1.0;1;0;0.0;0.0;0.0;1.0;A01
201800018759;1.0;7;0;2.0;0.0;1.0;1.0;A01
201800018760;2.0;36;0;0.0;0.0;1.0;1.0;A01
201800018761;2.0;1;0;0.0;0.0;8.0;2.0;B01
201800018761;2.0;33;0;0.0;2.0;1.0;2.0;A01
201800018762;1.0;2;0;0.0;2.0;1.0;2.0;A01
201800018762;1.0;7;0;0.0;0.0;6.0;2.0;B01
201800018763;1.0;7;0;0.0;5.0;4.0;0.0;C01
201800018763;1.0;7;0;0.0;5.0;1.0;0.0;B01
201800018764;1.0;10;0;0.0;2.0;1.0;1.0;B01
201800018764;1.0;7;0;0.0;2.0;8.0;15.0;A01
201800018765;1.0;1;0;0.0;9.0;8.0;18.0;B01
201800018765;1.0;21;0;0.0;9.0;5.0;17.0;A01
201800018766;2.0;7;0;0.0;2.0;1.0;1.0;B01
201800018766;2.0;7;0;2.0;2.0;6.0;1.0;A01
201800018767;2.0;33;0;0.0;0.0;9.0;17.0;A01
201800018768;2.0;7;0;0.0;0.0;0.0;1.0;A01
201800018769;1.0;31;0;13.0;0.0;1.0;1.0;A01
201800018770;2.0;7;0;0.0;2.0;2.0;1.0;A01
201800018770;0.0;1;0;0.0;2.0;4.0;9.0;B01
201800018771;0.0;7;0;7.0;0.0;1.0;14.0;A01
201800018772;0.0;1;0;0.0;2.0;1.0;5.0;A01
201800018772;0.0;7;0;0.0;2.0;8.0;1.0;B01
201800018773;1.0;7;0;6.0;0.0;1.0;17.0;A01
201800018774;0.0;1;0;0.0;2.0;8.0;15.0;B01
201800018774;0.0;7;0;0.0;9.0;0.0;1.0;A01
201800018775;0.0;7;0;0.0;2.0;8.0;0.0;B01
201800018775;2.0;7;0;0.0;2.0;2.0;1.0;A01
201800018776;2.0;7;0;0.0;2.0;8.0;1.0;B01
201800018776;0.0;21;0;0.0;2.0;1.0;1.0;A01
201800018777;2.0;7;0;13.0;0.0;1.0;1.0;A01
201800018778;1.0;33;0;0.0;0.0;0.0;15.0;A01
201800018779;1.0;3;0;9.0;1.0;2.0;1.0;A01
201800018780;1.0;33;0;13.0;0.0;1.0;1.0;A01
201800018781;1.0;15;0;0.0;2.0;1.0;1.0;B01
201800018781;2.0;7;0;0.0;2.0;1.0;17.0;A01
201800018782;0.0;7;0;0.0;0.0;6.0;1.0;B01
201800018782;0.0;33;0;0.0;2.0;1.0;17.0;A01
201800018783;0.0;7;0;0.0;2.0;8.0;1.0;A01
201800018783;0.0;7;0;0.0;2.0;8.0;1.0;B01
201800018784;1.0;7;0;0.0;2.0;3.0;13.0;A01
201800018784;2.0;14;0;0.0;2.0;8.0;1.0;B01
201800018785;2.0;7;0;0.0;2.0;7.0;1.0;B01
201800018785;1.0;7;0;0.0;2.0;2.0;1.0;A01
201800018786;2.0;7;0;0.0;2.0;3.0;1.0;B01
201800018786;1.0;7;0;0.0;2.0;3.0;13.0;A01
201800018787;2.0;7;0;0.0;2.0;3.0;15.0;A01
201800018787;2.0;33;0;0.0;2.0;1.0;17.0;B01
201800018788;1.0;7;0;0.0;1.0;2.0;1.0;A01
201800018789;2.0;7;0;0.0;9.0;1.0;1.0;A01
201800018789;2.0;1;0;0.0;2.0;8.0;9.0;B01
201800018790;2.0;33;0;0.0;2.0;3.0;1.0;A01
201800018790;1.0;7;0;0.0;0.0;5.0;15.0;B01
201800018791;1.0;7;0;0.0;2.0;1.0;1.0;A01
201800018791;0.0;10;0;0.0;2.0;2.0;19.0;B01
201800018792;2.0;7;0;0.0;2.0;3.0;1.0;B01
201800018792;1.0;7;0;0.0;2.0;1.0;13.0;A01
201800018793;1.0;7;0;0.0;2.0;3.0;1.0;A01
201800018793;2.0;7;0;0.0;2.0;3.0;1.0;B01
201800018794;1.0;7;0;0.0;2.0;3.0;9.0;A01
201800018794;1.0;32;0;0.0;2.0;1.0;1.0;B01
201800018795;1.0;7;0;13.0;0.0;1.0;16.0;A01
201800018796;2.0;14;0;0.0;2.0;8.0;1.0;B01
201800018796;1.0;31;0;0.0;2.0;1.0;1.0;A01
201800018797;2.0;7;0;2.0;0.0;1.0;1.0;A01
201800018798;0.0;7;0;13.0;0.0;9.0;1.0;A01
201800018799;1.0;10;0;7.0;0.0;7.0;1.0;B01
201800018799;1.0;7;0;0.0;2.0;1.0;1.0;A01
201800018800;0.0;2;0;0.0;0.0;7.0;1.0;A01
201800018801;0.0;7;0;0.0;2.0;7.0;1.0;A01
201800018801;0.0;7;0;0.0;2.0;1.0;1.0;B01
201800018802;2.0;2;0;0.0;0.0;7.0;2.0;A01
201800018803;0.0;7;0;0.0;0.0;6.0;15.0;A01
201800018803;0.0;7;0;0.0;2.0;1.0;16.0;B01
201800018804;1.0;33;0;13.0;0.0;1.0;15.0;A01
201800018805;0.0;33;0;0.0;5.0;1.0;1.0;A01
201800018806;0.0;7;0;13.0;0.0;9.0;1.0;A01
201800018807;2.0;2;0;0.0;2.0;1.0;17.0;A01
201800018807;2.0;20;0;0.0;0.0;4.0;15.0;B01
201800018808;2.0;7;0;0.0;2.0;3.0;1.0;B01
201800018808;1.0;7;0;0.0;2.0;3.0;13.0;A01
201800018809;1.0;7;0;13.0;2.0;3.0;0.0;B01
201800018809;2.0;7;0;0.0;2.0;1.0;1.0;A01
201800018810;2.0;13;0;0.0;2.0;3.0;1.0;A01
201800018810;1.0;7;0;0.0;2.0;8.0;0.0;B01
201800018810;1.0;7;0;0.0;2.0;3.0;1.0;C01
201800018811;2.0;7;0;0.0;0.0;4.0;23.0;A01
201800018811;2.0;33;0;0.0;2.0;1.0;2.0;B01
201800018812;1.0;7;0;2.0;0.0;9.0;1.0;A01
201800018813;1.0;7;0;0.0;0.0;4.0;15.0;A01
201800018813;1.0;7;0;0.0;2.0;1.0;1.0;B01
201800018814;2.0;7;0;13.0;0.0;1.0;13.0;A01
201800018815;1.0;7;0;0.0;2.0;1.0;1.0;A01
201800018815;1.0;7;0;0.0;2.0;8.0;1.0;B01
201800018816;0.0;7;0;13.0;0.0;2.0;1.0;A01
201800018817;2.0;33;0;8.0;0.0;2.0;1.0;A01
201800018818;1.0;7;0;0.0;2.0;3.0;15.0;A01
201800018818;2.0;33;0;0.0;2.0;3.0;1.0;B01
201800018819;0.0;33;0;0.0;2.0;8.0;1.0;B01
201800018819;0.0;7;0;0.0;2.0;1.0;1.0;A01
201800018820;1.0;7;0;0.0;2.0;7.0;1.0;B01
201800018820;0.0;2;0;0.0;2.0;1.0;1.0;A01
201800018821;1.0;1;0;0.0;2.0;2.0;10.0;B01
201800018821;2.0;7;0;0.0;2.0;1.0;1.0;A01
201800018822;2.0;7;0;0.0;2.0;1.0;1.0;B01
201800018822;1.0;33;0;0.0;2.0;1.0;15.0;A01
201800018823;2.0;7;0;0.0;2.0;1.0;1.0;B01
201800018823;1.0;7;0;0.0;2.0;2.0;6.0;A01
201800018824;1.0;7;0;0.0;2.0;1.0;1.0;B01
201800018824;2.0;7;0;0.0;2.0;3.0;13.0;A01
201800018825;2.0;33;0;0.0;2.0;1.0;1.0;B01
201800018825;1.0;7;0;0.0;2.0;1.0;15.0;A01
201800018826;0.0;36;0;0.0;0.0;0.0;2.0;A01
201800018827;2.0;7;0;0.0;1.0;3.0;1.0;A01
201800018828;2.0;7;0;0.0;9.0;3.0;17.0;A01
201800018828;1.0;1;0;0.0;2.0;1.0;1.0;B01
201800018829;2.0;31;0;0.0;0.0;0.0;1.0;A01
201800018830;1.0;7;0;0.0;1.0;2.0;1.0;A01
201800018831;1.0;7;0;2.0;0.0;1.0;1.0;A01
201800018832;0.0;7;0;0.0;2.0;2.0;0.0;B01
201800018832;0.0;2;0;0.0;2.0;2.0;0.0;A01
201800018833;0.0;7;0;0.0;1.0;6.0;4.0;A01
201800018834;1.0;7;0;0.0;2.0;2.0;1.0;A01
201800018834;1.0;3;0;0.0;2.0;4.0;1.0;B01
201800018835;0.0;7;0;0.0;1.0;4.0;0.0;A01
201800018836;2.0;7;0;6.0;0.0;3.0;0.0;A01
201800018837;2.0;7;0;0.0;2.0;2.0;1.0;B01
201800018837;2.0;7;0;0.0;0.0;4.0;13.0;A01
201800018838;1.0;7;0;0.0;1.0;2.0;1.0;A01
201800018839;2.0;7;0;2.0;0.0;3.0;0.0;A01
201800018840;2.0;7;0;0.0;0.0;8.0;15.0;A01
201800018840;2.0;33;0;0.0;0.0;1.0;17.0;B01
201800018841;2.0;7;0;0.0;0.0;5.0;15.0;A01
201800018841;1.0;33;0;0.0;2.0;1.0;1.0;B01
201800018842;2.0;7;0;0.0;2.0;3.0;1.0;B01
201800018842;1.0;33;0;0.0;2.0;1.0;13.0;A01
201800018843;2.0;7;0;13.0;0.0;3.0;16.0;A01
201800018844;1.0;1;0;0.0;2.0;1.0;15.0;B01
201800018844;2.0;7;0;0.0;9.0;3.0;1.0;A01
201800018845;0.0;2;0;0.0;2.0;1.0;1.0;B01
201800018845;0.0;2;0;0.0;2.0;1.0;1.0;A01
201800018846;0.0;7;0;1.0;1.0;1.0;1.0;A01
201800018847;2.0;7;0;0.0;9.0;2.0;1.0;A01
201800018847;2.0;1;0;0.0;2.0;4.0;1.0;B01
201800018848;2.0;33;0;0.0;2.0;3.0;1.0;A01
201800018848;1.0;17;0;0.0;2.0;3.0;1.0;B01
201800018849;2.0;14;0;13.0;0.0;6.0;1.0;B01
201800018849;2.0;7;0;0.0;2.0;1.0;1.0;A01
201800018850;0.0;33;0;0.0;2.0;1.0;9.0;A01
201800018850;0.0;7;0;0.0;2.0;7.0;1.0;B01
201800018851;2.0;1;0;0.0;2.0;4.0;2.0;B01
201800018851;2.0;17;0;0.0;2.0;2.0;2.0;A01
201800018852;0.0;1;0;0.0;0.0;3.0;2.0;B01
201800018852;0.0;99;0;0.0;2.0;2.0;2.0;A01
201800018853;1.0;7;0;9.0;2.0;7.0;13.0;A01
201800018853;2.0;7;0;0.0;2.0;1.0;1.0;B01
201800018854;2.0;7;0;0.0;1.0;2.0;1.0;A01
201800018855;1.0;7;0;6.0;0.0;2.0;1.0;A01
201800018856;1.0;7;0;8.0;0.0;1.0;17.0;A01
201800018857;1.0;1;0;0.0;2.0;4.0;2.0;B01
201800018857;1.0;7;0;0.0;2.0;2.0;2.0;A01
201800018858;2.0;7;0;0.0;0.0;6.0;1.0;B01
201800018858;1.0;7;0;0.0;2.0;3.0;13.0;A01
201800018859;0.0;1;0;0.0;2.0;8.0;2.0;B01
201800018859;0.0;7;0;0.0;2.0;7.0;17.0;A01
201800018860;2.0;7;0;0.0;2.0;1.0;5.0;A01
201800018860;1.0;15;0;0.0;2.0;3.0;1.0;B01
201800018861;2.0;10;0;0.0;2.0;1.0;1.0;B01
201800018861;1.0;7;0;0.0;2.0;7.0;1.0;A01
201800018862;2.0;2;0;1.0;0.0;1.0;2.0;A01
201800018863;1.0;7;0;13.0;0.0;2.0;1.0;A01
201800018864;1.0;33;0;13.0;0.0;8.0;1.0;A01
201800018865;1.0;7;0;16.0;0.0;6.0;1.0;A01
201800018866;1.0;7;0;15.0;0.0;2.0;13.0;A01
201800018867;1.0;7;0;0.0;2.0;2.0;15.0;A01
201800018867;2.0;2;0;0.0;2.0;1.0;1.0;B01
201800018868;1.0;7;0;13.0;0.0;1.0;1.0;A01
201800018869;2.0;7;0;0.0;2.0;5.0;15.0;A01
201800018869;1.0;2;0;0.0;2.0;2.0;1.0;B01
201800018870;0.0;7;0;8.0;0.0;2.0;1.0;A01
201800018871;2.0;7;0;2.0;0.0;7.0;1.0;A01
201800018872;2.0;7;0;8.0;0.0;2.0;14.0;A01
201800018873;0.0;2;0;0.0;0.0;8.0;1.0;A01
201800018874;2.0;2;0;0.0;0.0;3.0;16.0;A01
201800018875;0.0;7;0;2.0;0.0;2.0;14.0;A01
201800018876;2.0;2;0;12.0;0.0;1.0;14.0;A01
201800018877;2.0;7;0;0.0;2.0;3.0;21.0;B01
201800018877;1.0;10;0;0.0;2.0;3.0;13.0;A01
201800018878;1.0;7;0;2.0;0.0;1.0;2.0;A01
201800018879;0.0;7;0;2.0;0.0;3.0;1.0;A01
201800018880;2.0;7;0;0.0;2.0;1.0;15.0;A01
201800018880;1.0;7;0;3.0;2.0;1.0;1.0;B01
201800018881;2.0;7;0;0.0;0.0;3.0;1.0;A01
201800018882;1.0;33;0;0.0;0.0;8.0;1.0;A01
201800018883;2.0;7;0;13.0;0.0;2.0;1.0;A01
201800018884;1.0;7;0;0.0;2.0;3.0;1.0;A01
201800018884;2.0;7;0;13.0;2.0;1.0;1.0;C01
201800018884;2.0;7;0;0.0;2.0;3.0;1.0;B01
201800018885;2.0;7;0;0.0;2.0;1.0;21.0;A01
201800018885;2.0;7;0;0.0;2.0;1.0;21.0;C01
201800018885;2.0;7;0;14.0;0.0;1.0;21.0;B01
201800018885;2.0;7;0;0.0;2.0;4.0;21.0;D01
201800018886;1.0;7;0;2.0;0.0;7.0;14.0;A01
201800018887;1.0;33;0;3.0;2.0;1.0;1.0;B01
201800018887;2.0;7;0;0.0;2.0;7.0;15.0;A01
201800018888;0.0;7;0;0.0;1.0;3.0;1.0;A01
201800018889;1.0;7;0;2.0;0.0;1.0;13.0;A01
201800018890;1.0;7;0;13.0;0.0;1.0;13.0;A01
201800018891;1.0;7;0;0.0;2.0;1.0;11.0;B01
201800018891;1.0;33;0;3.0;0.0;6.0;1.0;A01
201800018892;1.0;33;0;0.0;2.0;2.0;17.0;B01
201800018892;1.0;7;0;0.0;2.0;3.0;15.0;A01
201800018893;0.0;2;0;0.0;0.0;0.0;0.0;A01
201800018894;0.0;1;0;0.0;6.0;0.0;1.0;A01
201800018895;0.0;7;0;15.0;0.0;3.0;1.0;A01
201800018896;2.0;7;0;13.0;0.0;0.0;0.0;A01
201800018897;2.0;7;0;2.0;0.0;1.0;1.0;A01
201800018898;2.0;7;0;13.0;0.0;2.0;14.0;A01
201800018899;1.0;17;0;3.0;0.0;3.0;0.0;A01
201800018900;0.0;7;0;0.0;1.0;1.0;1.0;A01
201800018901;0.0;31;0;0.0;0.0;4.0;2.0;B01
201800018901;0.0;7;0;0.0;2.0;1.0;2.0;A01
201800018902;0.0;99;0;6.0;0.0;1.0;1.0;A01
201800018903;0.0;7;0;8.0;0.0;3.0;1.0;A01
201800018904;2.0;10;0;16.0;0.0;2.0;1.0;A01
201800018905;1.0;7;0;0.0;2.0;3.0;13.0;B01
201800018905;2.0;7;0;0.0;2.0;3.0;1.0;A01
201800018906;1.0;2;0;0.0;2.0;4.0;2.0;B01
201800018906;1.0;7;0;3.0;2.0;2.0;2.0;A01
201800018907;1.0;7;0;15.0;0.0;1.0;14.0;A01
201800018908;2.0;2;0;0.0;6.0;1.0;19.0;A01
201800018909;1.0;31;0;0.0;2.0;1.0;1.0;B01
201800018909;2.0;7;0;0.0;2.0;2.0;15.0;A01
201800018910;2.0;2;0;12.0;0.0;2.0;1.0;A01
201800018911;1.0;7;0;3.0;0.0;0.0;0.0;A01
201800018912;0.0;7;0;13.0;0.0;1.0;21.0;A01
201800018913;1.0;7;0;2.0;0.0;9.0;14.0;A01
201800018914;1.0;7;0;0.0;2.0;4.0;15.0;B01
201800018914;1.0;7;0;0.0;2.0;1.0;1.0;A01
201800018914;2.0;7;0;0.0;2.0;1.0;1.0;C01
201800018915;2.0;7;0;0.0;2.0;1.0;1.0;B01
201800018915;1.0;7;0;0.0;2.0;1.0;13.0;A01
201800018916;1.0;33;0;0.0;9.0;1.0;17.0;B01
201800018916;1.0;1;0;0.0;0.0;6.0;15.0;A01
201800018917;1.0;31;0;0.0;2.0;1.0;1.0;B01
201800018917;2.0;7;0;0.0;2.0;6.0;19.0;A01
201800018918;0.0;30;0;8.0;0.0;1.0;1.0;A01
201800018919;1.0;7;0;0.0;2.0;2.0;15.0;A01
201800018919;2.0;7;0;0.0;2.0;1.0;1.0;B01
201800018920;2.0;2;0;6.0;0.0;0.0;16.0;A01
201800018921;2.0;2;0;0.0;0.0;0.0;1.0;A01
201800018922;1.0;7;0;0.0;2.0;3.0;13.0;B01
201800018922;2.0;33;0;0.0;2.0;3.0;13.0;A01
201800018923;1.0;3;0;0.0;2.0;1.0;1.0;B01
201800018923;1.0;7;0;0.0;0.0;4.0;15.0;A01
201800018924;1.0;7;0;0.0;2.0;8.0;1.0;C01
201800018924;2.0;7;0;0.0;0.0;6.0;23.0;B01
201800018924;2.0;33;0;14.0;2.0;1.0;1.0;A01
201800018925;2.0;7;0;6.0;0.0;2.0;1.0;A01
201800018926;0.0;7;0;0.0;0.0;0.0;1.0;A01
201800018927;1.0;1;0;0.0;2.0;5.0;1.0;B01
201800018927;1.0;7;0;0.0;2.0;3.0;9.0;A01
201800018928;2.0;7;0;0.0;2.0;1.0;1.0;B01
201800018928;1.0;7;0;0.0;2.0;1.0;13.0;A01
201800018929;2.0;7;0;0.0;1.0;8.0;1.0;A01
201800018930;2.0;17;0;0.0;2.0;3.0;1.0;B01
201800018930;1.0;7;0;0.0;9.0;1.0;5.0;A01
201800018931;1.0;7;0;0.0;2.0;1.0;1.0;B01
201800018931;2.0;2;0;0.0;2.0;1.0;1.0;A01
201800018932;2.0;21;0;13.0;0.0;1.0;16.0;A01
201800018933;0.0;7;0;0.0;0.0;4.0;0.0;A01
201800018933;0.0;7;0;1.0;0.0;1.0;0.0;B01
201800018934;2.0;7;0;13.0;0.0;1.0;1.0;A01
201800018935;2.0;7;0;13.0;0.0;1.0;1.0;A01
201800018936;1.0;33;0;0.0;0.0;0.0;1.0;A01
201800018937;2.0;7;0;3.0;0.0;1.0;2.0;A01
201800018938;2.0;7;0;0.0;2.0;7.0;19.0;B01
201800018938;2.0;33;0;0.0;2.0;1.0;1.0;A01
201800018939;0.0;7;0;0.0;1.0;2.0;1.0;A01
201800018940;0.0;7;0;0.0;2.0;3.0;1.0;A01
201800018940;0.0;2;0;0.0;2.0;1.0;1.0;B01
201800018941;2.0;31;0;0.0;0.0;0.0;1.0;A01
201800018942;2.0;1;0;0.0;0.0;0.0;0.0;A01
201800018943;0.0;3;0;15.0;0.0;3.0;1.0;A01
201800018944;2.0;7;0;2.0;0.0;5.0;1.0;A01
201800018945;1.0;7;0;0.0;2.0;3.0;1.0;B01
201800018945;2.0;7;0;0.0;2.0;3.0;15.0;A01
201800018946;1.0;7;0;0.0;0.0;9.0;0.0;A01
201800018947;2.0;7;0;0.0;0.0;0.0;1.0;A01
201800018948;1.0;7;0;0.0;1.0;3.0;1.0;A01
201800018949;1.0;7;0;0.0;1.0;2.0;1.0;A01
201800018950;1.0;2;0;11.0;0.0;1.0;1.0;A01
201800018951;2.0;7;0;0.0;1.0;2.0;2.0;A01
201800018952;2.0;21;0;0.0;2.0;6.0;1.0;A01
201800018952;2.0;32;0;0.0;2.0;7.0;17.0;B01
201800018953;2.0;7;0;0.0;2.0;1.0;15.0;A01
201800018953;1.0;7;0;0.0;2.0;7.0;1.0;B01
201800018954;2.0;38;62;0.0;1.0;7.0;4.0;A01
201800018955;1.0;21;0;15.0;0.0;1.0;1.0;A01
201800018956;2.0;33;0;0.0;1.0;8.0;1.0;A01
201800018957;2.0;33;0;0.0;2.0;1.0;13.0;A01
201800018957;1.0;7;0;0.0;2.0;3.0;21.0;B01
201800018958;1.0;33;0;0.0;2.0;1.0;1.0;B01
201800018958;1.0;7;0;0.0;0.0;8.0;9.0;A01
201800018959;1.0;10;0;2.0;0.0;3.0;0.0;A01
201800018960;1.0;10;0;0.0;9.0;1.0;9.0;A01
201800018960;2.0;1;0;0.0;2.0;7.0;1.0;B01
201800018961;1.0;2;0;0.0;0.0;0.0;1.0;A01
201800018962;2.0;7;0;2.0;0.0;3.0;1.0;A01
201800018963;1.0;7;0;2.0;0.0;1.0;1.0;A01
201800018964;1.0;7;0;13.0;0.0;1.0;19.0;A01
201800018965;1.0;7;0;0.0;2.0;3.0;1.0;B01
201800018965;2.0;7;0;0.0;2.0;1.0;5.0;A01
201800018966;2.0;7;0;6.0;0.0;1.0;1.0;A01
201800018967;1.0;7;0;7.0;0.0;1.0;1.0;A01
201800018968;2.0;31;0;0.0;2.0;1.0;1.0;B01
201800018968;1.0;7;0;0.0;2.0;7.0;20.0;A01
201800018969;1.0;7;0;2.0;0.0;2.0;1.0;A01
201800018970;1.0;7;0;13.0;0.0;7.0;1.0;A01
201800018971;0.0;10;0;0.0;0.0;9.0;1.0;A01
201800018972;2.0;33;0;0.0;2.0;1.0;1.0;B01
201800018972;0.0;7;0;0.0;2.0;8.0;19.0;A01
201800018973;1.0;7;0;0.0;0.0;9.0;1.0;A01
201800018974;1.0;7;0;0.0;2.0;1.0;1.0;A01
201800018974;0.0;7;0;0.0;2.0;3.0;19.0;B01
201800018975;2.0;32;0;13.0;0.0;1.0;0.0;A01
201800018976;2.0;7;0;0.0;2.0;2.0;15.0;B01
201800018976;1.0;33;0;0.0;2.0;1.0;1.0;A01
201800018977;2.0;33;0;0.0;2.0;1.0;17.0;A01
201800018977;2.0;33;0;0.0;9.0;1.0;1.0;B01
201800018977;1.0;7;0;0.0;2.0;3.0;1.0;C01
201800018978;0.0;7;0;8.0;0.0;3.0;2.0;A01
201800018979;1.0;7;0;0.0;0.0;6.0;1.0;A01
201800018979;1.0;7;0;0.0;2.0;1.0;2.0;B01
201800018980;1.0;7;0;0.0;1.0;3.0;1.0;A01
201800018981;0.0;7;0;2.0;0.0;2.0;1.0;A01
201800018982;2.0;7;0;0.0;1.0;1.0;1.0;A01
201800018983;0.0;7;0;15.0;1.0;3.0;13.0;A01
201800018984;1.0;7;0;0.0;2.0;2.0;1.0;B01
201800018984;0.0;1;0;0.0;2.0;8.0;19.0;A01
201800018985;0.0;2;0;0.0;2.0;1.0;17.0;A01
201800018985;0.0;7;0;0.0;0.0;3.0;15.0;B01
201800018986;1.0;7;0;15.0;0.0;1.0;1.0;A01
201800018987;2.0;7;0;6.0;0.0;1.0;1.0;A01
201800018988;2.0;7;0;0.0;1.0;2.0;15.0;A01
201800018989;2.0;7;0;0.0;2.0;1.0;1.0;B01
201800018989;1.0;7;0;0.0;2.0;1.0;5.0;A01
201800018990;2.0;10;0;13.0;0.0;3.0;0.0;A01
201800018991;2.0;7;0;0.0;2.0;1.0;1.0;B01
201800018991;1.0;7;0;0.0;2.0;1.0;13.0;A01
201800018992;1.0;7;0;0.0;0.0;0.0;1.0;A01
201800018993;1.0;7;0;8.0;0.0;3.0;14.0;A01
201800018994;0.0;7;0;0.0;2.0;3.0;1.0;B01
201800018994;0.0;3;0;0.0;2.0;1.0;15.0;A01
201800018995;2.0;7;0;0.0;1.0;1.0;1.0;A01
201800018996;2.0;17;0;0.0;2.0;4.0;4.0;A01
201800018996;2.0;2;0;0.0;2.0;1.0;23.0;B01
201800018997;1.0;2;0;0.0;2.0;1.0;1.0;A01
201800018997;1.0;7;0;0.0;2.0;8.0;0.0;B01
201800018998;1.0;7;0;0.0;2.0;3.0;1.0;A01
201800018998;2.0;7;0;0.0;2.0;3.0;1.0;B01
201800018999;1.0;7;0;6.0;2.0;8.0;15.0;B01
201800018999;2.0;15;0;6.0;2.0;3.0;1.0;A01
201800019000;1.0;7;0;0.0;2.0;1.0;1.0;B01
201800019000;2.0;7;0;0.0;2.0;3.0;13.0;A01
201800019001;0.0;7;0;0.0;2.0;1.0;19.0;B01
201800019001;1.0;7;0;0.0;2.0;1.0;1.0;A01
201800019002;2.0;2;0;0.0;0.0;4.0;16.0;B01
201800019002;2.0;7;0;0.0;2.0;1.0;1.0;A01
201800019003;1.0;1;0;0.0;2.0;4.0;1.0;B01
201800019003;1.0;7;0;0.0;2.0;2.0;9.0;A01
201800019004;2.0;1;0;0.0;2.0;1.0;1.0;B01
201800019004;1.0;7;0;0.0;9.0;1.0;15.0;A01
201800019005;1.0;7;0;0.0;2.0;3.0;13.0;A01
201800019005;2.0;7;0;0.0;2.0;2.0;1.0;B01
201800019006;2.0;7;0;0.0;2.0;2.0;1.0;B01
201800019006;1.0;33;0;0.0;2.0;2.0;15.0;A01
201800019007;2.0;7;0;0.0;2.0;1.0;15.0;A01
201800019007;1.0;7;0;6.0;1.0;3.0;1.0;B01
201800019008;2.0;7;0;6.0;0.0;4.0;1.0;A01
201800019009;2.0;10;0;0.0;2.0;1.0;1.0;B01
201800019009;1.0;10;0;0.0;2.0;8.0;19.0;A01
201800019010;2.0;7;0;0.0;2.0;1.0;1.0;A01
201800019010;2.0;7;0;0.0;0.0;4.0;1.0;B01
201800019011;1.0;7;0;13.0;0.0;1.0;1.0;A01
201800019012;1.0;7;0;0.0;2.0;4.0;23.0;B01
201800019012;1.0;33;0;1.0;0.0;1.0;1.0;A01
201800019013;0.0;7;0;2.0;0.0;1.0;14.0;A01
201800019014;2.0;15;0;0.0;2.0;4.0;23.0;C01
201800019014;2.0;15;0;0.0;2.0;1.0;1.0;A01
201800019014;2.0;7;0;0.0;2.0;4.0;23.0;B01
201800019015;0.0;34;0;0.0;2.0;2.0;17.0;A01
201800019015;0.0;10;0;0.0;2.0;3.0;1.0;B01
201800019016;1.0;7;0;0.0;2.0;0.0;9.0;Z01
201800019016;2.0;34;0;0.0;2.0;7.0;1.0;A01
201800019017;2.0;2;0;0.0;2.0;3.0;0.0;B01
201800019017;1.0;7;0;0.0;2.0;8.0;17.0;A01
201800019018;2.0;7;0;0.0;2.0;2.0;1.0;A01
201800019018;1.0;7;0;0.0;2.0;3.0;1.0;B01
201800019019;1.0;2;0;0.0;2.0;1.0;13.0;A01
201800019019;2.0;7;0;0.0;2.0;3.0;1.0;B01
201800019020;1.0;7;0;13.0;0.0;2.0;14.0;A01
201800019021;0.0;10;0;0.0;2.0;8.0;1.0;B01
201800019021;0.0;33;0;0.0;2.0;6.0;13.0;A01
201800019022;1.0;31;0;0.0;6.0;1.0;0.0;A01
201800019023;2.0;7;0;13.0;0.0;0.0;1.0;A01
201800019024;0.0;21;0;0.0;2.0;6.0;13.0;A01
201800019024;0.0;31;0;0.0;2.0;8.0;1.0;B01
201800019025;2.0;7;0;1.0;0.0;1.0;15.0;A01
201800019026;2.0;7;0;13.0;0.0;2.0;1.0;A01
201800019027;0.0;7;0;2.0;0.0;1.0;1.0;A01
201800019028;1.0;7;0;0.0;2.0;1.0;1.0;B01
201800019028;2.0;7;0;0.0;2.0;1.0;13.0;A01
201800019029;0.0;7;0;6.0;0.0;3.0;15.0;A01
201800019030;1.0;7;0;0.0;2.0;3.0;15.0;B01
201800019030;1.0;33;0;13.0;2.0;1.0;17.0;A01
201800019031;0.0;1;0;0.0;2.0;6.0;16.0;B01
201800019031;0.0;7;0;0.0;9.0;2.0;16.0;A01
201800019032;1.0;33;0;0.0;2.0;1.0;1.0;B01
201800019032;2.0;7;0;3.0;2.0;3.0;15.0;A01
201800019033;2.0;7;0;0.0;2.0;1.0;1.0;B01
201800019033;1.0;10;0;0.0;2.0;1.0;5.0;A01
201800019034;2.0;30;0;0.0;2.0;1.0;1.0;B01
201800019034;1.0;7;0;0.0;2.0;2.0;15.0;A01
201800019035;0.0;2;0;8.0;0.0;8.0;1.0;A01
201800019036;0.0;7;0;8.0;2.0;7.0;1.0;B01
201800019036;0.0;3;0;0.0;2.0;1.0;14.0;A01
201800019037;2.0;7;0;2.0;0.0;1.0;1.0;A01
201800019038;2.0;2;0;6.0;0.0;0.0;1.0;A01
201800019039;1.0;7;0;0.0;2.0;4.0;1.0;A01
201800019039;0.0;7;0;0.0;2.0;2.0;24.0;C01
201800019039;2.0;7;0;0.0;2.0;1.0;1.0;B01
201800019040;0.0;7;0;6.0;2.0;1.0;24.0;B01
201800019040;0.0;7;0;1.0;1.0;1.0;20.0;A01