Num_Acc;senc;catv;occutc;obs;obsm;choc;manv;num_veh
201800019813;1.0;7;0;0.0;1.0;1.0;16.0;A01
201800019814;2.0;7;0;0.0;2.0;3.0;9.0;A01
201800019814;2.0;7;0;0.0;2.0;2.0;2.0;B01
201800019815;1.0;7;0;0.0;1.0;1.0;1.0;A01
201800019816;1.0;1;0;0.0;1.0;5.0;0.0;A01
201800019817;1.0;7;0;8.0;2.0;8.0;1.0;B01
201800019817;1.0;7;0;0.0;2.0;1.0;1.0;A01
201800019818;1.0;1;0;0.0;2.0;3.0;1.0;B01
201800019818;2.0;7;0;0.0;2.0;1.0;15.0;A01
201800019819;2.0;7;0;0.0;2.0;1.0;2.0;A01
201800019819;2.0;7;0;0.0;2.0;4.0;2.0;B01
201800019820;1.0;7;0;0.0;1.0;1.0;1.0;A01
201800019821;1.0;7;0;0.0;2.0;3.0;9.0;A01
201800019821;1.0;2;0;0.0;2.0;2.0;2.0;B01
201800019822;0.0;10;0;0.0;1.0;1.0;2.0;A01
201800019823;1.0;1;0;0.0;2.0;0.0;0.0;B01
201800019823;1.0;7;0;0.0;2.0;7.0;9.0;A01
201800019824;1.0;7;0;0.0;2.0;4.0;1.0;A01
201800019824;1.0;10;0;0.0;2.0;1.0;2.0;B01
201800019825;2.0;7;0;3.0;0.0;2.0;14.0;A01
201800019826;2.0;30;0;12.0;0.0;5.0;0.0;A01
201800019826;0.0;7;0;12.0;0.0;0.0;0.0;B01
201800019827;1.0;7;0;0.0;2.0;1.0;2.0;A01
201800019827;1.0;7;0;0.0;2.0;4.0;2.0;B01
201800019827;1.0;7;0;0.0;2.0;4.0;2.0;C01
201800019828;1.0;7;0;0.0;1.0;1.0;15.0;A01
201800019829;1.0;30;0;0.0;2.0;1.0;1.0;A01
201800019829;1.0;10;0;0.0;2.0;6.0;16.0;B01
201800019830;1.0;7;0;0.0;1.0;1.0;1.0;A01
201800019831;1.0;7;0;0.0;1.0;2.0;1.0;A01
201800019832;1.0;7;0;0.0;1.0;2.0;1.0;A01
201800019833;1.0;7;0;0.0;2.0;1.0;2.0;A01
201800019833;1.0;7;0;0.0;2.0;4.0;2.0;B01
201800019834;1.0;2;0;0.0;2.0;8.0;2.0;A01
201800019834;1.0;2;0;0.0;2.0;7.0;2.0;B01
201800019835;1.0;7;0;1.0;0.0;9.0;1.0;A01
201800019836;1.0;7;0;0.0;2.0;1.0;2.0;A01
201800019836;1.0;7;0;0.0;2.0;4.0;2.0;B01
201800019836;1.0;7;0;0.0;2.0;4.0;1.0;C01
201800019837;1.0;7;0;0.0;2.0;1.0;2.0;A01
201800019837;1.0;7;0;0.0;1.0;1.0;2.0;B01
201800019838;1.0;7;0;0.0;1.0;0.0;1.0;Z01
201800019839;1.0;7;0;0.0;2.0;7.0;13.0;A01
201800019839;2.0;10;0;0.0;2.0;1.0;1.0;B01
201800019840;1.0;7;0;0.0;1.0;1.0;1.0;A01
201800019841;1.0;7;0;0.0;2.0;1.0;13.0;A01
201800019841;1.0;7;0;0.0;2.0;1.0;1.0;B01
201800019842;1.0;7;0;0.0;1.0;4.0;20.0;A01
201800019843;1.0;7;0;0.0;2.0;2.0;13.0;A01
201800019843;2.0;7;0;0.0;2.0;7.0;1.0;B01
201800019844;1.0;7;0;0.0;2.0;8.0;11.0;A01
201800019844;1.0;2;0;0.0;2.0;2.0;1.0;B01
201800019845;2.0;7;0;0.0;1.0;2.0;1.0;A01
201800019846;1.0;7;0;0.0;2.0;3.0;13.0;A01
201800019846;2.0;10;0;0.0;2.0;3.0;1.0;B01
201800019847;1.0;33;0;0.0;2.0;5.0;17.0;A01
201800019847;2.0;7;0;0.0;2.0;2.0;15.0;B01
201800019848;2.0;7;0;0.0;2.0;2.0;15.0;A01
201800019848;1.0;33;0;0.0;2.0;1.0;1.0;B01
201800019849;2.0;7;0;8.0;0.0;7.0;21.0;A01
201800019850;1.0;7;0;0.0;2.0;1.0;1.0;A01
201800019850;1.0;33;0;0.0;2.0;8.0;0.0;B01
201800019851;2.0;2;0;0.0;2.0;7.0;15.0;B01
201800019851;2.0;7;0;0.0;2.0;1.0;16.0;A01
201800019852;2.0;7;0;0.0;1.0;1.0;1.0;A01
201800019853;2.0;30;0;0.0;2.0;1.0;2.0;A01
201800019853;2.0;7;0;0.0;2.0;4.0;2.0;B01
201800019854;1.0;7;0;1.0;0.0;2.0;1.0;A01
201800019855;1.0;33;0;15.0;0.0;1.0;14.0;A01
201800019856;1.0;7;0;2.0;0.0;1.0;13.0;A01
201800019857;1.0;7;0;0.0;2.0;1.0;0.0;A01
201800019857;1.0;33;0;0.0;2.0;3.0;0.0;B01
201800019858;1.0;1;0;0.0;2.0;1.0;1.0;B01
201800019858;1.0;7;0;0.0;2.0;0.0;0.0;A01
201800019859;2.0;7;0;0.0;2.0;1.0;0.0;A01
201800019859;2.0;1;0;0.0;2.0;8.0;19.0;B01
201800019860;1.0;7;0;0.0;1.0;2.0;2.0;A01
201800019861;1.0;7;0;0.0;2.0;3.0;15.0;A01
201800019861;2.0;1;0;0.0;2.0;1.0;0.0;B01
201800019862;1.0;7;0;0.0;2.0;2.0;2.0;A01
201800019862;1.0;7;0;0.0;2.0;3.0;2.0;B01
201800019862;2.0;7;0;0.0;2.0;6.0;1.0;C01
201800019863;2.0;10;0;0.0;1.0;0.0;0.0;A01
201800019864;2.0;2;0;0.0;2.0;1.0;18.0;A01
201800019864;1.0;7;0;0.0;2.0;2.0;15.0;B01
201800019865;2.0;7;0;0.0;2.0;3.0;1.0;A01
201800019865;1.0;31;0;0.0;2.0;3.0;13.0;B01
201800019866;1.0;33;0;0.0;2.0;1.0;2.0;A01
201800019866;2.0;7;0;0.0;2.0;6.0;2.0;B01
201800019867;2.0;7;0;0.0;2.0;7.0;15.0;A01
201800019867;1.0;33;0;0.0;2.0;9.0;1.0;B01
201800019868;1.0;30;0;0.0;0.0;8.0;11.0;A01
201800019869;1.0;7;0;0.0;1.0;1.0;15.0;A01
201800019870;1.0;7;0;0.0;2.0;1.0;15.0;A01
201800019870;2.0;2;0;0.0;2.0;8.0;1.0;B01
201800019871;1.0;32;0;0.0;2.0;1.0;2.0;A01
201800019871;1.0;7;0;0.0;2.0;4.0;2.0;B01
201800019872;2.0;2;0;1.0;6.0;1.0;0.0;A01
201800019873;2.0;7;0;0.0;1.0;3.0;0.0;A01
201800019874;1.0;2;0;0.0;2.0;1.0;1.0;B01
201800019874;2.0;7;0;0.0;2.0;3.0;19.0;A01
201800019875;2.0;10;0;0.0;2.0;1.0;15.0;A01
201800019875;2.0;2;0;0.0;2.0;1.0;3.0;B01
201800019876;1.0;30;0;0.0;2.0;1.0;17.0;A01
201800019876;1.0;7;0;0.0;2.0;3.0;15.0;B01
201800019877;1.0;7;0;0.0;0.0;9.0;14.0;A01
201800019878;1.0;7;0;0.0;1.0;2.0;1.0;A01
201800019879;2.0;7;0;1.0;0.0;2.0;14.0;A01
201800019880;2.0;7;0;0.0;1.0;1.0;0.0;A01
201800019881;1.0;7;0;0.0;1.0;1.0;0.0;A01
201800019882;2.0;7;0;0.0;1.0;2.0;16.0;A01
201800019883;2.0;7;0;0.0;0.0;2.0;1.0;A01
201800019884;1.0;10;0;4.0;0.0;3.0;1.0;A01
201800019885;1.0;7;0;3.0;0.0;3.0;1.0;A01
201800019886;1.0;7;0;13.0;0.0;9.0;1.0;A01
201800019887;1.0;7;0;3.0;0.0;9.0;14.0;A01
201800019888;1.0;7;0;4.0;0.0;2.0;1.0;A01
201800019889;1.0;21;0;0.0;0.0;6.0;13.0;A01
201800019889;1.0;17;0;0.0;2.0;5.0;17.0;B01
201800019890;1.0;15;0;0.0;2.0;1.0;17.0;A01
201800019890;1.0;7;0;0.0;0.0;4.0;15.0;B01
201800019891;1.0;7;0;0.0;2.0;1.0;2.0;A01
201800019891;1.0;13;0;0.0;0.0;0.0;2.0;B01
201800019892;1.0;7;0;4.0;0.0;3.0;1.0;A01
201800019893;0.0;10;0;0.0;1.0;3.0;1.0;B01
201800019894;2.0;7;0;0.0;2.0;3.0;1.0;A01
201800019894;1.0;7;0;0.0;2.0;3.0;13.0;B01
201800019895;2.0;7;0;2.0;6.0;9.0;1.0;A01
201800019896;1.0;15;0;0.0;0.0;8.0;1.0;A01
201800019897;1.0;33;0;8.0;2.0;3.0;2.0;A01
201800019897;1.0;33;0;8.0;2.0;3.0;2.0;B01
201800019898;1.0;7;0;13.0;0.0;1.0;14.0;A01
201800019899;2.0;7;0;6.0;0.0;1.0;1.0;A01
201800019900;2.0;7;0;2.0;0.0;2.0;14.0;A01
201800019901;1.0;7;0;0.0;2.0;3.0;13.0;A01
201800019901;1.0;7;0;0.0;2.0;3.0;1.0;B01
201800019902;2.0;7;0;16.0;0.0;9.0;13.0;A01
201800019903;1.0;17;0;0.0;2.0;4.0;1.0;A01
201800019903;1.0;10;0;0.0;2.0;1.0;1.0;B01
201800019904;1.0;7;0;4.0;0.0;3.0;1.0;A01
201800019905;2.0;7;0;4.0;0.0;3.0;21.0;A01
201800019906;2.0;7;0;4.0;0.0;1.0;17.0;A01
201800019907;1.0;7;0;4.0;0.0;3.0;13.0;A01
201800019908;2.0;7;0;0.0;2.0;8.0;23.0;A01
201800019908;2.0;17;0;1.0;0.0;2.0;14.0;B01
201800019909;1.0;7;0;3.0;0.0;1.0;1.0;A01
201800019910;1.0;7;0;0.0;1.0;1.0;1.0;A01
201800019911;1.0;10;0;1.0;0.0;0.0;4.0;A01
201800019911;1.0;33;0;0.0;0.0;1.0;1.0;B01
201800019912;1.0;7;0;0.0;2.0;1.0;1.0;A01
201800019912;2.0;13;0;0.0;2.0;1.0;5.0;B01
201800019913;2.0;7;0;0.0;2.0;8.0;3.0;A01
201800019913;2.0;33;0;0.0;2.0;7.0;1.0;B01
201800019914;2.0;7;0;0.0;2.0;1.0;2.0;A01
201800019914;2.0;7;0;0.0;2.0;4.0;2.0;B01
201800019914;2.0;7;0;0.0;2.0;4.0;2.0;C01
201800019915;1.0;7;0;0.0;1.0;2.0;1.0;A01
201800019916;2.0;7;0;0.0;2.0;1.0;13.0;A01
201800019916;1.0;7;0;0.0;2.0;1.0;1.0;B01
201800019917;1.0;7;0;0.0;1.0;1.0;0.0;A01
201800019918;2.0;7;0;0.0;2.0;7.0;14.0;A01
201800019918;1.0;7;0;0.0;2.0;1.0;1.0;B01
201800019918;1.0;7;0;0.0;2.0;1.0;1.0;C01
201800019919;1.0;7;0;0.0;2.0;2.0;13.0;A01
201800019919;2.0;7;0;0.0;2.0;1.0;1.0;B01
201800019920;1.0;7;0;0.0;1.0;1.0;1.0;A01
201800019921;2.0;7;0;0.0;2.0;1.0;0.0;A01
201800019921;1.0;7;0;0.0;2.0;1.0;13.0;B01
201800019922;2.0;7;0;0.0;2.0;1.0;1.0;A01
201800019922;2.0;7;0;0.0;2.0;4.0;1.0;B01
201800019923;2.0;7;0;0.0;2.0;2.0;1.0;A01
201800019923;2.0;7;0;0.0;2.0;3.0;1.0;B01
201800019924;2.0;7;0;4.0;0.0;3.0;1.0;A01
201800019925;1.0;10;0;0.0;2.0;1.0;2.0;A01
201800019925;1.0;15;0;0.0;0.0;4.0;1.0;B01
201800019926;2.0;10;0;4.0;2.0;1.0;2.0;A01
201800019926;2.0;10;0;0.0;2.0;9.0;2.0;B01
201800019926;2.0;13;0;0.0;0.0;4.0;2.0;C01
201800019927;2.0;17;0;0.0;0.0;6.0;1.0;B01
201800019927;2.0;10;0;0.0;2.0;2.0;17.0;A01
201800019928;2.0;7;0;3.0;0.0;1.0;1.0;A01
201800019929;2.0;7;0;0.0;2.0;7.0;0.0;A01
201800019929;2.0;7;0;0.0;0.0;8.0;1.0;B01
201800019930;1.0;10;0;0.0;2.0;2.0;0.0;A01
201800019930;1.0;15;0;0.0;2.0;6.0;1.0;B01
201800019931;2.0;10;0;3.0;0.0;1.0;0.0;A01
201800019932;2.0;7;0;4.0;2.0;2.0;21.0;A01
201800019932;2.0;15;0;0.0;2.0;5.0;17.0;B01
201800019933;1.0;7;0;0.0;2.0;1.0;2.0;A01
201800019933;1.0;7;0;0.0;0.0;4.0;2.0;B01
201800019934;1.0;10;0;0.0;1.0;3.0;1.0;A01
201800019935;1.0;7;0;0.0;2.0;5.0;15.0;A01
201800019935;1.0;7;0;0.0;2.0;1.0;1.0;B01
201800019936;2.0;7;0;0.0;2.0;6.0;10.0;A01
201800019936;2.0;33;0;0.0;2.0;1.0;1.0;B01
201800019937;0.0;7;0;16.0;0.0;9.0;1.0;A01
201800019938;0.0;7;0;0.0;2.0;3.0;13.0;A01
201800019938;0.0;7;0;0.0;2.0;9.0;1.0;B01
201800019939;0.0;7;0;8.0;2.0;7.0;17.0;A01
201800019939;0.0;13;0;0.0;2.0;3.0;1.0;B01
201800019939;0.0;7;0;0.0;2.0;0.0;16.0;C01
201800019940;0.0;7;0;6.0;0.0;1.0;1.0;A01
201800019941;2.0;31;0;11.0;2.0;1.0;1.0;B01
201800019941;0.0;7;0;0.0;2.0;3.0;23.0;A01
201800019942;0.0;7;0;0.0;0.0;0.0;0.0;A01
201800019942;0.0;7;0;0.0;2.0;3.0;2.0;B01
201800019942;0.0;7;0;0.0;2.0;3.0;2.0;C01
201800019942;0.0;7;0;0.0;2.0;8.0;2.0;D01
201800019943;2.0;7;0;0.0;2.0;8.0;3.0;A01
201800019943;1.0;33;0;0.0;2.0;8.0;17.0;B01
201800019944;0.0;7;0;0.0;2.0;1.0;13.0;A01
201800019944;0.0;7;0;0.0;2.0;1.0;1.0;B01
201800019945;0.0;31;0;0.0;2.0;1.0;17.0;A01
201800019945;0.0;7;0;0.0;2.0;8.0;10.0;B01
201800019946;1.0;7;0;0.0;2.0;3.0;1.0;A01
201800019946;2.0;2;0;0.0;2.0;1.0;1.0;B01
201800019947;2.0;33;0;0.0;2.0;1.0;17.0;A01
201800019947;1.0;33;0;0.0;2.0;1.0;1.0;B01
201800019948;2.0;33;0;2.0;0.0;1.0;1.0;A01
201800019949;1.0;7;0;0.0;2.0;1.0;15.0;A01
201800019949;0.0;30;0;0.0;2.0;8.0;1.0;B01
201800019950;1.0;1;0;0.0;0.0;8.0;1.0;B01
201800019950;2.0;10;0;0.0;2.0;3.0;17.0;A01
201800019951;2.0;7;0;0.0;1.0;8.0;1.0;A01
201800019952;2.0;1;0;0.0;0.0;8.0;0.0;B01
201800019952;2.0;7;0;0.0;9.0;7.0;12.0;A01
201800019953;2.0;7;0;0.0;2.0;1.0;1.0;B01
201800019953;2.0;7;0;0.0;0.0;4.0;1.0;A01
201800019954;2.0;7;0;13.0;0.0;7.0;1.0;A01
201800019955;1.0;7;0;1.0;0.0;9.0;1.0;A01
201800019956;1.0;7;0;0.0;2.0;5.0;17.0;A01
201800019956;2.0;33;0;0.0;2.0;1.0;1.0;B01
201800019957;0.0;7;0;0.0;2.0;1.0;15.0;B01
201800019957;0.0;7;0;0.0;2.0;3.0;1.0;A01
201800019958;1.0;7;0;0.0;2.0;7.0;16.0;B01
201800019958;1.0;33;0;13.0;2.0;3.0;1.0;A01
201800019959;1.0;10;0;2.0;0.0;1.0;1.0;A01
201800019960;2.0;33;0;2.0;0.0;1.0;2.0;A01
201800019961;2.0;7;0;6.0;0.0;1.0;1.0;A01
201800019962;0.0;7;0;0.0;2.0;5.0;19.0;A01
201800019962;2.0;33;0;0.0;2.0;1.0;1.0;B01
201800019963;2.0;7;0;0.0;2.0;1.0;13.0;A01
201800019963;1.0;7;0;0.0;2.0;1.0;1.0;B01
201800019964;1.0;7;0;10.0;0.0;9.0;2.0;A01
201800019965;2.0;7;0;0.0;9.0;1.0;1.0;B01
201800019965;2.0;1;0;0.0;0.0;4.0;1.0;A01
201800019966;2.0;7;0;0.0;2.0;1.0;1.0;B01
201800019966;1.0;7;0;0.0;2.0;8.0;19.0;A01
201800019967;2.0;33;0;0.0;2.0;2.0;1.0;B01
201800019967;0.0;7;0;0.0;2.0;2.0;15.0;A01
201800019968;2.0;15;0;0.0;2.0;3.0;1.0;B01
201800019968;1.0;7;0;0.0;2.0;3.0;1.0;A01
201800019969;1.0;15;0;0.0;2.0;1.0;1.0;B01
201800019969;2.0;7;0;0.0;2.0;1.0;13.0;A01
201800019970;1.0;7;0;0.0;2.0;1.0;1.0;B01
201800019970;1.0;7;0;0.0;2.0;2.0;2.0;C01
201800019970;2.0;7;0;0.0;2.0;1.0;13.0;A01
201800019971;1.0;7;0;0.0;9.0;2.0;10.0;A01
201800019971;2.0;31;0;0.0;2.0;1.0;1.0;B01
201800019972;1.0;33;0;0.0;2.0;1.0;0.0;B01
201800019972;0.0;7;0;0.0;0.0;8.0;19.0;A01
201800019973;1.0;7;0;0.0;1.0;1.0;15.0;A01
201800019974;0.0;21;0;13.0;0.0;7.0;15.0;A01
201800019975;0.0;2;0;0.0;0.0;0.0;1.0;A01
201800019976;1.0;7;0;0.0;2.0;1.0;1.0;B01
201800019976;2.0;7;0;0.0;2.0;1.0;13.0;A01
201800019977;1.0;33;0;0.0;2.0;6.0;1.0;A01
201800019977;1.0;7;0;0.0;0.0;6.0;1.0;B01
201800019977;1.0;7;0;0.0;2.0;3.0;1.0;C01
201800019978;0.0;7;0;0.0;2.0;3.0;1.0;A01
201800019978;0.0;21;0;0.0;2.0;3.0;1.0;B01
201800019979;1.0;7;0;0.0;2.0;2.0;15.0;A01
201800019979;2.0;2;0;0.0;2.0;1.0;1.0;B01
201800019980;0.0;7;0;0.0;1.0;2.0;1.0;A01
201800019981;2.0;7;0;0.0;2.0;2.0;13.0;A01
201800019981;1.0;10;0;0.0;2.0;3.0;1.0;B01
201800019982;2.0;7;0;2.0;0.0;2.0;1.0;A01
201800019983;2.0;33;0;0.0;2.0;7.0;13.0;A01
201800019983;1.0;7;0;0.0;2.0;2.0;1.0;B01
201800019984;1.0;7;0;0.0;2.0;1.0;21.0;A01
201800019984;2.0;7;0;0.0;2.0;3.0;1.0;B01
201800019985;2.0;1;0;0.0;2.0;1.0;1.0;B01
201800019985;1.0;7;0;0.0;9.0;3.0;15.0;A01
201800019986;1.0;7;0;0.0;2.0;8.0;13.0;A01
201800019986;2.0;7;0;0.0;2.0;3.0;1.0;B01
201800019987;0.0;7;0;0.0;0.0;3.0;1.0;B01
201800019987;0.0;7;0;0.0;0.0;3.0;1.0;A01
201800019988;1.0;7;0;2.0;0.0;1.0;13.0;A01
201800019989;1.0;7;0;0.0;2.0;2.0;15.0;A01
201800019989;2.0;7;0;0.0;2.0;3.0;14.0;B01
201800019990;1.0;3;0;0.0;2.0;6.0;15.0;A01
201800019990;1.0;36;0;0.0;2.0;2.0;17.0;B01
201800019991;0.0;7;0;0.0;1.0;0.0;1.0;A01
201800019992;1.0;7;0;0.0;2.0;1.0;13.0;A01
201800019992;2.0;7;0;0.0;2.0;1.0;1.0;B01
201800019993;2.0;7;0;0.0;2.0;1.0;2.0;A01
201800019993;2.0;1;0;0.0;0.0;4.0;2.0;B01
201800019994;1.0;7;0;13.0;0.0;1.0;1.0;A01
201800019995;1.0;30;0;0.0;2.0;1.0;17.0;B01
201800019995;1.0;7;0;0.0;2.0;8.0;15.0;A01
201800019996;0.0;7;0;0.0;2.0;3.0;19.0;A01
201800019996;0.0;7;0;0.0;2.0;1.0;1.0;B01
201800019997;1.0;7;0;2.0;0.0;7.0;0.0;A01
201800019998;1.0;7;0;0.0;0.0;8.0;19.0;A01
201800019998;1.0;7;0;0.0;2.0;1.0;1.0;B01
201800019999;1.0;10;0;0.0;0.0;0.0;1.0;A01
201800019999;2.0;7;0;0.0;9.0;1.0;1.0;B01
201800020000;1.0;7;0;0.0;0.0;9.0;0.0;A01
201800020001;2.0;7;0;0.0;2.0;7.0;13.0;A01
201800020001;1.0;7;0;0.0;2.0;1.0;1.0;B01
201800020002;0.0;7;0;0.0;0.0;2.0;1.0;A01
201800020002;0.0;7;0;0.0;0.0;3.0;1.0;B01
201800020003;2.0;7;0;2.0;0.0;8.0;1.0;A01
201800020004;1.0;7;0;0.0;0.0;1.0;13.0;A01
201800020004;2.0;7;0;0.0;0.0;8.0;21.0;B01
201800020004;0.0;7;0;0.0;0.0;1.0;0.0;C01
201800020005;2.0;33;0;16.0;0.0;1.0;1.0;A01
201800020006;1.0;10;0;0.0;1.0;3.0;1.0;A01
201800020007;0.0;7;0;0.0;0.0;3.0;19.0;A01
201800020007;2.0;33;0;0.0;2.0;1.0;17.0;B01
201800020008;1.0;2;0;1.0;0.0;2.0;2.0;A01
201800020009;1.0;7;0;0.0;2.0;2.0;2.0;A01
201800020009;1.0;1;0;0.0;0.0;4.0;1.0;B01
201800020010;2.0;2;0;6.0;0.0;7.0;14.0;A01
201800020011;2.0;7;0;13.0;0.0;9.0;1.0;A01
201800020012;1.0;10;0;0.0;2.0;3.0;1.0;A01
201800020012;2.0;21;0;0.0;2.0;1.0;15.0;B01
201800020013;1.0;1;0;0.0;2.0;1.0;1.0;A01
201800020013;2.0;7;0;0.0;2.0;2.0;1.0;B01
201800020014;2.0;36;0;6.0;0.0;2.0;10.0;A01
201800020015;0.0;7;0;0.0;2.0;8.0;9.0;B01
201800020015;0.0;7;0;0.0;2.0;1.0;9.0;A01
201800020016;1.0;7;0;0.0;2.0;1.0;1.0;B01
201800020016;2.0;7;0;0.0;2.0;2.0;1.0;A01
201800020017;1.0;7;0;0.0;2.0;8.0;1.0;A01
201800020017;2.0;17;0;0.0;2.0;1.0;1.0;B01
201800020018;1.0;7;0;0.0;2.0;2.0;1.0;A01
201800020018;2.0;7;0;0.0;2.0;2.0;15.0;B01
201800020019;2.0;7;0;2.0;0.0;1.0;1.0;A01
201800020020;0.0;33;0;0.0;2.0;2.0;17.0;A01
201800020020;1.0;7;0;0.0;2.0;8.0;15.0;B01
201800020021;1.0;7;0;0.0;2.0;1.0;1.0;A01
201800020021;2.0;7;0;0.0;0.0;1.0;1.0;B01
201800020022;1.0;17;0;0.0;2.0;8.0;17.0;A01
201800020022;1.0;33;0;0.0;2.0;0.0;17.0;C01
201800020023;1.0;7;0;0.0;2.0;1.0;3.0;A01
201800020023;1.0;7;0;0.0;2.0;1.0;1.0;B01
201800020024;1.0;7;0;0.0;2.0;1.0;13.0;A01
201800020024;2.0;7;0;0.0;2.0;1.0;1.0;B01
201800020025;1.0;7;0;0.0;2.0;7.0;15.0;A01
201800020025;2.0;7;0;0.0;2.0;2.0;1.0;B01
201800020026;1.0;7;0;0.0;2.0;1.0;2.0;A01
201800020026;1.0;7;0;0.0;0.0;4.0;2.0;B01
201800020027;1.0;7;0;6.0;0.0;1.0;13.0;A01
201800020028;0.0;7;0;0.0;1.0;7.0;1.0;A01
201800020029;1.0;7;0;0.0;2.0;2.0;17.0;A01
201800020029;1.0;1;0;0.0;0.0;8.0;2.0;B01
201800020029;1.0;1;0;0.0;0.0;8.0;2.0;C01
201800020030;1.0;21;0;0.0;0.0;0.0;1.0;A01
201800020031;2.0;7;0;0.0;0.0;0.0;1.0;A01
201800020032;0.0;1;0;0.0;5.0;1.0;1.0;A01
201800020033;1.0;7;0;0.0;0.0;4.0;23.0;B01
201800020033;1.0;33;0;0.0;2.0;1.0;21.0;A01
201800020034;0.0;2;0;0.0;0.0;7.0;1.0;A01
201800020035;2.0;1;0;0.0;0.0;1.0;1.0;A01
201800020036;1.0;33;0;0.0;0.0;8.0;17.0;A01
201800020037;1.0;7;0;0.0;2.0;3.0;1.0;A01
201800020037;2.0;7;0;0.0;2.0;3.0;1.0;B01
201800020038;1.0;7;0;0.0;2.0;3.0;13.0;A01
201800020038;2.0;33;0;0.0;2.0;3.0;1.0;B01
201800020039;1.0;99;0;0.0;2.0;7.0;5.0;A01
201800020039;2.0;7;0;0.0;2.0;2.0;5.0;B01
201800020040;0.0;7;0;0.0;2.0;8.0;19.0;A01
201800020040;0.0;7;0;0.0;2.0;7.0;1.0;B01
201800020041;0.0;7;0;0.0;2.0;2.0;19.0;A01
201800020041;1.0;32;0;0.0;2.0;1.0;1.0;B01
201800020042;1.0;30;0;0.0;2.0;1.0;1.0;A01
201800020042;2.0;7;0;0.0;2.0;8.0;15.0;B01
201800020043;0.0;7;0;0.0;1.0;2.0;1.0;A01
201800020044;0.0;7;0;6.0;0.0;1.0;0.0;A01
201800020045;1.0;2;0;0.0;2.0;1.0;13.0;A01
201800020045;2.0;7;0;0.0;2.0;1.0;1.0;B01
201800020046;1.0;10;0;0.0;9.0;2.0;0.0;A01
201800020046;0.0;30;0;0.0;2.0;3.0;0.0;B01
201800020047;2.0;33;0;0.0;2.0;1.0;17.0;A01
201800020047;2.0;7;0;0.0;2.0;6.0;17.0;B01
201800020048;2.0;7;0;0.0;2.0;1.0;15.0;B01
201800020048;2.0;7;0;0.0;2.0;2.0;1.0;A01
201800020049;2.0;7;0;2.0;0.0;2.0;19.0;A01
201800020050;1.0;7;0;2.0;0.0;1.0;14.0;A01
201800020051;1.0;10;0;0.0;2.0;1.0;13.0;A01
201800020051;2.0;10;0;0.0;2.0;1.0;1.0;B01
201800020052;1.0;7;0;0.0;2.0;2.0;1.0;A01
201800020052;2.0;7;0;0.0;2.0;2.0;5.0;B01
201800020053;0.0;7;0;0.0;2.0;6.0;2.0;A01
201800020053;0.0;7;0;0.0;2.0;3.0;15.0;B01
201800020054;2.0;7;0;0.0;2.0;1.0;15.0;A01
201800020054;1.0;7;0;1.0;2.0;8.0;1.0;B01
201800020054;2.0;7;0;0.0;2.0;1.0;23.0;C01
201800020055;2.0;7;0;0.0;2.0;3.0;13.0;A01
201800020055;1.0;15;0;0.0;2.0;8.0;1.0;B01
201800020055;1.0;15;0;0.0;2.0;3.0;1.0;C01
201800020056;0.0;7;0;0.0;0.0;2.0;1.0;A01
201800020056;1.0;7;0;0.0;2.0;1.0;1.0;B01
201800020057;1.0;7;0;9.0;2.0;2.0;17.0;A01
201800020057;2.0;7;0;0.0;2.0;3.0;15.0;B01
201800020058;1.0;7;0;0.0;2.0;1.0;13.0;A01
201800020058;2.0;7;0;0.0;2.0;1.0;1.0;B01
201800020059;1.0;7;0;0.0;0.0;9.0;21.0;A01
201800020060;1.0;7;0;2.0;0.0;1.0;1.0;A01
201800020060;1.0;7;0;0.0;2.0;1.0;1.0;B01
201800020061;2.0;7;0;0.0;2.0;8.0;9.0;A01
201800020061;0.0;2;0;0.0;2.0;1.0;1.0;B01
201800020062;1.0;2;0;0.0;0.0;1.0;2.0;A01
201800020062;1.0;2;0;0.0;0.0;4.0;2.0;B01
201800020063;1.0;7;0;0.0;2.0;1.0;13.0;A01
201800020063;2.0;7;0;0.0;2.0;1.0;1.0;B01
201800020064;1.0;33;0;0.0;2.0;1.0;1.0;A01
201800020064;1.0;7;0;0.0;2.0;4.0;1.0;B01
201800020065;1.0;7;0;0.0;1.0;1.0;1.0;A01
201800020066;1.0;7;0;0.0;2.0;7.0;1.0;B01
201800020066;1.0;7;0;0.0;2.0;8.0;1.0;A01
201800020066;2.0;7;0;0.0;2.0;3.0;23.0;C01
201800020067;2.0;7;0;0.0;1.0;3.0;1.0;A01
201800020068;2.0;7;0;0.0;2.0;1.0;1.0;A01
201800020068;2.0;2;0;0.0;2.0;4.0;1.0;B01
201800020068;2.0;7;0;0.0;2.0;4.0;1.0;C01
201800020069;1.0;7;0;2.0;0.0;1.0;14.0;A01
201800020070;2.0;7;0;0.0;2.0;8.0;15.0;A01
201800020070;2.0;7;0;0.0;2.0;1.0;1.0;B01
201800020071;2.0;17;0;0.0;2.0;1.0;1.0;B01
201800020071;2.0;7;0;0.0;2.0;7.0;1.0;A01
201800020072;2.0;7;0;0.0;1.0;1.0;0.0;A01
201800020073;1.0;7;0;2.0;0.0;1.0;1.0;A01
201800020074;1.0;7;0;0.0;2.0;7.0;13.0;A01
201800020074;2.0;7;0;0.0;2.0;1.0;1.0;B01