Num_Acc;senc;catv;occutc;obs;obsm;choc;manv;num_veh
201800020590;1.0;7;0;0.0;2.0;3.0;1.0;B01
201800020590;1.0;7;0;0.0;2.0;1.0;1.0;A01
201800020591;1.0;7;0;0.0;2.0;8.0;1.0;A01
201800020591;1.0;2;0;0.0;2.0;2.0;1.0;B01
201800020592;1.0;7;0;0.0;2.0;4.0;23.0;C01
201800020592;1.0;10;0;0.0;2.0;1.0;2.0;A01
201800020592;1.0;7;0;0.0;2.0;4.0;23.0;B01
201800020593;2.0;2;0;0.0;2.0;7.0;1.0;B01
201800020593;2.0;7;0;0.0;2.0;8.0;13.0;A01
201800020594;2.0;7;0;0.0;2.0;1.0;15.0;A01
201800020594;1.0;7;0;0.0;2.0;1.0;1.0;B01
201800020595;2.0;7;0;0.0;2.0;2.0;15.0;A01
201800020595;1.0;33;0;0.0;2.0;1.0;1.0;B01
201800020596;2.0;7;0;0.0;2.0;3.0;15.0;A01
201800020596;2.0;7;0;0.0;2.0;3.0;1.0;B01
201800020597;1.0;7;0;0.0;2.0;7.0;15.0;A01
201800020597;2.0;7;0;0.0;2.0;1.0;1.0;B01
201800020598;1.0;30;0;0.0;1.0;1.0;1.0;A01
201800020599;1.0;7;0;0.0;2.0;1.0;17.0;A01
201800020599;2.0;7;0;0.0;2.0;3.0;15.0;B01
201800020600;1.0;7;0;0.0;2.0;1.0;2.0;A01
201800020600;1.0;7;0;0.0;2.0;4.0;23.0;C01
201800020600;1.0;7;0;0.0;2.0;4.0;23.0;B01
201800020601;1.0;7;0;0.0;2.0;1.0;9.0;A01
201800020601;2.0;33;0;0.0;2.0;1.0;17.0;B01
201800020602;2.0;7;0;0.0;1.0;3.0;15.0;A01
201800020603;2.0;31;0;8.0;0.0;9.0;1.0;A01
201800020604;1.0;7;0;0.0;2.0;4.0;23.0;B01
201800020604;1.0;7;0;0.0;2.0;1.0;2.0;A01
201800020605;1.0;30;0;0.0;0.0;7.0;21.0;A01
201800020606;2.0;10;0;0.0;2.0;1.0;13.0;A01
201800020606;2.0;7;0;0.0;2.0;1.0;23.0;B01
201800020607;1.0;30;0;0.0;2.0;1.0;9.0;A01
201800020607;1.0;7;0;0.0;0.0;1.0;1.0;B01
201800020608;2.0;33;0;0.0;2.0;1.0;1.0;B01
201800020608;1.0;7;0;0.0;2.0;2.0;1.0;A01
201800020609;2.0;33;0;1.0;2.0;3.0;18.0;A01
201800020609;2.0;7;0;0.0;2.0;2.0;16.0;B01
201800020610;0.0;7;0;0.0;2.0;8.0;9.0;A01
201800020610;1.0;33;0;0.0;2.0;1.0;1.0;B01
201800020611;1.0;7;0;0.0;1.0;1.0;1.0;A01
201800020612;1.0;33;0;0.0;2.0;1.0;1.0;B01
201800020612;2.0;7;0;0.0;2.0;5.0;15.0;A01
201800020613;1.0;7;0;0.0;2.0;2.0;19.0;A01
201800020613;1.0;7;0;0.0;2.0;3.0;1.0;B01
201800020614;1.0;7;0;0.0;2.0;3.0;1.0;B01
201800020614;1.0;7;0;0.0;2.0;3.0;15.0;A01
201800020615;1.0;7;0;0.0;2.0;1.0;13.0;A01
201800020615;2.0;7;0;0.0;2.0;3.0;1.0;B01
201800020616;1.0;7;0;0.0;2.0;6.0;2.0;B01
201800020616;1.0;2;0;0.0;2.0;2.0;2.0;A01
201800020617;1.0;7;0;1.0;0.0;1.0;14.0;A01
201800020618;2.0;7;0;0.0;2.0;2.0;9.0;A01
201800020618;2.0;7;0;0.0;2.0;2.0;1.0;C01
201800020618;1.0;31;0;0.0;2.0;1.0;17.0;B01
201800020619;1.0;7;0;0.0;2.0;6.0;15.0;B01
201800020619;1.0;30;0;0.0;2.0;1.0;17.0;A01
201800020620;2.0;7;0;0.0;2.0;2.0;15.0;A01
201800020620;1.0;36;0;0.0;2.0;1.0;1.0;B01
201800020621;1.0;7;0;0.0;2.0;1.0;1.0;B01
201800020621;2.0;1;0;0.0;2.0;7.0;1.0;A01
201800020622;1.0;7;0;0.0;2.0;8.0;15.0;B01
201800020622;1.0;2;0;0.0;2.0;1.0;17.0;A01
201800020623;1.0;10;0;0.0;1.0;8.0;1.0;A01
201800020624;2.0;2;0;0.0;2.0;7.0;17.0;B01
201800020624;1.0;7;0;0.0;2.0;1.0;9.0;A01
201800020625;1.0;7;0;0.0;2.0;4.0;23.0;B01
201800020625;1.0;7;0;0.0;2.0;1.0;2.0;A01
201800020625;1.0;7;0;0.0;2.0;4.0;23.0;C01
201800020626;2.0;7;0;0.0;1.0;1.0;1.0;A01
201800020627;1.0;7;0;0.0;1.0;1.0;1.0;A01
201800020628;1.0;7;0;0.0;2.0;1.0;2.0;A01
201800020628;1.0;7;0;0.0;2.0;4.0;23.0;B01
201800020629;1.0;1;0;0.0;2.0;1.0;1.0;B01
201800020629;2.0;7;0;0.0;2.0;1.0;15.0;A01
201800020630;0.0;13;0;0.0;2.0;4.0;15.0;C01
201800020630;0.0;7;0;0.0;2.0;4.0;23.0;B01
201800020630;0.0;14;0;0.0;2.0;1.0;1.0;A01
201800020631;2.0;2;0;0.0;2.0;1.0;1.0;B01
201800020631;1.0;7;0;0.0;2.0;1.0;19.0;A01
201800020632;0.0;10;0;0.0;1.0;4.0;4.0;A01
201800020633;1.0;7;0;0.0;2.0;2.0;9.0;A01
201800020633;1.0;7;0;0.0;2.0;1.0;1.0;B01
201800020634;1.0;7;0;0.0;2.0;1.0;2.0;A01
201800020634;1.0;3;0;0.0;2.0;4.0;2.0;B01
201800020634;1.0;7;0;0.0;2.0;4.0;2.0;C01
201800020635;2.0;7;0;0.0;2.0;4.0;2.0;B01
201800020635;2.0;7;0;0.0;2.0;1.0;2.0;A01
201800020636;2.0;7;0;0.0;1.0;8.0;1.0;A01
201800020637;1.0;7;0;0.0;2.0;3.0;0.0;A01
201800020637;2.0;7;0;0.0;2.0;3.0;1.0;B01
201800020638;1.0;7;0;0.0;1.0;1.0;1.0;A01
201800020639;1.0;7;0;0.0;1.0;1.0;1.0;A01
201800020640;1.0;7;0;0.0;2.0;1.0;1.0;A01
201800020640;1.0;7;0;0.0;2.0;4.0;23.0;B01
201800020641;1.0;7;0;0.0;2.0;1.0;1.0;B01
201800020641;1.0;30;0;0.0;2.0;1.0;15.0;A01
201800020642;1.0;2;0;0.0;2.0;3.0;1.0;B01
201800020642;2.0;7;0;0.0;2.0;1.0;9.0;A01
201800020643;2.0;7;0;0.0;2.0;1.0;1.0;B01
201800020643;1.0;7;0;0.0;2.0;1.0;15.0;A01
201800020644;1.0;7;0;0.0;2.0;1.0;5.0;A01
201800020644;2.0;7;0;0.0;2.0;3.0;1.0;B01
201800020645;0.0;1;0;0.0;2.0;1.0;19.0;B01
201800020645;0.0;7;0;0.0;9.0;3.0;1.0;A01
201800020646;0.0;7;0;0.0;2.0;1.0;1.0;A01
201800020646;0.0;7;0;0.0;0.0;4.0;23.0;B01
201800020647;0.0;7;0;0.0;2.0;1.0;0.0;A01
201800020647;2.0;7;0;3.0;2.0;3.0;0.0;B01
201800020648;0.0;33;0;12.0;0.0;7.0;2.0;A01
201800020649;1.0;7;0;13.0;0.0;3.0;13.0;A01
201800020650;0.0;10;0;0.0;2.0;8.0;15.0;A01
201800020650;0.0;2;0;0.0;2.0;8.0;1.0;B01
201800020651;1.0;7;0;0.0;9.0;3.0;1.0;A01
201800020651;0.0;1;0;0.0;2.0;7.0;19.0;B01
201800020652;1.0;7;0;13.0;0.0;1.0;16.0;A01
201800020653;1.0;99;0;0.0;2.0;0.0;0.0;R01
201800020653;1.0;7;0;0.0;2.0;1.0;14.0;A01
201800020654;1.0;7;0;6.0;0.0;6.0;24.0;B01
201800020654;1.0;7;0;1.0;0.0;2.0;14.0;A01
201800020655;2.0;1;0;9.0;0.0;1.0;0.0;A01
201800020656;1.0;7;0;2.0;0.0;3.0;13.0;A01
201800020657;1.0;7;0;13.0;0.0;2.0;16.0;A01
201800020658;2.0;7;0;0.0;0.0;2.0;14.0;A01
201800020659;2.0;1;0;12.0;0.0;1.0;1.0;A01
201800020660;1.0;7;0;0.0;2.0;3.0;1.0;B01
201800020660;2.0;7;0;0.0;2.0;3.0;11.0;A01
201800020661;2.0;7;0;0.0;2.0;1.0;0.0;A01
201800020661;0.0;7;0;0.0;2.0;2.0;0.0;B01
201800020662;1.0;7;0;0.0;1.0;3.0;0.0;A01
201800020663;0.0;7;0;6.0;0.0;1.0;1.0;A01
201800020664;1.0;7;0;0.0;1.0;3.0;15.0;A01
201800020665;1.0;7;0;0.0;2.0;3.0;1.0;A01
201800020665;2.0;7;0;0.0;2.0;1.0;13.0;B01
201800020666;2.0;7;0;0.0;0.0;4.0;2.0;B01
201800020666;1.0;7;0;0.0;2.0;1.0;2.0;A01
201800020667;2.0;7;0;0.0;1.0;2.0;1.0;A01
201800020668;0.0;2;0;0.0;2.0;7.0;0.0;B01
201800020668;0.0;7;0;0.0;2.0;1.0;9.0;A01
201800020669;0.0;7;0;0.0;2.0;0.0;15.0;A01
201800020669;0.0;31;0;0.0;2.0;1.0;0.0;B01
201800020670;1.0;7;0;0.0;1.0;1.0;1.0;A01
201800020671;1.0;7;0;0.0;1.0;3.0;15.0;A01
201800020672;2.0;33;0;6.0;0.0;1.0;0.0;A01
201800020673;2.0;7;0;0.0;1.0;3.0;0.0;A01
201800020674;0.0;1;0;0.0;2.0;1.0;1.0;B01
201800020674;0.0;7;0;0.0;6.0;2.0;1.0;A01
201800020675;1.0;7;0;0.0;2.0;3.0;15.0;A01
201800020675;1.0;2;0;0.0;2.0;1.0;2.0;B01
201800020676;0.0;7;0;0.0;1.0;3.0;1.0;A01
201800020677;2.0;7;0;0.0;2.0;3.0;1.0;B01
201800020677;2.0;7;0;0.0;2.0;3.0;13.0;A01
201800020678;1.0;2;0;0.0;2.0;1.0;1.0;B01
201800020678;2.0;7;0;0.0;2.0;5.0;15.0;A01
201800020678;1.0;2;0;0.0;2.0;0.0;15.0;C01
201800020679;1.0;7;0;6.0;0.0;5.0;14.0;A01
201800020680;1.0;7;0;0.0;2.0;7.0;21.0;B01
201800020680;1.0;7;0;6.0;2.0;1.0;19.0;A01
201800020681;1.0;1;0;0.0;2.0;4.0;2.0;B01
201800020681;1.0;7;0;0.0;2.0;1.0;2.0;Z01
201800020682;1.0;7;0;0.0;1.0;2.0;1.0;A01
201800020683;2.0;7;0;0.0;2.0;2.0;9.0;A01
201800020683;2.0;13;0;0.0;2.0;1.0;23.0;C01
201800020683;1.0;7;0;0.0;2.0;3.0;23.0;B01
201800020684;1.0;30;0;6.0;0.0;1.0;0.0;A01
201800020685;2.0;1;0;0.0;2.0;3.0;15.0;B01
201800020685;1.0;7;0;0.0;2.0;2.0;1.0;A01
201800020686;1.0;7;0;0.0;2.0;2.0;22.0;B01
201800020686;1.0;1;0;0.0;2.0;2.0;14.0;A01
201800020687;1.0;1;0;0.0;0.0;0.0;10.0;B01
201800020687;1.0;7;0;0.0;2.0;2.0;16.0;A01
201800020688;1.0;7;0;0.0;2.0;1.0;2.0;B01
201800020688;1.0;10;0;0.0;2.0;4.0;2.0;C01
201800020688;1.0;7;0;0.0;2.0;1.0;2.0;A01
201800020689;2.0;2;0;0.0;2.0;1.0;1.0;B01
201800020689;2.0;7;0;0.0;2.0;6.0;15.0;A01
201800020690;0.0;7;0;0.0;0.0;4.0;2.0;D01
201800020690;0.0;10;0;14.0;0.0;1.0;2.0;A01
201800020690;0.0;7;0;14.0;0.0;4.0;2.0;B01
201800020690;0.0;7;0;14.0;0.0;4.0;2.0;C01
201800020691;2.0;7;0;0.0;2.0;7.0;1.0;B01
201800020691;1.0;7;0;0.0;2.0;3.0;19.0;A01
201800020692;2.0;7;0;1.0;0.0;6.0;20.0;A01
201800020693;2.0;10;0;0.0;2.0;2.0;8.0;A01
201800020693;1.0;1;0;0.0;2.0;1.0;5.0;B01
201800020694;1.0;2;0;0.0;2.0;2.0;19.0;A01
201800020694;1.0;7;0;0.0;2.0;1.0;1.0;B01
201800020695;2.0;7;0;0.0;1.0;1.0;1.0;A01
201800020696;0.0;7;0;0.0;2.0;3.0;15.0;A01
201800020696;0.0;2;0;0.0;2.0;1.0;1.0;B01
201800020697;1.0;33;0;0.0;1.0;1.0;1.0;A01
201800020698;1.0;7;0;0.0;2.0;1.0;15.0;A01
201800020698;0.0;99;0;0.0;2.0;0.0;0.0;R01
201800020699;2.0;7;0;0.0;2.0;2.0;1.0;A01
201800020699;1.0;2;0;0.0;2.0;1.0;1.0;B01
201800020700;1.0;1;0;0.0;2.0;2.0;19.0;A01
201800020700;1.0;7;0;0.0;2.0;1.0;7.0;B01
201800020701;2.0;33;0;8.0;2.0;1.0;17.0;B01
201800020701;2.0;7;0;0.0;2.0;2.0;15.0;A01
201800020702;1.0;7;0;0.0;2.0;3.0;15.0;A01
201800020702;2.0;1;0;0.0;2.0;1.0;1.0;B01
201800020703;1.0;7;0;0.0;2.0;2.0;15.0;A01
201800020703;2.0;1;0;0.0;2.0;1.0;1.0;B01
201800020704;1.0;14;0;0.0;1.0;1.0;15.0;A01
201800020705;1.0;7;0;0.0;1.0;2.0;15.0;A01
201800020706;1.0;40;0;0.0;2.0;7.0;1.0;B01
201800020706;0.0;7;0;7.0;4.0;1.0;1.0;A01
201800020707;1.0;40;10;0.0;2.0;2.0;1.0;B01
201800020707;0.0;1;0;0.0;4.0;6.0;19.0;A01
201800020708;1.0;40;10;0.0;1.0;1.0;1.0;A01
201800020709;1.0;7;0;0.0;1.0;2.0;1.0;A01
201800020710;2.0;10;0;0.0;2.0;3.0;1.0;A01
201800020710;1.0;37;1;0.0;2.0;8.0;15.0;B01
201800020711;1.0;31;0;8.0;1.0;1.0;1.0;A01
201800020712;1.0;40;0;0.0;1.0;3.0;1.0;A01
201800020713;1.0;7;0;0.0;2.0;1.0;1.0;B01
201800020713;1.0;33;0;0.0;2.0;3.0;9.0;A01
201800020714;1.0;10;0;0.0;2.0;1.0;2.0;A01
201800020714;1.0;1;0;0.0;2.0;4.0;2.0;B01
201800020715;1.0;30;0;0.0;2.0;2.0;1.0;A01
201800020715;2.0;7;0;0.0;2.0;1.0;1.0;B01
201800020716;1.0;7;0;0.0;2.0;7.0;17.0;A01
201800020716;1.0;1;0;0.0;2.0;8.0;1.0;B01
201800020717;1.0;7;0;0.0;4.0;8.0;1.0;A01
201800020717;2.0;40;42;0.0;2.0;1.0;1.0;B01
201800020718;1.0;7;0;0.0;1.0;4.0;20.0;A01
201800020719;1.0;7;0;0.0;2.0;5.0;1.0;B01
201800020719;1.0;30;0;0.0;2.0;1.0;0.0;A01
201800020720;1.0;7;0;0.0;1.0;2.0;1.0;A01
201800020721;1.0;7;0;0.0;1.0;2.0;1.0;A01
201800020722;2.0;7;0;0.0;2.0;3.0;15.0;A01
201800020722;1.0;31;0;0.0;2.0;1.0;1.0;B01
201800020723;1.0;2;0;0.0;2.0;3.0;1.0;B01
201800020723;0.0;7;0;0.0;2.0;1.0;16.0;A01
201800020724;1.0;7;0;0.0;1.0;4.0;4.0;A01
201800020725;1.0;7;0;0.0;1.0;3.0;15.0;A01
201800020726;1.0;7;0;0.0;2.0;3.0;1.0;B01
201800020726;1.0;2;0;0.0;2.0;1.0;1.0;A01
201800020727;2.0;33;0;0.0;2.0;1.0;1.0;B01
201800020727;0.0;7;0;0.0;2.0;5.0;15.0;A01
201800020728;1.0;31;0;0.0;2.0;8.0;1.0;A01
201800020728;1.0;7;0;0.0;2.0;2.0;1.0;B01
201800020729;1.0;7;0;0.0;1.0;3.0;1.0;A01
201800020730;1.0;32;0;0.0;1.0;0.0;0.0;Z01
201800020731;1.0;33;0;0.0;2.0;1.0;1.0;B01
201800020731;0.0;7;0;0.0;2.0;2.0;19.0;A01
201800020732;1.0;7;0;0.0;1.0;3.0;0.0;A01
201800020733;1.0;7;0;0.0;1.0;1.0;16.0;A01
201800020734;1.0;30;0;0.0;1.0;1.0;0.0;A01
201800020735;1.0;10;0;0.0;1.0;1.0;16.0;A01
201800020736;1.0;7;0;0.0;1.0;2.0;1.0;A01
201800020737;2.0;7;0;0.0;1.0;3.0;1.0;B01
201800020737;1.0;7;0;0.0;1.0;3.0;1.0;A01
201800020738;0.0;10;0;0.0;2.0;8.0;1.0;A01
201800020738;0.0;1;0;0.0;2.0;1.0;1.0;B01
201800020739;2.0;7;0;0.0;2.0;1.0;15.0;A01
201800020739;2.0;1;0;0.0;2.0;1.0;1.0;B01
201800020740;1.0;7;0;12.0;0.0;1.0;0.0;A01
201800020741;2.0;7;0;0.0;2.0;5.0;15.0;A01
201800020741;1.0;1;0;0.0;2.0;1.0;1.0;B01
201800020742;1.0;7;0;0.0;2.0;3.0;15.0;A01
201800020742;1.0;2;0;0.0;2.0;1.0;1.0;B01
201800020743;1.0;33;0;0.0;2.0;1.0;1.0;B01
201800020743;2.0;7;0;0.0;2.0;3.0;15.0;A01
201800020744;1.0;7;0;0.0;1.0;1.0;1.0;A01
201800020745;1.0;34;0;0.0;2.0;1.0;1.0;A01
201800020745;1.0;7;0;0.0;2.0;4.0;2.0;B01
201800020746;1.0;7;0;0.0;2.0;1.0;1.0;A01
201800020746;0.0;1;0;0.0;2.0;7.0;19.0;B01
201800020747;1.0;15;0;0.0;1.0;1.0;16.0;A01
201800020748;1.0;1;0;0.0;2.0;0.0;1.0;B01
201800020748;0.0;99;0;0.0;2.0;4.0;4.0;A01
201800020749;2.0;33;0;1.0;2.0;1.0;1.0;B01
201800020749;1.0;7;0;0.0;2.0;1.0;15.0;A01
201800020750;2.0;7;0;0.0;1.0;1.0;1.0;A01
201800020751;0.0;31;0;0.0;0.0;0.0;1.0;A01
201800020752;1.0;7;0;0.0;2.0;1.0;17.0;A01
201800020752;2.0;7;0;2.0;2.0;3.0;1.0;B01
201800020753;1.0;7;0;6.0;0.0;1.0;1.0;A01
201800020754;0.0;7;0;0.0;0.0;6.0;20.0;A01
201800020754;0.0;33;0;1.0;0.0;2.0;2.0;B01
201800020755;1.0;7;0;0.0;2.0;1.0;13.0;B01
201800020755;1.0;7;0;0.0;2.0;1.0;13.0;A01
201800020756;2.0;7;0;0.0;1.0;2.0;1.0;A01
201800020757;1.0;30;0;1.0;0.0;1.0;10.0;A01
201800020758;1.0;7;0;0.0;1.0;8.0;1.0;A01
201800020759;1.0;7;0;0.0;2.0;5.0;17.0;A01
201800020759;1.0;1;0;0.0;2.0;8.0;13.0;B01
201800020760;1.0;30;0;0.0;2.0;1.0;2.0;A01
201800020760;1.0;7;0;0.0;2.0;6.0;16.0;B01
201800020761;1.0;7;0;0.0;2.0;5.0;4.0;A01
201800020761;2.0;30;0;0.0;2.0;7.0;1.0;B01
201800020762;1.0;30;0;0.0;0.0;8.0;1.0;A01
201800020763;2.0;7;0;0.0;2.0;5.0;15.0;A01
201800020763;1.0;3;0;0.0;2.0;1.0;1.0;B01
201800020764;2.0;7;0;0.0;6.0;3.0;0.0;B01
201800020764;2.0;1;0;0.0;2.0;7.0;6.0;A01
201800020765;0.0;7;0;1.0;1.0;7.0;0.0;A01
201800020766;1.0;7;0;13.0;0.0;1.0;14.0;A01
201800020767;1.0;10;0;0.0;2.0;4.0;1.0;A01
201800020767;1.0;30;0;0.0;2.0;1.0;2.0;B01
201800020767;1.0;2;0;0.0;2.0;1.0;2.0;C01
201800020768;1.0;32;0;0.0;2.0;7.0;16.0;B01
201800020768;1.0;7;0;0.0;2.0;1.0;9.0;A01
201800020769;1.0;7;0;0.0;1.0;1.0;15.0;A01
201800020770;0.0;7;0;0.0;2.0;3.0;13.0;A01
201800020770;0.0;7;0;0.0;2.0;3.0;1.0;B01
201800020771;2.0;7;0;0.0;2.0;3.0;19.0;A01
201800020771;1.0;33;0;0.0;2.0;1.0;1.0;B01
201800020772;0.0;33;0;0.0;0.0;8.0;1.0;A01
201800020773;0.0;7;0;9.0;0.0;1.0;0.0;A01
201800020774;1.0;7;0;9.0;0.0;3.0;0.0;A01
201800020775;2.0;30;0;11.0;0.0;1.0;0.0;A01
201800020776;0.0;2;0;0.0;2.0;7.0;1.0;B01
201800020776;0.0;7;0;0.0;2.0;3.0;19.0;A01
201800020777;0.0;2;0;0.0;2.0;2.0;21.0;A01
201800020777;0.0;7;0;0.0;2.0;3.0;1.0;B01
201800020778;2.0;31;0;0.0;2.0;1.0;1.0;A01
201800020778;1.0;10;0;0.0;2.0;2.0;15.0;B01
201800020779;0.0;7;0;0.0;2.0;1.0;15.0;A01
201800020779;0.0;3;0;0.0;2.0;2.0;13.0;B01
201800020780;1.0;7;0;0.0;2.0;3.0;19.0;A01
201800020780;2.0;13;0;0.0;2.0;1.0;1.0;B01
201800020781;2.0;7;0;0.0;2.0;2.0;15.0;A01
201800020781;1.0;7;0;0.0;2.0;3.0;1.0;B01
201800020782;2.0;7;0;0.0;1.0;8.0;1.0;A01
201800020783;1.0;7;0;0.0;1.0;2.0;1.0;A01
201800020784;2.0;10;0;0.0;2.0;3.0;15.0;A01
201800020784;2.0;32;0;0.0;2.0;7.0;17.0;B01
201800020785;2.0;10;0;6.0;0.0;1.0;13.0;A01
201800020786;1.0;7;0;0.0;2.0;2.0;15.0;A01
201800020786;2.0;7;0;0.0;2.0;2.0;1.0;B01
201800020787;0.0;7;0;0.0;2.0;1.0;1.0;A01
201800020787;0.0;7;0;0.0;2.0;4.0;23.0;B01
201800020787;0.0;7;0;0.0;2.0;1.0;23.0;C01
201800020788;2.0;7;0;2.0;0.0;1.0;1.0;A01
201800020789;1.0;7;0;0.0;1.0;1.0;0.0;A01
201800020790;1.0;7;0;0.0;2.0;3.0;5.0;A01
201800020790;2.0;7;0;0.0;2.0;3.0;1.0;B01
201800020791;2.0;7;0;3.0;2.0;7.0;0.0;A01
201800020791;2.0;7;0;0.0;2.0;6.0;1.0;B01
201800020791;2.0;10;0;14.0;0.0;1.0;1.0;C01
201800020792;1.0;7;0;0.0;1.0;1.0;1.0;A01
201800020793;1.0;33;0;0.0;2.0;1.0;2.0;A01
201800020793;1.0;7;0;0.0;2.0;4.0;23.0;B01
201800020794;2.0;7;0;0.0;2.0;1.0;0.0;A01
201800020794;2.0;1;0;0.0;2.0;4.0;1.0;B01
201800020795;2.0;10;0;0.0;1.0;8.0;0.0;A01
201800020796;2.0;30;0;0.0;2.0;1.0;1.0;A01
201800020796;1.0;7;0;0.0;2.0;5.0;1.0;B01
201800020797;2.0;7;0;0.0;1.0;7.0;1.0;A01
201800020798;1.0;7;0;13.0;0.0;2.0;1.0;A01
201800020799;1.0;7;0;0.0;2.0;1.0;1.0;A01
201800020799;1.0;7;0;0.0;2.0;5.0;1.0;B01
201800020799;1.0;7;0;0.0;2.0;4.0;1.0;C01
201800020800;2.0;7;0;6.0;0.0;1.0;1.0;A01
201800020801;2.0;30;0;0.0;2.0;2.0;17.0;A01
201800020801;2.0;10;0;0.0;2.0;6.0;15.0;B01
201800020802;1.0;1;0;0.0;2.0;5.0;19.0;A01
201800020802;1.0;7;0;0.0;2.0;3.0;1.0;B01
201800020803;2.0;10;0;12.0;0.0;1.0;0.0;A01
201800020804;2.0;7;0;0.0;2.0;2.0;0.0;B01
201800020804;2.0;7;0;0.0;2.0;4.0;4.0;Z01
201800020805;1.0;7;0;0.0;1.0;8.0;0.0;Z01
201800020806;1.0;7;0;0.0;2.0;1.0;1.0;B01
201800020806;2.0;7;0;0.0;2.0;1.0;13.0;Z01
201800020807;1.0;7;0;0.0;2.0;1.0;1.0;A01
201800020807;1.0;7;0;0.0;2.0;4.0;2.0;B01
201800020808;2.0;7;0;0.0;2.0;1.0;5.0;A01
201800020808;1.0;7;0;0.0;2.0;3.0;1.0;B01
201800020809;0.0;7;0;0.0;2.0;2.0;1.0;A01
201800020809;0.0;7;0;0.0;2.0;1.0;9.0;Z01
201800020810;0.0;7;0;8.0;0.0;3.0;13.0;A01
201800020811;2.0;7;0;0.0;2.0;8.0;13.0;A01
201800020811;2.0;30;0;0.0;2.0;7.0;17.0;B01
201800020811;2.0;7;0;1.0;0.0;1.0;0.0;C01
201800020812;1.0;7;0;0.0;1.0;1.0;1.0;A01
201800020813;0.0;7;0;0.0;1.0;3.0;1.0;Z01
201800020814;0.0;7;0;0.0;2.0;1.0;13.0;A01
201800020814;0.0;7;0;0.0;2.0;1.0;1.0;B01
201800020815;1.0;7;0;0.0;1.0;8.0;0.0;Z01
201800020816;0.0;10;0;0.0;1.0;4.0;4.0;A01
201800020817;2.0;7;0;0.0;2.0;1.0;1.0;A01
201800020817;2.0;7;0;0.0;2.0;4.0;1.0;B01
201800020818;0.0;1;0;0.0;2.0;5.0;1.0;B01
201800020818;0.0;7;0;0.0;2.0;3.0;9.0;A01
201800020819;0.0;7;0;0.0;2.0;1.0;1.0;A01
201800020819;0.0;7;0;0.0;2.0;1.0;15.0;B01
201800020820;1.0;7;0;0.0;2.0;4.0;1.0;A01
201800020820;1.0;7;0;0.0;2.0;1.0;1.0;B01
201800020820;1.0;10;0;0.0;2.0;1.0;2.0;C01
201800020821;1.0;30;0;0.0;2.0;4.0;1.0;A01
201800020821;1.0;7;0;0.0;2.0;1.0;1.0;Z01
201800020822;1.0;2;0;0.0;2.0;1.0;1.0;A01
201800020822;1.0;7;0;0.0;2.0;5.0;23.0;B01
201800020823;1.0;30;0;0.0;2.0;1.0;2.0;A01
201800020823;1.0;7;0;0.0;2.0;4.0;23.0;C01
201800020824;1.0;7;0;0.0;2.0;1.0;2.0;A01
201800020824;1.0;7;0;0.0;2.0;4.0;23.0;B01
201800020824;1.0;7;0;0.0;2.0;4.0;23.0;C01
201800020824;1.0;7;0;0.0;2.0;4.0;23.0;D01
201800020825;1.0;7;0;0.0;2.0;3.0;9.0;A01
201800020825;1.0;7;0;0.0;2.0;7.0;1.0;B01
201800020826;1.0;33;0;0.0;0.0;0.0;1.0;A01
201800020827;2.0;10;0;0.0;2.0;3.0;15.0;B01
201800020827;1.0;7;0;0.0;2.0;2.0;1.0;A01
201800020828;2.0;7;0;4.0;0.0;7.0;9.0;A01
201800020828;2.0;15;0;0.0;0.0;0.0;1.0;B01
201800020829;1.0;1;0;0.0;2.0;1.0;1.0;B01
201800020829;1.0;7;0;0.0;2.0;8.0;13.0;A01
201800020830;2.0;7;0;0.0;1.0;6.0;1.0;A01
201800020831;0.0;1;0;0.0;2.0;8.0;19.0;B01
201800020831;0.0;7;0;0.0;2.0;1.0;15.0;A01
201800020832;2.0;31;0;0.0;2.0;1.0;13.0;A01
201800020832;1.0;7;0;0.0;2.0;3.0;1.0;B01
201800020833;1.0;30;0;0.0;2.0;8.0;1.0;B01
201800020833;1.0;7;0;0.0;2.0;7.0;16.0;A01
201800020834;1.0;30;0;9.0;0.0;1.0;1.0;A01
201800020835;1.0;7;0;0.0;1.0;3.0;1.0;A01
201800020836;1.0;7;0;0.0;1.0;1.0;1.0;Z01
201800020837;0.0;37;1;0.0;2.0;0.0;15.0;A01
201800020837;2.0;1;0;0.0;2.0;8.0;2.0;B01
201800020838;2.0;7;0;0.0;2.0;1.0;1.0;A01
201800020838;2.0;7;0;0.0;2.0;5.0;16.0;B01
201800020839;0.0;1;0;0.0;2.0;1.0;2.0;A01
201800020839;0.0;7;0;0.0;2.0;4.0;23.0;B01
201800020840;2.0;7;0;0.0;2.0;1.0;1.0;A01
201800020840;1.0;7;0;0.0;2.0;4.0;1.0;B01
201800020841;2.0;7;0;14.0;0.0;0.0;1.0;A01
201800020842;2.0;31;0;0.0;2.0;1.0;17.0;A01
201800020842;1.0;7;0;0.0;2.0;3.0;15.0;B01
201800020843;2.0;1;0;0.0;2.0;8.0;2.0;B01
201800020843;2.0;7;0;0.0;2.0;7.0;16.0;A01
201800020844;2.0;2;0;0.0;0.0;0.0;1.0;A01
201800020845;1.0;7;0;0.0;2.0;1.0;1.0;A01
201800020845;1.0;7;0;0.0;2.0;4.0;1.0;B01