Num_Acc;senc;catv;occutc;obs;obsm;choc;manv;num_veh
201800021102;2.0;7;0;0.0;1.0;2.0;0.0;A01
201800021103;1.0;7;0;13.0;0.0;9.0;13.0;A01
201800021104;2.0;7;0;0.0;2.0;3.0;2.0;B01
201800021104;2.0;7;0;7.0;2.0;2.0;5.0;A01
201800021105;2.0;32;0;0.0;2.0;1.0;13.0;A01
201800021105;2.0;7;0;0.0;0.0;3.0;15.0;B01
201800021106;1.0;33;0;0.0;2.0;0.0;0.0;B01
201800021106;1.0;7;0;0.0;2.0;0.0;0.0;A01
201800021107;2.0;7;0;0.0;2.0;1.0;9.0;A01
201800021107;2.0;30;0;0.0;2.0;7.0;2.0;B01
201800021108;1.0;7;0;0.0;2.0;2.0;2.0;A01
201800021108;1.0;7;0;0.0;2.0;4.0;9.0;B01
201800021109;1.0;1;0;0.0;2.0;2.0;2.0;B01
201800021109;1.0;7;0;0.0;2.0;3.0;9.0;A01
201800021110;2.0;10;0;0.0;1.0;2.0;1.0;A01
201800021111;2.0;7;0;14.0;0.0;1.0;2.0;A01
201800021111;2.0;7;0;0.0;0.0;4.0;23.0;B01
201800021112;1.0;7;0;0.0;2.0;1.0;13.0;A01
201800021112;2.0;7;0;0.0;2.0;1.0;1.0;B01
201800021113;1.0;7;0;13.0;0.0;2.0;14.0;A01
201800021114;1.0;1;0;0.0;6.0;8.0;19.0;A01
201800021115;1.0;7;0;0.0;2.0;3.0;15.0;A01
201800021115;2.0;1;0;0.0;2.0;1.0;1.0;B01
201800021116;0.0;7;0;0.0;2.0;1.0;15.0;A01
201800021116;0.0;1;0;0.0;2.0;7.0;1.0;B01
201800021117;2.0;7;0;0.0;2.0;1.0;16.0;A01
201800021117;0.0;2;0;0.0;2.0;7.0;0.0;B01
201800021118;1.0;7;0;0.0;2.0;3.0;9.0;A01
201800021118;1.0;2;0;0.0;2.0;7.0;2.0;B01
201800021119;1.0;7;0;0.0;2.0;2.0;17.0;A01
201800021119;1.0;1;0;0.0;2.0;8.0;2.0;B01
201800021120;1.0;7;0;0.0;2.0;2.0;16.0;A01
201800021120;0.0;1;0;0.0;0.0;8.0;0.0;B01
201800021121;1.0;7;0;0.0;2.0;1.0;2.0;A01
201800021121;1.0;7;0;0.0;2.0;4.0;20.0;B01
201800021122;0.0;14;0;0.0;1.0;7.0;4.0;A01
201800021123;2.0;7;0;0.0;2.0;1.0;1.0;A01
201800021123;1.0;1;0;0.0;2.0;0.0;19.0;B01
201800021124;0.0;7;0;0.0;1.0;3.0;0.0;A01
201800021125;2.0;7;0;0.0;2.0;1.0;15.0;A01
201800021125;1.0;7;0;0.0;2.0;3.0;1.0;B01
201800021126;2.0;7;0;0.0;1.0;1.0;1.0;A01
201800021127;1.0;30;0;0.0;1.0;1.0;1.0;A01
201800021128;0.0;33;0;0.0;2.0;1.0;2.0;A01
201800021128;0.0;2;0;0.0;2.0;7.0;2.0;B01
201800021129;1.0;7;0;0.0;2.0;7.0;1.0;B01
201800021129;0.0;7;0;0.0;2.0;7.0;19.0;A01
201800021130;1.0;7;0;0.0;2.0;3.0;15.0;A01
201800021130;2.0;7;0;0.0;2.0;3.0;1.0;B01
201800021131;1.0;7;0;0.0;2.0;1.0;1.0;A01
201800021131;0.0;7;0;8.0;0.0;3.0;1.0;B01
201800021132;0.0;33;0;8.0;0.0;0.0;15.0;A01
201800021133;1.0;7;0;0.0;2.0;3.0;1.0;A01
201800021133;2.0;7;0;0.0;2.0;3.0;1.0;B01
201800021134;2.0;7;0;0.0;9.0;3.0;1.0;A01
201800021134;1.0;1;0;0.0;2.0;1.0;15.0;B01
201800021135;0.0;7;0;2.0;0.0;1.0;1.0;A01
201800021136;0.0;1;0;0.0;2.0;8.0;6.0;B01
201800021136;0.0;7;0;0.0;9.0;1.0;1.0;A01
201800021137;0.0;7;0;0.0;1.0;3.0;1.0;A01
201800021138;0.0;7;0;0.0;2.0;1.0;1.0;B01
201800021138;0.0;7;0;0.0;2.0;1.0;13.0;A01
201800021139;2.0;7;0;0.0;1.0;2.0;1.0;A01
201800021140;0.0;7;0;0.0;2.0;7.0;1.0;A01
201800021140;0.0;10;0;0.0;2.0;1.0;1.0;B01
201800021141;1.0;7;0;0.0;2.0;1.0;1.0;A01
201800021141;0.0;7;0;0.0;2.0;7.0;1.0;B01
201800021142;1.0;7;0;0.0;2.0;1.0;13.0;A01
201800021142;2.0;7;0;0.0;2.0;1.0;1.0;B01
201800021143;0.0;7;0;2.0;0.0;1.0;1.0;A01
201800021144;1.0;7;0;0.0;2.0;3.0;13.0;A01
201800021144;2.0;33;0;0.0;2.0;1.0;0.0;B01
201800021145;1.0;7;0;13.0;0.0;1.0;1.0;A01
201800021146;0.0;1;0;0.0;2.0;8.0;1.0;C01
201800021146;0.0;1;0;0.0;2.0;8.0;1.0;B01
201800021146;0.0;21;0;0.0;9.0;3.0;13.0;A01
201800021147;1.0;33;0;0.0;0.0;7.0;1.0;A01
201800021148;0.0;7;0;15.0;0.0;3.0;14.0;A01
201800021149;0.0;1;0;0.0;2.0;1.0;2.0;A01
201800021149;0.0;7;0;0.0;9.0;4.0;2.0;B01
201800021150;1.0;7;0;0.0;1.0;3.0;16.0;A01
201800021151;1.0;33;0;0.0;2.0;1.0;1.0;B01
201800021151;2.0;7;0;0.0;2.0;2.0;15.0;A01
201800021152;2.0;7;0;13.0;0.0;1.0;13.0;A01
201800021153;0.0;7;0;0.0;1.0;1.0;0.0;A01
201800021154;1.0;7;0;13.0;0.0;2.0;1.0;A01
201800021155;1.0;7;0;0.0;2.0;1.0;1.0;C01
201800021155;2.0;14;0;0.0;2.0;3.0;1.0;B01
201800021155;1.0;7;0;0.0;2.0;1.0;13.0;A01
201800021156;2.0;7;0;0.0;2.0;7.0;17.0;A01
201800021156;2.0;1;0;0.0;2.0;8.0;2.0;B01
201800021157;1.0;7;0;0.0;2.0;2.0;1.0;B01
201800021157;0.0;2;0;0.0;2.0;1.0;9.0;A01
201800021158;2.0;7;0;0.0;2.0;1.0;2.0;B01
201800021158;1.0;7;0;0.0;2.0;1.0;5.0;A01
201800021159;2.0;7;0;0.0;2.0;8.0;1.0;B01
201800021159;2.0;7;0;0.0;2.0;1.0;0.0;A01
201800021160;1.0;7;0;0.0;0.0;9.0;14.0;A01
201800021161;1.0;7;0;8.0;0.0;8.0;1.0;A01
201800021162;1.0;7;0;0.0;0.0;1.0;1.0;A01
201800021163;2.0;7;0;6.0;0.0;1.0;13.0;A01
201800021164;1.0;7;0;0.0;1.0;2.0;1.0;A01
201800021165;0.0;7;0;0.0;0.0;0.0;0.0;A01
201800021166;1.0;7;0;6.0;0.0;7.0;1.0;A01
201800021167;2.0;33;0;0.0;2.0;1.0;2.0;A01
201800021167;2.0;33;0;0.0;0.0;4.0;2.0;B01
201800021168;2.0;33;0;0.0;2.0;7.0;17.0;A01
201800021168;2.0;7;0;0.0;2.0;6.0;15.0;B01
201800021169;1.0;7;0;0.0;2.0;3.0;19.0;A01
201800021169;1.0;7;0;0.0;2.0;1.0;1.0;B01
201800021170;1.0;7;0;0.0;2.0;3.0;19.0;A01
201800021170;1.0;7;0;0.0;2.0;5.0;1.0;B01
201800021171;2.0;7;0;0.0;2.0;2.0;5.0;A01
201800021171;1.0;7;0;0.0;2.0;7.0;0.0;B01
201800021171;1.0;7;0;0.0;2.0;1.0;1.0;C01
201800021172;2.0;7;0;6.0;0.0;1.0;1.0;A01
201800021173;0.0;2;0;13.0;0.0;8.0;1.0;A01
201800021174;1.0;7;0;0.0;2.0;2.0;1.0;A01
201800021174;2.0;1;0;0.0;2.0;1.0;5.0;B01
201800021175;2.0;7;0;13.0;0.0;9.0;1.0;A01
201800021176;0.0;7;0;0.0;2.0;3.0;2.0;A01
201800021176;0.0;33;0;0.0;2.0;1.0;2.0;B01
201800021177;0.0;7;0;0.0;1.0;2.0;1.0;A01
201800021178;2.0;7;0;0.0;2.0;3.0;15.0;A01
201800021178;1.0;2;0;0.0;2.0;1.0;1.0;B01
201800021179;0.0;7;0;0.0;1.0;7.0;1.0;A01
201800021180;1.0;14;0;0.0;2.0;3.0;15.0;A01
201800021180;2.0;2;0;0.0;2.0;1.0;1.0;B01
201800021181;1.0;7;0;0.0;2.0;1.0;19.0;B01
201800021181;1.0;7;0;0.0;2.0;3.0;1.0;A01
201800021182;2.0;2;0;13.0;0.0;3.0;1.0;A01
201800021183;0.0;1;0;0.0;0.0;4.0;0.0;A01
201800021183;0.0;7;0;0.0;9.0;2.0;2.0;B01
201800021184;0.0;7;0;0.0;1.0;3.0;1.0;A01
201800021185;0.0;7;0;7.0;0.0;1.0;9.0;A01
201800021186;1.0;7;0;0.0;0.0;5.0;12.0;A01
201800021186;1.0;33;0;0.0;2.0;3.0;3.0;B01
201800021187;0.0;7;0;0.0;2.0;8.0;19.0;A01
201800021187;0.0;10;0;0.0;2.0;1.0;1.0;B01
201800021188;0.0;7;0;7.0;0.0;1.0;1.0;A01
201800021188;0.0;7;0;0.0;2.0;3.0;23.0;C01
201800021188;0.0;39;1;0.0;4.0;3.0;1.0;B01
201800021189;0.0;7;0;0.0;2.0;2.0;20.0;A01
201800021189;0.0;2;0;0.0;2.0;1.0;1.0;B01
201800021190;2.0;7;0;0.0;2.0;3.0;1.0;A01
201800021190;1.0;7;0;0.0;2.0;3.0;1.0;B01
201800021191;1.0;7;0;0.0;1.0;1.0;1.0;A01
201800021192;2.0;7;0;0.0;1.0;2.0;6.0;A01
201800021193;0.0;1;0;12.0;0.0;1.0;1.0;A01
201800021194;1.0;7;0;0.0;1.0;2.0;1.0;A01
201800021195;0.0;2;0;0.0;0.0;1.0;1.0;A01
201800021196;1.0;7;0;0.0;1.0;2.0;1.0;A01
201800021197;0.0;2;0;0.0;1.0;1.0;2.0;A01
201800021198;1.0;3;0;3.0;2.0;1.0;1.0;A01
201800021198;2.0;7;0;3.0;2.0;1.0;1.0;B01
201800021199;2.0;7;0;3.0;2.0;1.0;1.0;A01
201800021199;1.0;33;0;3.0;2.0;1.0;1.0;B01
201800021200;2.0;37;1;0.0;2.0;1.0;2.0;A01
201800021200;2.0;7;0;0.0;2.0;4.0;2.0;B01
201800021200;2.0;7;0;0.0;2.0;4.0;2.0;C01
201800021201;2.0;7;0;3.0;2.0;3.0;13.0;A01
201800021201;1.0;15;0;0.0;2.0;3.0;1.0;B01
201800021202;0.0;2;0;0.0;2.0;3.0;13.0;A01
201800021202;0.0;7;0;0.0;2.0;3.0;1.0;B01
201800021203;0.0;7;0;1.0;1.0;2.0;1.0;A01
201800021204;2.0;13;0;0.0;2.0;8.0;1.0;C01
201800021204;1.0;7;0;0.0;2.0;3.0;1.0;B01
201800021204;2.0;7;0;0.0;2.0;3.0;17.0;A01
201800021205;0.0;7;0;0.0;0.0;1.0;1.0;A01
201800021206;1.0;7;0;0.0;2.0;1.0;13.0;A01
201800021206;2.0;7;0;0.0;2.0;1.0;1.0;B01
201800021207;1.0;7;0;0.0;2.0;3.0;1.0;B01
201800021207;2.0;7;0;0.0;2.0;3.0;13.0;A01
201800021208;1.0;10;0;8.0;0.0;3.0;13.0;A01
201800021209;2.0;10;0;0.0;1.0;4.0;4.0;A01
201800021210;1.0;10;0;0.0;2.0;5.0;1.0;B01
201800021210;1.0;33;0;0.0;2.0;1.0;1.0;A01
201800021211;0.0;10;0;0.0;1.0;1.0;15.0;A01
201800021212;2.0;32;0;13.0;0.0;0.0;19.0;A01
201800021213;2.0;7;0;0.0;1.0;1.0;14.0;A01
201800021214;1.0;33;0;0.0;2.0;1.0;5.0;B01
201800021214;1.0;21;0;0.0;0.0;6.0;15.0;A01
201800021215;0.0;7;0;0.0;2.0;3.0;13.0;A01
201800021215;0.0;2;0;0.0;2.0;1.0;14.0;B01
201800021216;2.0;14;0;13.0;0.0;2.0;6.0;A01
201800021217;2.0;2;0;0.0;2.0;1.0;1.0;B01
201800021217;0.0;7;0;0.0;2.0;8.0;15.0;A01
201800021218;1.0;33;0;0.0;0.0;2.0;1.0;A01
201800021219;1.0;10;0;13.0;0.0;1.0;1.0;A01
201800021220;1.0;7;0;2.0;0.0;3.0;1.0;A01
201800021221;1.0;33;0;13.0;0.0;0.0;1.0;A01
201800021222;1.0;7;0;0.0;2.0;1.0;17.0;A01
201800021222;2.0;30;0;0.0;2.0;1.0;1.0;B01
201800021223;1.0;7;0;0.0;1.0;1.0;1.0;A01
201800021224;2.0;7;0;0.0;2.0;1.0;2.0;A01
201800021224;2.0;7;0;0.0;2.0;4.0;2.0;B01
201800021224;2.0;7;0;0.0;2.0;4.0;2.0;C01
201800021225;2.0;10;0;0.0;1.0;1.0;1.0;A01
201800021226;2.0;7;0;0.0;2.0;1.0;1.0;B01
201800021226;1.0;7;0;0.0;2.0;1.0;13.0;A01
201800021227;1.0;7;0;0.0;2.0;3.0;1.0;A01
201800021227;2.0;7;0;0.0;2.0;2.0;15.0;B01
201800021228;2.0;7;0;0.0;1.0;1.0;1.0;A01
201800021229;1.0;7;0;0.0;2.0;1.0;9.0;A01
201800021229;1.0;7;0;9.0;2.0;1.0;1.0;B01
201800021230;0.0;7;0;0.0;1.0;4.0;4.0;A01
201800021231;2.0;7;0;0.0;1.0;1.0;1.0;A01
201800021232;2.0;7;0;0.0;1.0;1.0;1.0;A01
201800021233;1.0;7;0;0.0;0.0;1.0;1.0;A01
201800021234;2.0;7;0;0.0;2.0;1.0;1.0;A01
201800021234;1.0;7;0;0.0;2.0;7.0;15.0;B01
201800021235;0.0;31;0;0.0;1.0;1.0;1.0;A01
201800021236;2.0;10;0;0.0;2.0;2.0;1.0;A01
201800021236;1.0;7;0;0.0;2.0;3.0;19.0;B01
201800021237;0.0;32;0;15.0;0.0;1.0;1.0;A01
201800021238;2.0;7;0;6.0;0.0;1.0;1.0;A01
201800021239;1.0;7;0;0.0;2.0;2.0;15.0;A01
201800021239;1.0;2;0;0.0;2.0;1.0;1.0;B01
201800021240;2.0;7;0;0.0;1.0;3.0;1.0;A01
201800021241;2.0;33;0;0.0;2.0;1.0;6.0;A01
201800021241;1.0;7;0;0.0;2.0;2.0;15.0;B01
201800021242;2.0;7;0;0.0;0.0;0.0;13.0;A01
201800021243;0.0;1;0;0.0;2.0;1.0;19.0;A01
201800021243;2.0;7;0;0.0;2.0;3.0;1.0;B01
201800021244;2.0;99;0;0.0;1.0;3.0;1.0;Z01
201800021245;1.0;7;0;0.0;2.0;1.0;0.0;B01
201800021245;0.0;10;0;0.0;2.0;3.0;19.0;A01
201800021246;1.0;7;0;0.0;2.0;3.0;9.0;A01
201800021246;1.0;30;0;0.0;2.0;1.0;0.0;B01
201800021247;0.0;7;0;0.0;1.0;1.0;1.0;A01
201800021248;0.0;7;0;0.0;2.0;1.0;1.0;B01
201800021248;0.0;31;0;0.0;2.0;8.0;19.0;M01
201800021249;;7;0;0.0;1.0;2.0;1.0;A01
201800021250;0.0;7;0;0.0;2.0;1.0;13.0;A01
201800021250;0.0;30;0;0.0;2.0;1.0;0.0;B01
201800021251;0.0;7;0;0.0;2.0;1.0;0.0;A01
201800021251;0.0;7;0;0.0;2.0;1.0;1.0;B01
201800021252;1.0;31;0;0.0;2.0;8.0;1.0;B01
201800021252;1.0;7;0;0.0;2.0;1.0;19.0;A01
201800021253;0.0;7;0;0.0;2.0;1.0;9.0;A01
201800021253;0.0;1;0;0.0;2.0;7.0;0.0;B01
201800021254;0.0;7;0;0.0;2.0;1.0;21.0;A01
201800021254;0.0;7;0;0.0;2.0;1.0;0.0;B01
201800021255;1.0;7;0;0.0;2.0;2.0;1.0;A01
201800021255;0.0;2;0;0.0;2.0;3.0;1.0;B01
201800021256;1.0;7;0;0.0;1.0;7.0;1.0;A01
201800021257;1.0;3;0;0.0;2.0;7.0;0.0;A01
201800021257;0.0;2;0;0.0;2.0;4.0;0.0;B01
201800021258;0.0;7;0;0.0;2.0;1.0;0.0;A01
201800021258;0.0;37;10;0.0;2.0;7.0;0.0;B01
201800021259;1.0;10;0;0.0;2.0;2.0;0.0;B01
201800021259;0.0;7;0;0.0;2.0;1.0;0.0;A01
201800021260;2.0;7;0;0.0;2.0;1.0;0.0;A01
201800021260;2.0;7;0;0.0;2.0;3.0;0.0;B01
201800021261;1.0;7;0;0.0;2.0;4.0;2.0;B01
201800021261;1.0;7;0;0.0;2.0;1.0;2.0;A01
201800021262;0.0;7;0;0.0;2.0;1.0;0.0;A01
201800021262;0.0;34;0;0.0;2.0;2.0;0.0;B01
201800021263;0.0;7;0;0.0;2.0;0.0;0.0;A01
201800021263;1.0;1;0;0.0;2.0;0.0;0.0;B01
201800021264;0.0;7;0;0.0;2.0;2.0;5.0;A01
201800021264;0.0;7;0;0.0;2.0;1.0;1.0;B01
201800021265;1.0;7;0;0.0;1.0;1.0;1.0;A01
201800021266;2.0;7;0;0.0;1.0;3.0;1.0;A01
201800021267;1.0;7;0;0.0;1.0;2.0;1.0;A01
201800021268;1.0;37;1;0.0;2.0;5.0;15.0;A01
201800021268;1.0;32;0;0.0;2.0;1.0;1.0;B01
201800021269;0.0;7;0;0.0;1.0;4.0;1.0;A01
201800021270;2.0;7;0;0.0;2.0;3.0;10.0;A01
201800021270;1.0;33;0;0.0;2.0;1.0;1.0;B01
201800021271;2.0;7;0;0.0;2.0;0.0;15.0;A01
201800021271;1.0;7;0;0.0;2.0;0.0;1.0;B01
201800021272;0.0;2;0;0.0;2.0;1.0;15.0;B01
201800021272;0.0;7;0;0.0;2.0;3.0;1.0;A01
201800021273;2.0;7;0;0.0;2.0;7.0;17.0;A01
201800021273;2.0;7;0;0.0;2.0;0.0;1.0;B01
201800021274;0.0;7;0;0.0;1.0;1.0;1.0;A01
201800021275;0.0;31;0;5.0;0.0;1.0;0.0;A01
201800021276;0.0;7;0;0.0;2.0;2.0;15.0;A01
201800021276;0.0;7;0;0.0;2.0;3.0;1.0;B01
201800021277;0.0;1;0;0.0;2.0;0.0;9.0;A01
201800021277;0.0;7;0;0.0;2.0;0.0;1.0;B01
201800021278;1.0;7;0;0.0;2.0;1.0;13.0;A01
201800021278;2.0;7;0;0.0;2.0;1.0;1.0;B01
201800021279;0.0;7;0;0.0;1.0;1.0;1.0;A01
201800021280;0.0;7;0;0.0;2.0;3.0;15.0;A01
201800021280;0.0;33;0;0.0;2.0;7.0;1.0;B01
201800021281;2.0;7;0;13.0;0.0;0.0;1.0;A01
201800021282;0.0;7;0;0.0;1.0;3.0;0.0;A01
201800021282;0.0;7;0;0.0;0.0;3.0;23.0;B01
201800021283;0.0;7;0;0.0;2.0;1.0;0.0;A01
201800021283;0.0;7;0;0.0;2.0;2.0;15.0;B01
201800021284;1.0;7;0;0.0;2.0;9.0;1.0;A01
201800021284;1.0;7;0;4.0;2.0;7.0;17.0;B01
201800021285;1.0;7;0;0.0;2.0;7.0;1.0;A01
201800021285;2.0;7;0;0.0;2.0;1.0;1.0;B01
201800021286;0.0;7;0;0.0;2.0;2.0;15.0;A01
201800021286;0.0;1;0;0.0;2.0;1.0;1.0;B01
201800021287;2.0;7;0;0.0;2.0;1.0;1.0;A01
201800021287;1.0;7;0;0.0;2.0;3.0;1.0;B01
201800021288;0.0;37;25;0.0;1.0;2.0;8.0;A01
201800021289;0.0;7;0;0.0;2.0;5.0;13.0;A01
201800021289;0.0;7;0;0.0;2.0;1.0;1.0;B01
201800021290;1.0;31;0;0.0;2.0;1.0;17.0;B01
201800021290;0.0;7;0;0.0;2.0;3.0;15.0;A01
201800021291;0.0;7;0;0.0;2.0;1.0;13.0;A01
201800021291;0.0;2;0;0.0;2.0;1.0;1.0;B01
201800021292;1.0;10;0;15.0;0.0;1.0;1.0;A01
201800021293;0.0;32;0;0.0;2.0;1.0;5.0;A01
201800021293;0.0;7;0;0.0;2.0;1.0;1.0;B01
201800021294;1.0;7;0;0.0;1.0;1.0;1.0;A01
201800021295;2.0;33;0;0.0;2.0;1.0;1.0;B01
201800021295;0.0;7;0;0.0;2.0;3.0;9.0;A01
201800021296;1.0;33;0;0.0;2.0;1.0;1.0;B01
201800021296;2.0;7;0;0.0;2.0;3.0;9.0;A01
201800021297;2.0;7;0;3.0;0.0;9.0;1.0;A01
201800021298;1.0;7;0;0.0;2.0;1.0;2.0;A01
201800021298;0.0;7;0;0.0;2.0;4.0;23.0;B01
201800021299;0.0;7;0;0.0;2.0;1.0;1.0;A01
201800021299;0.0;7;0;0.0;2.0;1.0;1.0;B01
201800021300;1.0;7;0;0.0;1.0;2.0;1.0;A01
201800021300;1.0;7;0;0.0;1.0;1.0;1.0;B01
201800021300;1.0;7;0;0.0;1.0;1.0;1.0;C01
201800021301;0.0;30;0;0.0;2.0;0.0;1.0;B01
201800021301;0.0;7;0;0.0;2.0;0.0;9.0;A01
201800021302;2.0;7;0;0.0;2.0;1.0;9.0;A01
201800021302;0.0;1;0;0.0;2.0;7.0;1.0;B01
201800021303;2.0;7;0;0.0;2.0;0.0;13.0;A01
201800021303;2.0;33;0;0.0;2.0;2.0;17.0;B01
201800021304;0.0;7;0;0.0;2.0;1.0;1.0;A01
201800021304;0.0;7;0;0.0;2.0;1.0;1.0;B01
201800021305;0.0;7;0;0.0;2.0;1.0;13.0;A01
201800021305;0.0;15;0;0.0;2.0;1.0;1.0;B01
201800021306;0.0;1;0;0.0;2.0;1.0;1.0;B01
201800021306;0.0;7;0;0.0;2.0;3.0;9.0;A01
201800021307;2.0;7;0;0.0;1.0;3.0;1.0;A01
201800021308;0.0;7;0;0.0;1.0;2.0;1.0;A01
201800021309;2.0;10;0;0.0;2.0;3.0;10.0;A01
201800021309;2.0;33;0;0.0;2.0;9.0;17.0;B01
201800021310;0.0;38;1;0.0;2.0;8.0;1.0;B01
201800021310;0.0;7;0;0.0;2.0;1.0;16.0;A01
201800021311;1.0;99;0;0.0;2.0;2.0;2.0;Z01
201800021311;1.0;33;0;0.0;2.0;4.0;2.0;A01
201800021312;0.0;7;0;0.0;2.0;1.0;1.0;A01
201800021312;0.0;1;0;0.0;2.0;1.0;1.0;B01
201800021313;1.0;7;0;0.0;1.0;2.0;1.0;A01
201800021314;0.0;2;0;0.0;2.0;3.0;16.0;A01
201800021314;0.0;7;0;0.0;2.0;3.0;15.0;B01
201800021315;0.0;21;0;0.0;0.0;0.0;0.0;A01
201800021315;0.0;33;0;0.0;0.0;0.0;2.0;B01
201800021316;2.0;7;0;13.0;0.0;2.0;2.0;A01
201800021317;0.0;2;0;0.0;2.0;1.0;0.0;A01
201800021317;0.0;10;0;0.0;2.0;7.0;15.0;B01
201800021318;0.0;7;0;0.0;1.0;2.0;1.0;A01
201800021319;0.0;7;0;0.0;9.0;3.0;1.0;A01
201800021319;0.0;1;0;0.0;2.0;3.0;13.0;B01
201800021320;2.0;33;0;0.0;2.0;8.0;15.0;A01
201800021320;1.0;7;0;0.0;2.0;2.0;1.0;B01
201800021321;0.0;33;0;13.0;0.0;2.0;1.0;A01
201800021322;2.0;33;0;0.0;2.0;3.0;17.0;A01
201800021322;1.0;7;0;0.0;9.0;3.0;1.0;B01
201800021323;0.0;33;0;0.0;2.0;1.0;17.0;A01
201800021323;0.0;13;0;0.0;2.0;1.0;15.0;B01
201800021324;1.0;7;0;0.0;2.0;1.0;0.0;A01
201800021324;2.0;10;0;0.0;2.0;1.0;1.0;B01
201800021325;0.0;7;0;0.0;2.0;1.0;13.0;A01
201800021325;0.0;7;0;0.0;2.0;1.0;1.0;B01
201800021326;1.0;7;0;6.0;0.0;3.0;14.0;A01
201800021327;0.0;33;0;4.0;0.0;4.0;1.0;A01
201800021328;0.0;7;0;0.0;9.0;3.0;16.0;A01
201800021328;0.0;1;0;0.0;2.0;1.0;1.0;B01
201800021329;1.0;10;0;0.0;2.0;2.0;1.0;A01
201800021329;2.0;1;0;0.0;2.0;8.0;0.0;B01
201800021330;1.0;33;0;0.0;2.0;8.0;0.0;A01
201800021330;2.0;7;0;0.0;2.0;8.0;0.0;B01
201800021331;0.0;7;0;0.0;0.0;3.0;15.0;A01
201800021331;0.0;33;0;0.0;2.0;1.0;1.0;B01
201800021332;1.0;7;0;0.0;2.0;1.0;1.0;A01
201800021332;2.0;2;0;0.0;2.0;1.0;13.0;B01
201800021333;1.0;7;0;0.0;2.0;2.0;15.0;A01
201800021333;2.0;2;0;0.0;2.0;1.0;1.0;B01
201800021334;0.0;2;0;0.0;2.0;8.0;15.0;A01
201800021334;0.0;7;0;0.0;2.0;1.0;1.0;B01
201800021335;1.0;31;0;0.0;0.0;7.0;1.0;A01
201800021336;1.0;33;0;0.0;0.0;7.0;2.0;A01
201800021337;0.0;7;0;2.0;0.0;8.0;14.0;A01
201800021338;0.0;7;0;0.0;0.0;3.0;1.0;A01
201800021338;0.0;7;0;0.0;0.0;3.0;1.0;B01
201800021339;0.0;33;0;6.0;0.0;1.0;15.0;A01
201800021340;1.0;33;0;0.0;0.0;0.0;17.0;A01
201800021341;2.0;33;0;3.0;0.0;1.0;1.0;A01
201800021342;1.0;7;0;0.0;0.0;9.0;0.0;A01
201800021343;0.0;7;0;0.0;9.0;2.0;1.0;A01
201800021343;0.0;1;0;0.0;2.0;1.0;0.0;B01
201800021344;2.0;7;0;0.0;2.0;6.0;23.0;B01
201800021344;2.0;33;0;0.0;2.0;1.0;1.0;A01
201800021345;1.0;7;0;0.0;2.0;1.0;17.0;A01
201800021345;1.0;1;0;0.0;0.0;4.0;2.0;B01
201800021346;1.0;7;0;0.0;0.0;0.0;2.0;A01
201800021346;1.0;7;0;0.0;0.0;6.0;14.0;B01
201800021346;1.0;33;0;0.0;2.0;1.0;2.0;C01
201800021347;0.0;2;0;0.0;0.0;0.0;0.0;A01
201800021348;2.0;33;0;12.0;0.0;1.0;1.0;A01
201800021349;0.0;7;0;13.0;0.0;1.0;0.0;A01
201800021350;1.0;7;0;0.0;2.0;1.0;2.0;A01
201800021350;1.0;7;0;0.0;0.0;4.0;2.0;B01
201800021351;0.0;99;0;0.0;1.0;2.0;2.0;A01
201800021352;0.0;99;0;0.0;2.0;1.0;9.0;B01
201800021352;0.0;10;0;0.0;9.0;1.0;1.0;A01
201800021353;2.0;7;0;6.0;0.0;3.0;14.0;A01
201800021354;1.0;33;0;5.0;0.0;2.0;19.0;A01
201800021355;2.0;33;0;0.0;2.0;1.0;1.0;B01
201800021355;0.0;7;0;0.0;2.0;3.0;15.0;A01
201800021356;1.0;7;0;0.0;2.0;7.0;13.0;A01
201800021356;1.0;7;0;0.0;2.0;1.0;1.0;B01
201800021357;1.0;2;0;0.0;2.0;1.0;13.0;A01
201800021357;1.0;7;0;0.0;2.0;3.0;1.0;B01
201800021358;1.0;17;0;0.0;2.0;2.0;15.0;A01
201800021358;2.0;30;0;0.0;2.0;1.0;1.0;B01
201800021359;1.0;7;0;13.0;0.0;1.0;1.0;A01
201800021360;1.0;16;0;13.0;0.0;1.0;0.0;A01
201800021361;1.0;7;0;0.0;1.0;2.0;1.0;A01
201800021362;1.0;7;0;0.0;2.0;7.0;0.0;A01
201800021362;2.0;7;0;0.0;2.0;1.0;1.0;B01
201800021363;0.0;2;0;0.0;0.0;0.0;1.0;A01
201800021364;0.0;7;0;1.0;1.0;4.0;4.0;A01
201800021365;2.0;33;0;2.0;0.0;2.0;1.0;A01
201800021366;2.0;33;0;0.0;2.0;2.0;1.0;A01
201800021366;2.0;7;0;0.0;2.0;1.0;9.0;B01
201800021367;1.0;10;0;2.0;0.0;1.0;1.0;A01
201800021368;0.0;7;0;0.0;2.0;3.0;1.0;B01
201800021368;0.0;7;0;0.0;2.0;1.0;1.0;A01
201800021369;0.0;2;0;0.0;0.0;4.0;15.0;A01
201800021369;0.0;2;0;0.0;2.0;1.0;2.0;B01
201800021370;2.0;2;0;0.0;2.0;1.0;1.0;B01
201800021370;2.0;7;0;0.0;0.0;8.0;16.0;A01