Num_Acc;senc;catv;occutc;obs;obsm;choc;manv;num_veh
201800021371;2.0;7;0;0.0;2.0;1.0;1.0;B01
201800021371;1.0;7;0;0.0;2.0;1.0;11.0;A01
201800021372;2.0;7;0;0.0;2.0;1.0;2.0;A01
201800021372;2.0;7;0;0.0;0.0;4.0;2.0;B01
201800021373;2.0;7;0;2.0;0.0;9.0;1.0;A01
201800021374;1.0;7;0;4.0;0.0;3.0;1.0;A01
201800021375;2.0;7;0;13.0;0.0;1.0;1.0;A01
201800021376;1.0;7;0;4.0;0.0;3.0;1.0;A01
201800021377;2.0;38;57;4.0;0.0;3.0;1.0;A01
201800021378;1.0;7;0;13.0;0.0;1.0;0.0;A01
201800021379;1.0;7;0;15.0;0.0;1.0;1.0;A01
201800021380;2.0;7;0;16.0;0.0;2.0;1.0;A01
201800021381;2.0;7;0;14.0;0.0;1.0;1.0;C01
201800021381;2.0;7;0;0.0;0.0;4.0;1.0;B01
201800021381;2.0;10;0;0.0;2.0;1.0;21.0;A01
201800021382;2.0;7;0;0.0;2.0;1.0;1.0;B01
201800021382;2.0;7;0;0.0;1.0;4.0;13.0;A01
201800021383;2.0;7;0;0.0;2.0;2.0;14.0;A01
201800021383;2.0;17;0;0.0;0.0;6.0;1.0;B01
201800021384;0.0;7;0;0.0;2.0;1.0;1.0;B01
201800021384;0.0;30;0;0.0;2.0;8.0;9.0;A01
201800021385;0.0;7;0;0.0;2.0;1.0;16.0;A01
201800021385;0.0;10;0;0.0;0.0;4.0;1.0;B01
201800021386;0.0;10;0;0.0;2.0;1.0;15.0;A01
201800021386;0.0;7;0;0.0;0.0;7.0;1.0;B01
201800021387;0.0;7;0;0.0;1.0;3.0;16.0;A01
201800021388;0.0;7;0;0.0;1.0;1.0;1.0;A01
201800021389;2.0;7;0;0.0;2.0;1.0;9.0;A01
201800021389;1.0;7;0;0.0;2.0;4.0;19.0;B01
201800021390;0.0;7;0;0.0;2.0;1.0;1.0;A01
201800021390;0.0;7;0;0.0;0.0;1.0;15.0;B01
201800021391;2.0;7;0;0.0;1.0;1.0;2.0;A01
201800021392;1.0;7;0;0.0;2.0;3.0;0.0;A01
201800021392;2.0;7;0;0.0;2.0;3.0;0.0;B01
201800021393;1.0;7;0;0.0;2.0;3.0;13.0;A01
201800021393;2.0;7;0;0.0;0.0;3.0;1.0;B01
201800021394;0.0;7;0;0.0;2.0;1.0;2.0;A01
201800021394;0.0;7;0;0.0;0.0;4.0;2.0;B01
201800021395;2.0;10;0;0.0;1.0;1.0;19.0;A01
201800021396;2.0;7;0;0.0;2.0;4.0;24.0;A01
201800021396;1.0;7;0;1.0;0.0;1.0;2.0;B01
201800021397;1.0;7;0;0.0;2.0;1.0;0.0;A01
201800021397;2.0;2;0;0.0;2.0;7.0;0.0;B01
201800021398;0.0;3;0;0.0;2.0;1.0;2.0;A01
201800021398;0.0;7;0;0.0;0.0;4.0;1.0;B01
201800021399;0.0;7;0;0.0;2.0;1.0;2.0;A01
201800021399;0.0;7;0;0.0;0.0;4.0;2.0;B01
201800021400;2.0;30;0;0.0;2.0;1.0;1.0;B01
201800021400;0.0;7;0;0.0;2.0;3.0;15.0;A01
201800021401;0.0;7;0;0.0;2.0;1.0;1.0;B01
201800021401;0.0;7;0;0.0;2.0;3.0;15.0;A01
201800021402;0.0;7;0;0.0;2.0;3.0;1.0;A01
201800021402;0.0;7;0;0.0;2.0;3.0;1.0;B01
201800021403;0.0;33;0;0.0;2.0;1.0;17.0;A01
201800021403;0.0;10;0;0.0;2.0;8.0;15.0;B01
201800021404;1.0;7;0;0.0;1.0;2.0;2.0;A01
201800021405;0.0;7;0;0.0;2.0;1.0;9.0;A01
201800021405;0.0;33;0;0.0;2.0;7.0;1.0;B01
201800021406;0.0;7;0;14.0;2.0;1.0;2.0;A01
201800021406;0.0;1;0;14.0;2.0;7.0;2.0;B01
201800021407;0.0;7;0;1.0;2.0;1.0;13.0;A01
201800021407;0.0;7;0;0.0;2.0;1.0;1.0;C01
201800021408;0.0;7;0;0.0;2.0;1.0;16.0;A01
201800021408;0.0;2;0;0.0;2.0;1.0;9.0;B01
201800021409;0.0;7;0;0.0;2.0;2.0;15.0;A01
201800021409;0.0;33;0;0.0;2.0;1.0;1.0;B01
201800021410;0.0;7;0;0.0;1.0;1.0;17.0;A01
201800021411;2.0;14;0;0.0;2.0;7.0;9.0;A01
201800021411;0.0;33;0;0.0;2.0;7.0;9.0;B01
201800021412;0.0;7;0;0.0;1.0;1.0;1.0;A01
201800021413;1.0;7;0;0.0;2.0;1.0;2.0;A01
201800021413;1.0;7;0;0.0;2.0;4.0;2.0;B01
201800021414;0.0;2;0;0.0;0.0;7.0;1.0;B01
201800021414;0.0;7;0;0.0;2.0;1.0;15.0;A01
201800021415;0.0;7;0;0.0;2.0;1.0;2.0;A01
201800021415;0.0;7;0;0.0;2.0;4.0;2.0;B01
201800021415;0.0;7;0;1.0;0.0;4.0;2.0;C01
201800021416;0.0;7;0;0.0;2.0;1.0;2.0;A01
201800021416;0.0;7;0;0.0;2.0;4.0;2.0;B01
201800021416;0.0;7;0;0.0;2.0;4.0;2.0;C01
201800021417;0.0;7;0;1.0;0.0;2.0;1.0;A01
201800021418;0.0;7;0;0.0;1.0;1.0;1.0;A01
201800021419;0.0;7;0;0.0;2.0;1.0;15.0;A01
201800021419;0.0;33;0;0.0;2.0;7.0;1.0;B01
201800021420;1.0;7;0;0.0;2.0;3.0;15.0;A01
201800021420;0.0;7;0;0.0;2.0;3.0;1.0;B01
201800021420;0.0;10;0;1.0;0.0;0.0;0.0;C01
201800021420;0.0;7;0;1.0;0.0;0.0;0.0;D01
201800021420;0.0;7;0;1.0;0.0;0.0;0.0;E01
201800021421;1.0;7;0;0.0;2.0;1.0;2.0;A01
201800021421;0.0;7;0;0.0;2.0;4.0;2.0;B01
201800021421;0.0;7;0;0.0;2.0;1.0;2.0;C01
201800021422;0.0;7;0;0.0;2.0;1.0;9.0;A01
201800021422;0.0;7;0;0.0;2.0;4.0;2.0;B01
201800021422;0.0;7;0;0.0;0.0;4.0;2.0;C01
201800021423;1.0;7;0;0.0;2.0;1.0;2.0;A01
201800021423;1.0;7;0;0.0;0.0;4.0;23.0;B01
201800021424;0.0;7;0;0.0;1.0;1.0;1.0;A01
201800021425;0.0;7;0;0.0;0.0;4.0;1.0;B01
201800021425;0.0;7;0;0.0;2.0;1.0;2.0;A01
201800021426;0.0;3;0;0.0;2.0;1.0;2.0;A01
201800021426;0.0;7;0;0.0;0.0;4.0;15.0;B01
201800021427;0.0;7;0;0.0;2.0;1.0;15.0;A01
201800021427;0.0;31;0;0.0;0.0;8.0;1.0;B01
201800021428;0.0;7;0;0.0;2.0;1.0;9.0;A01
201800021428;0.0;7;0;9.0;2.0;8.0;1.0;B01
201800021429;0.0;7;0;0.0;2.0;1.0;1.0;A01
201800021429;0.0;7;0;0.0;0.0;1.0;1.0;B01
201800021430;0.0;7;0;0.0;2.0;7.0;9.0;A01
201800021430;0.0;33;0;0.0;2.0;1.0;0.0;B01
201800021431;0.0;7;0;0.0;1.0;1.0;0.0;A01
201800021432;2.0;7;0;0.0;2.0;1.0;9.0;A01
201800021432;2.0;33;0;0.0;2.0;0.0;0.0;B01
201800021433;0.0;7;0;0.0;1.0;1.0;0.0;A01
201800021434;0.0;7;0;0.0;2.0;1.0;2.0;A01
201800021434;0.0;33;0;0.0;2.0;4.0;2.0;B01
201800021435;0.0;30;0;0.0;2.0;1.0;2.0;A01
201800021435;0.0;7;0;0.0;0.0;4.0;2.0;B01
201800021436;0.0;31;0;0.0;0.0;2.0;1.0;B01
201800021436;0.0;37;46;0.0;2.0;3.0;9.0;A01
201800021437;0.0;7;0;0.0;1.0;1.0;1.0;A01
201800021438;0.0;37;5;0.0;2.0;1.0;2.0;A01
201800021438;0.0;7;0;0.0;0.0;4.0;1.0;B01
201800021439;0.0;7;0;0.0;2.0;1.0;0.0;A01
201800021439;0.0;1;0;0.0;0.0;4.0;9.0;B01
201800021440;2.0;7;0;0.0;2.0;2.0;15.0;A01
201800021440;1.0;7;0;0.0;2.0;1.0;1.0;B01
201800021441;0.0;30;0;0.0;2.0;1.0;18.0;A01
201800021441;0.0;7;0;0.0;0.0;0.0;0.0;B01
201800021442;1.0;10;0;0.0;2.0;1.0;2.0;A01
201800021442;1.0;7;0;0.0;0.0;4.0;23.0;B01
201800021443;0.0;7;0;0.0;2.0;1.0;2.0;A01
201800021443;0.0;7;0;0.0;2.0;4.0;2.0;B01
201800021444;0.0;2;0;0.0;2.0;5.0;0.0;A01
201800021444;0.0;7;0;0.0;2.0;1.0;1.0;B01
201800021445;0.0;7;0;1.0;2.0;1.0;1.0;A01
201800021445;0.0;7;0;0.0;2.0;4.0;20.0;B01
201800021446;0.0;3;0;0.0;1.0;7.0;0.0;A01
201800021447;0.0;10;0;0.0;2.0;1.0;2.0;A01
201800021447;0.0;7;0;0.0;2.0;4.0;2.0;B01
201800021447;0.0;7;0;0.0;0.0;4.0;1.0;C01
201800021448;0.0;31;0;0.0;2.0;0.0;1.0;A01
201800021448;0.0;7;0;0.0;2.0;8.0;1.0;B01
201800021448;0.0;7;0;0.0;2.0;8.0;1.0;C01
201800021449;0.0;7;0;0.0;2.0;5.0;9.0;A01
201800021449;0.0;31;0;0.0;2.0;1.0;1.0;B01
201800021450;0.0;7;0;0.0;2.0;1.0;1.0;A01
201800021450;0.0;10;0;0.0;2.0;4.0;9.0;B01
201800021451;0.0;7;0;0.0;2.0;1.0;2.0;A01
201800021451;0.0;7;0;0.0;2.0;4.0;2.0;B01
201800021452;0.0;7;0;16.0;0.0;1.0;1.0;A01
201800021453;2.0;7;0;0.0;2.0;8.0;1.0;B01
201800021453;2.0;7;0;0.0;2.0;1.0;15.0;A01
201800021454;0.0;7;0;0.0;1.0;3.0;19.0;A01
201800021455;1.0;7;0;0.0;2.0;1.0;2.0;A01
201800021455;1.0;7;0;0.0;2.0;4.0;23.0;B01
201800021455;1.0;7;0;0.0;2.0;4.0;23.0;C01
201800021456;1.0;7;0;0.0;2.0;1.0;2.0;A01
201800021456;1.0;7;0;0.0;5.0;1.0;1.0;B01
201800021457;0.0;7;0;0.0;2.0;3.0;2.0;A01
201800021457;0.0;33;0;0.0;2.0;5.0;17.0;B01
201800021458;0.0;7;0;0.0;2.0;1.0;2.0;A01
201800021458;0.0;7;0;0.0;0.0;4.0;1.0;B01
201800021459;0.0;33;0;0.0;2.0;1.0;13.0;A01
201800021459;0.0;7;0;0.0;2.0;1.0;1.0;B01
201800021460;0.0;7;0;0.0;1.0;1.0;1.0;A01
201800021461;0.0;33;0;0.0;2.0;1.0;1.0;B01
201800021461;0.0;7;0;0.0;2.0;3.0;15.0;A01
201800021462;0.0;7;0;0.0;1.0;1.0;1.0;A01
201800021463;0.0;10;0;0.0;2.0;5.0;1.0;A01
201800021463;0.0;7;0;0.0;2.0;3.0;18.0;B01
201800021464;0.0;7;0;0.0;2.0;1.0;2.0;A01
201800021464;0.0;7;0;0.0;2.0;4.0;1.0;B01
201800021465;0.0;7;0;0.0;2.0;3.0;13.0;A01
201800021465;0.0;7;0;0.0;2.0;3.0;1.0;B01
201800021466;0.0;7;0;0.0;1.0;2.0;1.0;A01
201800021467;0.0;7;0;0.0;2.0;1.0;1.0;A01
201800021467;0.0;7;0;0.0;0.0;4.0;1.0;B01
201800021468;1.0;7;0;2.0;0.0;3.0;0.0;A01
201800021469;2.0;7;0;0.0;2.0;3.0;17.0;A01
201800021469;1.0;33;0;0.0;2.0;8.0;1.0;B01
201800021470;2.0;7;0;5.0;0.0;2.0;1.0;A01
201800021471;2.0;33;0;0.0;2.0;1.0;1.0;A01
201800021471;2.0;7;0;0.0;2.0;8.0;15.0;B01
201800021472;1.0;7;0;2.0;0.0;1.0;1.0;A01
201800021473;0.0;7;0;16.0;0.0;9.0;1.0;A01
201800021474;0.0;10;0;0.0;1.0;1.0;16.0;A01
201800021475;2.0;7;0;0.0;1.0;1.0;1.0;A01
201800021476;1.0;7;0;0.0;2.0;1.0;17.0;A01
201800021476;1.0;14;0;0.0;2.0;6.0;1.0;C01
201800021476;2.0;7;0;0.0;2.0;1.0;1.0;B01
201800021477;1.0;7;0;0.0;9.0;2.0;1.0;A01
201800021477;1.0;1;0;0.0;2.0;8.0;16.0;B01
201800021478;1.0;30;0;2.0;0.0;1.0;1.0;A01
201800021479;2.0;7;0;2.0;0.0;1.0;14.0;A01
201800021480;1.0;7;0;0.0;2.0;3.0;1.0;B01
201800021480;2.0;10;0;0.0;2.0;2.0;15.0;A01
201800021481;1.0;36;0;1.0;0.0;1.0;1.0;A01
201800021482;1.0;7;0;0.0;1.0;3.0;1.0;A01
201800021483;2.0;7;0;0.0;1.0;1.0;1.0;A01
201800021484;2.0;31;0;0.0;2.0;1.0;1.0;B01
201800021484;1.0;7;0;0.0;9.0;8.0;15.0;A01
201800021485;1.0;7;0;0.0;2.0;7.0;14.0;A01
201800021485;1.0;99;0;0.0;2.0;0.0;0.0;R01
201800021486;2.0;31;0;0.0;2.0;1.0;2.0;A01
201800021486;2.0;7;0;0.0;2.0;2.0;9.0;B01
201800021487;0.0;7;0;2.0;0.0;1.0;21.0;A01
201800021488;1.0;33;0;0.0;2.0;1.0;17.0;A01
201800021488;1.0;7;0;0.0;2.0;3.0;15.0;B01
201800021489;2.0;7;0;8.0;0.0;1.0;14.0;A01
201800021490;2.0;7;0;2.0;0.0;1.0;1.0;A01
201800021491;1.0;35;0;0.0;2.0;1.0;1.0;A01
201800021491;2.0;7;0;0.0;2.0;5.0;1.0;B01
201800021492;2.0;7;0;0.0;2.0;3.0;2.0;B01
201800021492;1.0;7;0;0.0;2.0;1.0;0.0;A01
201800021493;1.0;7;0;0.0;2.0;1.0;1.0;B01
201800021493;0.0;7;0;0.0;2.0;2.0;0.0;A01
201800021494;0.0;7;0;0.0;1.0;1.0;1.0;A01
201800021495;1.0;7;0;0.0;2.0;1.0;1.0;A01
201800021495;1.0;7;0;0.0;2.0;4.0;1.0;B01
201800021495;1.0;7;0;0.0;2.0;4.0;23.0;C01
201800021496;0.0;7;0;8.0;2.0;6.0;1.0;A01
201800021496;0.0;7;0;12.0;2.0;1.0;1.0;B01
201800021497;1.0;7;0;0.0;1.0;0.0;0.0;A01
201800021498;1.0;10;0;0.0;1.0;1.0;15.0;A01
201800021499;0.0;33;0;0.0;2.0;1.0;1.0;B01
201800021499;0.0;7;0;0.0;2.0;7.0;1.0;A01
201800021500;2.0;7;0;1.0;0.0;1.0;1.0;A01
201800021500;0.0;7;0;1.0;2.0;7.0;0.0;B01
201800021500;0.0;7;0;1.0;0.0;4.0;0.0;C01
201800021501;1.0;7;0;0.0;2.0;1.0;15.0;A01
201800021501;2.0;33;0;0.0;2.0;1.0;0.0;B01
201800021502;0.0;7;0;0.0;2.0;4.0;0.0;B01
201800021502;0.0;7;0;0.0;2.0;1.0;0.0;A01
201800021503;1.0;7;0;1.0;0.0;1.0;14.0;A01
201800021503;0.0;10;0;1.0;2.0;5.0;0.0;B01
201800021503;0.0;7;0;1.0;0.0;7.0;0.0;C01
201800021504;0.0;30;0;0.0;2.0;1.0;1.0;A01
201800021504;0.0;7;0;0.0;2.0;3.0;15.0;B01
201800021505;0.0;7;0;0.0;2.0;1.0;1.0;A01
201800021505;0.0;7;0;0.0;2.0;8.0;1.0;B01
201800021506;1.0;7;0;13.0;0.0;0.0;1.0;A01
201800021507;0.0;7;0;0.0;2.0;1.0;1.0;A01
201800021507;0.0;7;0;0.0;2.0;8.0;1.0;B01
201800021508;2.0;7;0;0.0;2.0;2.0;0.0;B01
201800021508;1.0;30;0;0.0;2.0;9.0;1.0;A01
201800021509;1.0;30;0;12.0;0.0;1.0;14.0;A01
201800021510;1.0;7;0;0.0;2.0;5.0;15.0;A01
201800021510;2.0;33;0;0.0;2.0;1.0;1.0;B01
201800021511;1.0;13;0;0.0;1.0;5.0;1.0;A01
201800021512;1.0;33;0;0.0;2.0;1.0;17.0;A01
201800021512;1.0;7;0;0.0;2.0;5.0;15.0;B01
201800021513;2.0;7;0;0.0;2.0;1.0;0.0;B01
201800021513;1.0;33;0;0.0;2.0;1.0;1.0;C01
201800021513;1.0;7;0;0.0;2.0;3.0;15.0;A01
201800021514;2.0;7;0;0.0;2.0;1.0;2.0;A01
201800021514;2.0;30;0;0.0;2.0;1.0;23.0;B01
201800021514;2.0;7;0;0.0;2.0;4.0;23.0;C01
201800021515;1.0;10;0;0.0;2.0;1.0;1.0;A01
201800021515;1.0;2;0;0.0;2.0;6.0;1.0;B01
201800021516;1.0;7;0;11.0;0.0;1.0;14.0;A01
201800021517;0.0;14;0;0.0;2.0;4.0;1.0;A01
201800021517;0.0;7;0;0.0;6.0;3.0;1.0;B01
201800021518;0.0;7;0;2.0;0.0;9.0;1.0;A01
201800021519;1.0;7;0;0.0;2.0;4.0;1.0;A01
201800021519;1.0;30;0;0.0;2.0;1.0;1.0;B01
201800021520;2.0;30;0;0.0;2.0;1.0;17.0;A01
201800021520;2.0;7;0;0.0;2.0;8.0;15.0;B01
201800021521;1.0;15;0;12.0;0.0;3.0;1.0;A01
201800021522;2.0;37;5;12.0;0.0;1.0;13.0;A01
201800021523;1.0;7;0;2.0;0.0;1.0;14.0;A01
201800021524;2.0;7;0;3.0;2.0;4.0;2.0;D01
201800021524;2.0;7;0;0.0;1.0;1.0;2.0;B01
201800021524;2.0;7;0;3.0;2.0;1.0;2.0;C01
201800021524;2.0;7;0;0.0;2.0;3.0;2.0;A01
201800021525;1.0;7;0;0.0;2.0;4.0;2.0;A01
201800021525;1.0;7;0;0.0;2.0;1.0;2.0;B01
201800021526;2.0;7;0;2.0;0.0;1.0;13.0;A01
201800021527;2.0;7;0;0.0;0.0;0.0;0.0;A01
201800021528;0.0;7;0;0.0;1.0;1.0;1.0;A01
201800021529;1.0;7;0;8.0;0.0;1.0;1.0;A01
201800021530;1.0;7;0;0.0;1.0;1.0;1.0;A01
201800021531;2.0;7;0;0.0;2.0;8.0;17.0;A01
201800021531;1.0;34;0;0.0;2.0;1.0;1.0;B01
201800021532;2.0;33;0;0.0;2.0;1.0;1.0;A01
201800021532;1.0;7;0;0.0;2.0;1.0;1.0;B01
201800021533;1.0;34;0;15.0;0.0;2.0;1.0;A01
201800021534;2.0;2;0;0.0;2.0;1.0;1.0;A01
201800021534;2.0;10;0;0.0;0.0;4.0;15.0;B01
201800021535;0.0;7;0;0.0;2.0;3.0;15.0;A01
201800021535;0.0;33;0;0.0;2.0;1.0;1.0;B01
201800021536;2.0;2;0;0.0;2.0;3.0;13.0;A01
201800021536;1.0;7;0;0.0;2.0;3.0;1.0;B01
201800021537;2.0;2;0;0.0;2.0;1.0;1.0;A01
201800021537;0.0;7;0;0.0;2.0;3.0;15.0;B01
201800021538;1.0;7;0;0.0;2.0;2.0;10.0;A01
201800021538;1.0;7;0;0.0;2.0;2.0;1.0;B01
201800021539;2.0;7;0;6.0;2.0;5.0;1.0;B01
201800021539;;7;0;;;;;A01
201800021540;2.0;7;0;0.0;2.0;1.0;5.0;A01
201800021540;1.0;7;0;0.0;2.0;1.0;1.0;B01
201800021541;1.0;10;0;0.0;1.0;5.0;4.0;A01
201800021542;1.0;7;0;0.0;1.0;2.0;16.0;A01
201800021543;1.0;7;0;1.0;0.0;7.0;16.0;A01
201800021543;1.0;31;0;0.0;2.0;6.0;23.0;B01
201800021544;0.0;7;0;7.0;0.0;9.0;14.0;A01
201800021545;0.0;33;0;0.0;2.0;1.0;17.0;A01
201800021545;0.0;7;0;0.0;2.0;6.0;17.0;B01
201800021546;0.0;30;0;0.0;2.0;1.0;1.0;A01
201800021546;0.0;7;0;0.0;2.0;2.0;15.0;B01
201800021547;0.0;33;0;0.0;0.0;8.0;1.0;A01
201800021548;0.0;30;0;0.0;0.0;8.0;9.0;A01
201800021549;1.0;1;0;0.0;2.0;2.0;1.0;A01
201800021549;0.0;7;0;0.0;6.0;3.0;15.0;B01
201800021550;0.0;7;0;10.0;0.0;1.0;1.0;A01
201800021551;1.0;7;0;2.0;0.0;2.0;13.0;A01
201800021552;1.0;7;0;6.0;0.0;1.0;1.0;A01
201800021553;0.0;7;0;6.0;2.0;1.0;9.0;A01
201800021553;0.0;7;0;6.0;2.0;2.0;19.0;B01
201800021554;1.0;7;0;0.0;2.0;4.0;23.0;A01
201800021554;1.0;13;0;0.0;2.0;1.0;1.0;B01
201800021555;0.0;7;0;0.0;2.0;1.0;17.0;A01
201800021555;1.0;7;0;0.0;2.0;6.0;15.0;B01
201800021556;2.0;7;0;0.0;1.0;0.0;0.0;A01
201800021557;2.0;7;0;0.0;0.0;1.0;1.0;A01
201800021558;1.0;7;0;0.0;1.0;0.0;0.0;A01
201800021559;1.0;1;0;0.0;2.0;1.0;1.0;B01
201800021559;0.0;7;0;0.0;6.0;3.0;15.0;A01
201800021560;1.0;7;0;0.0;1.0;1.0;1.0;A01
201800021561;1.0;7;0;0.0;1.0;2.0;0.0;A01
201800021562;0.0;31;0;0.0;2.0;1.0;5.0;A01
201800021562;0.0;7;0;0.0;2.0;3.0;15.0;B01
201800021562;0.0;37;50;0.0;2.0;3.0;16.0;C01
201800021563;0.0;7;0;0.0;2.0;8.0;0.0;A01
201800021563;0.0;7;0;0.0;2.0;0.0;0.0;B01
201800021564;0.0;7;0;0.0;2.0;1.0;1.0;B01
201800021564;0.0;7;0;0.0;2.0;2.0;1.0;A01
201800021565;0.0;7;0;0.0;2.0;2.0;1.0;A01
201800021565;0.0;7;0;0.0;2.0;5.0;0.0;B01
201800021566;0.0;7;0;0.0;1.0;2.0;0.0;A01
201800021567;1.0;7;0;0.0;2.0;2.0;1.0;A01
201800021567;0.0;7;0;0.0;2.0;3.0;15.0;B01
201800021568;1.0;7;0;0.0;2.0;7.0;1.0;A01
201800021568;1.0;7;0;0.0;2.0;1.0;1.0;B01
201800021569;0.0;33;0;0.0;2.0;1.0;17.0;A01
201800021569;0.0;7;0;0.0;2.0;1.0;9.0;B01
201800021570;1.0;7;0;0.0;1.0;1.0;2.0;A01
201800021571;0.0;7;0;0.0;1.0;2.0;0.0;A01
201800021572;1.0;7;0;2.0;0.0;1.0;13.0;A01
201800021573;0.0;7;0;0.0;2.0;3.0;19.0;A01
201800021573;0.0;99;0;0.0;2.0;8.0;19.0;B01
201800021574;0.0;1;0;0.0;1.0;1.0;0.0;A01
201800021575;2.0;33;0;0.0;2.0;6.0;1.0;B01
201800021575;0.0;7;0;0.0;2.0;1.0;16.0;A01
201800021576;1.0;2;0;0.0;2.0;1.0;19.0;A01
201800021576;2.0;7;0;0.0;2.0;2.0;1.0;B01
201800021576;1.0;7;0;0.0;9.0;3.0;1.0;C01
201800021577;2.0;33;0;13.0;0.0;1.0;1.0;A01
201800021578;1.0;7;0;0.0;2.0;1.0;1.0;A01
201800021578;1.0;7;0;0.0;2.0;7.0;1.0;B01
201800021579;2.0;31;0;0.0;2.0;3.0;13.0;A01
201800021579;1.0;7;0;0.0;2.0;3.0;1.0;B01
201800021580;2.0;7;0;0.0;2.0;1.0;1.0;B01
201800021580;1.0;7;0;7.0;0.0;5.0;1.0;A01
201800021581;2.0;7;0;0.0;2.0;3.0;5.0;A01
201800021581;1.0;33;0;0.0;2.0;1.0;1.0;B01
201800021582;2.0;7;0;0.0;2.0;3.0;1.0;A01
201800021582;2.0;7;0;0.0;2.0;8.0;1.0;B02
201800021583;1.0;7;0;0.0;2.0;3.0;9.0;A01
201800021583;2.0;1;0;0.0;0.0;4.0;1.0;B01
201800021584;2.0;10;0;4.0;0.0;2.0;0.0;A01
201800021585;1.0;15;0;0.0;2.0;8.0;2.0;A01
201800021585;1.0;10;0;0.0;2.0;7.0;9.0;B01
201800021585;1.0;10;0;0.0;2.0;7.0;2.0;C01
201800021586;2.0;7;0;0.0;2.0;1.0;5.0;A01
201800021586;2.0;13;0;0.0;2.0;1.0;1.0;B01
201800021587;1.0;7;0;0.0;2.0;3.0;1.0;A01
201800021587;2.0;14;0;0.0;2.0;3.0;1.0;B01
201800021588;2.0;33;0;11.0;2.0;1.0;17.0;A01
201800021588;2.0;15;0;0.0;2.0;8.0;1.0;B01
201800021589;1.0;7;0;4.0;0.0;8.0;0.0;A01
201800021590;2.0;7;0;0.0;0.0;0.0;1.0;A01
201800021590;1.0;7;0;0.0;9.0;1.0;1.0;B01
201800021591;1.0;7;0;3.0;2.0;8.0;1.0;B01
201800021591;2.0;15;0;3.0;2.0;7.0;6.0;A01
201800021591;1.0;7;0;3.0;2.0;8.0;1.0;C01
201800021592;2.0;7;0;0.0;9.0;1.0;1.0;B01
201800021592;1.0;7;0;3.0;0.0;3.0;1.0;A01
201800021593;2.0;7;0;13.0;0.0;2.0;1.0;A01
201800021594;1.0;7;0;0.0;1.0;2.0;19.0;A01
201800021595;0.0;38;10;0.0;1.0;5.0;1.0;A01
201800021596;0.0;7;0;0.0;1.0;2.0;1.0;A01
201800021597;0.0;33;0;0.0;0.0;0.0;23.0;A01
201800021598;0.0;7;0;0.0;2.0;3.0;1.0;A01
201800021598;0.0;7;0;0.0;2.0;2.0;15.0;B01
201800021599;0.0;7;0;4.0;2.0;3.0;1.0;A01
201800021599;0.0;7;0;0.0;2.0;3.0;1.0;B01
201800021600;0.0;34;0;0.0;0.0;0.0;0.0;A01
201800021601;0.0;1;0;13.0;0.0;1.0;1.0;B01
201800021601;0.0;14;0;0.0;0.0;0.0;21.0;A01
201800021602;0.0;10;0;0.0;2.0;1.0;1.0;A01
201800021602;0.0;7;0;2.0;2.0;4.0;2.0;B01
201800021603;0.0;31;0;0.0;2.0;3.0;1.0;B01
201800021603;0.0;7;0;0.0;2.0;3.0;15.0;A01
201800021604;2.0;7;0;0.0;2.0;4.0;23.0;B01
201800021604;2.0;7;0;0.0;2.0;1.0;1.0;A01
201800021604;2.0;7;0;0.0;2.0;4.0;23.0;C01
201800021605;0.0;10;0;0.0;2.0;5.0;15.0;B01
201800021605;0.0;1;0;0.0;2.0;1.0;1.0;A01
201800021606;0.0;99;0;0.0;2.0;1.0;1.0;A01
201800021606;0.0;99;0;0.0;2.0;1.0;1.0;B01
201800021607;2.0;7;0;2.0;0.0;2.0;14.0;A01
201800021608;1.0;33;0;3.0;0.0;0.0;1.0;A01
201800021609;2.0;7;0;3.0;0.0;0.0;1.0;A01
201800021610;2.0;7;0;4.0;0.0;3.0;17.0;A01
201800021611;2.0;7;0;13.0;0.0;1.0;17.0;A01
201800021612;2.0;7;0;0.0;2.0;4.0;23.0;C01
201800021612;2.0;7;0;0.0;2.0;1.0;2.0;A01
201800021612;2.0;7;0;0.0;2.0;4.0;2.0;B01
201800021613;2.0;7;0;0.0;0.0;2.0;0.0;A01
201800021614;2.0;7;0;0.0;9.0;1.0;0.0;B01
201800021614;2.0;17;0;1.0;0.0;2.0;0.0;A01
201800021615;1.0;7;0;0.0;2.0;2.0;21.0;B01
201800021615;1.0;7;0;4.0;0.0;2.0;1.0;A01
201800021616;2.0;7;0;0.0;2.0;4.0;2.0;B01
201800021616;2.0;7;0;0.0;2.0;1.0;2.0;A01
201800021617;2.0;15;0;0.0;2.0;4.0;2.0;B01
201800021617;2.0;7;0;0.0;2.0;1.0;2.0;A01
201800021618;2.0;7;0;0.0;2.0;3.0;13.0;A01
201800021618;1.0;14;0;0.0;2.0;3.0;1.0;B01
201800021619;1.0;7;0;13.0;0.0;9.0;17.0;A01
201800021620;1.0;14;0;0.0;2.0;1.0;13.0;A01
201800021620;2.0;7;0;0.0;2.0;1.0;1.0;B01
201800021621;1.0;7;0;4.0;0.0;1.0;2.0;A01
201800021622;2.0;17;0;0.0;2.0;4.0;2.0;B01
201800021622;2.0;10;0;0.0;2.0;1.0;2.0;A01
201800021623;1.0;7;0;3.0;9.0;3.0;13.0;A01