Num_Acc;senc;catv;occutc;obs;obsm;choc;manv;num_veh
201800022680;1.0;7;0;13.0;0.0;6.0;0.0;A01
201800022681;2.0;7;0;0.0;2.0;1.0;1.0;A01
201800022681;1.0;7;0;0.0;2.0;1.0;1.0;B01
201800022682;1.0;7;0;0.0;2.0;1.0;1.0;A01
201800022682;2.0;7;0;0.0;2.0;1.0;5.0;B01
201800022683;2.0;7;0;2.0;0.0;1.0;17.0;A01
201800022684;1.0;21;0;0.0;0.0;8.0;1.0;A01
201800022685;1.0;2;0;0.0;0.0;0.0;1.0;A01
201800022686;2.0;7;0;0.0;1.0;1.0;19.0;A01
201800022687;2.0;7;0;16.0;0.0;2.0;1.0;A01
201800022688;1.0;7;0;0.0;2.0;2.0;13.0;B01
201800022688;2.0;7;0;0.0;2.0;3.0;9.0;C01
201800022689;1.0;7;0;0.0;0.0;1.0;1.0;A01
201800022689;0.0;7;0;6.0;0.0;3.0;15.0;B01
201800022690;1.0;7;0;0.0;2.0;1.0;15.0;A01
201800022690;2.0;7;0;0.0;2.0;3.0;1.0;B01
201800022691;2.0;7;0;0.0;2.0;3.0;1.0;B01
201800022691;1.0;2;0;0.0;2.0;1.0;5.0;A01
201800022692;1.0;21;0;0.0;0.0;4.0;2.0;B01
201800022692;1.0;7;0;0.0;2.0;1.0;2.0;A01
201800022693;2.0;7;0;0.0;1.0;2.0;1.0;A01
201800022694;2.0;7;0;3.0;0.0;7.0;1.0;A01
201800022695;1.0;7;0;0.0;2.0;1.0;1.0;A01
201800022695;1.0;17;0;0.0;2.0;4.0;2.0;B01
201800022696;2.0;7;0;0.0;2.0;1.0;6.0;A01
201800022696;1.0;14;0;0.0;2.0;3.0;1.0;B01
201800022697;1.0;7;0;4.0;2.0;9.0;0.0;A01
201800022697;1.0;7;0;0.0;2.0;8.0;0.0;B01
201800022698;1.0;33;0;0.0;2.0;1.0;1.0;A01
201800022698;1.0;7;0;0.0;0.0;7.0;14.0;B01
201800022699;2.0;7;0;0.0;2.0;2.0;14.0;A01
201800022699;2.0;10;0;0.0;0.0;6.0;1.0;B01
201800022699;2.0;7;0;0.0;0.0;7.0;1.0;C01
201800022700;2.0;7;0;0.0;0.0;4.0;1.0;A01
201800022700;2.0;7;0;0.0;2.0;1.0;1.0;B01
201800022701;1.0;7;0;1.0;1.0;1.0;0.0;A01
201800022701;1.0;7;0;14.0;2.0;6.0;1.0;C01
201800022702;1.0;7;0;1.0;0.0;1.0;14.0;A01
201800022702;1.0;17;0;0.0;0.0;4.0;24.0;B01
201800022703;1.0;7;0;0.0;0.0;0.0;5.0;A01
201800022703;2.0;7;0;4.0;0.0;3.0;21.0;B01
201800022704;2.0;7;0;3.0;0.0;2.0;0.0;A01
201800022705;2.0;7;0;4.0;0.0;3.0;0.0;A01
201800022706;1.0;7;0;0.0;1.0;1.0;1.0;A01
201800022707;1.0;7;0;0.0;0.0;0.0;1.0;A01
201800022708;2.0;7;0;2.0;0.0;8.0;13.0;A01
201800022709;1.0;15;0;0.0;2.0;3.0;1.0;A01
201800022709;2.0;10;0;0.0;2.0;8.0;1.0;B01
201800022710;1.0;1;0;8.0;0.0;8.0;16.0;A01
201800022711;1.0;10;0;0.0;2.0;8.0;1.0;A01
201800022711;2.0;2;0;0.0;2.0;1.0;1.0;B01
201800022712;1.0;10;0;0.0;2.0;1.0;13.0;A01
201800022712;2.0;7;0;0.0;2.0;1.0;1.0;B01
201800022712;2.0;7;0;0.0;2.0;1.0;1.0;C01
201800022713;2.0;7;0;0.0;2.0;8.0;9.0;A01
201800022713;1.0;14;0;0.0;2.0;2.0;1.0;B01
201800022714;2.0;1;0;0.0;2.0;4.0;1.0;A01
201800022714;1.0;14;0;0.0;2.0;2.0;1.0;B01
201800022715;2.0;10;0;6.0;0.0;2.0;1.0;A01
201800022716;2.0;10;0;0.0;2.0;3.0;17.0;B01
201800022716;0.0;7;0;0.0;2.0;1.0;9.0;A01
201800022717;1.0;7;0;2.0;0.0;1.0;1.0;A01
201800022718;2.0;33;0;0.0;1.0;2.0;1.0;A01
201800022719;1.0;33;0;0.0;2.0;1.0;5.0;A01
201800022719;2.0;7;0;0.0;2.0;1.0;1.0;B01
201800022720;2.0;36;0;0.0;2.0;8.0;1.0;B01
201800022720;1.0;7;0;0.0;2.0;3.0;13.0;A01
201800022721;1.0;7;0;0.0;2.0;2.0;15.0;A01
201800022721;2.0;33;0;0.0;2.0;2.0;1.0;B01
201800022722;1.0;7;0;13.0;0.0;1.0;17.0;A01
201800022723;1.0;7;0;0.0;2.0;2.0;1.0;B01
201800022723;2.0;10;0;0.0;2.0;2.0;17.0;A01
201800022724;2.0;7;0;0.0;2.0;1.0;9.0;A01
201800022724;2.0;7;0;0.0;2.0;2.0;1.0;B01
201800022725;1.0;2;0;0.0;2.0;1.0;2.0;A01
201800022725;2.0;7;0;0.0;2.0;4.0;2.0;B01
201800022726;2.0;31;0;0.0;2.0;8.0;1.0;B01
201800022726;1.0;7;0;0.0;2.0;8.0;13.0;A01
201800022727;0.0;2;0;6.0;0.0;1.0;1.0;A01
201800022728;1.0;7;0;0.0;0.0;1.0;1.0;B01
201800022728;2.0;7;0;8.0;9.0;2.0;15.0;A01
201800022729;1.0;7;0;2.0;2.0;3.0;1.0;A01
201800022729;2.0;7;0;0.0;2.0;3.0;1.0;B01
201800022730;1.0;7;0;13.0;0.0;3.0;1.0;A01
201800022731;0.0;36;0;0.0;0.0;9.0;1.0;A01
201800022732;1.0;7;0;0.0;2.0;1.0;13.0;A01
201800022732;2.0;7;0;0.0;2.0;3.0;1.0;B01
201800022733;1.0;3;0;0.0;2.0;7.0;1.0;A01
201800022733;0.0;7;0;0.0;2.0;1.0;1.0;B01
201800022734;1.0;7;0;0.0;1.0;1.0;1.0;A01
201800022735;2.0;7;0;6.0;0.0;1.0;1.0;A01
201800022736;2.0;7;0;6.0;2.0;3.0;1.0;B01
201800022736;1.0;7;0;0.0;2.0;3.0;13.0;A01
201800022737;1.0;17;0;0.0;2.0;6.0;1.0;B01
201800022737;1.0;7;0;13.0;2.0;2.0;14.0;A01
201800022738;1.0;7;0;13.0;0.0;1.0;1.0;A01
201800022739;0.0;10;0;0.0;2.0;5.0;4.0;A01
201800022739;0.0;1;0;0.0;2.0;1.0;1.0;B01
201800022740;0.0;10;0;15.0;0.0;1.0;1.0;A01
201800022741;0.0;30;0;13.0;0.0;1.0;1.0;A01
201800022742;1.0;7;0;0.0;2.0;1.0;1.0;B01
201800022742;2.0;7;0;0.0;2.0;1.0;13.0;A01
201800022742;1.0;7;0;0.0;2.0;8.0;1.0;C01
201800022742;1.0;7;0;0.0;2.0;7.0;1.0;D01
201800022743;1.0;7;0;0.0;0.0;3.0;15.0;B01
201800022743;1.0;7;0;0.0;2.0;3.0;17.0;A01
201800022744;0.0;33;0;0.0;2.0;1.0;2.0;A01
201800022744;0.0;7;0;0.0;0.0;6.0;2.0;B01
201800022745;1.0;7;0;0.0;0.0;6.0;1.0;B01
201800022745;0.0;7;0;0.0;2.0;1.0;19.0;A01
201800022746;1.0;7;0;13.0;0.0;2.0;21.0;B01
201800022746;0.0;7;0;16.0;0.0;3.0;19.0;A01
201800022747;0.0;33;0;12.0;0.0;1.0;1.0;A01
201800022748;0.0;33;0;6.0;0.0;0.0;0.0;A01
201800022749;2.0;33;0;15.0;0.0;1.0;1.0;A01
201800022750;0.0;7;0;0.0;2.0;2.0;5.0;A01
201800022750;0.0;7;0;0.0;2.0;3.0;5.0;B01
201800022750;0.0;2;0;0.0;2.0;1.0;1.0;C01
201800022751;1.0;7;0;0.0;0.0;5.0;1.0;B01
201800022751;0.0;7;0;0.0;2.0;1.0;1.0;A01
201800022752;0.0;32;0;0.0;2.0;1.0;13.0;A01
201800022752;0.0;7;0;0.0;2.0;1.0;1.0;B01
201800022753;1.0;2;0;0.0;2.0;5.0;21.0;A01
201800022753;1.0;7;0;0.0;2.0;3.0;6.0;B01
201800022754;0.0;2;0;0.0;2.0;1.0;16.0;A01
201800022754;0.0;7;0;0.0;2.0;2.0;1.0;B01
201800022755;2.0;7;0;0.0;2.0;3.0;17.0;A01
201800022755;2.0;7;0;0.0;2.0;3.0;13.0;B01
201800022756;1.0;7;0;0.0;2.0;1.0;5.0;A01
201800022756;2.0;7;0;0.0;2.0;1.0;1.0;B01
201800022757;2.0;99;0;0.0;2.0;2.0;2.0;A01
201800022757;2.0;1;0;0.0;2.0;4.0;2.0;B01
201800022758;0.0;7;0;1.0;2.0;5.0;4.0;A01
201800022758;0.0;7;0;0.0;2.0;2.0;2.0;B01
201800022759;2.0;32;0;0.0;2.0;6.0;1.0;B01
201800022759;1.0;7;0;0.0;2.0;3.0;19.0;A01
201800022760;0.0;7;0;0.0;0.0;3.0;1.0;B01
201800022760;0.0;7;0;0.0;2.0;1.0;1.0;A01
201800022761;0.0;36;0;0.0;1.0;2.0;14.0;A01
201800022762;0.0;7;0;0.0;0.0;0.0;14.0;A01
201800022763;1.0;7;0;0.0;2.0;1.0;1.0;A01
201800022763;2.0;7;0;0.0;2.0;1.0;5.0;B01
201800022763;2.0;7;0;0.0;2.0;8.0;1.0;C01
201800022764;0.0;7;0;0.0;2.0;1.0;15.0;B01
201800022764;0.0;2;0;0.0;2.0;1.0;1.0;A01
201800022765;2.0;99;0;0.0;2.0;5.0;0.0;A01
201800022765;2.0;7;0;0.0;2.0;3.0;1.0;B01
201800022766;2.0;14;0;0.0;2.0;8.0;13.0;B01
201800022766;1.0;7;0;0.0;2.0;3.0;13.0;A01
201800022767;1.0;99;0;0.0;2.0;7.0;13.0;B01
201800022767;1.0;2;0;0.0;2.0;8.0;1.0;A01
201800022768;1.0;7;0;0.0;2.0;1.0;15.0;B01
201800022768;2.0;33;0;12.0;2.0;3.0;1.0;A01
201800022769;1.0;33;0;0.0;2.0;1.0;15.0;A01
201800022769;2.0;7;0;0.0;2.0;2.0;1.0;B01
201800022770;1.0;7;0;0.0;1.0;1.0;1.0;A01
201800022771;1.0;7;0;0.0;0.0;9.0;24.0;B01
201800022771;1.0;10;0;1.0;2.0;2.0;1.0;A01
201800022772;1.0;7;0;0.0;2.0;1.0;1.0;B01
201800022772;2.0;7;0;0.0;2.0;7.0;10.0;A01
201800022773;2.0;7;0;0.0;2.0;3.0;15.0;B01
201800022773;2.0;2;0;0.0;2.0;2.0;17.0;A01
201800022774;1.0;7;0;0.0;2.0;3.0;1.0;B01
201800022774;2.0;7;0;0.0;2.0;3.0;13.0;A01
201800022775;1.0;7;0;0.0;2.0;2.0;1.0;B01
201800022775;2.0;7;0;0.0;2.0;2.0;17.0;A01
201800022776;1.0;7;0;2.0;0.0;0.0;1.0;A01
201800022777;1.0;7;0;0.0;0.0;4.0;2.0;A01
201800022777;1.0;7;0;14.0;0.0;1.0;2.0;B01
201800022778;1.0;10;0;4.0;0.0;6.0;17.0;A01
201800022779;2.0;10;0;0.0;2.0;2.0;21.0;B01
201800022779;1.0;7;0;3.0;2.0;5.0;13.0;A01
201800022780;1.0;7;0;8.0;0.0;9.0;1.0;A01
201800022781;0.0;7;0;0.0;1.0;2.0;1.0;A01
201800022782;1.0;7;0;3.0;0.0;0.0;0.0;A01
201800022782;1.0;10;0;0.0;2.0;1.0;1.0;B01
201800022783;1.0;7;0;0.0;2.0;0.0;2.0;C01
201800022783;2.0;7;0;0.0;2.0;3.0;1.0;B01
201800022783;2.0;31;0;0.0;2.0;1.0;17.0;A01
201800022784;2.0;33;0;0.0;2.0;1.0;1.0;B01
201800022784;2.0;7;0;13.0;2.0;8.0;19.0;A01
201800022785;1.0;7;0;0.0;2.0;3.0;1.0;A01
201800022785;2.0;14;0;0.0;2.0;3.0;1.0;B01
201800022786;2.0;3;0;0.0;0.0;4.0;2.0;B01
201800022786;2.0;7;0;0.0;2.0;1.0;2.0;A01
201800022787;2.0;2;0;0.0;0.0;8.0;1.0;A01
201800022788;2.0;7;0;0.0;0.0;6.0;2.0;A01
201800022788;2.0;33;0;0.0;2.0;1.0;1.0;B01
201800022789;2.0;10;0;0.0;2.0;8.0;1.0;A01
201800022789;0.0;36;0;0.0;2.0;1.0;1.0;B01
201800022790;2.0;7;0;13.0;0.0;1.0;1.0;A01
201800022791;1.0;10;0;0.0;0.0;8.0;15.0;A01
201800022791;1.0;33;0;0.0;2.0;1.0;17.0;B01
201800022792;0.0;7;0;0.0;1.0;1.0;0.0;A01
201800022793;1.0;10;0;0.0;2.0;7.0;17.0;A01
201800022793;1.0;1;0;0.0;2.0;8.0;0.0;B01
201800022794;1.0;7;0;0.0;2.0;7.0;17.0;A01
201800022794;1.0;1;0;0.0;2.0;8.0;1.0;B01
201800022795;0.0;1;0;0.0;5.0;1.0;1.0;A01
201800022796;2.0;7;0;0.0;1.0;1.0;1.0;A01
201800022797;1.0;1;0;0.0;2.0;1.0;1.0;B01
201800022797;2.0;31;0;0.0;9.0;7.0;0.0;A01
201800022798;1.0;33;0;0.0;0.0;0.0;1.0;A01
201800022799;0.0;1;0;0.0;0.0;0.0;0.0;A01
201800022800;0.0;7;0;0.0;2.0;3.0;1.0;A01
201800022800;0.0;30;0;0.0;2.0;1.0;1.0;B01
201800022801;2.0;7;0;0.0;9.0;2.0;2.0;B01
201800022801;1.0;1;0;0.0;9.0;4.0;2.0;A01
201800022802;1.0;14;0;0.0;2.0;3.0;15.0;A01
201800022802;2.0;7;0;0.0;2.0;3.0;1.0;B01
201800022803;0.0;99;0;0.0;1.0;5.0;1.0;A01
201800022804;2.0;7;0;0.0;2.0;1.0;1.0;B01
201800022804;1.0;7;0;3.0;2.0;1.0;5.0;A01
201800022805;2.0;1;0;0.0;2.0;1.0;5.0;B01
201800022805;1.0;7;0;0.0;9.0;2.0;2.0;A01
201800022806;1.0;7;0;0.0;2.0;4.0;1.0;C01
201800022806;1.0;7;0;0.0;2.0;4.0;1.0;B01
201800022806;1.0;7;0;0.0;2.0;1.0;1.0;A01
201800022807;1.0;7;0;12.0;0.0;9.0;18.0;A01
201800022808;2.0;7;0;0.0;2.0;6.0;9.0;A01
201800022808;1.0;31;0;0.0;2.0;2.0;9.0;B01
201800022809;1.0;7;0;0.0;2.0;1.0;13.0;B01
201800022809;1.0;7;0;0.0;2.0;2.0;9.0;A01
201800022810;2.0;7;0;0.0;2.0;2.0;17.0;A01
201800022810;2.0;7;0;0.0;2.0;8.0;15.0;B01
201800022811;1.0;7;0;0.0;2.0;4.0;23.0;B01
201800022811;1.0;7;0;14.0;2.0;1.0;2.0;A01
201800022812;1.0;7;0;0.0;0.0;1.0;14.0;A01
201800022813;2.0;7;0;0.0;2.0;1.0;1.0;A01
201800022813;2.0;7;0;0.0;2.0;3.0;15.0;B01
201800022814;2.0;7;0;0.0;2.0;2.0;16.0;B01
201800022814;2.0;32;0;0.0;2.0;3.0;1.0;A01
201800022815;0.0;7;0;0.0;0.0;9.0;2.0;A01
201800022816;0.0;1;0;0.0;2.0;1.0;0.0;B01
201800022816;0.0;7;0;0.0;2.0;3.0;1.0;A01
201800022817;0.0;7;0;2.0;0.0;3.0;13.0;A01
201800022818;1.0;30;0;0.0;2.0;1.0;16.0;A01
201800022818;1.0;2;0;0.0;2.0;3.0;18.0;B01
201800022819;1.0;30;0;0.0;2.0;2.0;0.0;A01
201800022819;1.0;7;0;0.0;2.0;3.0;16.0;B01
201800022820;1.0;7;0;0.0;2.0;1.0;2.0;A01
201800022820;1.0;7;0;0.0;2.0;4.0;2.0;B01
201800022821;0.0;10;0;0.0;2.0;1.0;1.0;B01
201800022821;0.0;7;0;0.0;2.0;7.0;19.0;A01
201800022822;1.0;7;0;0.0;2.0;3.0;15.0;A01
201800022822;1.0;2;0;0.0;2.0;2.0;15.0;B01
201800022823;0.0;7;0;6.0;2.0;4.0;16.0;B01
201800022823;0.0;7;0;0.0;2.0;1.0;0.0;A01
201800022824;0.0;7;0;0.0;2.0;1.0;0.0;A01
201800022824;0.0;7;0;0.0;2.0;4.0;15.0;B01
201800022824;0.0;7;0;0.0;2.0;3.0;1.0;C01
201800022825;2.0;7;0;0.0;2.0;3.0;20.0;A01
201800022825;2.0;31;0;0.0;2.0;7.0;1.0;B01
201800022826;0.0;7;0;0.0;2.0;5.0;13.0;A01
201800022826;0.0;7;0;0.0;2.0;3.0;1.0;B01
201800022827;0.0;7;0;0.0;2.0;4.0;15.0;B01
201800022827;0.0;7;0;0.0;2.0;3.0;21.0;A01
201800022827;0.0;7;0;0.0;2.0;3.0;0.0;C01
201800022828;0.0;7;0;12.0;0.0;1.0;0.0;A01
201800022829;1.0;7;0;13.0;0.0;2.0;1.0;A01
201800022830;1.0;7;0;15.0;0.0;7.0;13.0;A01
201800022831;0.0;7;0;3.0;0.0;1.0;2.0;B01
201800022831;0.0;7;0;3.0;0.0;2.0;16.0;A01
201800022832;0.0;7;0;0.0;2.0;3.0;13.0;A01
201800022832;0.0;7;0;0.0;2.0;3.0;1.0;B01
201800022833;2.0;7;0;0.0;2.0;1.0;2.0;A01
201800022833;2.0;7;0;0.0;2.0;4.0;2.0;B01
201800022834;2.0;7;0;0.0;1.0;3.0;15.0;A01
201800022835;1.0;30;0;0.0;0.0;3.0;1.0;A01
201800022836;0.0;1;0;1.0;0.0;1.0;16.0;A01
201800022836;0.0;7;0;0.0;6.0;1.0;23.0;B01
201800022837;0.0;7;0;0.0;0.0;1.0;0.0;A01
201800022838;0.0;7;0;0.0;1.0;7.0;1.0;A01
201800022839;0.0;7;0;0.0;2.0;3.0;9.0;A01
201800022839;0.0;7;0;0.0;2.0;2.0;1.0;B01
201800022840;0.0;7;0;0.0;2.0;3.0;23.0;A01
201800022840;0.0;33;0;0.0;2.0;3.0;1.0;B01
201800022841;0.0;30;0;0.0;0.0;3.0;15.0;A01
201800022841;0.0;7;0;0.0;2.0;2.0;1.0;B01
201800022842;0.0;31;0;12.0;0.0;1.0;5.0;A01
201800022843;2.0;7;0;0.0;0.0;3.0;1.0;A01
201800022843;2.0;7;0;0.0;2.0;2.0;19.0;B01
201800022844;0.0;2;0;0.0;1.0;1.0;1.0;A01
201800022845;1.0;7;0;0.0;0.0;4.0;15.0;A01
201800022845;1.0;7;0;0.0;2.0;1.0;1.0;B01
201800022846;0.0;2;0;0.0;2.0;8.0;9.0;A01
201800022846;0.0;7;0;0.0;2.0;8.0;9.0;B01
201800022847;1.0;7;0;0.0;2.0;1.0;14.0;A01
201800022847;1.0;1;0;0.0;0.0;4.0;14.0;B01
201800022848;2.0;7;0;0.0;2.0;1.0;2.0;A01
201800022848;2.0;20;0;0.0;0.0;4.0;1.0;B01
201800022849;0.0;7;0;0.0;0.0;3.0;9.0;A01
201800022849;0.0;1;0;0.0;2.0;7.0;0.0;B01
201800022850;0.0;7;0;0.0;1.0;1.0;1.0;A01
201800022851;0.0;7;0;0.0;1.0;3.0;0.0;A01
201800022852;1.0;7;0;0.0;2.0;3.0;21.0;B01
201800022852;1.0;7;0;0.0;2.0;3.0;0.0;C01
201800022852;2.0;7;0;0.0;2.0;3.0;19.0;A01
201800022853;1.0;33;0;0.0;2.0;1.0;1.0;A01
201800022853;2.0;7;0;0.0;0.0;8.0;0.0;B01
201800022854;0.0;7;0;2.0;0.0;1.0;0.0;A01
201800022855;2.0;7;0;0.0;2.0;1.0;2.0;A01
201800022855;2.0;10;0;0.0;0.0;4.0;23.0;C01
201800022855;2.0;7;0;0.0;2.0;4.0;23.0;B01
201800022856;1.0;7;0;0.0;1.0;1.0;1.0;A01
201800022857;0.0;7;0;0.0;0.0;9.0;0.0;A01
201800022858;2.0;7;0;0.0;2.0;1.0;15.0;A01
201800022858;1.0;1;0;0.0;2.0;8.0;1.0;B01
201800022859;1.0;7;0;0.0;2.0;1.0;15.0;A01
201800022859;2.0;31;0;0.0;2.0;8.0;1.0;B01
201800022860;2.0;7;0;0.0;2.0;7.0;16.0;B01
201800022860;2.0;33;0;0.0;2.0;1.0;18.0;A01
201800022861;1.0;7;0;0.0;2.0;3.0;13.0;A01
201800022861;2.0;37;1;0.0;2.0;3.0;1.0;B01
201800022862;2.0;7;0;0.0;2.0;1.0;1.0;B01
201800022862;1.0;37;1;0.0;2.0;8.0;9.0;A01
201800022863;0.0;7;0;0.0;2.0;9.0;0.0;A01
201800022863;0.0;7;0;0.0;2.0;9.0;1.0;B01
201800022864;1.0;7;0;0.0;2.0;1.0;1.0;C01
201800022864;1.0;7;0;0.0;2.0;9.0;1.0;B01
201800022864;1.0;7;0;0.0;2.0;9.0;1.0;A01
201800022865;1.0;7;0;0.0;2.0;1.0;5.0;A01
201800022865;1.0;10;0;0.0;2.0;1.0;1.0;B01
201800022866;1.0;33;0;3.0;0.0;7.0;1.0;A01
201800022867;2.0;7;0;0.0;2.0;4.0;2.0;B01
201800022867;2.0;7;0;0.0;2.0;4.0;2.0;C01
201800022867;2.0;7;0;0.0;2.0;1.0;1.0;A01
201800022868;1.0;7;0;0.0;1.0;1.0;1.0;A01
201800022869;1.0;7;0;0.0;2.0;4.0;15.0;B01
201800022869;1.0;2;0;0.0;2.0;3.0;1.0;A01
201800022870;2.0;7;0;0.0;2.0;3.0;15.0;B01
201800022870;1.0;33;0;0.0;2.0;1.0;1.0;A01
201800022871;2.0;10;0;0.0;2.0;8.0;9.0;B01
201800022871;1.0;7;0;0.0;2.0;8.0;1.0;C01
201800022871;2.0;7;0;0.0;2.0;1.0;1.0;A01
201800022872;1.0;2;0;1.0;0.0;1.0;14.0;A01
201800022873;1.0;7;0;0.0;2.0;1.0;1.0;A01
201800022873;1.0;7;0;0.0;2.0;4.0;1.0;B01
201800022874;1.0;7;0;0.0;1.0;8.0;1.0;B01
201800022874;1.0;7;0;0.0;1.0;1.0;1.0;A01
201800022875;1.0;1;0;1.0;0.0;1.0;1.0;A01
201800022876;2.0;7;0;0.0;0.0;0.0;15.0;Z01
201800022876;2.0;31;0;16.0;0.0;7.0;9.0;A01
201800022877;1.0;33;0;0.0;2.0;7.0;12.0;A01
201800022877;1.0;7;0;0.0;2.0;8.0;1.0;B01
201800022877;1.0;7;0;0.0;2.0;4.0;1.0;C01
201800022878;1.0;14;0;0.0;2.0;4.0;1.0;B01
201800022878;1.0;31;0;0.0;2.0;1.0;1.0;A01
201800022879;1.0;7;0;0.0;1.0;1.0;1.0;A01
201800022880;1.0;7;0;0.0;1.0;1.0;1.0;A01
201800022881;1.0;7;0;0.0;1.0;8.0;1.0;A01
201800022882;1.0;7;0;0.0;2.0;1.0;1.0;B01
201800022882;1.0;7;0;0.0;2.0;1.0;5.0;A01
201800022883;1.0;7;0;0.0;2.0;1.0;1.0;B01
201800022883;1.0;7;0;0.0;2.0;8.0;10.0;A01
201800022884;1.0;7;0;0.0;1.0;1.0;1.0;A01
201800022885;2.0;2;0;0.0;2.0;1.0;1.0;B01
201800022885;1.0;7;0;0.0;2.0;2.0;15.0;A01
201800022886;2.0;7;0;6.0;0.0;1.0;13.0;A01
201800022887;1.0;10;0;0.0;1.0;1.0;4.0;A01
201800022888;1.0;10;0;0.0;2.0;1.0;2.0;A01
201800022888;1.0;7;0;0.0;2.0;4.0;2.0;B01
201800022889;2.0;7;0;0.0;2.0;1.0;2.0;A01
201800022889;2.0;7;0;0.0;2.0;4.0;2.0;D01
201800022889;1.0;7;0;0.0;2.0;4.0;2.0;B01
201800022889;2.0;10;0;0.0;2.0;4.0;2.0;C01
201800022890;1.0;33;0;0.0;2.0;1.0;1.0;B01
201800022890;1.0;7;0;0.0;2.0;3.0;15.0;A01
201800022891;2.0;7;0;0.0;2.0;6.0;1.0;A01
201800022891;2.0;7;0;0.0;2.0;2.0;17.0;Z01
201800022892;1.0;33;0;0.0;2.0;1.0;5.0;A01
201800022892;2.0;7;0;0.0;2.0;2.0;1.0;B01
201800022893;1.0;7;0;0.0;2.0;4.0;2.0;B01
201800022893;2.0;7;0;0.0;2.0;1.0;2.0;A01
201800022894;1.0;17;0;0.0;2.0;1.0;1.0;A01
201800022894;1.0;7;0;0.0;2.0;4.0;1.0;B01
201800022895;1.0;1;0;0.0;2.0;0.0;1.0;B01
201800022895;1.0;10;0;0.0;2.0;3.0;9.0;A01
201800022896;1.0;7;0;0.0;2.0;1.0;9.0;A01
201800022896;1.0;7;0;0.0;2.0;2.0;1.0;B01
201800022897;1.0;7;0;0.0;0.0;9.0;1.0;A01
201800022898;2.0;7;0;0.0;1.0;1.0;1.0;A01
201800022899;1.0;10;0;0.0;2.0;1.0;1.0;A01
201800022899;1.0;7;0;0.0;2.0;9.0;1.0;B01
201800022899;1.0;7;0;0.0;2.0;4.0;1.0;C01
201800022900;2.0;7;0;0.0;2.0;4.0;1.0;A01
201800022900;2.0;7;0;0.0;2.0;1.0;0.0;Z01
201800022901;1.0;7;0;0.0;2.0;1.0;1.0;A01
201800022901;1.0;7;0;0.0;2.0;4.0;1.0;B01
201800022902;2.0;7;0;0.0;2.0;4.0;2.0;B01
201800022902;2.0;31;0;0.0;2.0;1.0;1.0;A01
201800022903;1.0;7;0;0.0;2.0;2.0;9.0;A01
201800022903;1.0;2;0;0.0;2.0;6.0;9.0;B01
201800022904;2.0;10;0;0.0;2.0;1.0;1.0;A01
201800022904;2.0;10;0;0.0;2.0;4.0;2.0;B01
201800022904;2.0;10;0;0.0;2.0;4.0;2.0;C01
201800022905;1.0;7;0;0.0;2.0;1.0;2.0;A01
201800022905;1.0;7;0;0.0;2.0;4.0;2.0;B01
201800022906;2.0;7;0;0.0;2.0;0.0;15.0;Z01
201800022906;1.0;7;0;0.0;2.0;1.0;1.0;A01
201800022907;1.0;10;0;0.0;2.0;5.0;1.0;B01
201800022907;1.0;2;0;0.0;2.0;1.0;9.0;A01
201800022908;1.0;7;0;0.0;1.0;1.0;1.0;A01
201800022909;1.0;7;0;0.0;1.0;1.0;15.0;A01
201800022910;1.0;7;0;0.0;2.0;4.0;17.0;Z01
201800022910;1.0;7;0;0.0;2.0;4.0;1.0;B01
201800022911;1.0;2;0;0.0;1.0;1.0;1.0;A01
201800022912;1.0;7;0;0.0;1.0;1.0;1.0;A01
201800022913;1.0;7;0;2.0;0.0;3.0;1.0;A01
201800022914;1.0;7;0;0.0;1.0;2.0;1.0;A01
201800022915;1.0;31;0;0.0;2.0;8.0;16.0;A01
201800022915;1.0;7;0;0.0;2.0;3.0;1.0;B01
201800022916;1.0;7;0;0.0;1.0;3.0;1.0;A01
201800022917;1.0;7;0;0.0;2.0;0.0;1.0;B01
201800022917;1.0;7;0;0.0;2.0;7.0;1.0;A01
201800022917;1.0;7;0;0.0;2.0;1.0;1.0;C01
201800022918;1.0;7;0;0.0;2.0;4.0;1.0;B01
201800022918;1.0;10;0;0.0;2.0;1.0;1.0;A01
201800022919;1.0;7;0;0.0;1.0;1.0;1.0;A01
201800022920;1.0;7;0;0.0;2.0;1.0;1.0;A01
201800022920;1.0;7;0;0.0;2.0;4.0;1.0;B01
201800022921;1.0;7;0;0.0;2.0;4.0;23.0;B01
201800022921;1.0;7;0;0.0;2.0;1.0;1.0;A01
201800022922;1.0;7;0;0.0;1.0;4.0;20.0;A01
201800022923;2.0;31;0;0.0;2.0;8.0;21.0;A01
201800022923;2.0;7;0;0.0;2.0;2.0;23.0;B01
201800022924;1.0;7;0;0.0;2.0;2.0;1.0;A01
201800022924;1.0;7;0;0.0;2.0;6.0;1.0;B01
201800022925;1.0;7;0;0.0;2.0;4.0;15.0;A01
201800022925;2.0;7;0;0.0;2.0;2.0;1.0;B01
201800022926;0.0;7;0;8.0;0.0;1.0;15.0;A01
201800022927;0.0;7;0;0.0;0.0;7.0;1.0;A01
201800022928;0.0;7;0;0.0;2.0;1.0;2.0;A01
201800022928;0.0;7;0;0.0;2.0;4.0;2.0;B01
201800022928;0.0;7;0;0.0;2.0;4.0;2.0;C01
201800022929;1.0;1;0;0.0;1.0;1.0;1.0;B01
201800022930;0.0;7;0;0.0;9.0;8.0;9.0;A01