Num_Acc;senc;catv;occutc;obs;obsm;choc;manv;num_veh
201800023388;0.0;7;0;0.0;2.0;8.0;11.0;A01
201800023389;0.0;7;0;0.0;1.0;3.0;1.0;A01
201800023390;1.0;33;0;0.0;2.0;7.0;3.0;B01
201800023390;1.0;7;0;0.0;2.0;4.0;1.0;C01
201800023390;1.0;7;0;0.0;2.0;6.0;13.0;A01
201800023391;1.0;34;0;0.0;2.0;1.0;1.0;B01
201800023391;2.0;14;0;0.0;2.0;7.0;13.0;A01
201800023392;1.0;7;0;3.0;0.0;1.0;1.0;A01
201800023393;1.0;1;0;0.0;2.0;8.0;1.0;B01
201800023393;2.0;7;0;0.0;2.0;8.0;9.0;A01
201800023394;1.0;2;0;0.0;2.0;1.0;18.0;A01
201800023394;1.0;7;0;0.0;2.0;2.0;16.0;B01
201800023395;0.0;2;0;0.0;1.0;7.0;1.0;A01
201800023396;0.0;34;0;0.0;2.0;2.0;1.0;B01
201800023396;0.0;7;0;0.0;2.0;1.0;15.0;A01
201800023397;0.0;7;0;0.0;1.0;1.0;9.0;A01
201800023398;1.0;7;0;0.0;2.0;6.0;1.0;B01
201800023398;1.0;34;0;0.0;2.0;8.0;3.0;A01
201800023399;1.0;1;0;0.0;2.0;0.0;0.0;B01
201800023399;1.0;7;0;0.0;2.0;3.0;9.0;A01
201800023400;0.0;7;0;0.0;2.0;3.0;9.0;B01
201800023400;0.0;33;0;0.0;2.0;2.0;17.0;A01
201800023401;1.0;7;0;0.0;2.0;4.0;2.0;B01
201800023401;1.0;7;0;0.0;2.0;4.0;1.0;A01
201800023401;1.0;7;0;0.0;2.0;1.0;2.0;C01
201800023402;0.0;7;0;0.0;1.0;1.0;1.0;A01
201800023403;2.0;7;0;0.0;2.0;7.0;15.0;A01
201800023403;2.0;2;0;0.0;2.0;1.0;1.0;B01
201800023404;2.0;10;0;0.0;2.0;1.0;2.0;A01
201800023404;2.0;7;0;0.0;2.0;3.0;2.0;C01
201800023404;2.0;7;0;0.0;2.0;4.0;2.0;B01
201800023405;0.0;7;0;0.0;1.0;2.0;1.0;A01
201800023406;1.0;7;0;0.0;2.0;1.0;17.0;A01
201800023406;2.0;7;0;0.0;2.0;1.0;1.0;B01
201800023407;0.0;7;0;0.0;1.0;0.0;14.0;Z01
201800023408;0.0;7;0;0.0;2.0;1.0;15.0;A01
201800023408;0.0;7;0;0.0;2.0;3.0;1.0;B01
201800023409;0.0;10;0;0.0;1.0;1.0;1.0;A01
201800023410;0.0;7;0;0.0;0.0;9.0;0.0;A01
201800023411;2.0;7;0;0.0;1.0;2.0;15.0;A01
201800023412;0.0;7;0;0.0;1.0;3.0;1.0;A01
201800023413;1.0;17;0;0.0;2.0;3.0;1.0;B01
201800023413;1.0;7;0;0.0;2.0;7.0;1.0;A01
201800023414;2.0;7;0;0.0;2.0;0.0;9.0;A01
201800023414;1.0;1;0;0.0;2.0;1.0;1.0;B01
201800023415;1.0;7;0;0.0;1.0;3.0;1.0;A01
201800023416;1.0;7;0;0.0;2.0;1.0;9.0;A01
201800023416;1.0;2;0;0.0;2.0;5.0;17.0;B01
201800023417;0.0;7;0;0.0;1.0;4.0;4.0;A01
201800023418;0.0;2;0;14.0;0.0;1.0;1.0;A01
201800023419;0.0;7;0;0.0;1.0;2.0;15.0;A01
201800023420;1.0;10;0;0.0;2.0;1.0;1.0;A01
201800023420;1.0;1;0;0.0;2.0;4.0;1.0;C01
201800023420;1.0;1;0;0.0;2.0;4.0;1.0;B01
201800023421;1.0;7;0;8.0;0.0;1.0;1.0;A01
201800023422;1.0;7;0;0.0;2.0;8.0;1.0;B01
201800023422;1.0;7;0;0.0;2.0;3.0;19.0;A01
201800023423;0.0;7;0;14.0;0.0;1.0;0.0;A01
201800023424;2.0;33;0;0.0;0.0;1.0;1.0;A01
201800023425;1.0;7;0;11.0;0.0;1.0;1.0;A01
201800023426;1.0;15;0;0.0;2.0;1.0;1.0;B01
201800023426;2.0;7;0;0.0;2.0;1.0;1.0;A01
201800023427;0.0;7;0;0.0;2.0;1.0;1.0;A01
201800023427;;7;0;0.0;2.0;5.0;19.0;B01
201800023428;0.0;7;0;0.0;1.0;2.0;20.0;A01
201800023429;2.0;33;0;16.0;0.0;7.0;1.0;A01
201800023430;1.0;33;0;0.0;0.0;0.0;0.0;A01
201800023431;1.0;2;0;1.0;0.0;1.0;13.0;A01
201800023432;1.0;7;0;0.0;0.0;0.0;2.0;A01
201800023432;1.0;31;0;0.0;0.0;0.0;1.0;B01
201800023433;2.0;7;0;0.0;2.0;6.0;15.0;A01
201800023433;1.0;33;0;0.0;2.0;1.0;1.0;B01
201800023434;2.0;7;0;0.0;0.0;0.0;1.0;A01
201800023435;1.0;33;0;0.0;2.0;1.0;17.0;B01
201800023435;1.0;3;0;0.0;2.0;3.0;15.0;A01
201800023436;1.0;7;0;0.0;2.0;3.0;16.0;A01
201800023436;2.0;7;0;0.0;2.0;1.0;1.0;C01
201800023436;2.0;7;0;0.0;2.0;1.0;21.0;B01
201800023437;0.0;7;0;0.0;2.0;1.0;15.0;B01
201800023437;0.0;7;0;0.0;2.0;3.0;1.0;A01
201800023438;2.0;7;0;0.0;2.0;1.0;13.0;A01
201800023438;1.0;15;0;0.0;2.0;1.0;1.0;B01
201800023439;2.0;3;0;0.0;0.0;4.0;2.0;B01
201800023439;2.0;7;0;0.0;2.0;1.0;2.0;A01
201800023440;2.0;7;0;3.0;1.0;5.0;1.0;A01
201800023441;0.0;7;0;8.0;0.0;8.0;16.0;A01
201800023442;0.0;15;0;7.0;2.0;3.0;1.0;B01
201800023442;0.0;7;0;0.0;2.0;7.0;19.0;A01
201800023443;1.0;7;0;0.0;2.0;1.0;2.0;B01
201800023443;2.0;7;0;0.0;2.0;1.0;5.0;A01
201800023444;1.0;2;0;0.0;2.0;1.0;1.0;A01
201800023444;1.0;7;0;0.0;2.0;3.0;1.0;B01
201800023445;2.0;2;0;13.0;0.0;0.0;0.0;A01
201800023446;1.0;31;0;0.0;6.0;1.0;1.0;A01
201800023447;2.0;7;0;3.0;0.0;9.0;0.0;A01
201800023448;2.0;10;0;0.0;2.0;2.0;13.0;A01
201800023448;2.0;15;0;0.0;2.0;2.0;21.0;B01
201800023449;1.0;1;0;0.0;2.0;1.0;19.0;A01
201800023449;2.0;7;0;0.0;2.0;7.0;1.0;B01
201800023450;1.0;7;0;0.0;0.0;3.0;13.0;A01
201800023450;2.0;7;0;0.0;2.0;3.0;1.0;B01
201800023451;1.0;7;0;3.0;0.0;9.0;2.0;A01
201800023452;2.0;7;0;13.0;0.0;2.0;1.0;A01
201800023453;1.0;7;0;2.0;0.0;1.0;9.0;A01
201800023454;1.0;7;0;0.0;0.0;9.0;1.0;A01
201800023455;2.0;33;0;0.0;0.0;9.0;13.0;A01
201800023456;2.0;2;0;0.0;2.0;0.0;1.0;B01
201800023456;1.0;7;0;0.0;2.0;1.0;9.0;A01
201800023457;1.0;2;0;0.0;0.0;2.0;1.0;A01
201800023458;1.0;7;0;0.0;0.0;9.0;1.0;A01
201800023459;1.0;38;50;0.0;1.0;7.0;1.0;A01
201800023460;0.0;33;0;15.0;1.0;1.0;0.0;A01
201800023461;0.0;2;0;0.0;0.0;0.0;9.0;A01
201800023462;2.0;7;0;0.0;2.0;4.0;2.0;B01
201800023462;2.0;7;0;0.0;2.0;1.0;2.0;A01
201800023463;1.0;7;0;0.0;0.0;0.0;0.0;A01
201800023463;1.0;7;0;0.0;0.0;9.0;21.0;B01
201800023464;0.0;30;0;0.0;2.0;1.0;15.0;A01
201800023464;0.0;7;0;0.0;2.0;2.0;15.0;B01
201800023465;1.0;7;0;0.0;1.0;3.0;1.0;A01
201800023466;2.0;7;0;12.0;0.0;1.0;0.0;A01
201800023467;1.0;7;0;6.0;0.0;1.0;1.0;A01
201800023468;2.0;10;0;0.0;0.0;9.0;0.0;A01
201800023469;2.0;7;0;0.0;1.0;2.0;1.0;A01
201800023470;2.0;7;0;0.0;0.0;9.0;1.0;A01
201800023471;1.0;33;0;0.0;0.0;8.0;1.0;A01
201800023472;2.0;7;0;0.0;2.0;7.0;19.0;A01
201800023472;2.0;7;0;0.0;2.0;2.0;1.0;B01
201800023473;1.0;7;0;0.0;2.0;3.0;15.0;A01
201800023473;2.0;33;0;0.0;0.0;8.0;1.0;B01
201800023474;1.0;7;0;0.0;0.0;7.0;1.0;B01
201800023474;1.0;7;0;8.0;2.0;1.0;18.0;A01
201800023475;2.0;7;0;0.0;2.0;1.0;17.0;A01
201800023475;1.0;7;0;2.0;2.0;3.0;1.0;B01
201800023475;2.0;7;0;0.0;0.0;6.0;1.0;C01
201800023476;1.0;7;0;0.0;2.0;4.0;23.0;B01
201800023476;1.0;7;0;0.0;0.0;4.0;23.0;C01
201800023476;1.0;38;5;0.0;2.0;1.0;1.0;A01
201800023477;1.0;7;0;0.0;2.0;4.0;23.0;B01
201800023477;1.0;7;0;0.0;2.0;1.0;1.0;A01
201800023477;1.0;7;0;0.0;2.0;3.0;23.0;C01
201800023478;1.0;1;0;0.0;0.0;0.0;1.0;A01
201800023478;0.0;7;0;0.0;0.0;1.0;12.0;B01
201800023479;1.0;33;0;0.0;0.0;9.0;17.0;A01
201800023480;2.0;33;0;0.0;2.0;1.0;1.0;B01
201800023480;1.0;33;0;0.0;0.0;1.0;1.0;A01
201800023481;1.0;7;0;0.0;0.0;8.0;15.0;A01
201800023481;1.0;33;0;0.0;2.0;1.0;17.0;B01
201800023482;0.0;36;0;2.0;0.0;2.0;1.0;A01
201800023483;2.0;33;0;12.0;0.0;7.0;1.0;A01
201800023484;1.0;33;0;13.0;0.0;3.0;1.0;A01
201800023485;2.0;17;0;0.0;2.0;2.0;13.0;A01
201800023485;1.0;7;0;0.0;0.0;1.0;1.0;B01
201800023486;2.0;33;0;0.0;0.0;9.0;1.0;A01
201800023487;2.0;33;0;0.0;2.0;1.0;1.0;A01
201800023487;1.0;21;0;0.0;2.0;1.0;1.0;B01
201800023488;1.0;31;0;0.0;0.0;9.0;1.0;A01
201800023489;2.0;7;0;2.0;0.0;1.0;1.0;A01
201800023490;1.0;7;0;2.0;0.0;1.0;1.0;A01
201800023491;2.0;7;0;0.0;5.0;3.0;1.0;A01
201800023492;1.0;33;0;0.0;0.0;9.0;1.0;A01
201800023493;2.0;7;0;6.0;0.0;2.0;1.0;A01
201800023494;2.0;7;0;2.0;0.0;1.0;1.0;A01
201800023495;0.0;30;0;0.0;2.0;7.0;5.0;A01
201800023495;0.0;7;0;0.0;0.0;1.0;1.0;B01
201800023496;1.0;2;0;0.0;2.0;2.0;1.0;B01
201800023496;1.0;7;0;0.0;0.0;6.0;1.0;A01
201800023497;0.0;10;0;0.0;1.0;0.0;1.0;A01
201800023498;2.0;33;0;0.0;2.0;9.0;1.0;B01
201800023498;1.0;7;0;0.0;2.0;7.0;15.0;A01
201800023499;1.0;7;0;0.0;9.0;2.0;2.0;A01
201800023499;1.0;1;0;0.0;0.0;4.0;2.0;B01
201800023500;1.0;7;0;0.0;2.0;3.0;23.0;C01
201800023500;1.0;10;0;0.0;2.0;1.0;2.0;B01
201800023500;1.0;7;0;0.0;2.0;4.0;9.0;A01
201800023501;1.0;7;0;0.0;2.0;3.0;1.0;A01
201800023501;1.0;7;0;0.0;2.0;2.0;1.0;B01
201800023502;1.0;7;0;2.0;0.0;1.0;1.0;A01
201800023503;2.0;7;0;0.0;2.0;3.0;1.0;B01
201800023503;1.0;7;0;0.0;2.0;3.0;1.0;A01
201800023504;2.0;7;0;13.0;0.0;9.0;1.0;A01
201800023505;1.0;33;0;0.0;0.0;9.0;21.0;A01
201800023506;1.0;7;0;0.0;1.0;1.0;1.0;A01
201800023507;2.0;17;0;4.0;0.0;1.0;6.0;A01
201800023508;2.0;7;0;4.0;2.0;3.0;13.0;A01
201800023508;2.0;14;0;0.0;2.0;1.0;2.0;B01
201800023509;1.0;7;0;4.0;2.0;2.0;1.0;A01
201800023510;2.0;17;0;0.0;0.0;6.0;1.0;B01
201800023510;2.0;7;0;0.0;2.0;8.0;12.0;A01
201800023511;2.0;7;0;0.0;2.0;1.0;1.0;B01
201800023511;2.0;10;0;3.0;0.0;1.0;1.0;A01
201800023512;2.0;33;0;0.0;0.0;7.0;1.0;A01
201800023513;2.0;16;0;0.0;2.0;6.0;1.0;B01
201800023513;2.0;7;0;0.0;2.0;2.0;14.0;A01
201800023514;2.0;10;0;0.0;2.0;3.0;2.0;A01
201800023514;2.0;13;0;0.0;0.0;5.0;2.0;B01
201800023515;2.0;7;0;0.0;2.0;2.0;3.0;A01
201800023515;2.0;7;0;0.0;2.0;6.0;1.0;B01
201800023516;1.0;7;0;15.0;0.0;1.0;14.0;A01
201800023517;1.0;7;0;4.0;2.0;3.0;11.0;A01
201800023517;1.0;15;0;0.0;9.0;3.0;1.0;C01
201800023517;1.0;7;0;4.0;0.0;2.0;1.0;B01
201800023518;1.0;17;0;0.0;2.0;4.0;9.0;A01
201800023518;1.0;38;20;0.0;2.0;2.0;1.0;B01
201800023519;1.0;7;0;0.0;2.0;1.0;14.0;A01
201800023519;1.0;17;0;0.0;0.0;5.0;1.0;B01
201800023520;1.0;17;0;4.0;0.0;3.0;13.0;A01
201800023521;1.0;7;0;4.0;0.0;2.0;1.0;A01
201800023522;2.0;7;0;0.0;2.0;3.0;2.0;A01
201800023522;2.0;10;0;0.0;2.0;3.0;2.0;B01
201800023522;2.0;7;0;0.0;2.0;1.0;2.0;E01
201800023522;2.0;7;0;0.0;2.0;1.0;2.0;D01
201800023522;2.0;17;0;0.0;0.0;2.0;2.0;C01
201800023523;1.0;17;0;0.0;0.0;6.0;1.0;B01
201800023523;1.0;7;0;0.0;2.0;2.0;14.0;A01
201800023524;1.0;7;0;4.0;0.0;3.0;23.0;A01
201800023524;1.0;7;0;14.0;0.0;3.0;2.0;B01
201800023525;1.0;7;0;4.0;0.0;2.0;1.0;A01
201800023526;2.0;7;0;0.0;2.0;2.0;2.0;A01
201800023526;2.0;7;0;0.0;2.0;4.0;2.0;B01
201800023527;2.0;34;0;0.0;2.0;3.0;3.0;B01
201800023527;2.0;7;0;0.0;2.0;2.0;12.0;A01
201800023528;1.0;7;0;4.0;0.0;1.0;1.0;A01
201800023529;1.0;32;0;0.0;0.0;7.0;1.0;A01
201800023530;2.0;7;0;0.0;0.0;4.0;2.0;B01
201800023530;2.0;7;0;0.0;2.0;1.0;2.0;A01
201800023531;1.0;33;0;12.0;0.0;2.0;12.0;A01
201800023532;1.0;7;0;0.0;0.0;4.0;1.0;A01
201800023532;1.0;7;0;0.0;2.0;4.0;1.0;B01
201800023532;1.0;7;0;0.0;2.0;1.0;1.0;C01
201800023533;1.0;33;0;4.0;2.0;1.0;0.0;A01
201800023533;1.0;10;0;0.0;2.0;1.0;1.0;B01
201800023534;2.0;33;0;0.0;0.0;0.0;1.0;A01
201800023535;1.0;33;0;4.0;0.0;8.0;13.0;A01
201800023536;1.0;34;0;0.0;0.0;3.0;0.0;A01
201800023537;1.0;15;0;1.0;0.0;2.0;1.0;A01
201800023537;1.0;15;0;0.0;2.0;6.0;23.0;B01
201800023538;1.0;7;0;0.0;0.0;5.0;1.0;B01
201800023538;1.0;7;0;0.0;2.0;3.0;1.0;A01
201800023539;1.0;17;0;0.0;2.0;6.0;1.0;B01
201800023539;1.0;7;0;0.0;2.0;2.0;17.0;A01
201800023540;1.0;7;0;4.0;0.0;7.0;17.0;A01
201800023541;2.0;15;0;0.0;0.0;6.0;24.0;B01
201800023541;2.0;15;0;1.0;0.0;2.0;14.0;A01
201800023542;2.0;7;0;0.0;2.0;1.0;1.0;D01
201800023542;2.0;17;0;0.0;2.0;1.0;1.0;E01
201800023542;2.0;7;0;0.0;9.0;1.0;1.0;C01
201800023542;1.0;14;0;0.0;2.0;4.0;2.0;B01
201800023542;1.0;10;0;0.0;2.0;1.0;2.0;A01
201800023543;1.0;7;0;4.0;0.0;8.0;1.0;A01
201800023544;1.0;10;0;0.0;2.0;1.0;2.0;A01
201800023544;1.0;17;0;0.0;0.0;0.0;2.0;B01
201800023545;1.0;7;0;3.0;0.0;1.0;1.0;A01
201800023546;2.0;7;0;0.0;2.0;1.0;2.0;A01
201800023546;2.0;7;0;0.0;2.0;9.0;2.0;B01
201800023546;2.0;7;0;0.0;0.0;4.0;2.0;C01
201800023546;2.0;7;0;0.0;2.0;1.0;2.0;D01
201800023546;2.0;31;0;0.0;0.0;1.0;2.0;E01
201800023547;2.0;33;0;4.0;0.0;3.0;0.0;A01
201800023548;2.0;7;0;0.0;0.0;3.0;2.0;B01
201800023548;2.0;7;0;0.0;2.0;1.0;1.0;A01
201800023549;1.0;7;0;0.0;2.0;1.0;2.0;A01
201800023549;1.0;17;0;0.0;2.0;6.0;1.0;B01
201800023550;1.0;7;0;13.0;0.0;2.0;1.0;A01
201800023551;1.0;7;0;4.0;0.0;3.0;1.0;A01
201800023552;2.0;15;0;0.0;2.0;6.0;1.0;B01
201800023552;2.0;10;0;0.0;2.0;2.0;1.0;A01
201800023553;2.0;15;0;0.0;2.0;6.0;1.0;B01
201800023553;2.0;7;0;0.0;2.0;2.0;17.0;A01
201800023554;1.0;7;0;4.0;0.0;3.0;13.0;A01
201800023555;1.0;7;0;8.0;0.0;2.0;0.0;A01
201800023556;2.0;7;0;2.0;0.0;1.0;14.0;A01
201800023557;1.0;7;0;13.0;0.0;2.0;1.0;A01
201800023558;2.0;7;0;13.0;0.0;1.0;17.0;A01
201800023559;2.0;7;0;0.0;0.0;1.0;1.0;A01
201800023560;2.0;7;0;3.0;0.0;1.0;1.0;A01
201800023561;1.0;7;0;0.0;2.0;1.0;1.0;B01
201800023561;2.0;7;0;0.0;2.0;2.0;5.0;A01
201800023562;2.0;10;0;3.0;0.0;3.0;14.0;A01
201800023563;2.0;7;0;0.0;2.0;2.0;1.0;A01
201800023563;2.0;17;0;0.0;0.0;6.0;1.0;B01
201800023564;1.0;7;0;0.0;0.0;1.0;1.0;A01
201800023565;2.0;7;0;0.0;2.0;1.0;2.0;A01
201800023565;2.0;17;0;0.0;0.0;6.0;2.0;B01
201800023566;1.0;7;0;0.0;0.0;2.0;1.0;A01
201800023567;2.0;7;0;3.0;0.0;1.0;0.0;A01
201800023568;1.0;33;0;0.0;0.0;0.0;11.0;C01
201800023568;1.0;7;0;0.0;0.0;0.0;13.0;A01
201800023569;2.0;7;0;4.0;0.0;3.0;1.0;A01
201800023570;2.0;33;0;0.0;2.0;9.0;1.0;B01
201800023570;0.0;14;0;0.0;2.0;8.0;10.0;A01
201800023571;1.0;1;0;0.0;2.0;3.0;13.0;A01
201800023571;1.0;37;1;0.0;9.0;2.0;1.0;B01
201800023572;1.0;38;1;0.0;0.0;2.0;1.0;B01
201800023572;2.0;7;0;0.0;2.0;3.0;15.0;A01
201800023573;1.0;14;0;0.0;2.0;1.0;1.0;B01
201800023573;2.0;7;0;0.0;2.0;1.0;13.0;A01
201800023574;2.0;15;0;0.0;9.0;3.0;1.0;B01
201800023574;1.0;1;0;0.0;2.0;1.0;13.0;A01
201800023575;2.0;7;0;13.0;0.0;1.0;0.0;A01
201800023576;0.0;7;0;13.0;2.0;3.0;18.0;A01
201800023576;0.0;7;0;0.0;2.0;7.0;1.0;B01
201800023577;1.0;34;0;0.0;2.0;1.0;0.0;A01
201800023577;2.0;7;0;0.0;2.0;6.0;15.0;B01
201800023578;1.0;7;0;0.0;1.0;2.0;1.0;A01
201800023579;2.0;7;0;3.0;0.0;4.0;20.0;B01
201800023579;2.0;7;0;1.0;0.0;1.0;2.0;A01
201800023580;1.0;7;0;3.0;0.0;5.0;21.0;E01
201800023580;1.0;13;0;0.0;0.0;5.0;1.0;C01
201800023580;1.0;13;0;3.0;2.0;6.0;13.0;A01
201800023580;1.0;13;0;0.0;2.0;3.0;1.0;D01
201800023580;1.0;7;0;3.0;2.0;2.0;1.0;B01
201800023581;1.0;15;0;1.0;0.0;2.0;1.0;A01
201800023581;1.0;7;0;0.0;2.0;6.0;23.0;B01
201800023582;1.0;7;0;0.0;0.0;0.0;1.0;A01
201800023583;1.0;15;0;13.0;0.0;2.0;14.0;A01
201800023584;2.0;7;0;4.0;0.0;3.0;1.0;A01
201800023585;2.0;33;0;4.0;0.0;3.0;1.0;A01
201800023586;2.0;7;0;0.0;2.0;2.0;17.0;A01
201800023586;2.0;13;0;0.0;2.0;6.0;1.0;B01
201800023587;2.0;7;0;0.0;0.0;9.0;2.0;A01
201800023588;0.0;7;0;2.0;0.0;9.0;1.0;A01
201800023589;0.0;7;0;2.0;0.0;7.0;13.0;A01
201800023590;1.0;7;0;0.0;2.0;1.0;1.0;A01
201800023590;1.0;7;0;0.0;0.0;4.0;1.0;B01
201800023591;0.0;7;0;0.0;2.0;5.0;15.0;B01
201800023591;0.0;7;0;0.0;2.0;1.0;1.0;A01
201800023592;0.0;3;0;0.0;2.0;1.0;1.0;A01
201800023592;0.0;1;0;0.0;2.0;7.0;19.0;B01
201800023593;1.0;2;0;15.0;0.0;0.0;1.0;A01
201800023594;1.0;2;0;0.0;0.0;0.0;14.0;A01
201800023595;2.0;7;0;0.0;2.0;6.0;23.0;C01
201800023595;2.0;7;0;0.0;2.0;4.0;1.0;B01
201800023595;2.0;10;0;0.0;2.0;1.0;1.0;A01
201800023596;1.0;7;0;0.0;2.0;6.0;23.0;B01
201800023596;1.0;7;0;1.0;0.0;3.0;2.0;A01
201800023597;1.0;33;0;10.0;0.0;3.0;1.0;A01
201800023598;2.0;7;0;0.0;0.0;0.0;1.0;A01
201800023599;1.0;7;0;8.0;0.0;1.0;1.0;A01
201800023600;2.0;7;0;0.0;0.0;0.0;1.0;A01
201800023601;1.0;7;0;0.0;2.0;1.0;17.0;B01
201800023601;1.0;7;0;0.0;2.0;3.0;15.0;A01
201800023602;0.0;36;0;13.0;0.0;0.0;1.0;A01
201800023603;1.0;7;0;2.0;0.0;1.0;0.0;A01
201800023604;1.0;7;0;13.0;2.0;0.0;0.0;A01
201800023604;2.0;1;0;0.0;2.0;8.0;1.0;B01
201800023605;0.0;33;0;0.0;0.0;0.0;0.0;A01
201800023606;2.0;7;0;0.0;2.0;3.0;1.0;B01
201800023606;1.0;7;0;0.0;2.0;6.0;1.0;A01
201800023607;2.0;10;0;2.0;0.0;3.0;1.0;A01
201800023608;1.0;7;0;2.0;6.0;1.0;1.0;A01
201800023609;1.0;7;0;0.0;2.0;8.0;19.0;A01
201800023609;2.0;7;0;0.0;2.0;1.0;1.0;B01
201800023610;2.0;10;0;2.0;0.0;9.0;1.0;A01
201800023611;1.0;7;0;0.0;2.0;7.0;15.0;A01
201800023611;2.0;2;0;0.0;2.0;1.0;1.0;B01
201800023612;1.0;7;0;0.0;9.0;1.0;1.0;B01
201800023612;2.0;2;0;0.0;2.0;1.0;13.0;A01
201800023613;1.0;7;0;6.0;0.0;2.0;17.0;A01
201800023614;0.0;7;0;0.0;2.0;1.0;1.0;B01
201800023614;0.0;7;0;0.0;2.0;1.0;11.0;A01
201800023615;2.0;7;0;0.0;2.0;2.0;11.0;A01
201800023615;2.0;7;0;3.0;0.0;6.0;1.0;B01
201800023616;1.0;7;0;0.0;1.0;1.0;1.0;A01
201800023617;2.0;7;0;0.0;2.0;4.0;1.0;B01
201800023617;2.0;7;0;0.0;2.0;1.0;2.0;A01
201800023618;2.0;7;0;0.0;2.0;3.0;19.0;A01
201800023618;2.0;33;0;0.0;2.0;1.0;1.0;B01
201800023619;2.0;2;0;0.0;2.0;0.0;21.0;A01
201800023619;2.0;99;0;0.0;9.0;0.0;5.0;Z01
201800023620;2.0;7;0;0.0;2.0;1.0;17.0;A01
201800023620;2.0;7;0;0.0;2.0;6.0;2.0;B01
201800023621;2.0;7;0;8.0;0.0;1.0;21.0;C01
201800023621;2.0;7;0;0.0;2.0;1.0;1.0;B01
201800023621;1.0;7;0;0.0;2.0;2.0;15.0;A01
201800023622;2.0;7;0;0.0;1.0;2.0;1.0;A01
201800023623;1.0;30;0;0.0;2.0;0.0;15.0;A01
201800023623;1.0;7;0;0.0;2.0;1.0;0.0;Z01
201800023624;1.0;7;0;0.0;1.0;3.0;1.0;A01
201800023625;1.0;7;0;0.0;1.0;0.0;1.0;A01
201800023626;1.0;7;0;0.0;1.0;1.0;1.0;A01
201800023627;0.0;7;0;0.0;2.0;1.0;15.0;A01
201800023627;0.0;30;0;0.0;2.0;1.0;1.0;B01
201800023628;1.0;7;0;0.0;2.0;1.0;1.0;A01
201800023628;1.0;7;0;0.0;2.0;1.0;1.0;B01
201800023629;0.0;7;0;0.0;2.0;1.0;1.0;A01
201800023629;0.0;32;0;0.0;2.0;7.0;1.0;B01
201800023630;2.0;7;0;0.0;2.0;4.0;2.0;B01
201800023630;2.0;7;0;0.0;2.0;1.0;2.0;A01
201800023630;2.0;7;0;0.0;2.0;5.0;2.0;C01
201800023631;1.0;7;0;13.0;0.0;9.0;1.0;A01
201800023632;2.0;7;0;0.0;2.0;1.0;13.0;A01
201800023632;1.0;10;0;0.0;2.0;1.0;1.0;B01
201800023633;2.0;1;0;0.0;2.0;0.0;2.0;B01
201800023633;2.0;7;0;0.0;2.0;8.0;2.0;A01
201800023634;2.0;30;0;0.0;2.0;1.0;13.0;A01
201800023634;1.0;7;0;0.0;2.0;3.0;1.0;B01
201800023635;0.0;2;0;13.0;0.0;1.0;0.0;A01
201800023636;1.0;30;0;0.0;0.0;0.0;1.0;A01
201800023637;1.0;7;0;0.0;2.0;7.0;0.0;A01
201800023637;0.0;1;0;0.0;2.0;1.0;19.0;B01
201800023638;0.0;7;0;0.0;2.0;1.0;2.0;A01
201800023638;0.0;10;0;0.0;0.0;4.0;2.0;B01
201800023639;1.0;33;0;0.0;2.0;0.0;1.0;A01
201800023639;1.0;7;0;9.0;2.0;3.0;0.0;Z01
201800023640;2.0;1;0;0.0;2.0;1.0;21.0;B01
201800023640;1.0;7;0;0.0;2.0;3.0;9.0;A01
201800023641;1.0;7;0;0.0;2.0;7.0;15.0;A01
201800023641;2.0;7;0;0.0;2.0;1.0;1.0;B01
201800023642;1.0;33;0;0.0;0.0;7.0;15.0;A01
201800023643;0.0;7;0;0.0;0.0;1.0;1.0;A01
201800023644;0.0;7;0;16.0;0.0;0.0;1.0;A01
201800023645;2.0;1;0;0.0;0.0;1.0;1.0;A01
201800023646;0.0;7;0;0.0;1.0;1.0;1.0;A01
201800023647;1.0;2;0;0.0;2.0;7.0;1.0;B01
201800023647;1.0;7;0;0.0;2.0;8.0;11.0;A01
201800023648;1.0;7;0;0.0;2.0;3.0;10.0;A01
201800023648;1.0;2;0;0.0;2.0;7.0;1.0;B01
201800023649;2.0;7;0;0.0;1.0;0.0;1.0;A01
201800023650;0.0;7;0;0.0;1.0;2.0;1.0;A01
201800023651;2.0;30;0;0.0;2.0;7.0;17.0;A01
201800023651;2.0;7;0;0.0;2.0;8.0;23.0;B01
201800023652;2.0;7;0;0.0;2.0;1.0;15.0;A01
201800023652;1.0;7;0;0.0;2.0;1.0;1.0;B01
201800023653;0.0;7;0;0.0;2.0;4.0;2.0;B01
201800023653;1.0;7;0;0.0;2.0;1.0;2.0;A01
201800023654;2.0;1;0;0.0;1.0;1.0;1.0;A01
201800023655;2.0;7;0;0.0;6.0;1.0;9.0;A01
201800023655;1.0;1;0;0.0;2.0;7.0;1.0;B01
201800023656;1.0;7;0;0.0;5.0;1.0;1.0;A01
201800023657;2.0;99;0;0.0;1.0;0.0;1.0;Z01
201800023658;1.0;10;0;0.0;2.0;4.0;2.0;B01
201800023658;1.0;7;0;0.0;2.0;1.0;1.0;A01
201800023659;2.0;30;0;12.0;0.0;0.0;0.0;A01
201800023660;0.0;7;0;0.0;2.0;1.0;2.0;A01
201800023660;0.0;7;0;0.0;2.0;4.0;2.0;B01