Num_Acc;senc;catv;occutc;obs;obsm;choc;manv;num_veh
201800025185;1.0;10;0;1.0;2.0;8.0;1.0;A01
201800025186;1.0;7;0;3.0;0.0;9.0;1.0;A01
201800025187;2.0;1;0;0.0;2.0;1.0;1.0;B01
201800025187;2.0;7;0;0.0;2.0;1.0;15.0;A01
201800025188;1.0;7;0;0.0;2.0;1.0;1.0;A01
201800025188;1.0;7;0;0.0;2.0;7.0;1.0;B01
201800025189;1.0;7;0;0.0;1.0;7.0;1.0;B01
201800025190;2.0;30;0;0.0;2.0;1.0;18.0;A01
201800025190;2.0;1;0;0.0;2.0;7.0;19.0;B01
201800025191;2.0;7;0;0.0;2.0;2.0;15.0;A01
201800025191;1.0;7;0;0.0;2.0;1.0;1.0;B01
201800025191;1.0;7;0;0.0;2.0;1.0;1.0;C01
201800025192;2.0;1;0;0.0;6.0;0.0;0.0;A01
201800025193;0.0;7;0;0.0;2.0;2.0;15.0;A01
201800025193;0.0;7;0;0.0;2.0;1.0;1.0;B01
201800025194;0.0;7;0;0.0;2.0;1.0;1.0;A01
201800025194;0.0;7;0;0.0;2.0;6.0;15.0;B01
201800025195;0.0;1;0;0.0;0.0;1.0;1.0;A01
201800025196;1.0;7;0;0.0;2.0;2.0;20.0;A01
201800025196;1.0;31;0;0.0;2.0;7.0;1.0;B01
201800025197;1.0;7;0;0.0;2.0;3.0;15.0;A01
201800025197;1.0;7;0;0.0;2.0;3.0;1.0;B01
201800025198;1.0;7;0;0.0;2.0;2.0;13.0;A01
201800025198;1.0;7;0;0.0;2.0;6.0;2.0;B01
201800025199;1.0;7;0;15.0;0.0;6.0;1.0;A01
201800025200;1.0;7;0;0.0;2.0;1.0;2.0;A01
201800025200;1.0;31;0;0.0;2.0;4.0;2.0;B01
201800025200;2.0;7;0;0.0;2.0;1.0;5.0;C01
201800025201;1.0;7;0;0.0;2.0;7.0;1.0;A01
201800025201;2.0;7;0;0.0;2.0;1.0;1.0;B01
201800025202;1.0;31;0;14.0;0.0;2.0;1.0;A01
201800025203;0.0;7;0;8.0;0.0;5.0;1.0;A01
201800025204;1.0;7;0;0.0;1.0;2.0;9.0;A01
201800025205;1.0;33;0;0.0;2.0;7.0;5.0;A01
201800025205;2.0;7;0;0.0;2.0;3.0;15.0;B01
201800025206;2.0;1;0;0.0;0.0;7.0;1.0;A01
201800025207;1.0;10;0;0.0;1.0;2.0;2.0;A01
201800025208;2.0;34;0;0.0;2.0;7.0;1.0;B01
201800025208;1.0;10;0;0.0;2.0;1.0;1.0;A01
201800025209;1.0;7;0;0.0;1.0;2.0;1.0;A01
201800025210;2.0;7;0;0.0;0.0;0.0;10.0;A01
201800025210;2.0;37;20;0.0;0.0;0.0;7.0;B01
201800025211;1.0;7;0;0.0;2.0;1.0;1.0;A01
201800025211;1.0;7;0;0.0;2.0;4.0;1.0;B01
201800025212;1.0;33;0;0.0;0.0;8.0;1.0;A01
201800025213;1.0;7;0;0.0;2.0;2.0;1.0;A01
201800025213;1.0;1;0;0.0;2.0;3.0;19.0;B01
201800025214;2.0;7;0;0.0;4.0;7.0;1.0;A01
201800025214;1.0;40;10;0.0;2.0;1.0;1.0;B01
201800025215;1.0;7;0;6.0;0.0;1.0;1.0;A01
201800025216;2.0;7;0;2.0;0.0;3.0;16.0;A01
201800025217;1.0;1;0;0.0;0.0;1.0;0.0;A01
201800025218;1.0;7;0;0.0;2.0;6.0;1.0;A01
201800025218;1.0;37;20;0.0;2.0;8.0;1.0;B01
201800025219;1.0;99;0;0.0;0.0;0.0;0.0;B01
201800025220;1.0;7;0;0.0;2.0;1.0;2.0;A01
201800025220;1.0;7;0;0.0;2.0;4.0;2.0;B01
201800025221;1.0;10;0;0.0;2.0;4.0;4.0;A01
201800025221;1.0;1;0;0.0;2.0;2.0;1.0;B01
201800025222;2.0;1;0;0.0;2.0;1.0;13.0;A01
201800025222;1.0;7;0;0.0;2.0;1.0;16.0;B01
201800025223;1.0;1;0;0.0;0.0;0.0;23.0;A01
201800025224;1.0;7;0;0.0;1.0;1.0;1.0;A01
201800025225;1.0;7;0;0.0;2.0;1.0;2.0;A01
201800025225;1.0;15;0;0.0;2.0;4.0;23.0;B01
201800025226;1.0;7;0;0.0;2.0;1.0;2.0;A01
201800025226;1.0;7;0;0.0;2.0;4.0;2.0;B01
201800025227;1.0;30;0;0.0;2.0;1.0;1.0;B01
201800025227;1.0;7;0;0.0;2.0;3.0;9.0;A01
201800025228;1.0;7;0;0.0;9.0;1.0;14.0;A01
201800025229;1.0;7;0;0.0;2.0;1.0;2.0;A01
201800025229;1.0;7;0;0.0;2.0;4.0;2.0;B01
201800025230;2.0;7;0;0.0;2.0;2.0;15.0;A01
201800025230;1.0;7;0;0.0;2.0;3.0;1.0;B01
201800025231;1.0;7;0;0.0;1.0;2.0;1.0;A01
201800025232;2.0;7;0;0.0;2.0;1.0;2.0;A01
201800025232;2.0;7;0;0.0;2.0;1.0;2.0;B01
201800025232;2.0;7;0;0.0;2.0;1.0;2.0;C01
201800025233;1.0;7;0;13.0;0.0;1.0;1.0;A01
201800025234;2.0;1;0;0.0;9.0;7.0;16.0;A01
201800025235;2.0;10;0;0.0;0.0;0.0;14.0;A01
201800025236;2.0;7;0;0.0;2.0;8.0;24.0;A01
201800025236;2.0;1;0;1.0;0.0;1.0;1.0;B01
201800025237;1.0;7;0;0.0;1.0;1.0;15.0;A01
201800025238;2.0;30;0;0.0;2.0;1.0;5.0;A01
201800025238;2.0;7;0;0.0;2.0;1.0;1.0;B01
201800025239;1.0;7;0;10.0;2.0;1.0;9.0;A01
201800025239;1.0;7;0;0.0;2.0;7.0;1.0;B01
201800025240;2.0;32;0;0.0;2.0;1.0;2.0;A01
201800025240;2.0;7;0;0.0;2.0;5.0;15.0;B01
201800025241;1.0;7;0;0.0;2.0;1.0;1.0;B01
201800025241;2.0;1;0;0.0;2.0;8.0;5.0;A01
201800025242;1.0;33;0;0.0;0.0;8.0;1.0;A01
201800025243;1.0;7;0;0.0;2.0;3.0;1.0;B01
201800025243;1.0;7;0;0.0;2.0;2.0;1.0;A01
201800025244;1.0;1;0;0.0;0.0;0.0;0.0;A01
201800025245;2.0;31;0;0.0;2.0;1.0;1.0;A01
201800025245;2.0;7;0;0.0;2.0;4.0;2.0;B01
201800025246;2.0;7;0;0.0;2.0;1.0;15.0;A01
201800025246;2.0;7;0;0.0;2.0;8.0;1.0;B01
201800025247;1.0;7;0;0.0;1.0;8.0;2.0;A01
201800025248;2.0;7;0;0.0;1.0;2.0;2.0;A01
201800025249;1.0;2;0;0.0;0.0;8.0;2.0;A01
201800025250;2.0;7;0;0.0;1.0;1.0;15.0;A01
201800025251;1.0;7;0;7.0;0.0;1.0;1.0;A01
201800025252;2.0;7;0;0.0;2.0;2.0;12.0;A01
201800025252;2.0;7;0;0.0;2.0;6.0;2.0;B01
201800025253;1.0;31;0;0.0;2.0;1.0;2.0;A01
201800025253;1.0;7;0;0.0;2.0;3.0;23.0;B01
201800025254;2.0;7;0;0.0;2.0;1.0;1.0;A01
201800025254;2.0;7;0;0.0;2.0;1.0;2.0;B01
201800025254;2.0;7;0;0.0;2.0;4.0;2.0;C01
201800025255;2.0;1;0;0.0;1.0;1.0;1.0;A01
201800025256;1.0;7;0;0.0;1.0;2.0;1.0;A01
201800025257;1.0;7;0;0.0;2.0;3.0;2.0;A01
201800025257;1.0;33;0;0.0;2.0;7.0;2.0;B01
201800025258;2.0;7;0;0.0;1.0;3.0;1.0;A01
201800025259;2.0;1;0;0.0;2.0;6.0;15.0;B01
201800025259;2.0;7;0;0.0;2.0;1.0;1.0;A01
201800025260;1.0;10;0;0.0;1.0;0.0;0.0;A01
201800025261;2.0;7;0;0.0;2.0;2.0;15.0;A01
201800025261;1.0;7;0;0.0;2.0;1.0;2.0;B01
201800025262;1.0;7;0;0.0;2.0;8.0;15.0;A01
201800025262;1.0;33;0;0.0;2.0;1.0;17.0;B01
201800025263;2.0;7;0;0.0;2.0;1.0;9.0;A01
201800025263;1.0;10;0;0.0;2.0;1.0;1.0;B01
201800025264;2.0;2;0;0.0;0.0;8.0;1.0;A01
201800025265;1.0;31;0;0.0;5.0;0.0;1.0;A01
201800025266;1.0;33;0;0.0;0.0;0.0;1.0;A01
201800025267;1.0;7;0;2.0;0.0;1.0;1.0;A01
201800025268;2.0;30;0;0.0;2.0;1.0;9.0;A01
201800025268;2.0;7;0;0.0;2.0;4.0;1.0;B01
201800025269;2.0;7;0;0.0;1.0;2.0;1.0;A01
201800025270;1.0;14;0;14.0;0.0;2.0;1.0;A01
201800025270;1.0;1;0;14.0;0.0;4.0;21.0;B01
201800025271;1.0;34;0;0.0;2.0;1.0;2.0;A01
201800025271;1.0;7;0;0.0;2.0;4.0;23.0;B01
201800025272;1.0;7;0;4.0;0.0;3.0;0.0;A01
201800025273;1.0;7;0;4.0;0.0;1.0;1.0;A01
201800025274;1.0;7;0;0.0;2.0;2.0;13.0;A01
201800025274;2.0;7;0;0.0;2.0;1.0;1.0;B01
201800025275;1.0;7;0;0.0;2.0;2.0;1.0;A01
201800025275;1.0;7;0;0.0;2.0;1.0;16.0;B01
201800025276;1.0;7;0;0.0;2.0;1.0;1.0;A01
201800025276;1.0;7;0;0.0;2.0;4.0;1.0;B01
201800025277;1.0;7;0;1.0;0.0;1.0;1.0;A01
201800025278;1.0;7;0;0.0;1.0;4.0;4.0;A01
201800025279;2.0;32;0;0.0;1.0;1.0;1.0;A01
201800025280;1.0;7;0;9.0;0.0;2.0;1.0;A01
201800025281;2.0;31;0;0.0;1.0;8.0;1.0;Z01
201800025282;1.0;7;0;1.0;2.0;8.0;1.0;B01
201800025282;1.0;7;0;1.0;2.0;1.0;1.0;A01
201800025283;2.0;7;0;0.0;2.0;1.0;2.0;A01
201800025283;2.0;7;0;0.0;2.0;4.0;1.0;B01
201800025283;2.0;7;0;0.0;2.0;4.0;1.0;C01
201800025283;2.0;7;0;0.0;2.0;4.0;1.0;D01
201800025284;1.0;30;0;0.0;0.0;0.0;1.0;A01
201800025285;1.0;7;0;0.0;2.0;1.0;15.0;A01
201800025285;2.0;7;0;0.0;2.0;1.0;1.0;B01
201800025285;1.0;7;0;0.0;2.0;1.0;1.0;C01
201800025286;1.0;7;0;0.0;1.0;4.0;4.0;A01
201800025287;2.0;1;0;0.0;2.0;1.0;1.0;A01
201800025287;2.0;10;0;0.0;2.0;5.0;15.0;B01
201800025288;1.0;10;0;0.0;1.0;2.0;21.0;A01
201800025289;1.0;7;0;15.0;0.0;1.0;13.0;A01
201800025290;2.0;32;0;0.0;2.0;3.0;13.0;A01
201800025290;1.0;7;0;0.0;2.0;3.0;1.0;B01
201800025291;1.0;7;0;0.0;2.0;2.0;2.0;A01
201800025291;1.0;1;0;0.0;2.0;4.0;2.0;B01
201800025292;1.0;7;0;0.0;1.0;3.0;1.0;A01
201800025293;2.0;10;0;0.0;1.0;2.0;1.0;A01
201800025294;1.0;34;0;0.0;0.0;7.0;1.0;A01
201800025295;2.0;10;0;0.0;1.0;1.0;1.0;A01
201800025296;2.0;40;20;0.0;1.0;3.0;1.0;A01
201800025297;1.0;1;0;0.0;0.0;0.0;1.0;A01
201800025298;2.0;37;10;0.0;1.0;2.0;1.0;A01
201800025299;1.0;7;0;0.0;2.0;1.0;2.0;A01
201800025299;1.0;7;0;0.0;2.0;4.0;23.0;B01
201800025300;1.0;30;0;0.0;0.0;0.0;14.0;A01
201800025301;1.0;32;0;11.0;0.0;0.0;17.0;A01
201800025302;1.0;30;0;0.0;2.0;8.0;1.0;A01
201800025302;2.0;7;0;0.0;2.0;3.0;1.0;B01
201800025303;1.0;10;0;0.0;2.0;1.0;2.0;A01
201800025303;1.0;7;0;0.0;2.0;1.0;2.0;D01
201800025303;1.0;10;0;0.0;2.0;5.0;2.0;C01
201800025303;1.0;10;0;0.0;2.0;9.0;2.0;B01
201800025303;1.0;7;0;0.0;2.0;4.0;2.0;E01
201800025304;1.0;7;0;0.0;2.0;8.0;22.0;A01
201800025304;1.0;1;0;1.0;0.0;1.0;2.0;B01
201800025305;1.0;7;0;0.0;1.0;2.0;16.0;A01
201800025306;2.0;7;0;0.0;1.0;1.0;2.0;A01
201800025307;1.0;10;0;0.0;1.0;3.0;9.0;A01
201800025308;1.0;40;100;0.0;1.0;2.0;1.0;A01
201800025309;2.0;99;0;0.0;2.0;1.0;0.0;A01
201800025309;1.0;7;0;0.0;2.0;2.0;19.0;B01
201800025310;2.0;37;1;0.0;1.0;7.0;0.0;A01
201800025311;1.0;33;0;0.0;2.0;1.0;1.0;A01
201800025311;2.0;7;0;0.0;2.0;1.0;15.0;B01
201800025312;1.0;1;0;0.0;2.0;7.0;16.0;A01
201800025312;2.0;1;0;0.0;2.0;1.0;21.0;B01
201800025313;1.0;7;0;0.0;2.0;1.0;1.0;A01
201800025313;1.0;1;0;0.0;2.0;8.0;19.0;B01
201800025314;2.0;33;0;0.0;0.0;1.0;5.0;A01
201800025315;1.0;30;0;0.0;0.0;8.0;1.0;A01
201800025316;1.0;7;0;0.0;0.0;1.0;16.0;A01
201800025317;2.0;7;0;0.0;2.0;2.0;22.0;A01
201800025317;2.0;1;0;0.0;2.0;1.0;1.0;B01
201800025318;1.0;7;0;0.0;1.0;7.0;1.0;A01
201800025319;2.0;10;0;0.0;2.0;1.0;2.0;A01
201800025319;2.0;7;0;0.0;2.0;4.0;2.0;B01
201800025320;1.0;10;0;0.0;2.0;2.0;11.0;A01
201800025320;1.0;7;0;0.0;1.0;2.0;1.0;B01
201800025321;1.0;7;0;0.0;2.0;1.0;1.0;A01
201800025321;1.0;7;0;0.0;2.0;3.0;1.0;B01
201800025322;2.0;34;0;0.0;2.0;1.0;1.0;B01
201800025322;2.0;7;0;0.0;2.0;7.0;19.0;A01
201800025323;1.0;33;0;0.0;2.0;1.0;1.0;A01
201800025323;0.0;7;0;0.0;2.0;7.0;15.0;B01
201800025324;2.0;7;0;0.0;2.0;2.0;10.0;A01
201800025324;1.0;33;0;0.0;2.0;1.0;1.0;B01
201800025325;2.0;7;0;0.0;2.0;1.0;23.0;A01
201800025325;1.0;7;0;14.0;0.0;1.0;13.0;B01
201800025326;1.0;30;0;0.0;2.0;3.0;0.0;A01
201800025326;1.0;7;0;0.0;2.0;6.0;1.0;B01
201800025327;1.0;37;2;1.0;0.0;7.0;17.0;A01
201800025327;1.0;37;1;0.0;2.0;6.0;24.0;B01
201800025328;1.0;33;0;0.0;0.0;8.0;15.0;A01
201800025329;1.0;7;0;13.0;0.0;1.0;1.0;A01
201800025330;0.0;37;1;0.0;2.0;2.0;1.0;B01
201800025330;0.0;7;0;0.0;2.0;3.0;16.0;A01
201800025331;2.0;7;0;0.0;1.0;1.0;1.0;A01
201800025332;2.0;7;0;0.0;2.0;1.0;2.0;A01
201800025332;2.0;7;0;0.0;2.0;4.0;2.0;B01
201800025333;0.0;7;0;0.0;2.0;2.0;16.0;A01
201800025333;0.0;99;0;0.0;2.0;1.0;1.0;B01
201800025334;1.0;7;0;0.0;1.0;0.0;16.0;A01
201800025335;1.0;7;0;0.0;2.0;1.0;0.0;A01
201800025335;1.0;7;0;14.0;2.0;4.0;1.0;B01
201800025336;2.0;37;1;0.0;1.0;5.0;0.0;A01
201800025337;1.0;7;0;6.0;0.0;1.0;15.0;A01
201800025338;1.0;2;0;0.0;2.0;1.0;1.0;A01
201800025338;1.0;7;0;0.0;2.0;4.0;1.0;B01
201800025339;1.0;7;0;0.0;1.0;1.0;1.0;A01
201800025340;1.0;1;0;11.0;0.0;1.0;1.0;A01
201800025341;1.0;7;0;0.0;2.0;1.0;1.0;A01
201800025341;1.0;7;0;0.0;2.0;1.0;1.0;B01
201800025341;1.0;7;0;0.0;2.0;6.0;1.0;C01
201800025342;1.0;7;0;0.0;0.0;0.0;16.0;A01
201800025342;1.0;1;0;0.0;0.0;0.0;1.0;B01
201800025343;2.0;7;0;1.0;0.0;2.0;0.0;A01
201800025343;2.0;7;0;1.0;2.0;4.0;0.0;B01
201800025344;2.0;14;0;0.0;2.0;1.0;13.0;A01
201800025344;1.0;7;0;0.0;2.0;3.0;1.0;B01
201800025345;1.0;1;0;14.0;0.0;1.0;2.0;A01
201800025346;2.0;7;0;0.0;2.0;1.0;21.0;A01
201800025346;2.0;7;0;0.0;2.0;4.0;2.0;B01
201800025347;1.0;7;0;0.0;2.0;1.0;2.0;A01
201800025347;1.0;1;0;0.0;2.0;4.0;2.0;B01
201800025348;1.0;7;0;12.0;0.0;1.0;1.0;A01
201800025349;1.0;1;0;6.0;0.0;1.0;1.0;A01
201800025350;2.0;10;0;0.0;1.0;2.0;2.0;A01
201800025351;1.0;1;0;0.0;2.0;1.0;2.0;A01
201800025351;1.0;7;0;0.0;2.0;4.0;2.0;B01
201800025352;1.0;7;0;0.0;2.0;2.0;13.0;A01
201800025352;2.0;7;0;0.0;2.0;1.0;1.0;B01
201800025352;1.0;7;0;0.0;2.0;1.0;1.0;C01
201800025353;2.0;1;0;0.0;1.0;1.0;1.0;A01
201800025354;1.0;7;0;0.0;1.0;1.0;1.0;A01
201800025355;2.0;7;0;0.0;1.0;2.0;2.0;A01
201800025356;2.0;7;0;1.0;0.0;1.0;14.0;A01
201800025357;1.0;7;0;0.0;2.0;1.0;1.0;A01
201800025357;2.0;7;0;0.0;2.0;8.0;15.0;B01
201800025358;1.0;7;0;11.0;2.0;1.0;13.0;A01
201800025358;1.0;7;0;0.0;2.0;3.0;1.0;B01
201800025359;1.0;1;0;0.0;2.0;1.0;1.0;A01
201800025359;1.0;7;0;0.0;2.0;1.0;15.0;B01
201800025360;2.0;30;0;0.0;0.0;3.0;1.0;A01
201800025361;1.0;7;0;0.0;2.0;1.0;2.0;A01
201800025361;1.0;7;0;0.0;2.0;9.0;2.0;B01
201800025361;1.0;7;0;0.0;2.0;4.0;2.0;C01
201800025362;2.0;7;0;0.0;2.0;1.0;2.0;A01
201800025362;2.0;7;0;0.0;2.0;4.0;2.0;B01
201800025363;1.0;7;0;0.0;1.0;8.0;0.0;A01
201800025364;1.0;1;0;0.0;0.0;0.0;1.0;A01
201800025365;1.0;7;0;0.0;1.0;3.0;1.0;A01
201800025366;1.0;7;0;8.0;0.0;1.0;1.0;A01
201800025367;2.0;7;0;1.0;0.0;1.0;14.0;A01
201800025368;2.0;7;0;0.0;2.0;1.0;1.0;A01
201800025368;2.0;10;0;0.0;2.0;4.0;2.0;B01
201800025369;1.0;30;0;0.0;0.0;0.0;0.0;A01
201800025370;2.0;2;0;0.0;0.0;1.0;1.0;A01
201800025371;0.0;1;0;0.0;0.0;0.0;0.0;A01
201800025372;1.0;7;0;1.0;0.0;1.0;14.0;A01
201800025373;1.0;10;0;0.0;1.0;3.0;1.0;A01
201800025374;1.0;30;0;0.0;0.0;7.0;2.0;A01
201800025375;1.0;2;0;0.0;0.0;0.0;2.0;A01
201800025376;1.0;7;0;0.0;1.0;1.0;15.0;A01
201800025377;2.0;7;0;0.0;2.0;3.0;15.0;A01
201800025377;2.0;30;0;0.0;2.0;1.0;1.0;B01
201800025378;1.0;7;0;0.0;2.0;6.0;9.0;A01
201800025378;1.0;15;0;0.0;2.0;2.0;1.0;B01
201800025379;1.0;2;0;0.0;2.0;1.0;1.0;A01
201800025379;1.0;7;0;0.0;2.0;5.0;1.0;B01
201800025380;2.0;7;0;0.0;2.0;2.0;2.0;A01
201800025380;2.0;7;0;1.0;2.0;9.0;20.0;B01
201800025381;1.0;1;0;0.0;2.0;1.0;1.0;A01
201800025381;1.0;7;0;0.0;2.0;2.0;16.0;B01
201800025382;1.0;7;0;0.0;2.0;3.0;1.0;B01
201800025382;1.0;7;0;0.0;2.0;2.0;1.0;A01
201800025383;1.0;7;0;0.0;2.0;5.0;15.0;A01
201800025383;1.0;7;0;0.0;2.0;1.0;2.0;B01
201800025384;1.0;7;0;0.0;2.0;3.0;15.0;B01
201800025384;1.0;1;0;0.0;2.0;1.0;1.0;A01
201800025385;1.0;7;0;16.0;0.0;1.0;1.0;A01
201800025386;2.0;7;0;0.0;2.0;8.0;19.0;B01
201800025386;2.0;7;0;0.0;2.0;1.0;19.0;A01
201800025387;1.0;7;0;0.0;2.0;3.0;9.0;A01
201800025387;0.0;7;0;0.0;2.0;9.0;1.0;B01
201800025388;1.0;7;0;9.0;2.0;1.0;1.0;A01
201800025388;2.0;7;0;0.0;2.0;8.0;15.0;B01
201800025389;1.0;2;0;0.0;2.0;3.0;1.0;B01
201800025389;2.0;7;0;0.0;2.0;8.0;15.0;A01
201800025390;1.0;7;0;0.0;2.0;7.0;1.0;A01
201800025390;1.0;31;0;0.0;2.0;1.0;1.0;B01
201800025391;1.0;10;0;0.0;1.0;8.0;2.0;A01
201800025392;1.0;7;0;0.0;2.0;3.0;13.0;A01
201800025392;2.0;7;0;0.0;2.0;3.0;2.0;B01
201800025393;1.0;33;0;0.0;2.0;5.0;1.0;B01
201800025393;2.0;7;0;0.0;2.0;2.0;15.0;A01
201800025394;1.0;10;0;0.0;2.0;1.0;1.0;A01
201800025394;1.0;7;0;0.0;2.0;4.0;1.0;B01
201800025395;1.0;7;0;0.0;2.0;1.0;15.0;A01
201800025395;2.0;7;0;0.0;2.0;1.0;1.0;B01
201800025396;1.0;37;10;0.0;1.0;2.0;2.0;A01
201800025397;2.0;7;0;0.0;2.0;1.0;1.0;A01
201800025397;2.0;7;0;0.0;2.0;3.0;16.0;B01
201800025398;2.0;7;0;0.0;2.0;3.0;19.0;A01
201800025398;0.0;7;0;0.0;2.0;7.0;19.0;B01
201800025399;2.0;7;0;0.0;2.0;1.0;2.0;A01
201800025399;2.0;7;0;0.0;2.0;4.0;2.0;B01
201800025399;2.0;7;0;0.0;2.0;4.0;2.0;C01
201800025399;2.0;7;0;0.0;2.0;4.0;2.0;D01
201800025400;0.0;7;0;0.0;6.0;2.0;14.0;A01
201800025401;2.0;33;0;0.0;0.0;7.0;1.0;A01
201800025402;2.0;7;0;0.0;2.0;1.0;13.0;A01
201800025402;1.0;34;0;0.0;2.0;1.0;1.0;B01
201800025403;1.0;7;0;6.0;0.0;4.0;0.0;A01
201800025404;2.0;7;0;0.0;2.0;1.0;19.0;A01
201800025404;0.0;33;0;0.0;2.0;7.0;0.0;B01
201800025405;1.0;7;0;0.0;2.0;7.0;16.0;A01
201800025405;2.0;1;0;0.0;2.0;8.0;0.0;B01
201800025406;1.0;10;0;0.0;2.0;7.0;22.0;A01
201800025406;1.0;1;0;0.0;2.0;1.0;18.0;B01
201800025407;2.0;1;0;0.0;2.0;1.0;0.0;A01
201800025407;2.0;7;0;0.0;6.0;4.0;23.0;B01
201800025408;2.0;10;0;0.0;2.0;1.0;2.0;A01
201800025408;2.0;10;0;0.0;2.0;4.0;2.0;B01
201800025409;1.0;7;0;0.0;2.0;3.0;15.0;A01
201800025409;1.0;33;0;0.0;2.0;1.0;1.0;B01
201800025410;2.0;7;0;12.0;1.0;2.0;0.0;A01
201800025411;2.0;7;0;0.0;2.0;1.0;13.0;A01
201800025411;1.0;10;0;0.0;2.0;3.0;1.0;B01
201800025412;2.0;7;0;0.0;1.0;7.0;1.0;A01
201800025413;2.0;30;0;0.0;1.0;8.0;1.0;A01
201800025414;2.0;7;0;0.0;2.0;1.0;1.0;A01
201800025414;2.0;7;0;3.0;2.0;4.0;2.0;B01
201800025414;2.0;7;0;0.0;2.0;4.0;2.0;C01
201800025415;1.0;30;0;0.0;2.0;1.0;5.0;A01
201800025415;1.0;1;0;0.0;2.0;7.0;19.0;B01
201800025416;2.0;7;0;0.0;2.0;2.0;2.0;A01
201800025416;0.0;1;0;0.0;2.0;8.0;19.0;B01
201800025417;0.0;7;0;0.0;2.0;1.0;1.0;A01
201800025417;0.0;7;0;6.0;2.0;4.0;15.0;B01
201800025418;1.0;30;0;12.0;0.0;8.0;14.0;A01
201800025419;2.0;7;0;0.0;1.0;2.0;1.0;A01
201800025420;1.0;7;0;0.0;2.0;1.0;2.0;A01
201800025420;1.0;7;0;0.0;2.0;4.0;23.0;B01
201800025420;1.0;7;0;0.0;2.0;4.0;23.0;C01
201800025421;1.0;7;0;0.0;2.0;1.0;2.0;A01
201800025421;1.0;7;0;0.0;2.0;4.0;1.0;B01
201800025422;1.0;7;0;0.0;2.0;6.0;12.0;A01
201800025422;1.0;37;2;0.0;2.0;1.0;1.0;B01
201800025423;0.0;7;0;8.0;0.0;3.0;14.0;A01
201800025424;1.0;30;0;0.0;2.0;1.0;2.0;A01
201800025424;1.0;30;0;0.0;2.0;4.0;2.0;B01
201800025425;1.0;14;0;0.0;2.0;1.0;2.0;A01
201800025425;1.0;7;0;0.0;2.0;4.0;2.0;C01
201800025425;1.0;7;0;0.0;2.0;4.0;2.0;B01
201800025426;2.0;7;0;6.0;2.0;1.0;1.0;A01
201800025426;2.0;7;0;0.0;2.0;4.0;1.0;B01
201800025427;2.0;10;0;0.0;2.0;1.0;1.0;A01
201800025427;2.0;7;0;0.0;2.0;4.0;1.0;B01
201800025427;2.0;7;0;0.0;2.0;4.0;1.0;C01
201800025428;1.0;34;0;0.0;2.0;2.0;14.0;A01
201800025428;1.0;7;0;0.0;2.0;6.0;2.0;B01
201800025429;2.0;7;0;0.0;4.0;3.0;1.0;A01
201800025429;0.0;40;1;0.0;2.0;1.0;1.0;B01
201800025430;2.0;30;0;0.0;2.0;1.0;2.0;A01
201800025430;2.0;7;0;0.0;2.0;5.0;2.0;B01
201800025431;2.0;7;0;0.0;4.0;8.0;5.0;A01
201800025431;1.0;40;1;0.0;2.0;2.0;1.0;B01
201800025432;2.0;7;0;0.0;2.0;1.0;1.0;A01
201800025432;1.0;7;0;0.0;2.0;1.0;15.0;B01
201800025433;1.0;2;0;0.0;0.0;8.0;0.0;A01
201800025434;1.0;7;0;0.0;2.0;1.0;2.0;A01
201800025434;1.0;7;0;0.0;2.0;4.0;2.0;B01
201800025435;1.0;7;0;0.0;2.0;2.0;1.0;B01
201800025435;1.0;7;0;0.0;2.0;3.0;9.0;A01
201800025436;1.0;7;0;0.0;2.0;7.0;15.0;A01
201800025436;1.0;33;0;0.0;2.0;1.0;1.0;B01
201800025437;2.0;7;0;0.0;2.0;1.0;19.0;A01
201800025437;2.0;7;0;0.0;2.0;6.0;1.0;B01
201800025438;1.0;7;0;15.0;0.0;3.0;13.0;A01
201800025439;1.0;40;1;0.0;1.0;3.0;1.0;A01
201800025440;1.0;7;0;0.0;2.0;1.0;1.0;A01
201800025440;1.0;31;0;0.0;2.0;1.0;1.0;B01
201800025441;1.0;7;0;0.0;2.0;2.0;16.0;A01
201800025441;1.0;1;0;0.0;2.0;1.0;1.0;B01
201800025442;1.0;7;0;0.0;2.0;1.0;2.0;A01
201800025442;1.0;7;0;0.0;2.0;4.0;2.0;B01
201800025442;1.0;7;0;0.0;2.0;4.0;2.0;C01
201800025442;1.0;33;0;0.0;2.0;4.0;2.0;D01
201800025443;1.0;3;0;0.0;2.0;3.0;15.0;A01
201800025443;2.0;1;0;0.0;2.0;3.0;2.0;B01
201800025444;1.0;7;0;0.0;2.0;1.0;1.0;A01
201800025444;1.0;7;0;15.0;2.0;1.0;1.0;B01
201800025445;2.0;7;0;0.0;2.0;3.0;15.0;A01
201800025445;2.0;33;0;0.0;2.0;7.0;1.0;B01
201800025446;0.0;7;0;0.0;2.0;7.0;17.0;A01
201800025446;0.0;33;0;0.0;2.0;1.0;17.0;B01
201800025447;0.0;30;0;0.0;2.0;7.0;1.0;A01
201800025447;0.0;7;0;0.0;2.0;1.0;15.0;B01
201800025448;1.0;7;0;0.0;2.0;1.0;1.0;A01
201800025448;1.0;1;0;0.0;2.0;3.0;16.0;B01
201800025449;1.0;7;0;0.0;2.0;1.0;2.0;A01
201800025449;1.0;7;0;0.0;2.0;4.0;23.0;B01