Num_Acc;senc;catv;occutc;obs;obsm;choc;manv;num_veh
201800027244;1.0;7;0;0.0;2.0;8.0;1.0;A01
201800027245;1.0;1;0;12.0;0.0;0.0;1.0;A01
201800027246;2.0;33;0;4.0;0.0;1.0;1.0;A01
201800027247;1.0;30;0;14.0;0.0;1.0;0.0;A01
201800027248;1.0;7;0;0.0;2.0;1.0;15.0;A01
201800027248;2.0;2;0;0.0;2.0;1.0;1.0;B01
201800027249;1.0;7;0;0.0;2.0;4.0;0.0;A01
201800027249;1.0;7;0;0.0;2.0;1.0;0.0;B01
201800027250;0.0;7;0;0.0;2.0;1.0;1.0;A01
201800027250;1.0;1;0;0.0;2.0;1.0;1.0;B01
201800027251;1.0;10;0;0.0;1.0;4.0;20.0;A01
201800027252;1.0;7;0;0.0;2.0;1.0;0.0;B01
201800027252;1.0;7;0;0.0;2.0;1.0;0.0;A01
201800027253;1.0;7;0;0.0;1.0;1.0;0.0;A01
201800027254;1.0;7;0;0.0;2.0;1.0;15.0;A01
201800027254;1.0;2;0;0.0;2.0;8.0;1.0;B01
201800027255;1.0;1;0;12.0;0.0;1.0;9.0;A01
201800027256;1.0;10;0;0.0;1.0;1.0;0.0;A01
201800027257;1.0;7;0;0.0;1.0;3.0;1.0;A01
201800027258;1.0;3;0;1.0;0.0;1.0;1.0;A01
201800027259;1.0;7;0;0.0;2.0;1.0;1.0;A01
201800027259;1.0;1;0;0.0;2.0;4.0;1.0;B01
201800027260;1.0;1;0;0.0;0.0;1.0;0.0;A01
201800027261;0.0;30;0;0.0;0.0;3.0;14.0;A01
201800027262;0.0;7;0;15.0;1.0;1.0;0.0;A01
201800027263;1.0;7;0;0.0;1.0;1.0;1.0;A01
201800027264;1.0;30;0;0.0;0.0;0.0;0.0;A01
201800027265;1.0;7;0;0.0;1.0;1.0;0.0;A01
201800027266;1.0;33;0;0.0;2.0;7.0;0.0;A01
201800027266;1.0;7;0;0.0;2.0;8.0;0.0;B01
201800027267;0.0;33;0;0.0;2.0;1.0;0.0;A01
201800027267;0.0;7;0;0.0;6.0;4.0;0.0;B01
201800027268;1.0;7;0;4.0;0.0;1.0;0.0;A01
201800027269;0.0;1;0;0.0;0.0;7.0;0.0;A01
201800027270;2.0;7;0;0.0;2.0;8.0;0.0;B01
201800027270;1.0;3;0;0.0;2.0;0.0;0.0;A01
201800027271;2.0;7;0;0.0;2.0;1.0;1.0;B01
201800027271;1.0;2;0;0.0;2.0;1.0;1.0;A01
201800027272;1.0;2;0;0.0;2.0;1.0;0.0;B01
201800027272;1.0;7;0;0.0;2.0;3.0;0.0;A01
201800027273;1.0;30;0;0.0;0.0;0.0;0.0;A01
201800027274;1.0;7;0;0.0;2.0;1.0;1.0;B01
201800027274;1.0;1;0;0.0;2.0;1.0;9.0;A01
201800027275;1.0;7;0;0.0;1.0;8.0;0.0;A01
201800027276;1.0;7;0;0.0;2.0;4.0;1.0;B01
201800027276;1.0;7;0;0.0;2.0;1.0;1.0;A01
201800027277;1.0;7;0;0.0;2.0;1.0;15.0;A01
201800027277;2.0;7;0;8.0;2.0;3.0;1.0;B01
201800027278;1.0;7;0;0.0;2.0;7.0;1.0;B01
201800027278;1.0;14;0;0.0;2.0;3.0;9.0;A01
201800027279;1.0;7;0;15.0;0.0;1.0;2.0;A01
201800027280;1.0;2;0;0.0;2.0;1.0;1.0;B01
201800027280;1.0;7;0;0.0;2.0;1.0;15.0;A01
201800027281;1.0;7;0;9.0;0.0;1.0;0.0;A01
201800027282;2.0;7;0;0.0;1.0;1.0;1.0;A01
201800027283;1.0;2;0;0.0;0.0;8.0;16.0;A01
201800027284;1.0;7;0;0.0;2.0;4.0;0.0;A01
201800027284;2.0;7;0;0.0;2.0;1.0;0.0;B01
201800027285;1.0;7;0;0.0;2.0;6.0;0.0;A01
201800027285;1.0;1;0;0.0;2.0;1.0;1.0;B01
201800027286;1.0;1;0;0.0;0.0;0.0;0.0;A01
201800027287;1.0;7;0;16.0;0.0;1.0;2.0;A01
201800027288;1.0;7;0;0.0;2.0;1.0;2.0;A01
201800027288;1.0;2;0;0.0;2.0;4.0;16.0;B01
201800027289;1.0;7;0;0.0;2.0;1.0;0.0;A01
201800027289;1.0;7;0;0.0;2.0;2.0;0.0;B01
201800027290;1.0;7;0;0.0;2.0;1.0;0.0;A01
201800027290;1.0;1;0;0.0;2.0;5.0;0.0;B01
201800027291;1.0;7;0;0.0;2.0;4.0;0.0;B01
201800027291;1.0;7;0;0.0;2.0;1.0;0.0;A01
201800027292;1.0;1;0;0.0;0.0;0.0;0.0;A01
201800027293;1.0;7;0;0.0;2.0;3.0;10.0;A01
201800027293;1.0;2;0;0.0;2.0;1.0;2.0;B01
201800027294;1.0;7;0;0.0;2.0;3.0;15.0;A01
201800027294;1.0;2;0;0.0;2.0;1.0;1.0;B01
201800027295;1.0;7;0;0.0;2.0;7.0;20.0;A01
201800027295;1.0;33;0;0.0;2.0;8.0;1.0;B01
201800027296;1.0;7;0;0.0;2.0;4.0;9.0;A01
201800027296;1.0;33;0;0.0;2.0;1.0;1.0;B01
201800027297;0.0;33;0;0.0;5.0;1.0;1.0;A01
201800027298;1.0;30;0;0.0;2.0;1.0;15.0;A01
201800027298;2.0;7;0;0.0;2.0;1.0;1.0;B01
201800027299;1.0;7;0;1.0;0.0;1.0;6.0;A01
201800027300;2.0;7;0;0.0;2.0;6.0;15.0;A01
201800027300;1.0;2;0;0.0;2.0;1.0;1.0;B01
201800027301;1.0;7;0;0.0;1.0;1.0;1.0;A01
201800027302;1.0;7;0;0.0;2.0;3.0;0.0;B01
201800027302;1.0;14;0;0.0;2.0;3.0;12.0;A01
201800027303;2.0;7;0;0.0;2.0;1.0;2.0;B01
201800027303;1.0;7;0;0.0;2.0;1.0;11.0;A01
201800027304;1.0;7;0;2.0;0.0;1.0;0.0;A01
201800027305;2.0;1;0;0.0;2.0;1.0;1.0;B01
201800027305;1.0;7;0;0.0;2.0;5.0;15.0;A01
201800027306;1.0;1;0;0.0;0.0;0.0;0.0;A01
201800027307;1.0;7;0;0.0;0.0;8.0;1.0;A01
201800027308;1.0;7;0;0.0;2.0;0.0;0.0;A01
201800027308;1.0;1;0;0.0;2.0;0.0;0.0;B01
201800027309;1.0;7;0;0.0;1.0;1.0;0.0;A01
201800027310;0.0;7;0;13.0;0.0;3.0;0.0;A01
201800027311;1.0;1;0;0.0;2.0;1.0;1.0;B01
201800027311;1.0;7;0;0.0;2.0;1.0;9.0;A01
201800027312;1.0;7;0;14.0;0.0;1.0;1.0;A01
201800027312;1.0;7;0;0.0;2.0;4.0;1.0;B01
201800027313;1.0;7;0;0.0;2.0;0.0;15.0;A01
201800027313;1.0;1;0;0.0;2.0;7.0;0.0;B01
201800027314;1.0;1;0;0.0;0.0;0.0;0.0;A01
201800027315;1.0;7;0;14.0;0.0;1.0;0.0;A01
201800027316;2.0;7;0;6.0;0.0;8.0;13.0;A01
201800027317;1.0;2;0;0.0;1.0;0.0;0.0;A01
201800027318;2.0;30;0;0.0;2.0;8.0;1.0;B01
201800027318;1.0;7;0;1.0;2.0;1.0;10.0;A01
201800027319;1.0;7;0;0.0;2.0;1.0;1.0;A01
201800027319;2.0;1;0;0.0;2.0;6.0;1.0;B01
201800027320;0.0;7;0;0.0;2.0;3.0;0.0;A01
201800027320;0.0;7;0;0.0;0.0;0.0;0.0;B01
201800027321;1.0;7;0;15.0;0.0;1.0;0.0;A01
201800027322;2.0;1;0;0.0;2.0;1.0;1.0;B01
201800027322;0.0;7;0;0.0;2.0;5.0;19.0;A01
201800027323;1.0;1;0;0.0;0.0;0.0;0.0;A01
201800027324;1.0;30;0;0.0;0.0;8.0;0.0;A01
201800027325;1.0;7;0;0.0;2.0;4.0;23.0;D01
201800027325;1.0;7;0;0.0;2.0;4.0;23.0;B01
201800027325;1.0;7;0;14.0;0.0;1.0;2.0;Z01
201800027325;1.0;7;0;0.0;2.0;6.0;23.0;C01
201800027326;0.0;30;0;1.0;0.0;1.0;21.0;A01
201800027327;0.0;99;0;2.0;0.0;1.0;2.0;A01
201800027328;0.0;7;0;0.0;0.0;0.0;0.0;A01
201800027328;0.0;7;0;0.0;2.0;2.0;1.0;Z01
201800027329;1.0;7;0;1.0;0.0;9.0;1.0;A01
201800027330;0.0;7;0;0.0;2.0;1.0;1.0;A01
201800027330;1.0;7;0;1.0;2.0;5.0;0.0;B01
201800027331;0.0;7;0;0.0;2.0;2.0;0.0;B01
201800027331;0.0;7;0;0.0;2.0;2.0;15.0;A01
201800027332;1.0;32;0;0.0;0.0;1.0;1.0;A01
201800027333;1.0;2;0;0.0;2.0;2.0;0.0;B01
201800027333;1.0;7;0;0.0;2.0;1.0;16.0;A01
201800027334;2.0;7;0;0.0;1.0;5.0;1.0;A01
201800027335;1.0;7;0;0.0;2.0;3.0;19.0;A01
201800027335;1.0;7;0;0.0;2.0;2.0;1.0;C01
201800027335;1.0;7;0;0.0;2.0;6.0;1.0;B01
201800027336;2.0;1;0;12.0;0.0;1.0;1.0;A01
201800027337;2.0;7;0;0.0;1.0;1.0;15.0;A01
201800027338;1.0;1;0;0.0;0.0;1.0;1.0;A01
201800027339;2.0;1;0;0.0;2.0;1.0;1.0;B01
201800027339;1.0;7;0;0.0;2.0;2.0;15.0;A01
201800027340;1.0;7;0;4.0;0.0;3.0;1.0;A01
201800027341;1.0;7;0;0.0;6.0;3.0;15.0;A01
201800027341;1.0;1;0;0.0;2.0;2.0;0.0;B01
201800027342;0.0;33;0;0.0;2.0;3.0;1.0;B01
201800027342;0.0;7;0;0.0;2.0;2.0;15.0;A01
201800027343;2.0;10;0;0.0;1.0;2.0;16.0;A01
201800027344;1.0;33;0;0.0;2.0;1.0;1.0;B01
201800027344;1.0;1;0;0.0;2.0;8.0;11.0;A01
201800027345;1.0;1;0;0.0;2.0;8.0;1.0;B01
201800027345;1.0;14;0;0.0;2.0;7.0;17.0;A01
201800027346;1.0;1;0;0.0;0.0;0.0;0.0;A01
201800027347;1.0;99;0;0.0;0.0;0.0;1.0;A01
201800027348;2.0;1;0;0.0;2.0;1.0;19.0;B01
201800027348;1.0;7;0;0.0;2.0;3.0;1.0;A01
201800027349;1.0;7;0;0.0;2.0;1.0;1.0;A01
201800027349;1.0;33;0;0.0;2.0;7.0;1.0;B01
201800027350;2.0;7;0;6.0;0.0;1.0;1.0;A01
201800027351;1.0;1;0;0.0;0.0;0.0;0.0;A01
201800027352;1.0;7;0;0.0;2.0;4.0;2.0;D01
201800027352;1.0;7;0;0.0;2.0;4.0;2.0;B01
201800027352;0.0;7;0;0.0;2.0;4.0;2.0;C01
201800027352;1.0;7;0;0.0;2.0;5.0;2.0;A01
201800027353;2.0;7;0;14.0;0.0;0.0;0.0;A01
201800027354;2.0;1;0;15.0;0.0;1.0;1.0;A01
201800027355;1.0;7;0;0.0;2.0;1.0;15.0;A01
201800027355;2.0;7;0;0.0;2.0;1.0;1.0;B01
201800027356;1.0;33;0;0.0;2.0;8.0;3.0;B01
201800027356;1.0;10;0;0.0;2.0;7.0;1.0;A01
201800027357;1.0;7;0;0.0;2.0;2.0;16.0;B01
201800027357;1.0;2;0;0.0;2.0;1.0;7.0;A01
201800027358;0.0;7;0;0.0;1.0;1.0;0.0;A01
201800027359;1.0;7;0;0.0;2.0;4.0;1.0;B01
201800027359;1.0;7;0;0.0;2.0;1.0;1.0;A01
201800027360;1.0;10;0;0.0;2.0;4.0;4.0;A01
201800027360;1.0;10;0;0.0;2.0;1.0;1.0;B01
201800027361;1.0;10;0;0.0;2.0;2.0;15.0;A01
201800027361;1.0;10;0;0.0;2.0;3.0;1.0;B01
201800027362;1.0;2;0;0.0;2.0;1.0;1.0;B01
201800027362;1.0;7;0;0.0;2.0;3.0;16.0;A01
201800027363;1.0;7;0;0.0;2.0;8.0;0.0;A01
201800027363;2.0;7;0;0.0;2.0;1.0;1.0;B01
201800027364;1.0;33;0;0.0;0.0;7.0;16.0;A01
201800027365;1.0;7;0;8.0;0.0;1.0;0.0;A01
201800027366;0.0;3;0;0.0;6.0;0.0;9.0;A01
201800027366;0.0;2;0;0.0;0.0;0.0;21.0;B01
201800027367;1.0;2;0;0.0;2.0;7.0;0.0;A01
201800027367;1.0;7;0;0.0;2.0;3.0;0.0;B01
201800027368;1.0;7;0;0.0;2.0;7.0;16.0;A01
201800027368;1.0;1;0;0.0;2.0;8.0;0.0;B01
201800027369;1.0;7;0;0.0;2.0;3.0;0.0;B01
201800027369;2.0;7;0;0.0;2.0;1.0;19.0;A01
201800027370;2.0;7;0;0.0;2.0;1.0;1.0;A01
201800027370;0.0;1;0;0.0;2.0;8.0;19.0;B01
201800027371;1.0;7;0;6.0;0.0;1.0;1.0;A01
201800027372;0.0;7;0;3.0;0.0;1.0;1.0;A01
201800027373;1.0;99;0;0.0;2.0;7.0;19.0;B01
201800027373;1.0;7;0;0.0;2.0;1.0;1.0;A01
201800027374;2.0;7;0;0.0;2.0;3.0;15.0;A01
201800027374;1.0;1;0;0.0;2.0;1.0;1.0;B01
201800027375;1.0;10;0;0.0;2.0;8.0;15.0;A01
201800027375;2.0;1;0;0.0;2.0;1.0;1.0;B01
201800027376;1.0;7;0;0.0;2.0;2.0;15.0;A01
201800027376;2.0;2;0;0.0;2.0;1.0;1.0;B01
201800027377;1.0;1;0;0.0;0.0;0.0;0.0;A01
201800027378;1.0;1;0;0.0;2.0;1.0;0.0;B01
201800027378;1.0;1;0;0.0;6.0;0.0;0.0;A01
201800027378;1.0;1;0;0.0;2.0;1.0;1.0;C01
201800027379;1.0;1;0;0.0;0.0;1.0;0.0;A01
201800027380;0.0;2;0;0.0;2.0;3.0;5.0;A01
201800027380;0.0;7;0;0.0;2.0;8.0;5.0;B01
201800027381;1.0;1;0;0.0;0.0;0.0;0.0;A01
201800027382;1.0;7;0;0.0;2.0;4.0;2.0;A01
201800027382;1.0;32;0;0.0;2.0;1.0;2.0;B01
201800027383;0.0;1;0;0.0;0.0;0.0;0.0;A01
201800027384;1.0;7;0;0.0;2.0;1.0;1.0;A01
201800027384;2.0;7;0;0.0;2.0;2.0;1.0;B01
201800027385;1.0;1;0;0.0;1.0;1.0;17.0;A01
201800027386;0.0;7;0;8.0;0.0;1.0;0.0;A01
201800027387;0.0;7;0;0.0;2.0;1.0;0.0;B01
201800027387;1.0;7;0;0.0;2.0;1.0;1.0;A01
201800027388;0.0;1;0;0.0;0.0;0.0;21.0;A01
201800027389;1.0;2;0;0.0;0.0;0.0;21.0;A01
201800027390;1.0;7;0;0.0;2.0;3.0;1.0;B01
201800027390;1.0;2;0;0.0;2.0;1.0;0.0;A01
201800027391;0.0;7;0;0.0;6.0;4.0;1.0;B01
201800027391;0.0;7;0;0.0;2.0;1.0;0.0;A01
201800027392;1.0;2;0;0.0;1.0;1.0;0.0;A01
201800027393;1.0;7;0;0.0;2.0;4.0;2.0;B01
201800027393;1.0;7;0;0.0;2.0;1.0;2.0;A01
201800027394;0.0;7;0;0.0;2.0;3.0;16.0;A01
201800027394;0.0;7;0;0.0;2.0;5.0;0.0;B01
201800027395;0.0;33;0;10.0;0.0;7.0;0.0;A01
201800027396;1.0;7;0;0.0;2.0;1.0;9.0;A01
201800027396;1.0;1;0;0.0;2.0;2.0;9.0;B01
201800027397;1.0;7;0;0.0;1.0;1.0;0.0;A01
201800027398;0.0;21;0;0.0;6.0;4.0;0.0;A01
201800027398;0.0;33;0;0.0;2.0;1.0;1.0;B01
201800027399;2.0;37;1;0.0;2.0;4.0;23.0;A01
201800027399;2.0;10;0;0.0;2.0;1.0;2.0;B01
201800027400;1.0;7;0;0.0;1.0;1.0;0.0;A01
201800027401;0.0;2;0;0.0;0.0;1.0;1.0;A01
201800027402;1.0;7;0;0.0;2.0;1.0;1.0;A01
201800027402;2.0;7;0;0.0;2.0;7.0;1.0;B01
201800027403;1.0;1;0;0.0;0.0;0.0;0.0;A01
201800027404;1.0;10;0;13.0;0.0;7.0;21.0;A01
201800027405;1.0;7;0;0.0;2.0;7.0;1.0;B01
201800027405;1.0;7;0;0.0;2.0;1.0;16.0;A01
201800027406;1.0;1;0;0.0;0.0;0.0;0.0;A01
201800027407;1.0;2;0;0.0;0.0;0.0;0.0;A01
201800027408;2.0;7;0;0.0;2.0;1.0;1.0;B01
201800027408;1.0;7;0;0.0;2.0;8.0;0.0;A01
201800027409;2.0;7;0;0.0;2.0;1.0;2.0;A01
201800027409;2.0;7;0;0.0;2.0;4.0;2.0;B01
201800027410;2.0;1;0;0.0;0.0;0.0;0.0;A01
201800027411;1.0;1;0;0.0;0.0;0.0;0.0;A01
201800027412;1.0;7;0;0.0;2.0;2.0;1.0;B01
201800027412;1.0;7;0;0.0;2.0;3.0;0.0;A01
201800027413;1.0;7;0;0.0;2.0;1.0;14.0;A01
201800027413;1.0;1;0;0.0;2.0;3.0;1.0;B01
201800027414;1.0;1;0;0.0;0.0;1.0;1.0;A01
201800027415;1.0;2;0;0.0;0.0;1.0;1.0;A01
201800027416;1.0;2;0;0.0;0.0;7.0;1.0;A01
201800027417;1.0;1;0;0.0;2.0;1.0;1.0;B01
201800027417;0.0;7;0;0.0;2.0;4.0;20.0;A01
201800027418;2.0;7;0;0.0;1.0;1.0;15.0;A01
201800027419;1.0;7;0;0.0;2.0;8.0;22.0;A01
201800027419;1.0;1;0;1.0;0.0;1.0;1.0;B01
201800027420;1.0;1;0;0.0;1.0;1.0;0.0;A01
201800027421;1.0;1;0;0.0;0.0;0.0;0.0;A01
201800027422;2.0;7;0;0.0;2.0;1.0;0.0;A01
201800027422;1.0;1;0;0.0;2.0;4.0;0.0;B01
201800027423;0.0;7;0;0.0;6.0;4.0;0.0;B01
201800027423;0.0;7;0;0.0;2.0;1.0;1.0;A01
201800027424;2.0;1;0;12.0;0.0;1.0;1.0;A01
201800027425;1.0;7;0;0.0;0.0;0.0;21.0;A01
201800027426;1.0;7;0;0.0;2.0;2.0;1.0;A01
201800027426;1.0;7;0;0.0;2.0;6.0;16.0;B01
201800027427;1.0;7;0;0.0;2.0;7.0;15.0;A01
201800027427;2.0;2;0;0.0;2.0;1.0;1.0;B01
201800027428;0.0;31;0;0.0;0.0;0.0;0.0;B01
201800027428;0.0;7;0;0.0;2.0;7.0;20.0;A01
201800027429;0.0;7;0;0.0;2.0;4.0;1.0;B01
201800027429;0.0;32;0;0.0;2.0;1.0;1.0;A01
201800027430;1.0;7;0;0.0;1.0;8.0;1.0;A01
201800027431;1.0;7;0;0.0;1.0;3.0;15.0;A01
201800027432;0.0;2;0;12.0;0.0;1.0;14.0;A01
201800027433;1.0;1;0;0.0;1.0;1.0;1.0;A01
201800027434;2.0;14;0;0.0;2.0;1.0;1.0;A01
201800027434;2.0;7;0;0.0;2.0;4.0;23.0;B01
201800027435;1.0;1;0;0.0;1.0;1.0;15.0;A01
201800027436;2.0;7;0;0.0;2.0;4.0;1.0;B01
201800027436;2.0;2;0;0.0;2.0;1.0;2.0;A01
201800027437;1.0;1;0;0.0;2.0;4.0;1.0;B01
201800027437;1.0;7;0;0.0;2.0;1.0;2.0;A01
201800027438;1.0;1;0;0.0;0.0;1.0;0.0;A01
201800027439;1.0;7;0;0.0;1.0;1.0;16.0;A01
201800027440;0.0;2;0;0.0;0.0;7.0;0.0;A01
201800027441;1.0;7;0;16.0;0.0;1.0;1.0;A01
201800027442;1.0;7;0;0.0;2.0;3.0;2.0;A01
201800027442;1.0;1;0;0.0;2.0;8.0;1.0;B01
201800027443;1.0;7;0;0.0;2.0;2.0;15.0;A01
201800027443;1.0;7;0;0.0;2.0;1.0;1.0;B01
201800027444;1.0;1;0;16.0;0.0;1.0;1.0;A01
201800027445;0.0;1;0;0.0;2.0;6.0;15.0;B01
201800027445;0.0;7;0;0.0;6.0;2.0;0.0;A01
201800027446;1.0;7;0;0.0;2.0;4.0;1.0;B01
201800027446;1.0;7;0;0.0;2.0;1.0;2.0;A01
201800027447;2.0;7;0;0.0;2.0;1.0;1.0;A01
201800027447;2.0;7;0;0.0;2.0;4.0;23.0;C01
201800027447;2.0;7;0;0.0;2.0;4.0;23.0;B01
201800027448;1.0;7;0;0.0;1.0;2.0;0.0;A01
201800027449;0.0;1;0;0.0;0.0;0.0;0.0;A01
201800027450;0.0;7;0;0.0;1.0;1.0;16.0;A01
201800027451;2.0;7;0;0.0;1.0;4.0;4.0;A01
201800027452;2.0;7;0;0.0;2.0;1.0;1.0;Z01
201800027452;2.0;7;0;0.0;2.0;4.0;23.0;A01
201800027453;1.0;1;0;0.0;0.0;1.0;1.0;A01
201800027454;2.0;33;0;0.0;2.0;1.0;2.0;A01
201800027454;2.0;7;0;0.0;2.0;4.0;2.0;B01
201800027455;0.0;7;0;2.0;0.0;1.0;0.0;A01
201800027456;1.0;1;0;0.0;0.0;1.0;0.0;A01
201800027457;1.0;7;0;0.0;2.0;1.0;1.0;B01
201800027457;1.0;7;0;0.0;2.0;2.0;19.0;A01
201800027458;0.0;7;0;0.0;6.0;2.0;0.0;A01
201800027458;0.0;1;0;0.0;2.0;4.0;11.0;B01
201800027459;2.0;3;0;0.0;2.0;3.0;1.0;B01
201800027459;1.0;7;0;0.0;2.0;2.0;15.0;A01
201800027460;1.0;7;0;0.0;2.0;7.0;16.0;A01
201800027460;1.0;33;0;0.0;2.0;8.0;1.0;B01
201800027461;1.0;1;0;0.0;0.0;1.0;1.0;A01
201800027462;1.0;7;0;0.0;2.0;4.0;1.0;C01
201800027462;1.0;7;0;0.0;2.0;1.0;1.0;A01
201800027462;0.0;7;0;0.0;2.0;4.0;1.0;B01
201800027463;1.0;7;0;0.0;2.0;2.0;16.0;A01
201800027463;1.0;1;0;0.0;2.0;3.0;16.0;B01
201800027464;1.0;7;0;0.0;2.0;1.0;1.0;A01
201800027464;1.0;7;0;0.0;2.0;8.0;1.0;B01
201800027465;0.0;7;0;0.0;2.0;1.0;0.0;A01
201800027465;1.0;1;0;0.0;2.0;7.0;1.0;B01
201800027466;1.0;10;0;0.0;2.0;2.0;1.0;A01
201800027466;1.0;1;0;0.0;2.0;8.0;1.0;B01
201800027467;0.0;32;0;14.0;1.0;1.0;0.0;A01
201800027468;1.0;7;0;3.0;0.0;1.0;0.0;A01
201800027469;2.0;1;0;1.0;0.0;3.0;22.0;B01
201800027469;1.0;7;0;0.0;2.0;3.0;22.0;A01
201800027470;1.0;1;0;0.0;0.0;0.0;1.0;A01
201800027471;0.0;99;0;0.0;2.0;4.0;1.0;B01
201800027471;1.0;7;0;0.0;2.0;2.0;1.0;A01
201800027472;2.0;7;0;0.0;2.0;3.0;1.0;A01
201800027472;1.0;7;0;0.0;2.0;7.0;1.0;B01
201800027473;1.0;7;0;0.0;2.0;6.0;24.0;B01
201800027473;1.0;13;0;1.0;0.0;2.0;2.0;A01
201800027474;1.0;7;0;0.0;2.0;7.0;15.0;A01
201800027474;1.0;7;0;0.0;2.0;1.0;15.0;B01
201800027475;2.0;7;0;0.0;2.0;3.0;1.0;A01
201800027475;2.0;1;0;0.0;2.0;1.0;1.0;B01
201800027476;1.0;30;0;0.0;0.0;1.0;1.0;A01
201800027477;1.0;2;0;0.0;2.0;7.0;1.0;B01
201800027477;1.0;3;0;0.0;2.0;1.0;1.0;A01
201800027478;1.0;99;0;0.0;0.0;0.0;1.0;A01
201800027479;2.0;2;0;0.0;2.0;3.0;1.0;B01
201800027479;2.0;7;0;0.0;2.0;2.0;1.0;A01
201800027480;0.0;2;0;0.0;2.0;8.0;0.0;B01
201800027480;0.0;7;0;0.0;6.0;2.0;0.0;A01
201800027481;1.0;7;0;8.0;0.0;1.0;15.0;A01
201800027482;0.0;33;0;0.0;0.0;8.0;0.0;A01
201800027483;2.0;1;0;0.0;0.0;0.0;0.0;A01
201800027484;2.0;1;0;0.0;0.0;0.0;1.0;A01
201800027485;2.0;7;0;0.0;2.0;3.0;9.0;A01
201800027485;2.0;1;0;0.0;2.0;1.0;9.0;B01
201800027486;1.0;7;0;0.0;2.0;1.0;13.0;A01
201800027486;2.0;7;0;0.0;2.0;1.0;0.0;B01
201800027487;1.0;7;0;8.0;0.0;1.0;1.0;A01
201800027488;1.0;1;0;0.0;0.0;1.0;1.0;A01
201800027489;1.0;1;0;0.0;0.0;1.0;1.0;A01
201800027490;1.0;7;0;0.0;1.0;7.0;1.0;A01
201800027491;2.0;2;0;0.0;2.0;1.0;2.0;B01
201800027491;2.0;7;0;0.0;2.0;4.0;2.0;A01
201800027492;1.0;40;1;0.0;1.0;2.0;1.0;A01
201800027493;0.0;7;0;0.0;2.0;4.0;20.0;A01
201800027493;0.0;2;0;0.0;2.0;7.0;1.0;B01
201800027494;2.0;7;0;0.0;2.0;1.0;19.0;A01
201800027494;0.0;1;0;0.0;2.0;3.0;0.0;B01
201800027495;1.0;2;0;0.0;1.0;1.0;1.0;A01
201800027496;2.0;1;0;0.0;0.0;1.0;1.0;A01
201800027497;1.0;7;0;0.0;2.0;1.0;1.0;B01
201800027497;0.0;7;0;0.0;2.0;7.0;19.0;A01
201800027498;1.0;2;0;0.0;1.0;1.0;11.0;A01
201800027499;2.0;1;0;0.0;0.0;0.0;0.0;A01
201800027500;0.0;7;0;5.0;0.0;1.0;0.0;A01
201800027501;1.0;2;0;0.0;0.0;0.0;0.0;A01
201800027502;0.0;2;0;0.0;2.0;1.0;0.0;A01
201800027502;0.0;7;0;15.0;0.0;4.0;0.0;B01
201800027503;1.0;2;0;12.0;0.0;1.0;1.0;A01
201800027504;2.0;7;0;0.0;2.0;1.0;2.0;A01
201800027504;2.0;2;0;0.0;2.0;4.0;2.0;B01
201800027505;0.0;7;0;0.0;2.0;3.0;0.0;B01
201800027505;0.0;7;0;0.0;2.0;1.0;0.0;A01
201800027506;2.0;1;0;12.0;0.0;0.0;0.0;A01
201800027507;0.0;2;0;0.0;2.0;1.0;0.0;A01
201800027507;0.0;7;0;14.0;0.0;4.0;0.0;B01
201800027508;0.0;7;0;0.0;6.0;2.0;0.0;A01
201800027508;0.0;37;30;0.0;2.0;3.0;0.0;B01
201800027509;1.0;7;0;0.0;2.0;2.0;0.0;B01
201800027509;2.0;7;0;0.0;2.0;8.0;9.0;A01
201800027510;0.0;7;0;0.0;2.0;4.0;0.0;B01
201800027510;0.0;1;0;0.0;2.0;1.0;0.0;A01
201800027511;0.0;7;0;0.0;6.0;6.0;0.0;A01
201800027511;0.0;30;0;0.0;2.0;4.0;0.0;B01
201800027512;1.0;1;0;12.0;0.0;1.0;2.0;A01
201800027513;2.0;1;0;0.0;2.0;1.0;1.0;B01
201800027513;1.0;7;0;0.0;2.0;1.0;15.0;A01
201800027514;2.0;7;0;0.0;2.0;4.0;2.0;B01
201800027514;2.0;7;0;0.0;2.0;1.0;1.0;A01
201800027515;0.0;7;0;0.0;1.0;1.0;0.0;A01
201800027516;2.0;1;0;0.0;2.0;1.0;12.0;A01
201800027516;2.0;1;0;0.0;2.0;7.0;1.0;B01
201800027517;0.0;7;0;0.0;2.0;1.0;0.0;A01
201800027517;0.0;7;0;0.0;2.0;0.0;0.0;B01
201800027518;1.0;7;0;0.0;2.0;1.0;15.0;A01
201800027518;2.0;7;0;0.0;2.0;1.0;1.0;B01
201800027519;2.0;7;0;0.0;0.0;0.0;0.0;A01
201800027520;0.0;1;0;0.0;2.0;1.0;0.0;B01
201800027520;0.0;7;0;0.0;6.0;1.0;0.0;A01
201800027521;1.0;33;0;12.0;0.0;1.0;1.0;A01
201800027522;2.0;1;0;0.0;2.0;1.0;1.0;B01
201800027522;1.0;7;0;0.0;2.0;0.0;0.0;A01
201800027523;1.0;2;0;0.0;2.0;1.0;1.0;B01
201800027523;2.0;7;0;0.0;2.0;1.0;15.0;A01
201800027524;1.0;7;0;0.0;2.0;9.0;23.0;B01
201800027524;1.0;7;0;0.0;2.0;1.0;1.0;A01
201800027524;1.0;7;0;0.0;2.0;4.0;23.0;C01
201800027524;1.0;32;0;0.0;2.0;9.0;23.0;D01