Num_Acc;senc;catv;occutc;obs;obsm;choc;manv;num_veh
201800027525;0.0;7;0;0.0;2.0;1.0;0.0;B01
201800027525;0.0;7;0;0.0;2.0;1.0;0.0;A01
201800027525;0.0;7;0;0.0;2.0;4.0;0.0;C01
201800027526;1.0;7;0;0.0;2.0;2.0;20.0;A01
201800027526;1.0;7;0;0.0;2.0;3.0;1.0;B01
201800027527;1.0;7;0;0.0;2.0;1.0;1.0;A01
201800027527;1.0;7;0;0.0;2.0;4.0;1.0;B01
201800027528;2.0;7;0;0.0;0.0;1.0;0.0;A01
201800027529;1.0;7;0;0.0;2.0;4.0;23.0;A01
201800027529;1.0;1;0;14.0;0.0;1.0;1.0;B01
201800027530;1.0;7;0;0.0;2.0;4.0;15.0;B01
201800027530;1.0;7;0;0.0;2.0;1.0;1.0;A01
201800027531;1.0;7;0;0.0;2.0;4.0;2.0;D01
201800027531;1.0;7;0;0.0;2.0;1.0;2.0;C01
201800027531;1.0;7;0;0.0;2.0;4.0;2.0;B01
201800027531;1.0;7;0;0.0;2.0;1.0;2.0;A01
201800027532;1.0;2;0;0.0;2.0;1.0;1.0;B01
201800027532;1.0;7;0;0.0;2.0;1.0;0.0;A01
201800027533;1.0;7;0;0.0;2.0;3.0;1.0;A01
201800027533;1.0;33;0;0.0;2.0;5.0;0.0;B01
201800027534;1.0;2;0;0.0;2.0;0.0;15.0;B01
201800027534;1.0;7;0;0.0;2.0;1.0;1.0;A01
201800027535;1.0;7;0;0.0;1.0;2.0;1.0;A01
201800027536;1.0;7;0;0.0;2.0;1.0;15.0;A01
201800027536;2.0;7;0;0.0;2.0;3.0;1.0;B01
201800027537;2.0;1;0;0.0;2.0;4.0;19.0;B01
201800027537;1.0;7;0;0.0;2.0;1.0;16.0;A01
201800027538;1.0;7;0;0.0;2.0;1.0;2.0;C01
201800027538;1.0;7;0;0.0;2.0;4.0;1.0;B01
201800027538;1.0;7;0;0.0;2.0;1.0;2.0;A01
201800027539;0.0;7;0;0.0;6.0;1.0;0.0;A01
201800027539;0.0;1;0;0.0;6.0;4.0;0.0;B01
201800027540;2.0;2;0;0.0;2.0;3.0;1.0;B01
201800027540;1.0;7;0;0.0;2.0;2.0;15.0;A01
201800027541;1.0;1;0;0.0;2.0;4.0;21.0;B01
201800027541;1.0;7;0;0.0;2.0;1.0;1.0;A01
201800027542;2.0;7;0;0.0;2.0;1.0;1.0;B01
201800027542;1.0;7;0;0.0;2.0;1.0;15.0;A01
201800027543;1.0;7;0;1.0;0.0;1.0;1.0;A01
201800027544;0.0;7;0;0.0;2.0;1.0;0.0;A01
201800027544;0.0;7;0;0.0;2.0;4.0;0.0;B01
201800027545;2.0;7;0;0.0;2.0;3.0;1.0;B01
201800027545;1.0;7;0;0.0;2.0;1.0;15.0;A01
201800027546;1.0;2;0;0.0;0.0;0.0;0.0;A01
201800027547;2.0;7;0;0.0;0.0;0.0;0.0;A01
201800027548;2.0;2;0;0.0;0.0;0.0;0.0;A01
201800027549;0.0;7;0;0.0;2.0;1.0;0.0;A01
201800027549;0.0;7;0;0.0;2.0;4.0;0.0;C01
201800027549;0.0;7;0;0.0;2.0;4.0;0.0;B01
201800027550;1.0;1;0;0.0;0.0;0.0;0.0;A01
201800027551;1.0;7;0;0.0;2.0;4.0;1.0;B01
201800027551;1.0;7;0;0.0;2.0;1.0;1.0;A01
201800027551;1.0;7;0;0.0;2.0;4.0;1.0;C01
201800027552;1.0;2;0;0.0;2.0;1.0;1.0;A01
201800027552;2.0;7;0;0.0;2.0;7.0;0.0;B01
201800027553;1.0;7;0;0.0;1.0;2.0;1.0;A01
201800027554;1.0;7;0;0.0;2.0;1.0;1.0;A01
201800027554;1.0;7;0;0.0;2.0;4.0;1.0;B01
201800027555;2.0;7;0;4.0;0.0;1.0;1.0;A01
201800027556;1.0;7;0;0.0;1.0;2.0;1.0;A01
201800027557;1.0;7;0;0.0;1.0;1.0;11.0;A01
201800027558;1.0;1;0;0.0;2.0;0.0;1.0;B01
201800027558;1.0;7;0;0.0;2.0;4.0;10.0;A01
201800027559;1.0;7;0;0.0;2.0;2.0;15.0;A01
201800027559;2.0;7;0;0.0;2.0;1.0;1.0;B01
201800027560;1.0;7;0;0.0;2.0;1.0;1.0;A01
201800027560;1.0;1;0;0.0;2.0;1.0;1.0;B01
201800027561;1.0;7;0;1.0;0.0;1.0;0.0;A01
201800027562;1.0;7;0;0.0;2.0;3.0;1.0;B01
201800027562;1.0;7;0;0.0;2.0;2.0;10.0;A01
201800027563;0.0;7;0;0.0;2.0;4.0;0.0;C01
201800027563;0.0;7;0;0.0;2.0;1.0;0.0;B01
201800027563;0.0;7;0;0.0;2.0;1.0;0.0;A01
201800027564;1.0;7;0;0.0;2.0;4.0;1.0;B01
201800027564;1.0;7;0;0.0;2.0;1.0;1.0;A01
201800027565;0.0;30;0;0.0;2.0;1.0;0.0;B01
201800027565;0.0;7;0;0.0;6.0;3.0;0.0;A01
201800027566;2.0;2;0;0.0;2.0;1.0;1.0;B01
201800027566;2.0;7;0;0.0;2.0;3.0;15.0;A01
201800027567;2.0;7;0;0.0;2.0;4.0;1.0;B01
201800027567;2.0;7;0;0.0;2.0;1.0;1.0;A01
201800027568;1.0;2;0;0.0;0.0;7.0;0.0;A01
201800027569;1.0;7;0;0.0;2.0;1.0;1.0;A01
201800027569;1.0;7;0;0.0;2.0;4.0;1.0;B01
201800027570;1.0;1;0;0.0;2.0;7.0;1.0;B01
201800027570;1.0;7;0;0.0;2.0;3.0;0.0;A01
201800027571;1.0;7;0;0.0;2.0;6.0;10.0;A01
201800027571;1.0;31;0;0.0;2.0;1.0;1.0;B01
201800027572;1.0;7;0;0.0;2.0;4.0;1.0;B01
201800027572;1.0;7;0;0.0;2.0;1.0;1.0;A01
201800027573;1.0;7;0;0.0;2.0;1.0;1.0;A01
201800027573;1.0;1;0;0.0;2.0;4.0;1.0;B01
201800027574;1.0;1;0;0.0;2.0;0.0;0.0;B01
201800027574;1.0;7;0;0.0;2.0;0.0;0.0;A01
201800027575;1.0;7;0;0.0;0.0;8.0;0.0;A01
201800027576;1.0;7;0;0.0;1.0;1.0;1.0;A01
201800027577;1.0;2;0;0.0;2.0;1.0;1.0;A01
201800027577;2.0;7;0;0.0;2.0;2.0;15.0;B01
201800027578;0.0;1;0;0.0;2.0;1.0;0.0;B01
201800027578;0.0;7;0;0.0;6.0;8.0;0.0;A01
201800027579;1.0;7;0;0.0;1.0;1.0;1.0;A01
201800027580;2.0;1;0;0.0;2.0;8.0;15.0;B01
201800027580;2.0;7;0;0.0;2.0;2.0;1.0;A01
201800027581;1.0;10;0;0.0;1.0;4.0;4.0;A01
201800027582;1.0;33;0;0.0;2.0;7.0;1.0;B01
201800027582;1.0;7;0;0.0;2.0;8.0;15.0;A01
201800027583;2.0;30;0;0.0;2.0;1.0;9.0;B01
201800027583;1.0;7;0;0.0;2.0;3.0;9.0;A01
201800027584;1.0;7;0;0.0;2.0;2.0;1.0;B01
201800027584;1.0;7;0;0.0;2.0;6.0;4.0;A01
201800027585;1.0;7;0;0.0;2.0;1.0;13.0;A01
201800027585;2.0;7;0;0.0;2.0;1.0;1.0;B01
201800027586;1.0;33;0;6.0;0.0;1.0;14.0;A01
201800027587;0.0;1;0;0.0;2.0;1.0;9.0;B01
201800027587;0.0;15;0;0.0;2.0;5.0;1.0;A01
201800027588;1.0;7;0;0.0;2.0;3.0;10.0;A01
201800027588;1.0;33;0;1.0;2.0;7.0;21.0;B01
201800027589;2.0;7;0;0.0;2.0;2.0;9.0;B01
201800027589;2.0;7;0;0.0;2.0;3.0;9.0;A01
201800027590;2.0;7;0;0.0;2.0;1.0;14.0;A01
201800027590;1.0;7;0;0.0;2.0;1.0;15.0;B01
201800027591;1.0;7;0;0.0;2.0;3.0;15.0;A01
201800027591;2.0;2;0;0.0;2.0;1.0;1.0;B01
201800027592;2.0;33;0;0.0;2.0;1.0;1.0;B01
201800027592;1.0;7;0;0.0;2.0;5.0;15.0;A01
201800027593;2.0;7;0;0.0;2.0;7.0;17.0;A01
201800027593;2.0;1;0;0.0;2.0;8.0;1.0;B01
201800027594;2.0;7;0;6.0;0.0;2.0;14.0;A01
201800027595;2.0;30;0;0.0;2.0;4.0;23.0;B01
201800027595;2.0;30;0;0.0;2.0;1.0;1.0;A01
201800027596;2.0;33;0;12.0;0.0;1.0;21.0;A01
201800027597;1.0;33;0;0.0;2.0;5.0;21.0;B01
201800027597;1.0;33;0;0.0;2.0;3.0;21.0;A01
201800027598;2.0;31;0;0.0;2.0;1.0;1.0;A01
201800027598;1.0;7;0;0.0;2.0;3.0;16.0;B01
201800027599;1.0;33;0;0.0;2.0;1.0;1.0;B01
201800027599;2.0;7;0;0.0;2.0;3.0;9.0;A01
201800027600;2.0;30;0;0.0;0.0;0.0;1.0;A01
201800027601;2.0;20;0;0.0;2.0;8.0;0.0;A01
201800027601;1.0;33;0;0.0;2.0;1.0;1.0;B01
201800027602;1.0;33;0;0.0;0.0;7.0;1.0;A01
201800027603;2.0;10;0;0.0;2.0;2.0;16.0;A01
201800027603;2.0;2;0;0.0;2.0;1.0;18.0;B01
201800027604;1.0;30;0;0.0;0.0;8.0;1.0;A01
201800027605;2.0;7;0;0.0;2.0;2.0;16.0;A01
201800027605;2.0;1;0;0.0;2.0;1.0;1.0;B01
201800027606;1.0;1;0;0.0;1.0;7.0;1.0;A01
201800027607;1.0;7;0;0.0;2.0;4.0;1.0;C01
201800027607;1.0;33;0;0.0;2.0;9.0;1.0;B01
201800027607;1.0;7;0;0.0;2.0;1.0;1.0;A01
201800027608;0.0;7;0;6.0;0.0;2.0;14.0;A01
201800027609;1.0;2;0;0.0;0.0;0.0;1.0;A01
201800027610;1.0;2;0;0.0;0.0;7.0;14.0;A01
201800027611;1.0;33;0;13.0;0.0;1.0;1.0;A01
201800027612;2.0;7;0;15.0;0.0;8.0;13.0;A01
201800027613;2.0;7;0;13.0;0.0;1.0;0.0;A01
201800027614;2.0;33;0;0.0;0.0;7.0;16.0;A01
201800027615;2.0;7;0;0.0;2.0;3.0;15.0;A01
201800027615;1.0;2;0;0.0;2.0;8.0;1.0;B01
201800027616;1.0;7;0;0.0;1.0;3.0;1.0;A01
201800027617;1.0;7;0;0.0;1.0;1.0;15.0;A01
201800027618;1.0;7;0;0.0;1.0;1.0;16.0;Z01
201800027619;2.0;33;0;0.0;2.0;3.0;1.0;B01
201800027619;2.0;7;0;0.0;2.0;1.0;1.0;A01
201800027620;1.0;7;0;0.0;2.0;2.0;9.0;A01
201800027620;2.0;7;0;0.0;2.0;8.0;1.0;B01
201800027621;1.0;7;0;0.0;2.0;6.0;2.0;B01
201800027621;1.0;7;0;0.0;2.0;2.0;1.0;A01
201800027622;2.0;7;0;0.0;1.0;1.0;16.0;A01
201800027623;1.0;15;0;0.0;1.0;5.0;1.0;A01
201800027624;1.0;7;0;0.0;2.0;1.0;1.0;B01
201800027624;1.0;7;0;0.0;2.0;2.0;15.0;A01
201800027625;2.0;33;0;2.0;0.0;7.0;1.0;A01
201800027626;2.0;7;0;0.0;2.0;3.0;1.0;B01
201800027626;1.0;7;0;0.0;2.0;2.0;9.0;A01
201800027627;1.0;2;0;0.0;2.0;1.0;0.0;A01
201800027627;2.0;7;0;0.0;2.0;8.0;0.0;B01
201800027628;2.0;30;0;0.0;2.0;7.0;1.0;B01
201800027628;1.0;7;0;0.0;2.0;1.0;9.0;A01
201800027629;1.0;7;0;0.0;2.0;3.0;1.0;A01
201800027629;2.0;7;0;7.0;2.0;2.0;1.0;B01
201800027630;0.0;7;0;0.0;2.0;4.0;23.0;B01
201800027630;0.0;10;0;0.0;2.0;1.0;2.0;A01
201800027631;1.0;7;0;0.0;1.0;1.0;16.0;A01
201800027632;1.0;7;0;0.0;1.0;1.0;1.0;A01
201800027633;1.0;3;0;0.0;2.0;3.0;15.0;A01
201800027633;1.0;2;0;0.0;2.0;1.0;1.0;B01
201800027634;1.0;2;0;0.0;2.0;8.0;1.0;B01
201800027634;0.0;7;0;0.0;2.0;3.0;15.0;A01
201800027635;1.0;7;0;0.0;1.0;1.0;1.0;A01
201800027636;1.0;7;0;0.0;2.0;1.0;1.0;B01
201800027636;1.0;7;0;0.0;2.0;2.0;1.0;A01
201800027637;1.0;30;0;0.0;0.0;8.0;1.0;A01
201800027638;2.0;7;0;0.0;2.0;1.0;2.0;A01
201800027638;2.0;7;0;0.0;2.0;4.0;2.0;B01
201800027639;1.0;7;0;0.0;1.0;2.0;9.0;A01
201800027640;2.0;7;0;0.0;6.0;3.0;1.0;B01
201800027640;1.0;1;0;0.0;2.0;1.0;9.0;A01
201800027641;1.0;1;0;0.0;0.0;8.0;2.0;B01
201800027641;1.0;7;0;14.0;6.0;7.0;2.0;A01
201800027642;0.0;30;0;0.0;2.0;1.0;13.0;A01
201800027642;0.0;30;0;0.0;2.0;1.0;1.0;B01
201800027643;1.0;7;0;0.0;2.0;4.0;2.0;B01
201800027643;1.0;7;0;0.0;2.0;1.0;2.0;A01
201800027643;1.0;7;0;0.0;2.0;4.0;2.0;C01
201800027644;0.0;7;0;0.0;2.0;8.0;15.0;A01
201800027644;2.0;7;0;0.0;2.0;2.0;17.0;B01
201800027645;0.0;7;0;0.0;1.0;4.0;4.0;A01
201800027646;2.0;7;0;0.0;2.0;2.0;9.0;A01
201800027646;1.0;2;0;0.0;2.0;8.0;1.0;B01
201800027647;2.0;33;0;0.0;0.0;1.0;5.0;A01
201800027647;1.0;7;0;0.0;0.0;2.0;5.0;B01
201800027648;2.0;7;0;3.0;0.0;9.0;0.0;A01
201800027649;1.0;7;0;0.0;2.0;1.0;5.0;A01
201800027649;2.0;2;0;0.0;2.0;8.0;5.0;B01
201800027650;2.0;7;0;7.0;2.0;1.0;1.0;A01
201800027650;2.0;7;0;0.0;2.0;2.0;1.0;B01
201800027651;2.0;17;0;0.0;2.0;2.0;2.0;A01
201800027651;2.0;7;0;0.0;2.0;4.0;23.0;B01
201800027652;2.0;2;0;0.0;2.0;3.0;15.0;B01
201800027652;1.0;7;0;0.0;2.0;3.0;15.0;A01
201800027653;1.0;7;0;0.0;1.0;7.0;1.0;A01
201800027654;2.0;7;0;0.0;2.0;5.0;15.0;A01
201800027654;2.0;2;0;0.0;2.0;1.0;1.0;B01
201800027655;1.0;7;0;0.0;6.0;3.0;9.0;A01
201800027655;1.0;1;0;0.0;2.0;1.0;9.0;B01
201800027656;2.0;7;0;0.0;2.0;1.0;2.0;C01
201800027656;2.0;7;0;0.0;2.0;8.0;1.0;B01
201800027656;1.0;7;0;0.0;2.0;3.0;1.0;A01
201800027657;1.0;3;0;0.0;2.0;1.0;1.0;A01
201800027657;1.0;2;0;0.0;2.0;4.0;1.0;B01
201800027658;2.0;7;0;0.0;2.0;1.0;1.0;B01
201800027658;1.0;7;0;0.0;2.0;3.0;13.0;A01
201800027659;2.0;1;0;0.0;2.0;1.0;1.0;B01
201800027659;1.0;7;0;0.0;2.0;1.0;9.0;A01
201800027660;2.0;10;0;0.0;2.0;1.0;5.0;A01
201800027660;1.0;7;0;0.0;2.0;8.0;15.0;B01
201800027661;2.0;7;0;0.0;2.0;1.0;2.0;B01
201800027661;2.0;7;0;0.0;2.0;4.0;2.0;C01
201800027661;2.0;7;0;0.0;2.0;1.0;2.0;A01
201800027662;2.0;7;0;0.0;2.0;7.0;1.0;A01
201800027662;2.0;2;0;0.0;2.0;1.0;1.0;B01
201800027663;2.0;1;0;0.0;2.0;7.0;1.0;B01
201800027663;1.0;7;0;0.0;2.0;1.0;9.0;A01
201800027664;0.0;30;0;0.0;2.0;3.0;13.0;A01
201800027664;0.0;7;0;0.0;2.0;7.0;1.0;B01
201800027665;2.0;33;0;13.0;0.0;1.0;16.0;A01
201800027666;0.0;7;0;0.0;1.0;1.0;1.0;A01
201800027666;0.0;7;0;0.0;2.0;1.0;2.0;B01
201800027667;0.0;7;0;0.0;2.0;3.0;15.0;A01
201800027667;0.0;33;0;0.0;2.0;1.0;1.0;B01
201800027668;0.0;7;0;0.0;1.0;1.0;2.0;A01
201800027668;0.0;7;0;0.0;0.0;0.0;12.0;B01
201800027669;0.0;7;0;0.0;1.0;2.0;15.0;Z01
201800027670;2.0;7;0;15.0;2.0;1.0;1.0;A01
201800027670;0.0;7;0;0.0;2.0;1.0;1.0;B01
201800027671;1.0;7;0;13.0;0.0;1.0;1.0;A01
201800027672;0.0;7;0;0.0;1.0;1.0;1.0;A01
201800027673;2.0;7;0;0.0;2.0;1.0;1.0;A01
201800027673;2.0;7;0;0.0;2.0;4.0;1.0;B01
201800027674;1.0;7;0;0.0;2.0;1.0;15.0;A01
201800027674;2.0;2;0;0.0;2.0;1.0;1.0;B01
201800027675;0.0;7;0;0.0;2.0;5.0;15.0;A01
201800027675;0.0;32;0;0.0;2.0;2.0;1.0;B01
201800027676;1.0;7;0;13.0;0.0;2.0;14.0;A01
201800027677;2.0;7;0;0.0;2.0;3.0;9.0;A01
201800027677;2.0;1;0;0.0;2.0;7.0;1.0;B01
201800027678;0.0;1;0;0.0;2.0;1.0;1.0;B01
201800027678;0.0;7;0;0.0;2.0;3.0;16.0;A01
201800027679;0.0;10;0;0.0;1.0;2.0;1.0;A01
201800027680;0.0;7;0;0.0;2.0;2.0;15.0;A01
201800027680;0.0;30;0;0.0;2.0;1.0;1.0;B01
201800027681;0.0;7;0;1.0;2.0;1.0;13.0;A01
201800027682;0.0;31;0;1.0;0.0;1.0;15.0;A01
201800027683;0.0;31;0;0.0;0.0;8.0;1.0;A01
201800027683;0.0;7;0;0.0;0.0;0.0;15.0;B01
201800027684;0.0;7;0;0.0;2.0;4.0;1.0;A01
201800027684;0.0;7;0;0.0;2.0;1.0;2.0;B01
201800027685;0.0;7;0;8.0;0.0;2.0;14.0;A01
201800027686;0.0;7;0;0.0;2.0;1.0;1.0;A01
201800027686;0.0;7;0;0.0;2.0;1.0;13.0;B01
201800027687;0.0;7;0;0.0;2.0;4.0;16.0;A01
201800027687;0.0;30;0;0.0;2.0;1.0;1.0;B01
201800027688;0.0;7;0;0.0;2.0;1.0;9.0;A01
201800027688;0.0;7;0;0.0;2.0;7.0;1.0;B01
201800027688;0.0;7;0;0.0;2.0;1.0;1.0;C01
201800027689;0.0;7;0;0.0;2.0;8.0;1.0;A01
201800027689;0.0;7;0;0.0;2.0;1.0;1.0;B01
201800027690;0.0;7;0;1.0;0.0;2.0;14.0;A01
201800027691;0.0;7;0;8.0;0.0;1.0;16.0;A01
201800027692;0.0;7;0;0.0;2.0;3.0;10.0;A01
201800027692;0.0;2;0;0.0;2.0;1.0;1.0;B01
201800027693;0.0;7;0;15.0;0.0;2.0;14.0;A01
201800027694;0.0;7;0;0.0;2.0;3.0;1.0;A01
201800027694;0.0;7;0;0.0;2.0;3.0;1.0;B01
201800027695;0.0;7;0;2.0;0.0;1.0;13.0;A01
201800027696;0.0;7;0;0.0;2.0;3.0;20.0;A01
201800027696;0.0;33;0;0.0;2.0;4.0;23.0;B01
201800027697;1.0;7;0;0.0;2.0;1.0;1.0;A01
201800027697;2.0;7;0;0.0;2.0;3.0;15.0;B01
201800027698;0.0;10;0;0.0;2.0;8.0;9.0;A01
201800027698;0.0;7;0;0.0;2.0;2.0;1.0;B01
201800027699;0.0;7;0;0.0;2.0;2.0;15.0;A01
201800027699;0.0;7;0;0.0;2.0;1.0;1.0;B01
201800027700;0.0;7;0;1.0;0.0;1.0;14.0;A01
201800027701;0.0;1;0;0.0;2.0;7.0;19.0;A01
201800027701;2.0;7;0;0.0;2.0;1.0;1.0;B01
201800027702;0.0;33;0;14.0;0.0;8.0;1.0;A01
201800027703;0.0;7;0;1.0;0.0;2.0;14.0;A01
201800027704;0.0;7;0;0.0;2.0;2.0;16.0;A01
201800027704;0.0;2;0;0.0;2.0;8.0;2.0;B01
201800027705;0.0;7;0;0.0;1.0;3.0;1.0;A01
201800027706;1.0;31;0;0.0;2.0;1.0;2.0;A01
201800027706;1.0;7;0;0.0;2.0;4.0;23.0;B01
201800027707;0.0;7;0;0.0;2.0;0.0;15.0;A01
201800027707;0.0;2;0;0.0;2.0;3.0;1.0;B01
201800027708;1.0;7;0;0.0;2.0;1.0;2.0;A01
201800027708;1.0;7;0;0.0;2.0;4.0;1.0;B01
201800027709;0.0;7;0;0.0;2.0;7.0;19.0;A01
201800027709;0.0;3;0;0.0;2.0;1.0;1.0;B01
201800027710;0.0;7;0;0.0;1.0;2.0;1.0;A01
201800027711;0.0;7;0;0.0;1.0;3.0;1.0;A01
201800027712;1.0;7;0;4.0;0.0;3.0;6.0;A01
201800027713;0.0;7;0;0.0;1.0;1.0;1.0;A01
201800027714;2.0;7;0;0.0;2.0;1.0;2.0;A01
201800027714;2.0;7;0;0.0;2.0;4.0;1.0;B01
201800027715;0.0;2;0;0.0;1.0;1.0;1.0;A01
201800027716;0.0;2;0;0.0;1.0;1.0;21.0;A01
201800027717;0.0;7;0;1.0;2.0;3.0;13.0;A01
201800027717;0.0;7;0;0.0;2.0;1.0;1.0;B01
201800027718;0.0;7;0;0.0;2.0;1.0;1.0;B01
201800027718;0.0;7;0;6.0;2.0;8.0;19.0;A01
201800027719;0.0;7;0;0.0;2.0;8.0;13.0;A01
201800027719;0.0;10;0;0.0;2.0;7.0;1.0;B01
201800027720;0.0;7;0;0.0;2.0;4.0;4.0;A01
201800027720;0.0;7;0;0.0;2.0;1.0;2.0;B01
201800027721;1.0;31;0;7.0;0.0;1.0;14.0;A01
201800027722;0.0;2;0;0.0;2.0;1.0;9.0;A01
201800027722;0.0;7;0;1.0;2.0;2.0;1.0;B01
201800027723;2.0;7;0;0.0;2.0;1.0;2.0;A01
201800027723;2.0;7;0;0.0;2.0;4.0;1.0;B01
201800027724;0.0;33;0;0.0;2.0;3.0;13.0;A01
201800027724;0.0;7;0;0.0;2.0;3.0;1.0;B01
201800027725;0.0;7;0;0.0;1.0;2.0;1.0;A01
201800027726;0.0;7;0;0.0;1.0;1.0;1.0;A01
201800027727;0.0;1;0;0.0;1.0;1.0;1.0;A01
201800027728;2.0;1;0;0.0;2.0;1.0;1.0;A01
201800027728;0.0;7;0;0.0;2.0;2.0;1.0;B01
201800027729;1.0;10;0;0.0;2.0;2.0;15.0;A01
201800027729;2.0;7;0;0.0;2.0;3.0;1.0;B01
201800027730;;7;0;0.0;1.0;0.0;1.0;A01
201800027731;0.0;33;0;0.0;0.0;8.0;17.0;A01
201800027731;0.0;7;0;0.0;0.0;0.0;15.0;B01
201800027732;0.0;7;0;1.0;2.0;1.0;14.0;A01
201800027732;0.0;7;0;0.0;2.0;3.0;1.0;B01
201800027733;0.0;7;0;4.0;0.0;8.0;1.0;A01
201800027734;0.0;10;0;0.0;1.0;6.0;20.0;A01
201800027735;1.0;1;0;0.0;2.0;1.0;2.0;A01
201800027735;1.0;7;0;0.0;2.0;4.0;1.0;B01
201800027736;0.0;7;0;6.0;0.0;1.0;14.0;A01
201800027737;0.0;7;0;0.0;1.0;6.0;15.0;A01
201800027738;0.0;7;0;0.0;1.0;1.0;15.0;A01
201800027739;0.0;7;0;0.0;2.0;2.0;1.0;B01
201800027739;0.0;3;0;0.0;2.0;3.0;9.0;A01
201800027740;1.0;7;0;8.0;0.0;1.0;14.0;A01
201800027741;0.0;7;0;0.0;2.0;1.0;13.0;A01
201800027741;0.0;7;0;3.0;2.0;3.0;1.0;B01
201800027742;1.0;10;0;0.0;2.0;1.0;2.0;A01
201800027742;1.0;7;0;0.0;2.0;4.0;1.0;B01
201800027743;0.0;1;0;0.0;2.0;7.0;16.0;A01
201800027743;0.0;1;0;0.0;2.0;1.0;1.0;B01
201800027744;2.0;2;0;0.0;2.0;1.0;2.0;A01
201800027744;2.0;7;0;0.0;2.0;4.0;1.0;B01
201800027745;0.0;10;0;0.0;2.0;7.0;15.0;A01
201800027745;0.0;2;0;0.0;2.0;1.0;1.0;B01
201800027746;0.0;2;0;0.0;2.0;8.0;9.0;A01
201800027746;0.0;3;0;0.0;2.0;1.0;1.0;B01
201800027747;0.0;7;0;0.0;1.0;1.0;16.0;A01
201800027748;1.0;33;0;0.0;2.0;8.0;21.0;B01
201800027748;1.0;7;0;0.0;2.0;0.0;9.0;A01
201800027749;2.0;7;0;0.0;2.0;3.0;15.0;A01
201800027749;1.0;1;0;0.0;2.0;8.0;1.0;B01
201800027750;0.0;7;0;0.0;2.0;3.0;15.0;A01
201800027750;0.0;7;0;0.0;2.0;3.0;1.0;B01
201800027751;2.0;10;0;0.0;2.0;3.0;1.0;A01
201800027751;0.0;7;0;0.0;2.0;6.0;1.0;B01
201800027752;0.0;7;0;0.0;2.0;1.0;15.0;A01
201800027752;0.0;7;0;15.0;2.0;3.0;1.0;B01
201800027753;1.0;17;0;0.0;2.0;2.0;12.0;A01
201800027753;1.0;7;0;0.0;2.0;8.0;1.0;B01
201800027754;1.0;7;0;0.0;2.0;1.0;2.0;A01
201800027754;1.0;7;0;0.0;2.0;4.0;1.0;B01
201800027755;0.0;30;0;0.0;2.0;1.0;9.0;A01
201800027755;0.0;7;0;0.0;2.0;8.0;1.0;B01
201800027756;1.0;7;0;3.0;0.0;1.0;14.0;A01
201800027757;0.0;7;0;0.0;1.0;1.0;8.0;A01
201800027758;0.0;2;0;0.0;0.0;7.0;16.0;A01
201800027759;0.0;10;0;0.0;2.0;1.0;1.0;B01
201800027759;0.0;30;0;0.0;2.0;2.0;19.0;A01
201800027760;0.0;1;0;0.0;2.0;1.0;2.0;A01
201800027760;0.0;7;0;0.0;2.0;4.0;20.0;B01
201800027761;0.0;2;0;0.0;2.0;3.0;9.0;A01
201800027761;0.0;1;0;0.0;2.0;1.0;17.0;B01
201800027762;2.0;7;0;0.0;2.0;7.0;17.0;A01
201800027762;2.0;2;0;0.0;2.0;8.0;1.0;B01
201800027763;0.0;7;0;0.0;2.0;3.0;13.0;A01
201800027763;0.0;7;0;0.0;2.0;3.0;1.0;B01
201800027764;0.0;7;0;6.0;0.0;1.0;14.0;A01
201800027765;0.0;2;0;0.0;2.0;1.0;2.0;A01
201800027765;0.0;7;0;0.0;2.0;4.0;1.0;B01
201800027766;0.0;7;0;0.0;2.0;3.0;13.0;A01
201800027766;0.0;7;0;0.0;2.0;3.0;15.0;B01
201800027767;0.0;7;0;0.0;1.0;3.0;1.0;A01
201800027768;1.0;33;0;0.0;2.0;2.0;16.0;A01
201800027768;1.0;7;0;0.0;2.0;3.0;18.0;B01
201800027769;0.0;2;0;0.0;0.0;8.0;1.0;A01
201800027770;0.0;1;0;0.0;1.0;2.0;1.0;B01
201800027771;1.0;7;0;0.0;2.0;3.0;9.0;A01
201800027771;2.0;33;0;0.0;2.0;1.0;15.0;B01
201800027772;2.0;7;0;0.0;2.0;1.0;1.0;A01
201800027772;2.0;7;0;0.0;2.0;4.0;23.0;B01
201800027772;2.0;7;0;0.0;2.0;4.0;23.0;C01
201800027773;0.0;7;0;0.0;1.0;6.0;4.0;A01
201800027774;0.0;7;0;0.0;1.0;3.0;1.0;A01
201800027775;0.0;7;0;1.0;0.0;2.0;14.0;A01
201800027776;0.0;2;0;0.0;2.0;7.0;17.0;A01
201800027776;0.0;2;0;0.0;2.0;0.0;1.0;B01
201800027777;0.0;33;0;0.0;2.0;1.0;17.0;A01
201800027777;0.0;7;0;0.0;2.0;3.0;15.0;B01
201800027778;1.0;10;0;0.0;2.0;1.0;2.0;A01
201800027778;1.0;7;0;0.0;2.0;4.0;1.0;B01
201800027779;1.0;33;0;4.0;2.0;1.0;1.0;A01
201800027779;2.0;7;0;0.0;2.0;1.0;1.0;B01
201800027780;0.0;99;0;0.0;2.0;1.0;1.0;A01
201800027780;0.0;7;0;0.0;6.0;3.0;1.0;B01
201800027781;1.0;7;0;0.0;2.0;3.0;13.0;A01
201800027781;2.0;33;0;0.0;2.0;3.0;1.0;B01