Num_Acc;senc;catv;occutc;obs;obsm;choc;manv;num_veh
201800029072;1.0;33;0;0.0;2.0;1.0;1.0;B01
201800029073;1.0;10;0;0.0;2.0;3.0;15.0;A01
201800029073;1.0;30;0;0.0;2.0;1.0;1.0;B01
201800029074;1.0;7;0;0.0;1.0;1.0;2.0;A01
201800029074;1.0;7;0;0.0;2.0;4.0;2.0;B01
201800029074;0.0;7;0;0.0;2.0;1.0;23.0;C01
201800029074;0.0;7;0;0.0;2.0;1.0;23.0;D01
201800029074;0.0;7;0;0.0;2.0;3.0;23.0;E01
201800029075;0.0;7;0;6.0;;1.0;1.0;A01
201800029076;;7;0;;1.0;;;A01
201800029077;2.0;7;0;6.0;2.0;1.0;15.0;A01
201800029077;1.0;7;0;15.0;2.0;1.0;0.0;B01
201800029078;0.0;1;0;0.0;2.0;9.0;19.0;V01
201800029078;0.0;7;0;0.0;2.0;0.0;16.0;A01
201800029079;0.0;7;0;1.0;1.0;3.0;0.0;A01
201800029080;1.0;7;0;13.0;0.0;9.0;13.0;A01
201800029081;1.0;7;0;0.0;2.0;3.0;15.0;A01
201800029081;2.0;7;0;0.0;2.0;3.0;0.0;B01
201800029082;0.0;7;0;0.0;2.0;3.0;11.0;A01
201800029082;0.0;33;0;0.0;2.0;1.0;1.0;B01
201800029083;1.0;7;0;7.0;2.0;8.0;16.0;A01
201800029084;1.0;7;0;0.0;1.0;1.0;0.0;A01
201800029085;1.0;7;0;16.0;0.0;9.0;13.0;A01
201800029086;2.0;7;0;2.0;0.0;9.0;11.0;A01
201800029087;;1;0;16.0;;;;A01
201800029088;1.0;7;0;0.0;1.0;2.0;1.0;A01
201800029089;1.0;10;0;0.0;1.0;4.0;4.0;A01
201800029090;2.0;7;0;0.0;1.0;3.0;1.0;A01
201800029091;1.0;7;0;0.0;1.0;1.0;1.0;A01
201800029092;1.0;7;0;2.0;0.0;3.0;14.0;A01
201800029093;1.0;33;0;12.0;0.0;1.0;1.0;A01
201800029094;1.0;7;0;0.0;9.0;1.0;1.0;A01
201800029094;1.0;1;0;0.0;2.0;8.0;19.0;B01
201800029095;1.0;7;0;0.0;1.0;4.0;20.0;A01
201800029096;1.0;7;0;0.0;1.0;1.0;1.0;A01
201800029097;1.0;32;0;0.0;2.0;8.0;15.0;A01
201800029097;2.0;2;0;0.0;2.0;1.0;1.0;B01
201800029098;1.0;7;0;0.0;1.0;3.0;16.0;A01
201800029099;1.0;7;0;8.0;0.0;1.0;16.0;A01
201800029100;1.0;7;0;0.0;1.0;1.0;15.0;A01
201800029101;1.0;7;0;3.0;0.0;1.0;19.0;A01
201800029102;2.0;7;0;0.0;2.0;1.0;1.0;B01
201800029102;1.0;7;0;0.0;2.0;1.0;5.0;A01
201800029103;1.0;7;0;12.0;0.0;2.0;14.0;A01
201800029104;1.0;33;0;12.0;0.0;2.0;14.0;A01
201800029105;1.0;33;0;0.0;1.0;2.0;1.0;A01
201800029106;1.0;7;0;0.0;0.0;1.0;14.0;A01
201800029107;2.0;7;0;0.0;2.0;1.0;2.0;A01
201800029107;2.0;32;0;0.0;2.0;4.0;2.0;B01
201800029108;1.0;7;0;0.0;1.0;1.0;1.0;A01
201800029109;1.0;32;0;16.0;0.0;1.0;0.0;B01
201800029109;1.0;7;0;0.0;0.0;0.0;0.0;A01
201800029110;1.0;3;0;0.0;2.0;1.0;2.0;A01
201800029110;1.0;17;0;0.0;2.0;4.0;2.0;B01
201800029111;1.0;7;0;0.0;0.0;0.0;0.0;A01
201800029111;1.0;1;0;0.0;2.0;7.0;1.0;B01
201800029112;1.0;7;0;0.0;1.0;3.0;1.0;A01
201800029113;2.0;7;0;0.0;2.0;1.0;13.0;A01
201800029113;1.0;7;0;0.0;2.0;1.0;13.0;B01
201800029114;1.0;7;0;0.0;2.0;8.0;11.0;A01
201800029114;1.0;1;0;0.0;2.0;1.0;0.0;B01
201800029115;1.0;7;0;0.0;2.0;3.0;13.0;A01
201800029115;1.0;7;0;0.0;2.0;1.0;1.0;B01
201800029116;1.0;7;0;0.0;1.0;1.0;1.0;A01
201800029117;2.0;10;0;0.0;2.0;3.0;13.0;A01
201800029117;1.0;10;0;0.0;2.0;1.0;1.0;B01
201800029118;1.0;7;0;0.0;1.0;2.0;1.0;A01
201800029119;1.0;7;0;0.0;2.0;0.0;15.0;A01
201800029119;1.0;33;0;0.0;2.0;1.0;21.0;B01
201800029120;2.0;7;0;0.0;2.0;5.0;15.0;A01
201800029120;1.0;33;0;0.0;2.0;1.0;1.0;B01
201800029121;1.0;7;0;0.0;2.0;1.0;15.0;A01
201800029121;1.0;7;0;0.0;2.0;2.0;1.0;B01
201800029122;1.0;33;0;0.0;2.0;1.0;1.0;B01
201800029122;1.0;7;0;0.0;2.0;7.0;9.0;A01
201800029123;1.0;10;0;0.0;2.0;5.0;15.0;A01
201800029123;1.0;31;0;0.0;2.0;1.0;1.0;B01
201800029124;1.0;7;0;0.0;1.0;1.0;1.0;A01
201800029125;1.0;7;0;0.0;2.0;7.0;10.0;A01
201800029125;1.0;32;0;0.0;2.0;1.0;1.0;B01
201800029126;1.0;1;0;0.0;2.0;4.0;1.0;B01
201800029126;1.0;7;0;0.0;2.0;1.0;0.0;A01
201800029127;1.0;7;0;0.0;2.0;1.0;1.0;A01
201800029127;1.0;33;0;0.0;2.0;4.0;1.0;B01
201800029128;1.0;7;0;0.0;1.0;3.0;1.0;A01
201800029129;1.0;33;0;4.0;0.0;2.0;14.0;A01
201800029130;1.0;7;0;0.0;1.0;3.0;1.0;A01
201800029131;1.0;10;0;0.0;1.0;4.0;4.0;A01
201800029132;1.0;7;0;0.0;1.0;1.0;1.0;A01
201800029133;1.0;7;0;0.0;2.0;1.0;1.0;B01
201800029133;1.0;7;0;0.0;2.0;1.0;19.0;A01
201800029134;1.0;7;0;0.0;2.0;1.0;1.0;A01
201800029134;1.0;1;0;0.0;2.0;8.0;19.0;B01
201800029135;1.0;7;0;0.0;1.0;3.0;1.0;A01
201800029136;1.0;7;0;0.0;1.0;7.0;1.0;A01
201800029137;1.0;7;0;0.0;2.0;7.0;15.0;A01
201800029137;1.0;2;0;0.0;2.0;1.0;1.0;B01
201800029138;1.0;7;0;0.0;6.0;4.0;4.0;A01
201800029138;1.0;1;0;0.0;2.0;8.0;1.0;B01
201800029139;2.0;10;0;0.0;2.0;1.0;1.0;A01
201800029139;1.0;7;0;0.0;2.0;1.0;1.0;B01
201800029140;1.0;7;0;0.0;1.0;3.0;1.0;A01
201800029141;1.0;7;0;2.0;0.0;3.0;14.0;A01
201800029142;1.0;7;0;0.0;2.0;1.0;2.0;B01
201800029142;1.0;7;0;0.0;2.0;1.0;6.0;A01
201800029143;1.0;7;0;0.0;2.0;1.0;16.0;A01
201800029143;1.0;1;0;0.0;2.0;7.0;19.0;B01
201800029144;1.0;7;0;0.0;2.0;1.0;19.0;A01
201800029144;1.0;7;0;0.0;2.0;4.0;1.0;B01
201800029145;2.0;7;0;0.0;2.0;1.0;13.0;A01
201800029145;1.0;7;0;0.0;2.0;7.0;1.0;B01
201800029146;1.0;7;0;0.0;2.0;1.0;14.0;A01
201800029147;1.0;7;0;0.0;1.0;2.0;1.0;A01
201800029148;1.0;31;0;0.0;2.0;1.0;1.0;B01
201800029148;2.0;7;0;0.0;2.0;2.0;15.0;A01
201800029149;1.0;2;0;0.0;2.0;1.0;13.0;A01
201800029149;2.0;7;0;0.0;2.0;1.0;1.0;B01
201800029150;2.0;7;0;13.0;0.0;1.0;1.0;A01
201800029151;1.0;7;0;2.0;6.0;1.0;21.0;A01
201800029152;0.0;7;0;0.0;1.0;3.0;1.0;A01
201800029153;1.0;7;0;0.0;2.0;2.0;1.0;B01
201800029153;0.0;1;0;0.0;2.0;8.0;19.0;A01
201800029154;0.0;2;0;0.0;0.0;8.0;10.0;A01
201800029155;2.0;7;0;0.0;2.0;8.0;1.0;A01
201800029155;1.0;7;0;16.0;2.0;8.0;1.0;B01
201800029156;2.0;7;0;8.0;0.0;3.0;14.0;A01
201800029157;1.0;10;0;8.0;0.0;2.0;1.0;A01
201800029158;1.0;7;0;7.0;0.0;1.0;1.0;A01
201800029159;0.0;7;0;0.0;0.0;1.0;0.0;A01
201800029159;0.0;2;0;0.0;2.0;7.0;1.0;B01
201800029160;1.0;7;0;0.0;2.0;7.0;1.0;B01
201800029160;2.0;7;0;0.0;2.0;1.0;1.0;A01
201800029161;1.0;33;0;0.0;2.0;1.0;2.0;A01
201800029161;1.0;7;0;0.0;0.0;4.0;23.0;B01
201800029162;1.0;7;0;0.0;2.0;3.0;13.0;A01
201800029162;2.0;7;0;0.0;2.0;8.0;1.0;B01
201800029163;2.0;7;0;0.0;9.0;3.0;1.0;A01
201800029163;2.0;7;0;0.0;2.0;5.0;17.0;B01
201800029164;1.0;7;0;8.0;0.0;3.0;13.0;A01
201800029165;1.0;33;0;0.0;2.0;1.0;13.0;A01
201800029165;2.0;7;0;0.0;2.0;1.0;1.0;B01
201800029166;2.0;7;0;8.0;0.0;9.0;1.0;A01
201800029167;1.0;39;50;0.0;1.0;3.0;0.0;A01
201800029168;1.0;7;0;;2.0;2.0;1.0;C01
201800029168;2.0;7;0;1.0;2.0;3.0;13.0;A01
201800029168;1.0;7;0;0.0;2.0;8.0;1.0;B01
201800029169;2.0;7;0;0.0;2.0;1.0;1.0;B01
201800029169;1.0;7;0;0.0;2.0;1.0;5.0;A01
201800029170;0.0;7;0;0.0;2.0;1.0;1.0;B01
201800029170;0.0;7;0;0.0;2.0;7.0;1.0;A01
201800029171;0.0;30;0;0.0;9.0;1.0;1.0;B01
201800029171;0.0;2;0;0.0;9.0;1.0;1.0;A01
201800029172;2.0;7;0;2.0;0.0;9.0;1.0;A01
201800029173;2.0;2;0;0.0;2.0;1.0;1.0;B01
201800029173;1.0;7;0;0.0;2.0;1.0;17.0;A01
201800029174;1.0;17;0;0.0;2.0;8.0;1.0;B01
201800029174;1.0;7;0;3.0;2.0;8.0;13.0;A01
201800029175;1.0;17;0;0.0;2.0;2.0;1.0;B01
201800029175;2.0;7;0;0.0;2.0;1.0;13.0;A01
201800029176;2.0;17;0;0.0;2.0;4.0;1.0;B01
201800029176;2.0;10;0;0.0;2.0;1.0;2.0;A01
201800029177;1.0;7;0;4.0;0.0;2.0;2.0;A01
201800029178;2.0;7;0;14.0;0.0;1.0;0.0;A01
201800029179;2.0;7;0;0.0;0.0;6.0;1.0;B01
201800029179;2.0;7;0;3.0;2.0;2.0;14.0;A01
201800029180;1.0;17;0;13.0;0.0;2.0;1.0;A01
201800029181;1.0;7;0;0.0;2.0;1.0;1.0;B01
201800029181;1.0;7;0;0.0;0.0;5.0;0.0;A01
201800029182;0.0;7;0;0.0;1.0;3.0;1.0;A01
201800029183;0.0;7;0;0.0;2.0;3.0;1.0;A01
201800029183;0.0;1;0;0.0;2.0;1.0;1.0;B01
201800029184;1.0;7;0;8.0;0.0;1.0;1.0;A01
201800029185;1.0;33;0;6.0;0.0;0.0;1.0;B01
201800029185;0.0;7;0;0.0;0.0;0.0;15.0;A01
201800029186;0.0;2;0;11.0;2.0;0.0;6.0;A01
201800029186;0.0;7;0;0.0;2.0;8.0;1.0;B01
201800029187;2.0;7;0;0.0;2.0;3.0;1.0;B01
201800029187;0.0;7;0;0.0;2.0;2.0;19.0;A01
201800029188;2.0;7;0;0.0;2.0;3.0;1.0;B01
201800029188;0.0;7;0;0.0;2.0;1.0;1.0;A01
201800029189;2.0;7;0;0.0;2.0;1.0;1.0;B01
201800029189;2.0;7;0;0.0;2.0;8.0;1.0;A01
201800029190;0.0;7;0;0.0;2.0;8.0;10.0;A01
201800029190;1.0;2;0;0.0;2.0;1.0;1.0;B01
201800029191;1.0;7;0;0.0;2.0;7.0;7.0;A01
201800029191;1.0;7;0;0.0;2.0;1.0;9.0;B01
201800029192;1.0;7;0;0.0;2.0;1.0;1.0;A01
201800029192;1.0;7;0;0.0;2.0;4.0;2.0;B01
201800029193;1.0;31;0;0.0;2.0;2.0;1.0;A01
201800029193;1.0;7;0;0.0;2.0;3.0;15.0;B01
201800029194;1.0;7;0;0.0;2.0;7.0;11.0;A01
201800029194;1.0;34;0;0.0;2.0;1.0;7.0;B01
201800029195;1.0;7;0;0.0;2.0;4.0;1.0;B01
201800029195;1.0;7;0;0.0;2.0;1.0;1.0;A01
201800029196;1.0;37;0;0.0;2.0;1.0;7.0;A01
201800029196;1.0;31;0;0.0;2.0;4.0;7.0;B01
201800029197;1.0;30;0;0.0;2.0;1.0;7.0;A01
201800029197;1.0;7;0;0.0;2.0;4.0;7.0;B01
201800029198;1.0;31;0;0.0;2.0;3.0;15.0;A01
201800029198;2.0;10;0;0.0;2.0;2.0;1.0;B01
201800029199;1.0;7;0;0.0;2.0;3.0;7.0;B01
201800029199;1.0;7;0;0.0;2.0;7.0;2.0;A01
201800029200;1.0;7;0;0.0;1.0;3.0;15.0;A01
201800029201;1.0;7;0;0.0;2.0;1.0;1.0;B01
201800029201;1.0;7;0;0.0;2.0;2.0;1.0;A01
201800029202;1.0;7;0;0.0;2.0;1.0;1.0;B01
201800029202;1.0;7;0;0.0;2.0;2.0;1.0;A01
201800029202;1.0;7;0;0.0;2.0;1.0;1.0;C01
201800029203;1.0;7;0;0.0;2.0;4.0;2.0;B01
201800029203;1.0;10;0;0.0;2.0;1.0;2.0;A01
201800029204;1.0;7;0;0.0;2.0;8.0;20.0;A01
201800029204;1.0;7;0;0.0;2.0;2.0;1.0;B01
201800029205;1.0;7;0;0.0;2.0;3.0;15.0;A01
201800029205;1.0;7;0;0.0;2.0;3.0;0.0;B01
201800029206;1.0;7;0;0.0;0.0;0.0;0.0;B01
201800029206;1.0;30;0;0.0;2.0;1.0;2.0;A01
201800029207;1.0;2;0;0.0;2.0;1.0;1.0;A01
201800029207;2.0;7;0;0.0;2.0;1.0;15.0;B01
201800029208;1.0;7;0;0.0;2.0;1.0;9.0;A01
201800029208;1.0;2;0;0.0;2.0;1.0;9.0;B01
201800029209;1.0;7;0;0.0;1.0;1.0;1.0;A01
201800029210;1.0;7;0;0.0;2.0;1.0;2.0;Z01
201800029210;1.0;7;0;0.0;2.0;4.0;2.0;B01
201800029211;0.0;7;0;0.0;2.0;8.0;1.0;B01
201800029211;0.0;1;0;0.0;2.0;1.0;19.0;A01
201800029212;1.0;31;0;0.0;0.0;0.0;0.0;A01
201800029213;1.0;7;0;0.0;1.0;2.0;0.0;A01
201800029214;0.0;7;0;0.0;2.0;5.0;15.0;A01
201800029214;0.0;1;0;0.0;2.0;0.0;0.0;B01
201800029215;0.0;7;0;0.0;0.0;0.0;0.0;A01
201800029215;0.0;2;0;0.0;2.0;1.0;20.0;B01
201800029216;0.0;31;0;0.0;2.0;0.0;0.0;Z01
201800029216;0.0;7;0;0.0;2.0;3.0;15.0;B01
201800029217;0.0;33;0;0.0;2.0;2.0;1.0;A01
201800029217;0.0;10;0;1.0;2.0;1.0;0.0;B01
201800029218;1.0;1;0;0.0;2.0;5.0;1.0;B01
201800029218;1.0;7;0;0.0;2.0;5.0;2.0;A01
201800029219;1.0;7;0;1.0;0.0;6.0;0.0;B01
201800029219;1.0;7;0;1.0;0.0;1.0;0.0;A01
201800029220;0.0;32;0;0.0;2.0;5.0;1.0;B01
201800029220;0.0;7;0;0.0;2.0;1.0;9.0;A01
201800029221;1.0;7;0;0.0;1.0;1.0;1.0;A01
201800029222;0.0;31;0;0.0;2.0;1.0;1.0;B01
201800029222;0.0;30;0;0.0;2.0;1.0;15.0;A01
201800029223;1.0;7;0;0.0;0.0;0.0;0.0;B01
201800029223;0.0;7;0;0.0;2.0;1.0;1.0;A01
201800029224;1.0;7;0;1.0;0.0;1.0;1.0;A01
201800029224;0.0;10;0;1.0;0.0;7.0;0.0;B01
201800029225;0.0;7;0;0.0;2.0;1.0;1.0;B01
201800029225;0.0;7;0;0.0;2.0;3.0;15.0;A01
201800029226;0.0;1;0;0.0;2.0;0.0;0.0;B01
201800029226;0.0;10;0;0.0;2.0;8.0;14.0;A01
201800029227;0.0;33;0;0.0;2.0;1.0;1.0;A01
201800029227;0.0;7;0;0.0;2.0;2.0;15.0;B01
201800029228;1.0;10;0;0.0;2.0;6.0;9.0;A01
201800029228;1.0;7;0;0.0;2.0;1.0;15.0;B01
201800029229;1.0;7;0;0.0;2.0;1.0;2.0;A01
201800029229;1.0;7;0;0.0;2.0;4.0;2.0;B01
201800029230;1.0;7;0;0.0;1.0;7.0;19.0;A01
201800029231;1.0;7;0;0.0;1.0;1.0;2.0;A01
201800029232;1.0;7;0;0.0;1.0;7.0;20.0;A01
201800029233;1.0;7;0;0.0;2.0;3.0;9.0;A01
201800029233;1.0;7;0;0.0;2.0;2.0;9.0;B01
201800029234;1.0;7;0;0.0;1.0;1.0;1.0;A01
201800029235;1.0;2;0;0.0;2.0;1.0;2.0;A01
201800029235;1.0;7;0;0.0;2.0;4.0;2.0;B01
201800029236;1.0;7;0;0.0;2.0;3.0;2.0;A01
201800029236;1.0;7;0;0.0;2.0;3.0;0.0;B01
201800029237;0.0;7;0;0.0;1.0;1.0;1.0;Z01
201800029238;0.0;7;0;0.0;2.0;4.0;1.0;C01
201800029238;0.0;7;0;0.0;2.0;1.0;2.0;A01
201800029238;0.0;7;0;0.0;2.0;4.0;2.0;B01
201800029239;0.0;7;0;6.0;1.0;1.0;6.0;A01
201800029240;1.0;7;0;1.0;0.0;9.0;2.0;A01
201800029241;0.0;7;0;0.0;1.0;1.0;1.0;A01
201800029242;1.0;33;0;0.0;2.0;2.0;21.0;A01
201800029242;1.0;7;0;0.0;2.0;6.0;20.0;B01
201800029243;1.0;7;0;0.0;2.0;3.0;9.0;A01
201800029243;1.0;1;0;0.0;2.0;7.0;2.0;B01
201800029244;1.0;7;0;0.0;0.0;0.0;0.0;B01
201800029244;1.0;2;0;0.0;2.0;1.0;1.0;A01
201800029245;1.0;7;0;0.0;2.0;1.0;2.0;A01
201800029245;1.0;7;0;0.0;0.0;4.0;2.0;B01
201800029246;0.0;7;0;0.0;2.0;3.0;1.0;B01
201800029246;0.0;30;0;0.0;2.0;1.0;13.0;A01
201800029247;1.0;2;0;0.0;2.0;1.0;2.0;A01
201800029247;1.0;7;0;0.0;2.0;4.0;1.0;B01
201800029248;0.0;7;0;0.0;2.0;8.0;1.0;B01
201800029248;0.0;7;0;0.0;2.0;2.0;19.0;A01
201800029249;1.0;7;0;0.0;2.0;3.0;1.0;A01
201800029249;0.0;1;0;0.0;2.0;1.0;1.0;B01
201800029250;1.0;7;0;0.0;2.0;4.0;1.0;B01
201800029250;1.0;31;0;0.0;2.0;1.0;1.0;A01
201800029251;0.0;2;0;0.0;2.0;4.0;1.0;B01
201800029251;0.0;7;0;0.0;2.0;3.0;9.0;A01
201800029252;0.0;7;0;0.0;1.0;7.0;1.0;A01
201800029253;1.0;17;0;0.0;2.0;3.0;5.0;A01
201800029253;2.0;38;12;0.0;2.0;6.0;1.0;B01
201800029254;0.0;7;0;0.0;2.0;1.0;13.0;B01
201800029254;0.0;15;0;0.0;2.0;3.0;21.0;A01
201800029255;2.0;37;17;0.0;2.0;3.0;1.0;B01
201800029255;1.0;31;0;0.0;2.0;8.0;13.0;A01
201800029256;2.0;14;0;0.0;2.0;3.0;2.0;A01
201800029256;2.0;7;0;0.0;2.0;5.0;17.0;B01
201800029257;1.0;7;0;0.0;2.0;2.0;12.0;B01
201800029257;1.0;7;0;0.0;0.0;6.0;2.0;A01
201800029258;1.0;7;0;13.0;0.0;1.0;13.0;A01
201800029259;1.0;10;0;0.0;2.0;7.0;15.0;A01
201800029259;2.0;34;0;0.0;2.0;1.0;1.0;B01
201800029260;2.0;7;0;5.0;2.0;1.0;1.0;B01
201800029260;1.0;7;0;0.0;2.0;3.0;13.0;A01
201800029260;2.0;7;0;0.0;2.0;6.0;1.0;C01
201800029261;2.0;7;0;0.0;2.0;4.0;2.0;E01
201800029261;2.0;7;0;0.0;2.0;4.0;2.0;B01
201800029261;2.0;7;0;0.0;2.0;4.0;2.0;D01
201800029261;2.0;15;0;0.0;2.0;1.0;1.0;F01
201800029261;2.0;10;0;0.0;2.0;4.0;2.0;A01
201800029261;2.0;7;0;0.0;2.0;4.0;2.0;C01
201800029262;2.0;7;0;0.0;2.0;3.0;1.0;B01
201800029262;1.0;7;0;0.0;2.0;3.0;12.0;A01
201800029263;1.0;15;0;0.0;2.0;2.0;1.0;B01
201800029263;1.0;1;0;0.0;2.0;6.0;2.0;A01
201800029264;0.0;7;0;1.0;1.0;1.0;1.0;A01
201800029265;0.0;7;0;6.0;0.0;1.0;19.0;A01
201800029266;0.0;7;0;0.0;1.0;4.0;4.0;A01
201800029267;1.0;7;0;0.0;2.0;1.0;1.0;B01
201800029267;1.0;7;0;9.0;2.0;7.0;1.0;A01
201800029268;0.0;33;0;1.0;0.0;1.0;1.0;A01
201800029269;2.0;34;0;0.0;2.0;1.0;1.0;B01
201800029269;2.0;7;0;0.0;2.0;4.0;2.0;A01
201800029270;0.0;2;0;16.0;0.0;8.0;1.0;A01
201800029271;2.0;7;0;0.0;2.0;1.0;13.0;B01
201800029271;1.0;7;0;0.0;2.0;2.0;1.0;A01
201800029272;0.0;7;0;2.0;0.0;1.0;1.0;A01
201800029273;1.0;33;0;0.0;2.0;1.0;1.0;B01
201800029273;1.0;7;0;0.0;2.0;4.0;2.0;A01
201800029274;1.0;2;0;0.0;2.0;1.0;17.0;A01
201800029274;2.0;7;0;0.0;2.0;1.0;1.0;B01
201800029275;0.0;7;0;0.0;2.0;1.0;13.0;B01
201800029275;0.0;31;0;0.0;2.0;1.0;1.0;A01
201800029276;2.0;7;0;2.0;0.0;3.0;13.0;A01
201800029277;1.0;2;0;3.0;2.0;7.0;18.0;A01
201800029277;1.0;10;0;0.0;2.0;8.0;1.0;B01
201800029278;0.0;1;0;0.0;2.0;8.0;1.0;B01
201800029278;0.0;7;0;0.0;2.0;7.0;17.0;A01
201800029279;1.0;7;0;14.0;0.0;5.0;14.0;A01
201800029280;1.0;7;0;0.0;2.0;8.0;15.0;A01
201800029280;1.0;32;0;0.0;2.0;1.0;1.0;B01
201800029281;0.0;36;0;13.0;0.0;1.0;1.0;A01
201800029282;2.0;7;0;0.0;2.0;1.0;1.0;B01
201800029282;1.0;7;0;0.0;2.0;3.0;15.0;A01
201800029283;1.0;7;0;6.0;0.0;1.0;1.0;A01
201800029284;2.0;15;0;0.0;0.0;3.0;1.0;A01
201800029284;1.0;37;38;0.0;2.0;3.0;5.0;B01
201800029285;0.0;20;0;16.0;0.0;7.0;15.0;A01
201800029286;0.0;7;0;13.0;0.0;1.0;1.0;A01
201800029287;0.0;7;0;0.0;1.0;1.0;1.0;A01
201800029288;1.0;7;0;1.0;2.0;1.0;1.0;B01
201800029288;2.0;7;0;0.0;2.0;1.0;5.0;A01
201800029289;1.0;7;0;2.0;0.0;1.0;13.0;A01
201800029290;1.0;7;0;0.0;1.0;8.0;1.0;A01
201800029291;2.0;10;0;0.0;2.0;2.0;19.0;A01
201800029291;1.0;10;0;0.0;2.0;2.0;19.0;B01
201800029292;1.0;7;0;13.0;0.0;1.0;1.0;A01
201800029293;2.0;34;0;0.0;2.0;1.0;1.0;A01
201800029293;1.0;7;0;0.0;2.0;2.0;15.0;B01
201800029294;1.0;14;0;1.0;9.0;6.0;24.0;A01
201800029294;1.0;14;0;1.0;2.0;2.0;2.0;B01
201800029295;1.0;7;0;13.0;0.0;1.0;14.0;A01
201800029296;0.0;3;0;8.0;0.0;1.0;14.0;A01
201800029297;2.0;33;0;0.0;1.0;0.0;17.0;A01
201800029298;0.0;7;0;0.0;2.0;1.0;1.0;A01
201800029298;0.0;7;0;0.0;2.0;4.0;1.0;B01
201800029299;2.0;7;0;0.0;2.0;3.0;1.0;B01
201800029299;2.0;31;0;0.0;2.0;5.0;0.0;A01
201800029300;1.0;33;0;6.0;0.0;0.0;14.0;A01
201800029301;0.0;37;10;0.0;1.0;1.0;15.0;A01
201800029302;0.0;7;0;6.0;2.0;2.0;21.0;A01
201800029303;2.0;7;0;0.0;2.0;1.0;1.0;B01
201800029303;0.0;7;0;0.0;2.0;3.0;15.0;A01
201800029304;0.0;34;0;0.0;2.0;8.0;1.0;A01
201800029304;0.0;7;0;0.0;2.0;1.0;15.0;B01
201800029305;2.0;1;0;0.0;2.0;3.0;2.0;B01
201800029305;1.0;7;0;0.0;2.0;3.0;15.0;A01
201800029306;1.0;31;0;0.0;2.0;1.0;1.0;A01
201800029306;2.0;7;0;0.0;2.0;3.0;15.0;B01
201800029307;1.0;7;0;0.0;2.0;5.0;15.0;B01
201800029307;1.0;33;0;0.0;2.0;1.0;17.0;A01
201800029308;1.0;7;0;0.0;1.0;1.0;1.0;A01
201800029309;1.0;7;0;0.0;1.0;3.0;1.0;A01
201800029310;2.0;7;0;0.0;1.0;2.0;1.0;A01
201800029311;1.0;2;0;0.0;2.0;2.0;1.0;B01
201800029311;2.0;7;0;0.0;6.0;6.0;15.0;A01
201800029312;1.0;7;0;0.0;2.0;3.0;19.0;B01
201800029312;1.0;33;0;0.0;2.0;1.0;19.0;A01
201800029313;1.0;10;0;0.0;1.0;2.0;0.0;A01
201800029314;1.0;7;0;0.0;2.0;2.0;1.0;B01
201800029314;2.0;7;0;0.0;2.0;1.0;15.0;A01
201800029315;1.0;30;0;0.0;0.0;0.0;21.0;A01
201800029316;1.0;33;0;0.0;2.0;1.0;2.0;B01
201800029316;1.0;7;0;0.0;2.0;4.0;2.0;A01
201800029317;1.0;7;0;14.0;1.0;1.0;0.0;A01
201800029318;2.0;7;0;0.0;2.0;3.0;1.0;A01
201800029318;1.0;99;0;0.0;2.0;8.0;1.0;B01
201800029319;1.0;7;0;0.0;2.0;1.0;1.0;A01
201800029319;2.0;3;0;0.0;2.0;9.0;13.0;B01
201800029320;1.0;7;0;0.0;1.0;3.0;0.0;A01
201800029321;0.0;7;0;0.0;1.0;2.0;19.0;A01
201800029322;0.0;30;0;0.0;1.0;1.0;9.0;A01
201800029323;2.0;7;0;0.0;2.0;3.0;1.0;B01
201800029323;1.0;7;0;0.0;2.0;1.0;13.0;A01
201800029324;1.0;7;0;0.0;2.0;9.0;2.0;B01
201800029324;1.0;7;0;0.0;2.0;8.0;15.0;A01
201800029325;0.0;7;0;0.0;1.0;2.0;0.0;A01
201800029326;2.0;7;0;0.0;1.0;2.0;1.0;A01
201800029327;0.0;7;0;0.0;2.0;1.0;15.0;A01
201800029327;0.0;2;0;0.0;2.0;1.0;1.0;B01
201800029328;0.0;7;0;0.0;1.0;1.0;1.0;A01
201800029329;0.0;7;0;0.0;9.0;1.0;1.0;A01
201800029330;0.0;7;0;0.0;0.0;8.0;1.0;B01
201800029330;0.0;7;0;0.0;2.0;1.0;1.0;A01
201800029331;0.0;7;0;0.0;2.0;3.0;1.0;B01
201800029331;0.0;7;0;0.0;2.0;1.0;13.0;A01
201800029332;1.0;7;0;0.0;1.0;1.0;1.0;A01
201800029333;0.0;2;0;0.0;2.0;8.0;0.0;B01
201800029333;0.0;10;0;0.0;2.0;7.0;17.0;A01
201800029334;1.0;7;0;0.0;1.0;1.0;1.0;A01
201800029335;0.0;33;0;0.0;2.0;1.0;13.0;A01
201800029335;0.0;7;0;0.0;2.0;1.0;0.0;B01
201800029336;0.0;2;0;0.0;2.0;1.0;1.0;B01
201800029336;1.0;7;0;0.0;2.0;6.0;15.0;A01
201800029337;1.0;34;0;0.0;1.0;1.0;1.0;A01
201800029338;1.0;2;0;0.0;2.0;1.0;1.0;B01
201800029338;1.0;7;0;0.0;2.0;1.0;15.0;A01
201800029339;0.0;7;0;0.0;1.0;1.0;15.0;A01
201800029340;0.0;7;0;0.0;1.0;0.0;1.0;A01
201800029341;0.0;7;0;0.0;2.0;1.0;15.0;A01