Num_Acc;senc;catv;occutc;obs;obsm;choc;manv;num_veh
201800029341;0.0;7;0;0.0;2.0;1.0;1.0;B01
201800029342;1.0;7;0;0.0;1.0;2.0;1.0;A01
201800029343;2.0;7;0;0.0;2.0;1.0;13.0;A01
201800029343;1.0;7;0;0.0;2.0;1.0;1.0;B01
201800029344;2.0;7;0;0.0;1.0;1.0;1.0;Z01
201800029345;2.0;7;0;0.0;1.0;1.0;1.0;A01
201800029346;1.0;7;0;0.0;2.0;1.0;1.0;A01
201800029346;2.0;7;0;0.0;2.0;1.0;1.0;B01
201800029347;1.0;36;0;6.0;0.0;1.0;0.0;A01
201800029348;1.0;7;0;0.0;2.0;1.0;2.0;A01
201800029348;1.0;7;0;0.0;2.0;4.0;23.0;C01
201800029348;1.0;7;0;0.0;2.0;4.0;23.0;B01
201800029349;1.0;7;0;0.0;2.0;1.0;1.0;A01
201800029349;0.0;1;0;0.0;2.0;5.0;19.0;B01
201800029350;2.0;7;0;0.0;1.0;4.0;4.0;A01
201800029351;2.0;33;0;0.0;2.0;1.0;1.0;B01
201800029351;1.0;7;0;0.0;2.0;3.0;10.0;A01
201800029352;2.0;1;0;0.0;2.0;1.0;1.0;B01
201800029352;1.0;7;0;0.0;2.0;1.0;1.0;A01
201800029353;1.0;7;0;0.0;1.0;1.0;1.0;A01
201800029354;1.0;7;0;1.0;0.0;1.0;2.0;A01
201800029355;2.0;7;0;9.0;1.0;2.0;14.0;A01
201800029356;1.0;7;0;0.0;2.0;7.0;18.0;A01
201800029356;2.0;17;0;0.0;2.0;1.0;1.0;B01
201800029357;2.0;7;0;0.0;2.0;2.0;14.0;A01
201800029357;1.0;1;0;0.0;2.0;1.0;1.0;B01
201800029358;2.0;7;0;0.0;2.0;3.0;15.0;A01
201800029358;1.0;33;0;0.0;2.0;1.0;1.0;B01
201800029359;2.0;1;0;0.0;2.0;8.0;16.0;B01
201800029359;2.0;14;0;0.0;2.0;7.0;16.0;A01
201800029360;1.0;7;0;0.0;2.0;1.0;5.0;A01
201800029360;2.0;30;0;0.0;2.0;7.0;15.0;B01
201800029361;0.0;7;0;0.0;2.0;1.0;13.0;A01
201800029361;0.0;7;0;0.0;2.0;1.0;1.0;B01
201800029362;0.0;10;0;2.0;0.0;0.0;14.0;A01
201800029363;0.0;7;0;1.0;0.0;1.0;14.0;A01
201800029363;0.0;17;0;0.0;0.0;6.0;0.0;B01
201800029364;2.0;7;0;0.0;2.0;2.0;15.0;A01
201800029364;1.0;2;0;0.0;2.0;0.0;1.0;B01
201800029365;2.0;33;0;0.0;2.0;0.0;21.0;A01
201800029365;0.0;15;0;16.0;0.0;0.0;19.0;C01
201800029365;0.0;7;0;0.0;2.0;1.0;1.0;B01
201800029366;1.0;7;0;0.0;1.0;1.0;16.0;A01
201800029367;2.0;7;0;0.0;1.0;3.0;1.0;A01
201800029368;0.0;7;0;0.0;0.0;9.0;0.0;A01
201800029369;2.0;33;0;0.0;2.0;7.0;1.0;B01
201800029369;2.0;7;0;0.0;2.0;6.0;11.0;A01
201800029370;1.0;7;0;0.0;2.0;1.0;1.0;A01
201800029370;2.0;31;0;0.0;2.0;8.0;1.0;B01
201800029371;0.0;33;0;0.0;0.0;0.0;0.0;A01
201800029372;1.0;7;0;0.0;2.0;1.0;13.0;A01
201800029372;2.0;15;0;0.0;2.0;1.0;1.0;B01
201800029373;1.0;7;0;6.0;0.0;2.0;0.0;A01
201800029374;1.0;7;0;0.0;1.0;6.0;4.0;A01
201800029375;2.0;7;0;0.0;2.0;1.0;17.0;A01
201800029375;1.0;33;0;0.0;2.0;1.0;1.0;B01
201800029376;2.0;7;0;0.0;2.0;1.0;19.0;A01
201800029376;2.0;7;0;0.0;2.0;2.0;0.0;B01
201800029376;1.0;7;0;0.0;2.0;8.0;15.0;C01
201800029377;0.0;7;0;0.0;2.0;2.0;1.0;B01
201800029377;0.0;7;0;0.0;2.0;1.0;15.0;A01
201800029378;0.0;7;0;0.0;1.0;8.0;0.0;A01
201800029379;0.0;7;0;0.0;2.0;7.0;17.0;A01
201800029379;0.0;1;0;0.0;2.0;8.0;1.0;B01
201800029380;2.0;7;0;0.0;2.0;8.0;1.0;A01
201800029380;2.0;2;0;0.0;2.0;1.0;1.0;B01
201800029381;1.0;10;0;0.0;2.0;1.0;1.0;D01
201800029381;2.0;7;0;0.0;2.0;3.0;1.0;A01
201800029381;2.0;7;0;0.0;2.0;2.0;19.0;B01
201800029381;2.0;7;0;0.0;2.0;1.0;23.0;C01
201800029382;2.0;33;0;0.0;2.0;8.0;18.0;A01
201800029382;2.0;7;0;0.0;2.0;7.0;16.0;B01
201800029383;0.0;34;0;2.0;0.0;1.0;21.0;A01
201800029384;1.0;2;0;0.0;2.0;3.0;1.0;B01
201800029384;2.0;7;0;0.0;2.0;2.0;19.0;A01
201800029385;1.0;7;0;0.0;2.0;5.0;13.0;A01
201800029385;2.0;7;0;0.0;2.0;1.0;1.0;B01
201800029386;0.0;7;0;0.0;2.0;3.0;13.0;A01
201800029386;0.0;7;0;0.0;2.0;3.0;1.0;B01
201800029387;2.0;7;0;0.0;2.0;8.0;15.0;B01
201800029387;2.0;7;0;0.0;2.0;1.0;17.0;A01
201800029388;2.0;7;0;0.0;1.0;1.0;1.0;A01
201800029389;0.0;7;0;0.0;1.0;6.0;15.0;A01
201800029390;2.0;7;0;0.0;2.0;8.0;13.0;A01
201800029390;1.0;7;0;0.0;2.0;1.0;1.0;B01
201800029391;1.0;7;0;0.0;2.0;3.0;1.0;C01
201800029391;2.0;7;0;0.0;2.0;3.0;1.0;B01
201800029391;1.0;1;0;0.0;2.0;1.0;19.0;A01
201800029392;0.0;7;0;0.0;2.0;3.0;1.0;B01
201800029392;1.0;33;0;0.0;2.0;1.0;1.0;A01
201800029393;2.0;7;0;6.0;0.0;1.0;13.0;A01
201800029394;0.0;7;0;0.0;1.0;1.0;1.0;A01
201800029395;0.0;1;0;0.0;2.0;8.0;19.0;B01
201800029395;1.0;7;0;0.0;2.0;1.0;1.0;A01
201800029396;2.0;7;0;0.0;1.0;3.0;1.0;A01
201800029397;1.0;33;0;3.0;0.0;7.0;12.0;A01
201800029398;0.0;7;0;0.0;2.0;7.0;21.0;C01
201800029398;0.0;7;0;12.0;2.0;0.0;13.0;A01
201800029398;0.0;7;0;0.0;2.0;2.0;21.0;B01
201800029398;0.0;7;0;0.0;2.0;2.0;21.0;D01
201800029398;0.0;7;0;0.0;2.0;0.0;21.0;E01
201800029399;1.0;7;0;0.0;0.0;0.0;0.0;A01
201800029400;1.0;7;0;0.0;1.0;1.0;1.0;Z01
201800029401;0.0;7;0;0.0;1.0;3.0;1.0;A01
201800029402;0.0;7;0;2.0;0.0;1.0;13.0;A01
201800029403;2.0;7;0;0.0;1.0;3.0;19.0;A01
201800029404;0.0;7;0;2.0;2.0;5.0;13.0;A01
201800029405;2.0;3;0;9.0;0.0;1.0;15.0;A01
201800029406;1.0;7;0;0.0;2.0;9.0;0.0;A01
201800029406;1.0;1;0;0.0;2.0;9.0;19.0;B01
201800029407;0.0;7;0;0.0;2.0;5.0;1.0;B01
201800029407;0.0;7;0;0.0;2.0;5.0;1.0;A01
201800029408;0.0;7;0;0.0;2.0;2.0;17.0;A01
201800029408;0.0;7;0;0.0;2.0;8.0;16.0;B01
201800029409;0.0;7;0;0.0;2.0;1.0;17.0;B01
201800029409;0.0;7;0;0.0;2.0;1.0;1.0;A01
201800029410;0.0;20;0;0.0;2.0;2.0;15.0;A01
201800029410;0.0;30;0;0.0;2.0;1.0;1.0;B01
201800029411;0.0;7;0;0.0;2.0;6.0;23.0;C01
201800029411;0.0;7;0;0.0;2.0;4.0;23.0;D01
201800029411;0.0;7;0;0.0;2.0;1.0;2.0;A01
201800029411;0.0;7;0;0.0;2.0;1.0;23.0;B01
201800029412;1.0;7;0;0.0;1.0;0.0;1.0;A01
201800029413;2.0;7;0;0.0;1.0;2.0;9.0;A01
201800029414;0.0;33;0;0.0;2.0;1.0;17.0;A01
201800029414;0.0;7;0;0.0;2.0;3.0;10.0;B01
201800029415;0.0;31;0;0.0;2.0;2.0;14.0;A01
201800029415;0.0;7;0;0.0;2.0;2.0;0.0;B01
201800029416;1.0;7;0;0.0;0.0;0.0;0.0;B01
201800029416;2.0;7;0;0.0;2.0;3.0;13.0;A01
201800029417;0.0;10;0;0.0;2.0;3.0;0.0;Z01
201800029417;0.0;30;0;0.0;2.0;3.0;15.0;B01
201800029418;0.0;14;0;0.0;2.0;3.0;21.0;B01
201800029418;0.0;7;0;0.0;2.0;0.0;13.0;A01
201800029419;0.0;10;0;0.0;2.0;2.0;1.0;B01
201800029419;0.0;7;0;0.0;2.0;3.0;1.0;A01
201800029420;1.0;7;0;15.0;0.0;2.0;1.0;A01
201800029421;1.0;10;0;0.0;1.0;1.0;0.0;A01
201800029422;0.0;7;0;0.0;1.0;3.0;16.0;A01
201800029423;2.0;7;0;0.0;2.0;1.0;9.0;B01
201800029423;1.0;7;0;0.0;2.0;7.0;19.0;A01
201800029424;1.0;7;0;6.0;0.0;1.0;13.0;A01
201800029425;2.0;7;0;0.0;2.0;6.0;15.0;B01
201800029425;1.0;31;0;0.0;2.0;2.0;0.0;A01
201800029426;0.0;2;0;0.0;2.0;7.0;16.0;A01
201800029426;0.0;7;0;0.0;2.0;8.0;16.0;Z01
201800029427;0.0;7;0;0.0;2.0;1.0;15.0;A01
201800029427;0.0;1;0;0.0;2.0;1.0;15.0;B01
201800029428;0.0;7;0;0.0;2.0;3.0;0.0;A01
201800029428;0.0;2;0;0.0;2.0;7.0;0.0;B01
201800029429;0.0;1;0;0.0;2.0;1.0;19.0;A01
201800029429;0.0;7;0;0.0;6.0;5.0;0.0;B01
201800029430;1.0;30;0;0.0;2.0;1.0;1.0;B01
201800029430;1.0;13;0;0.0;2.0;1.0;15.0;A01
201800029431;0.0;20;0;0.0;2.0;7.0;15.0;B01
201800029431;0.0;20;0;0.0;2.0;1.0;1.0;A01
201800029432;1.0;7;0;0.0;1.0;2.0;1.0;A01
201800029433;1.0;7;0;0.0;2.0;1.0;1.0;A01
201800029433;1.0;7;0;0.0;2.0;1.0;0.0;B01
201800029434;1.0;30;0;1.0;0.0;1.0;1.0;A01
201800029434;0.0;37;1;1.0;0.0;6.0;23.0;B01
201800029435;1.0;7;0;0.0;1.0;0.0;0.0;Z01
201800029436;0.0;7;0;0.0;1.0;2.0;1.0;Z01
201800029437;2.0;7;0;0.0;1.0;1.0;0.0;A01
201800029438;0.0;7;0;0.0;2.0;3.0;15.0;A01
201800029438;0.0;2;0;0.0;2.0;1.0;1.0;B01
201800029439;0.0;10;0;0.0;1.0;3.0;1.0;A01
201800029440;1.0;7;0;0.0;1.0;3.0;1.0;A01
201800029441;2.0;7;0;0.0;2.0;3.0;23.0;A01
201800029441;1.0;1;0;0.0;2.0;3.0;15.0;B01
201800029442;0.0;10;0;0.0;2.0;1.0;21.0;B01
201800029442;0.0;7;0;0.0;2.0;1.0;13.0;A01
201800029443;1.0;7;0;0.0;1.0;1.0;0.0;A01
201800029444;0.0;7;0;0.0;2.0;1.0;5.0;B01
201800029444;0.0;7;0;0.0;2.0;1.0;0.0;A01
201800029445;1.0;1;0;0.0;2.0;8.0;15.0;B01
201800029445;1.0;33;0;1.0;2.0;1.0;17.0;A01
201800029446;1.0;7;0;0.0;2.0;1.0;1.0;B01
201800029446;2.0;7;0;0.0;2.0;1.0;13.0;A01
201800029447;1.0;7;0;3.0;0.0;2.0;2.0;A01
201800029447;1.0;7;0;0.0;2.0;2.0;2.0;B01
201800029447;1.0;7;0;0.0;9.0;0.0;23.0;C01
201800029447;1.0;7;0;0.0;2.0;4.0;2.0;D01
201800029447;1.0;7;0;0.0;2.0;1.0;2.0;E01
201800029448;1.0;7;0;0.0;2.0;1.0;1.0;B01
201800029448;0.0;7;0;0.0;2.0;2.0;1.0;A01
201800029449;0.0;10;0;0.0;9.0;1.0;2.0;A01
201800029450;0.0;1;0;0.0;2.0;8.0;1.0;B01
201800029451;1.0;10;0;0.0;2.0;4.0;23.0;B01
201800029451;1.0;33;0;0.0;2.0;0.0;13.0;A01
201800029452;1.0;7;0;0.0;1.0;0.0;1.0;A01
201800029453;1.0;7;0;0.0;1.0;0.0;15.0;Z01
201800029454;1.0;7;0;0.0;9.0;7.0;17.0;A01
201800029455;2.0;31;0;12.0;0.0;1.0;21.0;A01
201800029456;2.0;7;0;0.0;1.0;1.0;19.0;A01
201800029457;0.0;7;0;13.0;2.0;7.0;1.0;A01
201800029457;0.0;7;0;9.0;2.0;1.0;1.0;B01
201800029458;1.0;7;0;0.0;2.0;4.0;23.0;B01
201800029459;1.0;7;0;0.0;1.0;2.0;19.0;A01
201800029459;0.0;99;0;0.0;2.0;0.0;0.0;R01
201800029460;1.0;7;0;0.0;1.0;2.0;7.0;A01
201800029461;0.0;7;0;1.0;2.0;1.0;1.0;A01
201800029461;0.0;7;0;0.0;2.0;1.0;1.0;B01
201800029462;1.0;7;0;0.0;2.0;1.0;10.0;A01
201800029462;1.0;33;0;0.0;2.0;1.0;0.0;B01
201800029463;2.0;7;0;0.0;1.0;3.0;1.0;A01
201800029464;1.0;7;0;0.0;2.0;1.0;2.0;A01
201800029464;1.0;7;0;0.0;2.0;4.0;2.0;B01
201800029465;0.0;1;0;0.0;1.0;0.0;1.0;Z01
201800029466;0.0;99;0;0.0;2.0;0.0;0.0;R01
201800029466;1.0;7;0;0.0;2.0;2.0;1.0;A01
201800029467;1.0;7;0;0.0;1.0;1.0;1.0;A01
201800029468;1.0;7;0;0.0;1.0;1.0;1.0;A01
201800029469;1.0;7;0;0.0;1.0;2.0;1.0;A01
201800029470;1.0;7;0;9.0;0.0;1.0;14.0;A01
201800029471;2.0;7;0;8.0;0.0;7.0;1.0;A01
201800029472;2.0;7;0;0.0;2.0;1.0;1.0;B01
201800029472;1.0;7;0;0.0;2.0;8.0;1.0;A01
201800029473;1.0;7;0;0.0;1.0;2.0;1.0;A01
201800029474;1.0;7;0;0.0;2.0;1.0;1.0;A01
201800029474;2.0;7;0;0.0;2.0;7.0;1.0;B01
201800029475;2.0;7;0;0.0;2.0;1.0;1.0;B01
201800029475;1.0;34;0;0.0;2.0;1.0;5.0;A01
201800029476;2.0;1;0;0.0;1.0;7.0;1.0;A01
201800029477;0.0;7;0;15.0;2.0;1.0;1.0;B01
201800029477;0.0;7;0;15.0;2.0;8.0;1.0;A01
201800029478;0.0;33;0;3.0;0.0;1.0;0.0;A01
201800029479;2.0;33;0;0.0;2.0;1.0;1.0;B01
201800029479;1.0;7;0;0.0;2.0;8.0;15.0;A01
201800029480;0.0;7;0;0.0;1.0;1.0;0.0;A01
201800029481;1.0;7;0;0.0;1.0;2.0;21.0;A01
201800029482;1.0;99;0;9.0;0.0;1.0;15.0;A01
201800029482;2.0;33;0;0.0;2.0;8.0;1.0;B01
201800029483;0.0;7;0;0.0;2.0;2.0;17.0;A01
201800029483;0.0;7;0;0.0;2.0;8.0;16.0;B01
201800029484;2.0;7;0;13.0;0.0;0.0;13.0;A01
201800029485;1.0;7;0;0.0;2.0;1.0;15.0;B01
201800029485;1.0;30;0;0.0;2.0;3.0;1.0;A01
201800029486;1.0;7;0;0.0;2.0;2.0;0.0;A01
201800029486;0.0;7;0;0.0;2.0;3.0;1.0;B01
201800029487;2.0;7;0;0.0;2.0;4.0;4.0;A01
201800029487;2.0;7;0;0.0;2.0;1.0;1.0;B01
201800029488;1.0;7;0;0.0;1.0;0.0;0.0;A01
201800029489;1.0;7;0;8.0;1.0;1.0;0.0;Z01
201800029490;0.0;7;0;0.0;2.0;3.0;1.0;B01
201800029490;0.0;7;0;0.0;2.0;1.0;15.0;A01
201800029491;1.0;33;0;8.0;0.0;1.0;0.0;A01
201800029492;0.0;31;0;0.0;1.0;0.0;0.0;Z01
201800029493;1.0;7;0;0.0;1.0;2.0;2.0;A01
201800029494;2.0;37;2;0.0;2.0;3.0;1.0;B01
201800029494;2.0;7;0;0.0;2.0;1.0;16.0;A01
201800029495;1.0;7;0;0.0;2.0;7.0;21.0;A01
201800029495;1.0;1;0;0.0;2.0;8.0;1.0;B01
201800029496;1.0;7;0;0.0;2.0;1.0;2.0;Z01
201800029496;1.0;31;0;0.0;6.0;6.0;2.0;A01
201800029497;0.0;30;0;0.0;2.0;0.0;0.0;A01
201800029497;0.0;7;0;0.0;2.0;0.0;0.0;B01
201800029498;0.0;31;0;0.0;0.0;0.0;13.0;A01
201800029499;2.0;33;0;0.0;0.0;0.0;1.0;B01
201800029499;1.0;7;0;0.0;0.0;1.0;15.0;A01
201800029500;1.0;7;0;8.0;0.0;1.0;14.0;A01
201800029501;0.0;7;0;0.0;1.0;8.0;1.0;A01
201800029502;2.0;33;0;0.0;2.0;1.0;1.0;A01
201800029502;1.0;10;0;0.0;2.0;7.0;14.0;B01
201800029503;0.0;7;0;0.0;2.0;1.0;2.0;B01
201800029503;0.0;7;0;0.0;2.0;1.0;11.0;A01
201800029504;0.0;7;0;0.0;1.0;7.0;2.0;A01
201800029505;2.0;7;0;0.0;2.0;1.0;2.0;B01
201800029505;1.0;7;0;0.0;2.0;1.0;15.0;A01
201800029506;1.0;33;0;0.0;2.0;7.0;16.0;B01
201800029506;1.0;32;0;0.0;2.0;7.0;18.0;A01
201800029507;2.0;7;0;0.0;1.0;2.0;1.0;A01
201800029508;2.0;10;0;1.0;1.0;3.0;21.0;A01
201800029508;0.0;10;0;0.0;0.0;0.0;23.0;B01
201800029509;2.0;30;0;0.0;1.0;1.0;0.0;Z01
201800029510;0.0;30;0;0.0;2.0;1.0;21.0;A01
201800029510;0.0;7;0;0.0;2.0;1.0;0.0;Z01
201800029511;1.0;7;0;0.0;2.0;1.0;14.0;Z01
201800029511;1.0;7;0;0.0;2.0;8.0;2.0;B01
201800029511;2.0;7;0;0.0;2.0;7.0;5.0;C01
201800029512;1.0;7;0;1.0;1.0;1.0;2.0;Z01
201800029513;1.0;2;0;0.0;2.0;1.0;19.0;A01
201800029513;2.0;7;0;0.0;2.0;3.0;0.0;B01
201800029514;1.0;7;0;12.0;1.0;0.0;16.0;Z01
201800029515;0.0;7;0;1.0;1.0;1.0;0.0;B01
201800029516;0.0;7;0;0.0;2.0;1.0;2.0;B01
201800029516;0.0;7;0;0.0;2.0;2.0;2.0;A01
201800029517;0.0;33;0;0.0;2.0;1.0;1.0;B01
201800029517;0.0;7;0;0.0;2.0;1.0;9.0;A01
201800029518;1.0;7;0;6.0;0.0;1.0;6.0;A01
201800029519;1.0;7;0;0.0;1.0;1.0;1.0;A01
201800029520;1.0;7;0;0.0;2.0;2.0;13.0;A01
201800029520;2.0;7;0;0.0;2.0;2.0;15.0;B01
201800029521;1.0;7;0;0.0;2.0;3.0;0.0;A01
201800029521;2.0;7;0;0.0;2.0;3.0;1.0;B01
201800029522;1.0;1;0;0.0;2.0;1.0;1.0;B01
201800029522;1.0;7;0;0.0;2.0;2.0;15.0;Z01
201800029523;1.0;33;0;1.0;2.0;8.0;2.0;B01
201800029523;1.0;7;0;0.0;2.0;7.0;19.0;A01
201800029524;0.0;30;0;0.0;2.0;8.0;15.0;A01
201800029524;0.0;7;0;0.0;2.0;1.0;2.0;B01
201800029525;0.0;7;0;0.0;2.0;1.0;1.0;A01
201800029525;0.0;34;0;0.0;2.0;1.0;15.0;B01
201800029526;0.0;7;0;0.0;0.0;0.0;0.0;B01
201800029526;0.0;7;0;0.0;2.0;0.0;0.0;A01
201800029527;2.0;10;0;0.0;2.0;1.0;15.0;A01
201800029527;2.0;7;0;0.0;2.0;8.0;1.0;B01
201800029528;0.0;7;0;0.0;2.0;3.0;19.0;A01
201800029528;0.0;2;0;0.0;2.0;0.0;0.0;B01
201800029529;2.0;33;0;0.0;2.0;1.0;13.0;A01
201800029529;1.0;7;0;15.0;2.0;1.0;1.0;B01
201800029530;0.0;7;0;0.0;1.0;3.0;0.0;A01
201800029531;0.0;31;0;0.0;2.0;0.0;2.0;B01
201800029531;0.0;10;0;0.0;2.0;3.0;13.0;A01
201800029532;0.0;33;0;0.0;0.0;0.0;0.0;B01
201800029532;0.0;7;0;0.0;2.0;0.0;0.0;A01
201800029533;2.0;33;0;0.0;2.0;1.0;2.0;A01
201800029533;2.0;1;0;1.0;2.0;4.0;1.0;B01
201800029534;0.0;7;0;0.0;0.0;7.0;0.0;A01
201800029534;0.0;33;0;0.0;2.0;1.0;14.0;B01
201800029535;0.0;7;0;0.0;2.0;3.0;15.0;B01
201800029535;0.0;33;0;0.0;2.0;1.0;0.0;A01
201800029536;1.0;33;0;0.0;2.0;1.0;0.0;B01
201800029536;2.0;7;0;0.0;2.0;1.0;19.0;A01
201800029537;0.0;1;0;0.0;2.0;4.0;2.0;B01
201800029537;0.0;7;0;0.0;2.0;6.0;2.0;C01
201800029537;0.0;7;0;0.0;2.0;1.0;2.0;A01
201800029538;1.0;7;0;8.0;0.0;1.0;1.0;A01
201800029539;1.0;20;0;0.0;2.0;1.0;1.0;A01
201800029539;0.0;7;0;0.0;2.0;5.0;0.0;C01
201800029540;1.0;7;0;0.0;1.0;1.0;1.0;A01
201800029541;2.0;7;0;0.0;6.0;1.0;0.0;A01
201800029541;0.0;1;0;0.0;2.0;1.0;19.0;B01
201800029542;2.0;33;0;15.0;0.0;3.0;13.0;A01
201800029542;1.0;7;0;0.0;0.0;3.0;1.0;B01
201800029543;1.0;7;0;0.0;6.0;0.0;19.0;B01
201800029543;1.0;7;0;0.0;2.0;8.0;1.0;A01
201800029544;0.0;32;0;0.0;2.0;1.0;1.0;B01
201800029544;0.0;7;0;0.0;2.0;2.0;15.0;A01
201800029545;1.0;7;0;0.0;1.0;2.0;1.0;A01
201800029546;0.0;10;0;0.0;1.0;1.0;23.0;A01
201800029547;1.0;7;0;0.0;2.0;7.0;1.0;A01
201800029547;1.0;32;0;0.0;2.0;8.0;3.0;B01
201800029548;0.0;7;0;0.0;1.0;2.0;16.0;A01
201800029549;0.0;7;0;0.0;2.0;3.0;0.0;A01
201800029549;0.0;7;0;0.0;2.0;3.0;13.0;Z01
201800029550;0.0;7;0;0.0;2.0;3.0;6.0;A01
201800029550;0.0;7;0;0.0;2.0;6.0;1.0;B01
201800029551;0.0;1;0;0.0;2.0;3.0;0.0;B01
201800029551;0.0;7;0;0.0;6.0;3.0;9.0;Z01
201800029552;0.0;7;0;0.0;1.0;3.0;1.0;A01
201800029553;2.0;7;0;0.0;1.0;7.0;16.0;A01
201800029554;1.0;1;0;1.0;2.0;1.0;0.0;C01
201800029554;1.0;7;0;0.0;6.0;1.0;13.0;B01
201800029554;0.0;7;0;0.0;0.0;7.0;15.0;A01
201800029555;0.0;1;0;0.0;2.0;1.0;5.0;B01
201800029555;0.0;7;0;0.0;2.0;1.0;16.0;Z01
201800029556;0.0;33;0;14.0;0.0;1.0;1.0;A01
201800029557;0.0;7;0;1.0;2.0;5.0;0.0;C01
201800029557;0.0;7;0;1.0;2.0;5.0;0.0;B01
201800029557;1.0;7;0;1.0;1.0;0.0;15.0;A01
201800029558;2.0;7;0;1.0;1.0;8.0;0.0;A01
201800029559;1.0;7;0;0.0;1.0;2.0;1.0;A01
201800029560;0.0;7;0;16.0;0.0;0.0;0.0;Z01
201800029560;1.0;7;0;14.0;2.0;7.0;19.0;A01
201800029561;2.0;7;0;0.0;6.0;1.0;0.0;A01
201800029561;2.0;7;0;0.0;6.0;4.0;23.0;C01
201800029561;2.0;30;0;14.0;2.0;4.0;2.0;B01
201800029562;0.0;7;0;0.0;1.0;3.0;1.0;A01
201800029563;0.0;7;0;0.0;2.0;1.0;16.0;Z01
201800029563;0.0;1;0;0.0;2.0;8.0;1.0;B01
201800029564;0.0;7;0;0.0;2.0;7.0;1.0;B01
201800029564;0.0;1;0;0.0;2.0;8.0;1.0;A01
201800029565;2.0;7;0;0.0;2.0;8.0;15.0;A01
201800029565;2.0;7;0;0.0;2.0;2.0;14.0;B01
201800029566;1.0;33;0;0.0;2.0;4.0;11.0;A01
201800029566;1.0;7;0;0.0;2.0;1.0;1.0;Z01
201800029567;1.0;2;0;0.0;2.0;0.0;1.0;B01
201800029567;2.0;7;0;0.0;2.0;3.0;15.0;A01
201800029568;0.0;7;0;0.0;1.0;1.0;10.0;A01
201800029569;1.0;7;0;0.0;2.0;8.0;9.0;Z01
201800029569;1.0;7;0;0.0;2.0;5.0;1.0;A01
201800029570;2.0;10;0;0.0;2.0;3.0;13.0;A01
201800029570;1.0;30;0;0.0;2.0;1.0;1.0;B01
201800029571;1.0;7;0;0.0;1.0;4.0;10.0;A01
201800029572;1.0;7;0;6.0;0.0;1.0;0.0;A01
201800029573;1.0;7;0;0.0;2.0;1.0;15.0;A01
201800029573;2.0;2;0;0.0;2.0;1.0;1.0;B01
201800029574;1.0;7;0;0.0;2.0;1.0;1.0;A01
201800029574;1.0;7;0;15.0;2.0;7.0;1.0;B01
201800029575;0.0;2;0;0.0;2.0;8.0;0.0;B01
201800029575;0.0;7;0;0.0;2.0;2.0;0.0;A01
201800029576;0.0;7;0;0.0;1.0;2.0;0.0;Z01
201800029577;0.0;7;0;8.0;0.0;1.0;1.0;A01
201800029578;2.0;7;0;0.0;1.0;1.0;1.0;A01
201800029579;0.0;7;0;0.0;2.0;6.0;19.0;A01
201800029579;2.0;33;0;0.0;2.0;1.0;1.0;B01
201800029580;0.0;7;0;0.0;1.0;3.0;1.0;A01
201800029581;2.0;32;0;0.0;2.0;1.0;17.0;A01
201800029581;2.0;10;0;0.0;2.0;3.0;15.0;B01
201800029581;1.0;7;0;0.0;2.0;1.0;15.0;C01
201800029582;0.0;10;0;0.0;1.0;1.0;2.0;A01
201800029583;0.0;7;0;0.0;2.0;1.0;1.0;A01
201800029583;0.0;7;0;0.0;2.0;8.0;0.0;B01
201800029584;1.0;99;0;0.0;2.0;7.0;19.0;A01
201800029584;1.0;7;0;0.0;2.0;1.0;0.0;B01
201800029585;1.0;7;0;0.0;0.0;5.0;0.0;C01
201800029585;1.0;7;0;1.0;0.0;6.0;23.0;B01
201800029585;1.0;7;0;1.0;0.0;1.0;2.0;A01
201800029586;0.0;33;0;0.0;2.0;3.0;1.0;C01
201800029586;0.0;7;0;0.0;2.0;1.0;17.0;A01
201800029586;0.0;33;0;0.0;2.0;1.0;1.0;B01
201800029587;2.0;7;0;0.0;1.0;1.0;1.0;A01
201800029588;2.0;7;0;8.0;2.0;7.0;1.0;B01
201800029588;0.0;7;0;0.0;2.0;1.0;0.0;A01
201800029589;1.0;7;0;0.0;1.0;2.0;17.0;A01
201800029590;1.0;33;0;9.0;2.0;3.0;15.0;A01
201800029590;1.0;7;0;0.0;2.0;2.0;17.0;B01
201800029591;1.0;1;0;0.0;2.0;8.0;0.0;A01
201800029591;1.0;7;0;0.0;2.0;7.0;2.0;Z01
201800029592;2.0;30;0;0.0;2.0;3.0;7.0;A01
201800029592;1.0;7;0;0.0;2.0;0.0;11.0;B01
201800029593;2.0;7;0;0.0;2.0;3.0;0.0;B01
201800029593;1.0;7;0;0.0;2.0;0.0;17.0;A01
201800029594;2.0;7;0;1.0;2.0;3.0;13.0;A01
201800029594;2.0;7;0;12.0;0.0;6.0;0.0;B01
201800029595;0.0;7;0;0.0;2.0;1.0;2.0;A01
201800029595;0.0;7;0;0.0;0.0;4.0;23.0;B01
201800029596;2.0;7;0;0.0;2.0;3.0;15.0;A01
201800029596;2.0;37;5;0.0;2.0;1.0;7.0;B01
201800029597;0.0;10;0;0.0;2.0;1.0;15.0;A01
201800029597;0.0;30;0;0.0;0.0;1.0;1.0;B01
201800029598;0.0;1;0;0.0;2.0;3.0;19.0;B01
201800029598;0.0;10;0;0.0;6.0;2.0;9.0;A01
201800029599;0.0;1;0;1.0;0.0;8.0;0.0;B01