Num_Acc;senc;catv;occutc;obs;obsm;choc;manv;num_veh
201800029877;2.0;7;0;0.0;0.0;8.0;19.0;A01
201800029878;1.0;7;0;0.0;2.0;2.0;15.0;A01
201800029878;2.0;33;0;0.0;2.0;1.0;1.0;B01
201800029879;1.0;32;0;6.0;0.0;3.0;16.0;A01
201800029880;1.0;7;0;6.0;0.0;1.0;1.0;A01
201800029881;2.0;33;0;13.0;0.0;1.0;1.0;B01
201800029881;1.0;7;0;0.0;0.0;1.0;15.0;A01
201800029882;2.0;2;0;0.0;2.0;1.0;2.0;B01
201800029882;1.0;7;0;0.0;2.0;5.0;15.0;A01
201800029883;1.0;7;0;15.0;0.0;7.0;0.0;B01
201800029883;0.0;7;0;0.0;2.0;1.0;0.0;A01
201800029884;2.0;7;0;12.0;0.0;7.0;17.0;A01
201800029885;1.0;7;0;0.0;1.0;3.0;1.0;A01
201800029886;2.0;1;0;0.0;2.0;8.0;1.0;B01
201800029886;1.0;7;0;0.0;2.0;1.0;15.0;A01
201800029887;1.0;33;0;0.0;2.0;1.0;1.0;B01
201800029887;2.0;7;0;0.0;2.0;5.0;15.0;A01
201800029888;0.0;99;0;13.0;0.0;1.0;16.0;A01
201800029889;1.0;7;0;6.0;0.0;1.0;1.0;A01
201800029890;2.0;7;0;0.0;0.0;5.0;15.0;B01
201800029890;1.0;2;0;0.0;2.0;1.0;1.0;A01
201800029891;1.0;2;0;0.0;2.0;1.0;1.0;A01
201800029891;2.0;7;0;0.0;0.0;6.0;15.0;B01
201800029892;2.0;10;0;0.0;0.0;8.0;1.0;B01
201800029892;1.0;33;0;0.0;2.0;8.0;17.0;A01
201800029893;1.0;1;0;0.0;2.0;2.0;1.0;B01
201800029893;1.0;7;0;0.0;2.0;3.0;16.0;A01
201800029894;0.0;1;0;0.0;0.0;9.0;21.0;A01
201800029895;2.0;1;0;0.0;0.0;9.0;1.0;A01
201800029896;1.0;7;0;0.0;0.0;4.0;1.0;A01
201800029896;1.0;7;0;0.0;2.0;4.0;1.0;B01
201800029896;2.0;7;0;0.0;2.0;1.0;1.0;H01
201800029896;1.0;7;0;0.0;2.0;1.0;1.0;D01
201800029896;1.0;7;0;0.0;2.0;1.0;1.0;E01
201800029896;1.0;7;0;0.0;2.0;2.0;2.0;F01
201800029896;1.0;7;0;0.0;2.0;1.0;1.0;G01
201800029896;1.0;7;0;0.0;2.0;4.0;1.0;C01
201800029897;2.0;33;0;0.0;0.0;9.0;15.0;A01
201800029898;1.0;7;0;0.0;0.0;7.0;15.0;A01
201800029898;2.0;1;0;0.0;2.0;1.0;1.0;B01
201800029899;1.0;7;0;2.0;0.0;2.0;1.0;A01
201800029900;1.0;7;0;0.0;0.0;4.0;23.0;B01
201800029900;1.0;33;0;0.0;2.0;7.0;1.0;A01
201800029901;1.0;7;0;0.0;0.0;9.0;1.0;A01
201800029902;2.0;7;0;0.0;2.0;1.0;17.0;B01
201800029902;1.0;7;0;0.0;2.0;1.0;5.0;A01
201800029903;1.0;7;0;0.0;2.0;1.0;1.0;B01
201800029903;2.0;7;0;0.0;2.0;6.0;15.0;C01
201800029903;2.0;2;0;0.0;2.0;1.0;17.0;A01
201800029904;2.0;1;0;0.0;2.0;4.0;1.0;B01
201800029904;2.0;7;0;0.0;0.0;1.0;1.0;A01
201800029905;2.0;7;0;16.0;0.0;4.0;16.0;A01
201800029905;2.0;7;0;0.0;2.0;1.0;0.0;B01
201800029906;2.0;2;0;0.0;2.0;1.0;1.0;A01
201800029906;1.0;7;0;0.0;2.0;3.0;15.0;B01
201800029907;0.0;7;0;7.0;0.0;3.0;1.0;A01
201800029908;0.0;10;0;0.0;0.0;0.0;0.0;A01
201800029909;1.0;7;0;0.0;2.0;3.0;13.0;A01
201800029909;2.0;14;0;0.0;2.0;3.0;1.0;B01
201800029910;2.0;33;0;0.0;2.0;1.0;1.0;B01
201800029910;1.0;7;0;0.0;2.0;3.0;15.0;A01
201800029911;1.0;31;0;0.0;2.0;1.0;13.0;A01
201800029911;2.0;7;0;0.0;2.0;3.0;1.0;B01
201800029912;2.0;7;0;6.0;0.0;2.0;1.0;A01
201800029913;2.0;10;0;8.0;2.0;1.0;13.0;A01
201800029913;1.0;15;0;0.0;2.0;1.0;1.0;B01
201800029914;2.0;10;0;0.0;2.0;2.0;1.0;B01
201800029914;1.0;7;0;0.0;2.0;1.0;15.0;A01
201800029915;2.0;7;0;14.0;0.0;8.0;1.0;A01
201800029916;1.0;7;0;2.0;0.0;3.0;1.0;A01
201800029917;1.0;7;0;3.0;0.0;2.0;1.0;A01
201800029918;2.0;33;0;0.0;2.0;1.0;2.0;A01
201800029918;2.0;33;0;0.0;0.0;4.0;23.0;B01
201800029919;1.0;1;0;0.0;2.0;1.0;15.0;A01
201800029919;2.0;7;0;0.0;0.0;1.0;1.0;B01
201800029920;1.0;33;0;0.0;0.0;0.0;1.0;A01
201800029921;0.0;7;0;0.0;2.0;3.0;15.0;A01
201800029921;0.0;33;0;0.0;2.0;7.0;17.0;B01
201800029922;1.0;7;0;0.0;2.0;1.0;15.0;A01
201800029922;2.0;2;0;0.0;2.0;1.0;1.0;B01
201800029923;0.0;7;0;0.0;2.0;2.0;21.0;A01
201800029923;0.0;1;0;0.0;2.0;8.0;13.0;B01
201800029924;2.0;7;0;0.0;0.0;8.0;1.0;A01
201800029924;1.0;15;0;0.0;2.0;1.0;1.0;B01
201800029925;0.0;2;0;0.0;2.0;1.0;17.0;B01
201800029925;0.0;7;0;0.0;0.0;4.0;1.0;A01
201800029926;1.0;7;0;0.0;2.0;3.0;1.0;B01
201800029926;0.0;7;0;0.0;2.0;3.0;10.0;A01
201800029927;0.0;1;0;0.0;0.0;0.0;1.0;A01
201800029928;0.0;7;0;0.0;9.0;6.0;2.0;A01
201800029928;0.0;1;0;0.0;2.0;6.0;2.0;B01
201800029929;0.0;7;0;0.0;2.0;3.0;23.0;C01
201800029929;2.0;1;0;0.0;2.0;8.0;1.0;A01
201800029929;1.0;7;0;0.0;2.0;3.0;11.0;B01
201800029930;0.0;7;0;0.0;2.0;2.0;1.0;B01
201800029930;0.0;1;0;0.0;2.0;1.0;1.0;A01
201800029931;0.0;7;0;0.0;2.0;2.0;1.0;B01
201800029931;0.0;2;0;0.0;2.0;1.0;1.0;A01
201800029932;2.0;7;0;0.0;9.0;2.0;2.0;A01
201800029932;2.0;99;0;0.0;0.0;6.0;2.0;B01
201800029933;2.0;10;0;0.0;2.0;3.0;1.0;B01
201800029933;1.0;7;0;0.0;2.0;3.0;13.0;A01
201800029934;2.0;7;0;6.0;0.0;2.0;1.0;A01
201800029935;1.0;7;0;0.0;2.0;3.0;5.0;D01
201800029935;2.0;7;0;0.0;2.0;9.0;13.0;C01
201800029935;2.0;7;0;0.0;2.0;6.0;2.0;A01
201800029935;2.0;7;0;0.0;0.0;0.0;2.0;B01
201800029936;0.0;7;0;0.0;1.0;3.0;19.0;A01
201800029937;1.0;1;0;0.0;2.0;8.0;0.0;B01
201800029937;1.0;7;0;0.0;2.0;2.0;1.0;A01
201800029938;1.0;7;0;0.0;2.0;3.0;17.0;A01
201800029938;2.0;7;0;0.0;2.0;3.0;1.0;B01
201800029939;0.0;7;0;0.0;2.0;1.0;13.0;A01
201800029939;0.0;7;0;0.0;2.0;1.0;1.0;B01
201800029940;1.0;7;0;0.0;0.0;2.0;1.0;A01
201800029941;0.0;31;0;0.0;2.0;1.0;21.0;A01
201800029941;0.0;7;0;0.0;2.0;2.0;15.0;B01
201800029942;1.0;7;0;8.0;0.0;2.0;1.0;A01
201800029943;0.0;7;0;6.0;0.0;7.0;1.0;A01
201800029944;1.0;7;0;6.0;2.0;1.0;1.0;A01
201800029944;2.0;7;0;0.0;2.0;3.0;15.0;B01
201800029945;2.0;7;0;0.0;1.0;0.0;1.0;Z01
201800029946;1.0;7;0;0.0;1.0;1.0;15.0;A01
201800029947;2.0;7;0;0.0;2.0;1.0;19.0;B01
201800029947;1.0;7;0;7.0;2.0;8.0;1.0;A01
201800029948;2.0;7;0;0.0;2.0;1.0;5.0;A01
201800029948;2.0;7;0;0.0;2.0;1.0;1.0;B01
201800029949;2.0;7;0;0.0;1.0;0.0;1.0;Z01
201800029950;2.0;7;0;2.0;0.0;9.0;1.0;A01
201800029951;2.0;7;0;0.0;2.0;1.0;1.0;B01
201800029951;1.0;7;0;1.0;2.0;8.0;1.0;A01
201800029952;1.0;7;0;0.0;2.0;8.0;15.0;A01
201800029952;1.0;33;0;0.0;2.0;8.0;16.0;B01
201800029953;2.0;7;0;8.0;0.0;1.0;1.0;A01
201800029954;1.0;31;0;0.0;2.0;1.0;1.0;A01
201800029954;2.0;7;0;0.0;2.0;7.0;15.0;B01
201800029955;1.0;7;0;0.0;1.0;3.0;1.0;A01
201800029956;2.0;7;0;0.0;2.0;0.0;0.0;A01
201800029956;0.0;1;0;0.0;2.0;0.0;0.0;B01
201800029957;0.0;99;0;0.0;1.0;4.0;4.0;A01
201800029958;2.0;7;0;0.0;2.0;3.0;15.0;A01
201800029958;1.0;33;0;0.0;2.0;1.0;3.0;B01
201800029959;1.0;1;0;0.0;2.0;0.0;0.0;B01
201800029959;1.0;7;0;0.0;2.0;3.0;12.0;A01
201800029960;1.0;7;0;0.0;2.0;1.0;13.0;A01
201800029960;2.0;31;0;0.0;2.0;1.0;1.0;B01
201800029961;2.0;7;0;0.0;1.0;1.0;1.0;A01
201800029962;2.0;7;0;0.0;2.0;1.0;15.0;B01
201800029962;2.0;7;0;0.0;2.0;4.0;1.0;A01
201800029963;0.0;37;10;0.0;2.0;7.0;0.0;B01
201800029963;0.0;7;0;0.0;2.0;3.0;9.0;A01
201800029964;1.0;7;0;0.0;1.0;1.0;1.0;A01
201800029965;2.0;3;0;0.0;2.0;1.0;1.0;E01
201800029965;2.0;7;0;0.0;2.0;1.0;1.0;D01
201800029965;2.0;7;0;0.0;2.0;1.0;1.0;C01
201800029965;2.0;7;0;0.0;2.0;1.0;1.0;B01
201800029965;2.0;10;0;0.0;2.0;1.0;1.0;A01
201800029966;1.0;7;0;0.0;2.0;1.0;13.0;B01
201800029966;2.0;7;0;0.0;2.0;1.0;1.0;A01
201800029967;2.0;33;0;0.0;2.0;1.0;2.0;A01
201800029967;2.0;7;0;0.0;2.0;4.0;2.0;B01
201800029968;2.0;7;0;0.0;1.0;2.0;2.0;A01
201800029969;1.0;7;0;0.0;2.0;1.0;23.0;B01
201800029969;1.0;33;0;0.0;2.0;1.0;21.0;A01
201800029970;2.0;33;0;0.0;2.0;2.0;17.0;A01
201800029970;0.0;7;0;0.0;2.0;2.0;15.0;B01
201800029971;2.0;7;0;0.0;1.0;7.0;1.0;A01
201800029972;2.0;7;0;0.0;1.0;1.0;15.0;A01
201800029973;1.0;7;0;0.0;1.0;1.0;1.0;A01
201800029974;2.0;1;0;0.0;2.0;4.0;13.0;B01
201800029974;1.0;7;0;0.0;2.0;1.0;1.0;A01
201800029975;1.0;7;0;4.0;0.0;1.0;16.0;A01
201800029976;2.0;10;0;0.0;2.0;7.0;9.0;A01
201800029976;2.0;31;0;0.0;2.0;1.0;1.0;B01
201800029977;1.0;7;0;0.0;1.0;1.0;1.0;A01
201800029978;1.0;7;0;8.0;2.0;7.0;1.0;A01
201800029978;2.0;7;0;0.0;2.0;1.0;19.0;Z01
201800029979;0.0;7;0;0.0;1.0;1.0;1.0;A01
201800029980;2.0;7;0;0.0;2.0;3.0;5.0;B01
201800029980;1.0;7;0;0.0;2.0;6.0;9.0;A01
201800029981;2.0;38;24;0.0;2.0;1.0;1.0;A01
201800029981;1.0;7;0;0.0;2.0;8.0;0.0;B01
201800029982;1.0;10;0;0.0;2.0;1.0;2.0;A01
201800029982;1.0;7;0;0.0;2.0;1.0;2.0;D01
201800029982;1.0;7;0;0.0;2.0;1.0;2.0;B01
201800029982;1.0;7;0;0.0;2.0;4.0;2.0;E01
201800029982;1.0;7;0;0.0;2.0;2.0;0.0;C01
201800029983;;7;0;;;;;A01
201800029983;;30;0;;;;;B01
201800029984;2.0;7;0;1.0;1.0;1.0;21.0;A01
201800029985;1.0;7;0;0.0;2.0;3.0;9.0;B01
201800029985;2.0;1;0;0.0;2.0;1.0;1.0;A01
201800029986;1.0;2;0;0.0;2.0;8.0;18.0;A01
201800029986;1.0;7;0;0.0;2.0;7.0;16.0;B01
201800029987;0.0;7;0;0.0;2.0;2.0;15.0;A01
201800029987;0.0;2;0;1.0;2.0;7.0;1.0;B01
201800029987;0.0;38;6;0.0;2.0;3.0;24.0;C01
201800029988;1.0;31;0;0.0;2.0;1.0;1.0;A01
201800029988;1.0;7;0;0.0;2.0;2.0;19.0;B01
201800029989;1.0;7;0;0.0;9.0;5.0;16.0;A01
201800029989;1.0;1;0;0.0;2.0;3.0;1.0;B01
201800029990;2.0;7;0;0.0;0.0;9.0;0.0;A01
201800029991;1.0;7;0;6.0;0.0;2.0;1.0;A01
201800029992;0.0;7;0;0.0;2.0;1.0;19.0;A01
201800029992;0.0;7;0;0.0;2.0;8.0;1.0;B01
201800029993;1.0;1;0;0.0;2.0;7.0;15.0;A01
201800029993;2.0;7;0;0.0;2.0;3.0;1.0;B01
201800029994;2.0;33;0;0.0;2.0;1.0;2.0;A01
201800029994;2.0;1;0;0.0;2.0;0.0;15.0;B01
201800029995;1.0;7;0;16.0;2.0;3.0;1.0;A01
201800029995;2.0;2;0;0.0;2.0;1.0;17.0;B01
201800029996;1.0;7;0;0.0;1.0;3.0;16.0;A01
201800029997;2.0;7;0;13.0;0.0;1.0;1.0;B01
201800029997;0.0;7;0;0.0;0.0;0.0;19.0;A01
201800029998;1.0;33;0;0.0;2.0;1.0;1.0;B01
201800029998;0.0;7;0;0.0;2.0;1.0;15.0;A01
201800029999;1.0;33;0;0.0;0.0;0.0;1.0;A01
201800030000;2.0;7;0;0.0;2.0;1.0;13.0;A01
201800030000;1.0;10;0;0.0;2.0;1.0;1.0;B01
201800030001;1.0;31;0;0.0;0.0;7.0;17.0;A01
201800030002;2.0;33;0;0.0;2.0;7.0;17.0;A01
201800030002;2.0;21;0;0.0;2.0;6.0;15.0;B01
201800030003;1.0;33;0;7.0;0.0;1.0;1.0;A01
201800030004;1.0;32;0;8.0;0.0;1.0;1.0;A01
201800030005;1.0;7;0;2.0;0.0;2.0;1.0;A01
201800030006;1.0;7;0;0.0;2.0;1.0;17.0;A01
201800030006;2.0;7;0;0.0;2.0;1.0;1.0;B01
201800030007;2.0;7;0;0.0;0.0;2.0;1.0;A01
201800030007;2.0;7;0;0.0;0.0;3.0;1.0;B01
201800030008;0.0;7;0;0.0;2.0;3.0;1.0;A01
201800030008;0.0;2;0;0.0;2.0;1.0;1.0;B01
201800030009;1.0;7;0;8.0;2.0;1.0;17.0;A01
201800030009;1.0;7;0;0.0;2.0;3.0;15.0;B01
201800030010;2.0;7;0;0.0;2.0;3.0;19.0;A01
201800030010;1.0;33;0;0.0;2.0;1.0;1.0;B01
201800030011;1.0;7;0;0.0;2.0;1.0;13.0;A01
201800030011;2.0;7;0;0.0;2.0;6.0;1.0;B01
201800030011;2.0;7;0;0.0;2.0;1.0;1.0;C01
201800030012;2.0;7;0;0.0;2.0;1.0;13.0;A01
201800030012;2.0;7;0;0.0;2.0;1.0;1.0;B01
201800030012;2.0;7;0;0.0;2.0;3.0;1.0;C01
201800030013;1.0;7;0;13.0;0.0;4.0;1.0;A01
201800030013;2.0;7;0;0.0;2.0;1.0;1.0;B01
201800030014;0.0;7;0;0.0;1.0;2.0;1.0;A01
201800030015;0.0;33;0;13.0;0.0;7.0;1.0;A01
201800030016;0.0;2;0;0.0;2.0;1.0;13.0;A01
201800030016;0.0;7;0;0.0;9.0;3.0;1.0;B01
201800030017;1.0;7;0;0.0;2.0;2.0;15.0;A01
201800030017;2.0;7;0;0.0;2.0;1.0;1.0;B01
201800030018;1.0;7;0;0.0;1.0;7.0;1.0;A01
201800030019;1.0;7;0;2.0;0.0;7.0;1.0;A01
201800030020;1.0;7;0;0.0;1.0;1.0;1.0;A01
201800030021;1.0;37;0;0.0;1.0;2.0;1.0;A01
201800030022;1.0;7;0;0.0;1.0;1.0;1.0;A01
201800030023;1.0;7;0;0.0;2.0;8.0;15.0;A01
201800030023;1.0;31;0;0.0;2.0;1.0;17.0;B01
201800030024;2.0;7;0;0.0;1.0;1.0;1.0;A01
201800030025;1.0;10;0;0.0;2.0;9.0;17.0;A01
201800030025;1.0;7;0;0.0;2.0;6.0;1.0;B01
201800030026;1.0;7;0;0.0;2.0;8.0;15.0;B01
201800030026;1.0;33;0;0.0;2.0;1.0;17.0;A01
201800030027;1.0;33;0;0.0;2.0;1.0;17.0;B01
201800030027;1.0;7;0;0.0;2.0;8.0;9.0;A01
201800030028;2.0;7;0;0.0;1.0;2.0;1.0;A01
201800030029;0.0;33;0;0.0;0.0;8.0;16.0;A01
201800030030;2.0;10;0;0.0;1.0;3.0;15.0;A01
201800030031;1.0;7;0;0.0;1.0;3.0;1.0;A01
201800030032;2.0;7;0;0.0;2.0;1.0;1.0;A01
201800030032;2.0;7;0;0.0;2.0;4.0;1.0;B01
201800030033;0.0;33;0;0.0;0.0;7.0;1.0;A01
201800030034;0.0;10;0;0.0;1.0;4.0;4.0;A01
201800030035;2.0;10;0;3.0;2.0;7.0;1.0;B01
201800030035;1.0;2;0;0.0;2.0;1.0;1.0;A01
201800030036;2.0;7;0;0.0;2.0;1.0;1.0;B01
201800030036;0.0;10;0;0.0;2.0;1.0;19.0;A01
201800030037;1.0;7;0;3.0;2.0;1.0;1.0;A01
201800030037;1.0;7;0;0.0;2.0;3.0;1.0;B01
201800030038;1.0;7;0;0.0;1.0;1.0;1.0;A01
201800030039;1.0;33;0;0.0;2.0;7.0;1.0;B01
201800030039;1.0;33;0;0.0;2.0;1.0;2.0;A01
201800030040;1.0;7;0;0.0;2.0;1.0;13.0;A01
201800030040;2.0;7;0;0.0;2.0;1.0;1.0;B01
201800030041;1.0;7;0;0.0;1.0;3.0;1.0;A01
201800030042;2.0;7;0;0.0;1.0;2.0;1.0;A01
201800030043;1.0;7;0;0.0;1.0;1.0;1.0;A01
201800030044;1.0;10;0;0.0;2.0;4.0;11.0;B01
201800030044;1.0;33;0;0.0;2.0;1.0;11.0;A01
201800030045;1.0;7;0;0.0;1.0;1.0;1.0;A01
201800030046;2.0;33;0;0.0;1.0;2.0;1.0;A01
201800030047;2.0;7;0;0.0;2.0;3.0;13.0;A01
201800030047;2.0;7;0;0.0;2.0;1.0;1.0;B01
201800030048;0.0;31;0;0.0;2.0;1.0;10.0;A01
201800030048;0.0;7;0;0.0;2.0;1.0;14.0;B01
201800030049;1.0;7;0;0.0;1.0;3.0;1.0;A01
201800030050;1.0;7;0;0.0;1.0;8.0;1.0;A01
201800030051;1.0;7;0;0.0;1.0;1.0;1.0;A01
201800030052;1.0;7;0;0.0;1.0;1.0;1.0;A01
201800030053;1.0;7;0;0.0;2.0;4.0;1.0;B01
201800030053;2.0;7;0;0.0;2.0;1.0;2.0;A01
201800030053;1.0;7;0;0.0;2.0;4.0;1.0;C01
201800030054;2.0;7;0;13.0;2.0;8.0;23.0;B01
201800030054;2.0;7;0;0.0;2.0;1.0;6.0;A01
201800030055;0.0;7;0;0.0;2.0;3.0;2.0;A01
201800030055;0.0;7;0;0.0;2.0;1.0;15.0;B01
201800030056;1.0;7;0;0.0;2.0;2.0;11.0;A01
201800030056;1.0;7;0;0.0;2.0;2.0;13.0;B01
201800030057;1.0;7;0;0.0;2.0;4.0;23.0;A01
201800030057;1.0;7;0;0.0;2.0;1.0;2.0;B01
201800030058;1.0;33;0;0.0;2.0;8.0;19.0;B01
201800030058;1.0;7;0;0.0;2.0;3.0;15.0;A01
201800030059;0.0;38;41;9.0;0.0;3.0;6.0;A01
201800030060;2.0;7;0;0.0;2.0;1.0;17.0;B01
201800030060;2.0;7;0;0.0;2.0;8.0;15.0;A01
201800030061;1.0;33;0;0.0;0.0;0.0;0.0;A01
201800030062;0.0;7;0;0.0;1.0;1.0;0.0;A01
201800030063;0.0;1;0;16.0;2.0;8.0;5.0;B01
201800030063;1.0;7;0;0.0;2.0;1.0;1.0;A01
201800030064;0.0;7;0;0.0;2.0;4.0;2.0;B01
201800030064;0.0;7;0;0.0;2.0;1.0;12.0;A01
201800030065;0.0;7;0;0.0;1.0;1.0;0.0;A01
201800030066;0.0;7;0;0.0;2.0;7.0;1.0;B01
201800030066;0.0;7;0;0.0;2.0;1.0;9.0;A01
201800030067;0.0;33;0;0.0;2.0;1.0;2.0;A01
201800030067;0.0;7;0;0.0;2.0;4.0;2.0;B01
201800030068;1.0;7;0;0.0;2.0;1.0;15.0;A01
201800030068;1.0;31;0;0.0;2.0;7.0;3.0;B01
201800030069;0.0;7;0;1.0;1.0;3.0;0.0;A01
201800030070;0.0;7;0;0.0;2.0;7.0;13.0;A01
201800030070;0.0;7;0;0.0;2.0;2.0;1.0;B01
201800030071;0.0;7;0;0.0;1.0;0.0;0.0;A01
201800030072;1.0;7;0;0.0;1.0;2.0;21.0;A01
201800030073;0.0;7;0;0.0;1.0;1.0;0.0;A01
201800030074;0.0;7;0;0.0;1.0;7.0;2.0;A01
201800030075;0.0;7;0;0.0;1.0;1.0;0.0;A01
201800030076;0.0;7;0;0.0;1.0;1.0;0.0;A01
201800030077;0.0;7;0;0.0;1.0;1.0;1.0;A01
201800030078;0.0;7;0;0.0;2.0;1.0;1.0;A01
201800030078;0.0;7;0;8.0;2.0;8.0;1.0;B01
201800030079;0.0;7;0;0.0;9.0;1.0;1.0;A01
201800030079;0.0;1;0;0.0;2.0;8.0;9.0;B01
201800030080;2.0;7;0;0.0;2.0;1.0;1.0;B01
201800030080;1.0;7;0;0.0;2.0;1.0;15.0;A01
201800030081;1.0;7;0;13.0;0.0;8.0;0.0;A01
201800030082;0.0;7;0;2.0;0.0;1.0;0.0;A01
201800030083;1.0;7;0;0.0;2.0;1.0;1.0;A01
201800030083;1.0;7;0;0.0;2.0;4.0;15.0;B01
201800030083;2.0;7;0;0.0;2.0;1.0;1.0;C01
201800030084;2.0;7;0;4.0;0.0;0.0;12.0;A01
201800030085;0.0;14;0;0.0;2.0;2.0;16.0;B01
201800030085;0.0;1;0;0.0;2.0;8.0;18.0;A01
201800030086;0.0;7;0;0.0;2.0;1.0;1.0;B01
201800030086;0.0;7;0;0.0;2.0;1.0;19.0;A01
201800030087;1.0;7;0;0.0;2.0;1.0;1.0;B01
201800030087;2.0;7;0;0.0;2.0;1.0;13.0;A01
201800030088;0.0;33;0;0.0;0.0;7.0;0.0;A01
201800030089;1.0;7;0;4.0;0.0;3.0;11.0;A01
201800030090;0.0;33;0;0.0;2.0;3.0;1.0;A01
201800030090;0.0;7;0;0.0;2.0;3.0;13.0;B01
201800030091;2.0;34;0;0.0;0.0;1.0;1.0;A01
201800030092;1.0;13;0;3.0;0.0;9.0;1.0;A01
201800030093;1.0;15;0;3.0;0.0;8.0;17.0;A01
201800030094;2.0;7;0;2.0;0.0;8.0;13.0;A01
201800030095;;33;0;;;1.0;17.0;A01
201800030096;0.0;10;0;15.0;;1.0;1.0;A01
201800030097;0.0;7;0;0.0;2.0;8.0;10.0;A01
201800030097;0.0;33;0;0.0;2.0;1.0;17.0;B01
201800030098;1.0;7;0;14.0;9.0;1.0;1.0;C01
201800030098;1.0;17;0;0.0;2.0;3.0;1.0;A01
201800030098;1.0;7;0;0.0;2.0;1.0;13.0;B01
201800030099;2.0;2;0;0.0;2.0;1.0;5.0;A01
201800030099;2.0;7;0;0.0;2.0;1.0;1.0;B01
201800030100;1.0;33;0;0.0;6.0;1.0;19.0;A01
201800030101;2.0;14;0;14.0;0.0;7.0;1.0;A01
201800030102;0.0;38;1;2.0;0.0;1.0;1.0;A01
201800030103;0.0;33;0;0.0;0.0;0.0;1.0;A01
201800030104;1.0;7;0;0.0;2.0;1.0;15.0;A01
201800030104;2.0;7;0;0.0;2.0;1.0;1.0;B01
201800030105;1.0;7;0;0.0;2.0;3.0;20.0;A01
201800030105;1.0;7;0;0.0;2.0;1.0;1.0;B01
201800030106;0.0;7;0;0.0;1.0;4.0;20.0;A01
201800030107;1.0;7;0;0.0;1.0;8.0;1.0;A01
201800030108;2.0;7;0;6.0;0.0;7.0;14.0;A01
201800030109;2.0;7;0;0.0;2.0;1.0;13.0;A01
201800030109;2.0;14;0;0.0;2.0;1.0;1.0;B01
201800030110;1.0;7;0;0.0;2.0;1.0;15.0;A01
201800030110;2.0;7;0;0.0;2.0;1.0;1.0;B01
201800030111;0.0;33;0;1.0;0.0;1.0;13.0;A01
201800030112;1.0;30;0;0.0;2.0;8.0;16.0;B01
201800030112;1.0;7;0;0.0;2.0;1.0;16.0;A01
201800030113;2.0;7;0;0.0;1.0;1.0;1.0;A01
201800030114;1.0;10;0;0.0;1.0;4.0;4.0;A01
201800030115;2.0;7;0;0.0;2.0;1.0;15.0;A01
201800030115;1.0;36;0;0.0;2.0;1.0;1.0;B01
201800030116;1.0;10;0;0.0;2.0;1.0;1.0;A01
201800030116;0.0;7;0;0.0;2.0;2.0;1.0;B01
201800030117;2.0;7;0;0.0;2.0;3.0;9.0;A01
201800030117;1.0;1;0;0.0;2.0;7.0;1.0;B01
201800030118;1.0;14;0;0.0;2.0;2.0;16.0;A01
201800030118;1.0;1;0;0.0;2.0;4.0;15.0;B01
201800030119;0.0;7;0;0.0;2.0;8.0;9.0;A01
201800030119;0.0;1;0;0.0;2.0;7.0;1.0;B01
201800030120;1.0;7;0;0.0;2.0;4.0;23.0;A01
201800030120;1.0;30;0;0.0;2.0;1.0;1.0;B01
201800030121;2.0;7;0;0.0;2.0;3.0;9.0;A01
201800030121;2.0;1;0;0.0;2.0;5.0;1.0;B01
201800030122;2.0;7;0;16.0;0.0;9.0;0.0;A01
201800030123;1.0;7;0;0.0;2.0;8.0;9.0;A01
201800030123;1.0;2;0;0.0;2.0;7.0;1.0;B01
201800030124;2.0;7;0;0.0;2.0;7.0;1.0;B01
201800030124;1.0;2;0;0.0;2.0;1.0;9.0;A01
201800030125;1.0;30;0;0.0;2.0;1.0;1.0;A01
201800030125;1.0;7;0;0.0;2.0;6.0;1.0;B01
201800030126;2.0;7;0;0.0;1.0;1.0;15.0;A01
201800030127;2.0;7;0;0.0;2.0;2.0;1.0;A01
201800030127;0.0;1;0;0.0;2.0;8.0;19.0;B01
201800030128;2.0;7;0;0.0;2.0;7.0;17.0;A01
201800030128;2.0;1;0;0.0;2.0;8.0;15.0;B01
201800030129;1.0;7;0;0.0;1.0;1.0;1.0;A01
201800030130;2.0;7;0;0.0;1.0;1.0;1.0;A01
201800030131;2.0;7;0;0.0;2.0;3.0;1.0;A01
201800030131;2.0;7;0;0.0;2.0;1.0;1.0;B01
201800030132;1.0;7;0;0.0;1.0;3.0;15.0;A01
201800030133;1.0;7;0;0.0;2.0;8.0;15.0;A01
201800030133;1.0;33;0;0.0;2.0;1.0;2.0;B01
201800030134;2.0;7;0;0.0;2.0;6.0;10.0;A01
201800030134;1.0;33;0;0.0;2.0;1.0;21.0;B01
201800030135;2.0;31;0;0.0;2.0;7.0;3.0;A01
201800030135;2.0;7;0;0.0;2.0;1.0;15.0;B01
201800030136;2.0;7;0;0.0;2.0;3.0;13.0;A01
201800030136;1.0;7;0;0.0;2.0;3.0;1.0;B01
201800030137;1.0;2;0;0.0;2.0;8.0;1.0;B01
201800030137;1.0;7;0;0.0;2.0;2.0;1.0;A01
201800030138;1.0;7;0;0.0;1.0;2.0;9.0;A01
201800030139;2.0;3;0;0.0;2.0;3.0;13.0;A01
201800030139;1.0;7;0;0.0;2.0;3.0;1.0;B01
201800030140;2.0;7;0;0.0;2.0;7.0;15.0;A01
201800030140;1.0;33;0;0.0;2.0;1.0;1.0;B01