Num_Acc;senc;catv;occutc;obs;obsm;choc;manv;num_veh
201800030418;1.0;7;0;0.0;2.0;1.0;5.0;A01
201800030418;1.0;7;0;0.0;2.0;1.0;1.0;B01
201800030419;1.0;7;0;0.0;1.0;1.0;1.0;A01
201800030420;1.0;7;0;0.0;2.0;7.0;15.0;A01
201800030420;1.0;7;0;0.0;2.0;1.0;1.0;B01
201800030421;1.0;7;0;0.0;1.0;2.0;1.0;A01
201800030422;1.0;7;0;6.0;0.0;1.0;13.0;A01
201800030423;1.0;33;0;0.0;1.0;3.0;2.0;A01
201800030424;0.0;7;0;0.0;2.0;1.0;19.0;A01
201800030424;0.0;7;0;0.0;2.0;2.0;1.0;B01
201800030425;1.0;7;0;9.0;2.0;1.0;1.0;A01
201800030425;2.0;2;0;9.0;2.0;8.0;16.0;B01
201800030426;1.0;7;0;2.0;0.0;3.0;0.0;A01
201800030427;1.0;32;0;3.0;0.0;1.0;14.0;A01
201800030428;2.0;7;0;0.0;1.0;1.0;21.0;A01
201800030429;0.0;7;0;0.0;2.0;8.0;15.0;A01
201800030429;0.0;7;0;0.0;2.0;1.0;1.0;B01
201800030430;1.0;7;0;8.0;2.0;1.0;2.0;A01
201800030430;1.0;7;0;8.0;0.0;5.0;2.0;B01
201800030431;0.0;7;0;0.0;2.0;1.0;17.0;A01
201800030431;0.0;32;0;0.0;2.0;1.0;1.0;B01
201800030432;1.0;33;0;0.0;2.0;1.0;1.0;B01
201800030432;2.0;7;0;0.0;0.0;0.0;0.0;Z01
201800030433;1.0;1;0;0.0;0.0;0.0;0.0;A01
201800030433;1.0;13;0;0.0;0.0;0.0;17.0;B01
201800030434;0.0;31;0;0.0;2.0;8.0;1.0;B01
201800030434;0.0;7;0;0.0;2.0;3.0;15.0;A01
201800030435;2.0;10;0;0.0;1.0;1.0;0.0;A01
201800030436;1.0;7;0;0.0;2.0;1.0;2.0;A01
201800030436;2.0;30;0;0.0;2.0;1.0;1.0;B01
201800030437;1.0;7;0;15.0;1.0;2.0;14.0;A01
201800030438;2.0;32;0;0.0;2.0;2.0;1.0;B01
201800030438;1.0;7;0;0.0;6.0;2.0;9.0;A01
201800030439;0.0;34;0;0.0;0.0;0.0;13.0;A01
201800030440;2.0;34;0;0.0;0.0;0.0;1.0;A01
201800030441;0.0;7;0;8.0;0.0;9.0;15.0;A01
201800030442;0.0;7;0;0.0;2.0;3.0;10.0;A01
201800030442;1.0;33;0;0.0;2.0;2.0;17.0;B01
201800030443;1.0;2;0;0.0;2.0;1.0;17.0;A01
201800030443;2.0;7;0;0.0;2.0;3.0;9.0;B01
201800030444;0.0;10;0;0.0;1.0;4.0;20.0;A01
201800030445;1.0;7;0;0.0;1.0;1.0;20.0;A01
201800030446;1.0;7;0;0.0;1.0;2.0;1.0;A01
201800030447;1.0;10;0;0.0;2.0;2.0;15.0;A01
201800030447;0.0;34;0;0.0;2.0;1.0;1.0;B01
201800030448;1.0;7;0;1.0;1.0;3.0;16.0;A01
201800030449;0.0;99;0;0.0;2.0;0.0;0.0;R01
201800030449;2.0;1;0;13.0;2.0;0.0;0.0;A01
201800030450;1.0;7;0;0.0;2.0;1.0;21.0;A01
201800030450;2.0;7;0;0.0;2.0;1.0;0.0;B01
201800030451;0.0;31;0;0.0;0.0;1.0;1.0;B01
201800030452;1.0;99;0;3.0;1.0;2.0;9.0;A01
201800030453;0.0;10;0;0.0;2.0;1.0;1.0;B01
201800030453;0.0;10;0;0.0;2.0;3.0;9.0;A01
201800030454;1.0;7;0;3.0;2.0;3.0;0.0;A01
201800030454;1.0;7;0;0.0;2.0;0.0;0.0;B01
201800030455;2.0;7;0;0.0;2.0;3.0;9.0;A01
201800030455;1.0;2;0;0.0;2.0;9.0;1.0;B01
201800030456;1.0;7;0;0.0;2.0;1.0;16.0;B01
201800030456;1.0;33;0;1.0;0.0;8.0;21.0;A01
201800030457;2.0;36;0;;1.0;1.0;15.0;A01
201800030458;0.0;1;0;0.0;1.0;1.0;0.0;A01
201800030459;2.0;7;0;0.0;2.0;7.0;2.0;A01
201800030459;1.0;7;0;0.0;2.0;1.0;1.0;B01
201800030460;1.0;30;0;1.0;1.0;1.0;1.0;A01
201800030461;2.0;2;0;0.0;2.0;2.0;17.0;A01
201800030461;0.0;7;0;0.0;0.0;0.0;0.0;B01
201800030462;2.0;1;0;0.0;2.0;7.0;1.0;A01
201800030462;1.0;7;0;0.0;6.0;2.0;1.0;B01
201800030463;2.0;7;0;0.0;2.0;7.0;1.0;B01
201800030463;1.0;31;0;0.0;2.0;1.0;9.0;A01
201800030464;1.0;7;0;0.0;2.0;7.0;1.0;A01
201800030464;2.0;30;0;0.0;2.0;1.0;1.0;B01
201800030465;1.0;33;0;0.0;2.0;1.0;1.0;B01
201800030465;2.0;7;0;0.0;2.0;3.0;9.0;A01
201800030466;2.0;33;0;0.0;2.0;1.0;1.0;A01
201800030466;1.0;7;0;0.0;2.0;2.0;15.0;B01
201800030467;1.0;33;0;0.0;2.0;4.0;2.0;A01
201800030467;1.0;7;0;0.0;2.0;6.0;23.0;B01
201800030467;1.0;7;0;0.0;2.0;6.0;23.0;C01
201800030468;1.0;7;0;8.0;0.0;3.0;1.0;A01
201800030469;1.0;33;0;6.0;0.0;2.0;1.0;A01
201800030470;1.0;7;0;0.0;2.0;7.0;1.0;B01
201800030470;2.0;7;0;0.0;2.0;1.0;1.0;A01
201800030471;1.0;7;0;0.0;1.0;2.0;21.0;A01
201800030472;2.0;30;0;0.0;2.0;1.0;1.0;B01
201800030472;2.0;7;0;0.0;2.0;1.0;17.0;Z01
201800030473;1.0;30;0;0.0;2.0;7.0;1.0;A01
201800030473;1.0;7;0;0.0;2.0;7.0;1.0;B01
201800030474;1.0;10;0;0.0;1.0;2.0;7.0;A01
201800030475;2.0;33;0;0.0;0.0;0.0;17.0;A01
201800030476;1.0;99;0;0.0;1.0;3.0;0.0;Z01
201800030477;0.0;7;0;0.0;2.0;1.0;1.0;A01
201800030477;1.0;7;0;0.0;2.0;7.0;1.0;B01
201800030478;1.0;14;0;0.0;2.0;5.0;0.0;A01
201800030478;2.0;1;0;14.0;6.0;1.0;0.0;B01
201800030479;1.0;7;0;0.0;2.0;1.0;0.0;A01
201800030479;1.0;13;0;0.0;2.0;4.0;0.0;B01
201800030480;2.0;1;0;15.0;2.0;1.0;0.0;A01
201800030480;0.0;10;0;0.0;6.0;2.0;0.0;B01
201800030481;1.0;7;0;0.0;2.0;2.0;19.0;A01
201800030481;1.0;7;0;0.0;2.0;5.0;0.0;B01
201800030482;2.0;33;0;0.0;2.0;1.0;17.0;A01
201800030482;2.0;7;0;0.0;2.0;6.0;1.0;B01
201800030483;1.0;33;0;0.0;2.0;1.0;1.0;B01
201800030483;2.0;7;0;0.0;2.0;3.0;15.0;A01
201800030484;2.0;10;0;3.0;2.0;3.0;13.0;B01
201800030484;1.0;7;0;3.0;2.0;1.0;0.0;A01
201800030485;0.0;7;0;11.0;0.0;3.0;0.0;A01
201800030486;2.0;7;0;0.0;1.0;1.0;1.0;A01
201800030487;1.0;7;0;0.0;1.0;1.0;15.0;A01
201800030488;2.0;7;0;0.0;2.0;3.0;15.0;A01
201800030488;1.0;7;0;0.0;2.0;3.0;1.0;B01
201800030489;2.0;31;0;12.0;0.0;2.0;1.0;A01
201800030490;1.0;7;0;0.0;2.0;1.0;13.0;A01
201800030490;2.0;7;0;0.0;2.0;1.0;1.0;B01
201800030491;1.0;30;0;1.0;0.0;1.0;14.0;A01
201800030492;2.0;7;0;0.0;2.0;3.0;13.0;A01
201800030492;1.0;33;0;0.0;2.0;1.0;1.0;B01
201800030493;2.0;7;0;2.0;0.0;1.0;13.0;A01
201800030494;2.0;7;0;0.0;2.0;1.0;1.0;B01
201800030494;1.0;7;0;0.0;2.0;1.0;11.0;A01
201800030495;1.0;7;0;0.0;2.0;7.0;0.0;A01
201800030495;2.0;32;0;0.0;2.0;1.0;1.0;B01
201800030496;0.0;7;0;0.0;2.0;1.0;15.0;A01
201800030496;0.0;2;0;0.0;2.0;3.0;0.0;B01
201800030497;2.0;7;0;0.0;1.0;3.0;15.0;A01
201800030498;2.0;30;0;0.0;2.0;7.0;17.0;A01
201800030498;2.0;7;0;0.0;2.0;8.0;15.0;B01
201800030499;2.0;7;0;0.0;2.0;8.0;1.0;A01
201800030499;1.0;30;0;0.0;2.0;1.0;1.0;B01
201800030500;1.0;16;0;0.0;2.0;4.0;1.0;A01
201800030500;1.0;7;0;0.0;2.0;1.0;21.0;B01
201800030501;2.0;7;0;0.0;1.0;1.0;1.0;A01
201800030502;0.0;7;0;0.0;2.0;2.0;1.0;A01
201800030502;0.0;1;0;0.0;2.0;1.0;15.0;B01
201800030503;0.0;2;0;0.0;2.0;1.0;1.0;B01
201800030503;0.0;7;0;0.0;2.0;3.0;15.0;A01
201800030504;1.0;7;0;0.0;1.0;2.0;1.0;A01
201800030505;1.0;7;0;0.0;2.0;3.0;10.0;A01
201800030505;1.0;33;0;0.0;2.0;1.0;1.0;B01
201800030506;1.0;10;0;0.0;2.0;2.0;15.0;A01
201800030506;2.0;2;0;0.0;2.0;1.0;1.0;B01
201800030507;2.0;7;0;0.0;2.0;1.0;19.0;A01
201800030507;1.0;7;0;0.0;2.0;8.0;1.0;B01
201800030508;2.0;2;0;0.0;2.0;1.0;1.0;A01
201800030508;2.0;7;0;0.0;2.0;8.0;1.0;B01
201800030509;1.0;33;0;0.0;1.0;2.0;1.0;A01
201800030510;0.0;7;0;0.0;2.0;8.0;1.0;A01
201800030510;0.0;1;0;0.0;2.0;0.0;17.0;B01
201800030511;2.0;7;0;0.0;2.0;1.0;1.0;A01
201800030511;2.0;7;0;0.0;2.0;4.0;23.0;B01
201800030511;1.0;7;0;0.0;2.0;1.0;1.0;C01
201800030511;0.0;38;1;0.0;2.0;1.0;1.0;D01
201800030512;2.0;7;0;0.0;2.0;1.0;13.0;A01
201800030512;1.0;7;0;0.0;2.0;1.0;1.0;B01
201800030512;1.0;7;0;0.0;2.0;3.0;1.0;C01
201800030513;1.0;2;0;7.0;0.0;1.0;1.0;A01
201800030514;0.0;2;0;0.0;2.0;1.0;2.0;A01
201800030514;0.0;10;0;0.0;2.0;4.0;2.0;B01
201800030515;0.0;2;0;14.0;0.0;7.0;1.0;A01
201800030516;0.0;33;0;0.0;0.0;7.0;1.0;A01
201800030517;0.0;7;0;0.0;2.0;3.0;15.0;B01
201800030517;0.0;2;0;0.0;2.0;1.0;17.0;A01
201800030518;0.0;7;0;0.0;1.0;1.0;1.0;A01
201800030518;2.0;7;0;0.0;1.0;1.0;23.0;B01
201800030519;1.0;7;0;0.0;2.0;3.0;9.0;A01
201800030519;1.0;2;0;0.0;2.0;7.0;1.0;B01
201800030520;0.0;10;0;0.0;2.0;5.0;16.0;B01
201800030520;0.0;33;0;0.0;2.0;7.0;7.0;A01
201800030521;0.0;7;0;0.0;1.0;2.0;16.0;A01
201800030522;1.0;7;0;0.0;2.0;2.0;19.0;A01
201800030522;2.0;7;0;0.0;2.0;1.0;1.0;B01
201800030523;1.0;2;0;0.0;2.0;1.0;1.0;B01
201800030523;1.0;7;0;0.0;2.0;3.0;15.0;A01
201800030524;1.0;38;10;0.0;1.0;2.0;7.0;A01
201800030525;1.0;7;0;9.0;0.0;1.0;1.0;A01
201800030526;2.0;7;0;0.0;2.0;4.0;2.0;B01
201800030526;2.0;7;0;0.0;2.0;1.0;21.0;A01
201800030526;2.0;7;0;0.0;2.0;4.0;2.0;C01
201800030527;0.0;31;0;0.0;2.0;7.0;1.0;B01
201800030527;0.0;7;0;0.0;2.0;3.0;19.0;A01
201800030528;0.0;30;0;0.0;0.0;8.0;21.0;A01
201800030529;2.0;7;0;0.0;2.0;3.0;1.0;B01
201800030529;2.0;2;0;0.0;2.0;7.0;16.0;A01
201800030530;0.0;7;0;0.0;2.0;2.0;19.0;A01
201800030530;0.0;2;0;0.0;2.0;1.0;1.0;B01
201800030531;0.0;2;0;0.0;0.0;7.0;1.0;A01
201800030532;1.0;2;0;0.0;2.0;1.0;2.0;A01
201800030532;1.0;7;0;0.0;2.0;4.0;2.0;B01
201800030533;0.0;7;0;0.0;2.0;5.0;15.0;A01
201800030533;0.0;1;0;0.0;2.0;1.0;1.0;B01
201800030534;1.0;7;0;6.0;0.0;1.0;14.0;A01
201800030535;0.0;7;0;8.0;0.0;1.0;14.0;A01
201800030536;2.0;33;0;0.0;0.0;8.0;1.0;A01
201800030537;1.0;2;0;12.0;0.0;1.0;17.0;A01
201800030538;0.0;33;0;0.0;0.0;0.0;1.0;A01
201800030539;0.0;33;0;0.0;2.0;1.0;2.0;A01
201800030539;0.0;7;0;0.0;2.0;6.0;2.0;B01
201800030540;0.0;2;0;12.0;0.0;3.0;13.0;A01
201800030541;0.0;33;0;0.0;2.0;7.0;16.0;A01
201800030541;0.0;7;0;0.0;2.0;3.0;1.0;B01
201800030542;1.0;2;0;11.0;0.0;1.0;1.0;A01
201800030543;0.0;7;0;7.0;2.0;7.0;17.0;A01
201800030543;0.0;7;0;0.0;2.0;8.0;9.0;B01
201800030544;1.0;2;0;0.0;2.0;1.0;17.0;A01
201800030544;1.0;10;0;0.0;2.0;6.0;1.0;B01
201800030545;0.0;7;0;1.0;0.0;2.0;14.0;A01
201800030546;0.0;7;0;12.0;0.0;1.0;1.0;A01
201800030547;0.0;7;0;0.0;2.0;4.0;2.0;B01
201800030547;0.0;30;0;0.0;2.0;1.0;1.0;A01
201800030548;0.0;7;0;0.0;2.0;2.0;15.0;A01
201800030548;0.0;2;0;0.0;2.0;1.0;1.0;B01
201800030549;0.0;33;0;0.0;2.0;2.0;2.0;A01
201800030549;0.0;7;0;0.0;2.0;6.0;16.0;B01
201800030550;0.0;7;0;0.0;2.0;1.0;1.0;A01
201800030550;0.0;2;0;0.0;2.0;1.0;1.0;B01
201800030551;0.0;7;0;0.0;2.0;8.0;9.0;A01
201800030551;0.0;1;0;0.0;2.0;7.0;1.0;B01
201800030552;0.0;20;0;0.0;1.0;5.0;0.0;A01
201800030553;0.0;1;0;0.0;2.0;1.0;15.0;B01
201800030553;0.0;7;0;0.0;2.0;2.0;1.0;A01
201800030554;0.0;1;0;0.0;0.0;8.0;1.0;A01
201800030555;0.0;2;0;0.0;2.0;7.0;1.0;B01
201800030555;0.0;7;0;0.0;2.0;2.0;15.0;A01
201800030556;0.0;33;0;0.0;0.0;7.0;1.0;A01
201800030557;1.0;32;0;0.0;0.0;7.0;1.0;A01
201800030558;2.0;33;0;0.0;2.0;1.0;17.0;A01
201800030558;2.0;7;0;0.0;2.0;3.0;15.0;B01
201800030559;0.0;2;0;0.0;2.0;1.0;1.0;B01
201800030559;0.0;7;0;0.0;2.0;1.0;0.0;A01
201800030560;0.0;10;0;0.0;1.0;1.0;9.0;A01
201800030561;0.0;7;0;0.0;2.0;2.0;16.0;A01
201800030561;0.0;1;0;0.0;2.0;8.0;1.0;B01
201800030562;2.0;7;0;0.0;2.0;8.0;1.0;B01
201800030562;2.0;7;0;0.0;2.0;8.0;13.0;A01
201800030563;1.0;7;0;0.0;2.0;1.0;13.0;A01
201800030563;2.0;14;0;0.0;2.0;1.0;1.0;B01
201800030564;1.0;33;0;9.0;0.0;1.0;1.0;A01
201800030565;0.0;32;0;0.0;0.0;8.0;15.0;A01
201800030566;0.0;30;0;0.0;2.0;1.0;0.0;A01
201800030566;0.0;31;0;0.0;2.0;1.0;0.0;B01
201800030567;0.0;2;0;0.0;2.0;4.0;17.0;A01
201800030567;0.0;7;0;0.0;2.0;3.0;1.0;Z01
201800030568;1.0;31;0;0.0;0.0;8.0;13.0;A01
201800030569;0.0;33;0;0.0;0.0;8.0;1.0;A01
201800030570;1.0;31;0;0.0;0.0;7.0;17.0;A01
201800030571;0.0;7;0;6.0;0.0;1.0;19.0;A01
201800030572;0.0;7;0;0.0;1.0;6.0;17.0;A01
201800030573;0.0;7;0;11.0;0.0;1.0;14.0;A01
201800030574;1.0;7;0;0.0;2.0;3.0;1.0;B01
201800030574;2.0;33;0;12.0;2.0;8.0;13.0;A01
201800030575;2.0;31;0;0.0;0.0;8.0;1.0;A01
201800030576;0.0;2;0;0.0;0.0;8.0;1.0;A01
201800030577;1.0;33;0;11.0;0.0;1.0;1.0;A01
201800030578;1.0;33;0;0.0;2.0;1.0;13.0;A01
201800030578;2.0;10;0;0.0;2.0;8.0;1.0;B01
201800030579;0.0;2;0;14.0;0.0;1.0;1.0;A01
201800030580;2.0;30;0;12.0;0.0;1.0;15.0;A01
201800030581;2.0;34;0;14.0;0.0;2.0;13.0;A01
201800030582;0.0;33;0;0.0;2.0;8.0;1.0;B01
201800030582;0.0;10;0;0.0;2.0;0.0;15.0;A01
201800030583;0.0;31;0;0.0;2.0;1.0;1.0;B01
201800030583;0.0;7;0;0.0;2.0;6.0;11.0;A01
201800030584;0.0;2;0;0.0;2.0;8.0;13.0;A01
201800030584;0.0;7;0;0.0;2.0;8.0;1.0;B01
201800030585;0.0;32;0;0.0;2.0;1.0;2.0;A01
201800030585;0.0;7;0;0.0;2.0;5.0;1.0;B01
201800030586;0.0;30;0;0.0;2.0;8.0;1.0;B01
201800030586;0.0;2;0;0.0;2.0;1.0;2.0;A01
201800030587;0.0;30;0;0.0;0.0;8.0;21.0;A01
201800030588;0.0;7;0;0.0;2.0;1.0;2.0;A01
201800030588;0.0;7;0;0.0;2.0;4.0;23.0;B01
201800030588;0.0;7;0;0.0;2.0;4.0;23.0;C01
201800030589;0.0;7;0;0.0;2.0;2.0;15.0;A01
201800030589;0.0;1;0;0.0;2.0;1.0;1.0;B01
201800030590;0.0;31;0;11.0;0.0;1.0;1.0;A01
201800030591;0.0;33;0;0.0;2.0;1.0;1.0;B01
201800030591;0.0;7;0;0.0;2.0;8.0;15.0;A01
201800030592;0.0;10;0;0.0;0.0;0.0;15.0;B01
201800030592;0.0;2;0;0.0;2.0;8.0;21.0;A01
201800030593;0.0;2;0;0.0;2.0;1.0;2.0;A01
201800030593;0.0;7;0;0.0;2.0;6.0;9.0;B01
201800030594;0.0;2;0;0.0;0.0;7.0;1.0;A01
201800030595;0.0;33;0;0.0;0.0;8.0;2.0;A01
201800030596;1.0;31;0;0.0;0.0;0.0;1.0;A01
201800030597;0.0;7;0;0.0;2.0;1.0;13.0;A01
201800030597;0.0;7;0;0.0;2.0;1.0;1.0;B01
201800030598;0.0;1;0;0.0;2.0;7.0;19.0;B01
201800030598;0.0;33;0;0.0;2.0;1.0;1.0;A01
201800030599;1.0;7;0;0.0;2.0;3.0;1.0;C01
201800030599;1.0;2;0;0.0;2.0;1.0;2.0;A01
201800030599;1.0;7;0;0.0;2.0;5.0;16.0;B01
201800030600;0.0;33;0;0.0;2.0;7.0;21.0;B01
201800030600;0.0;7;0;0.0;2.0;0.0;19.0;A01
201800030601;0.0;7;0;0.0;2.0;8.0;19.0;A01
201800030601;0.0;2;0;0.0;2.0;1.0;1.0;B01
201800030602;2.0;7;0;0.0;2.0;7.0;10.0;A01
201800030602;1.0;33;0;0.0;2.0;1.0;1.0;B01
201800030603;0.0;1;0;0.0;2.0;1.0;0.0;A01
201800030603;0.0;2;0;0.0;2.0;8.0;1.0;B01
201800030604;2.0;7;0;0.0;2.0;8.0;15.0;A01
201800030604;2.0;33;0;0.0;2.0;2.0;17.0;B01
201800030605;1.0;31;0;0.0;5.0;1.0;1.0;A01
201800030606;0.0;35;0;2.0;0.0;1.0;1.0;A01
201800030607;0.0;31;0;0.0;2.0;1.0;13.0;A01
201800030607;0.0;7;0;0.0;2.0;3.0;1.0;B01
201800030608;0.0;7;0;0.0;2.0;1.0;13.0;A01
201800030608;0.0;10;0;0.0;2.0;3.0;1.0;C01
201800030608;0.0;33;0;0.0;2.0;7.0;1.0;B01
201800030608;0.0;7;0;0.0;2.0;6.0;2.0;D01
201800030609;0.0;31;0;0.0;2.0;1.0;17.0;A01
201800030609;0.0;7;0;0.0;2.0;2.0;19.0;B01
201800030610;0.0;7;0;0.0;2.0;8.0;23.0;B01
201800030610;0.0;30;0;0.0;2.0;7.0;17.0;A01
201800030611;0.0;2;0;0.0;2.0;2.0;1.0;A01
201800030611;0.0;7;0;0.0;2.0;5.0;1.0;B01
201800030612;0.0;31;0;15.0;0.0;1.0;21.0;A01
201800030613;1.0;2;0;12.0;0.0;1.0;14.0;A01
201800030614;0.0;31;0;0.0;2.0;3.0;3.0;A01
201800030614;0.0;7;0;0.0;2.0;5.0;23.0;B01
201800030614;0.0;7;0;0.0;2.0;8.0;23.0;C01
201800030615;0.0;2;0;0.0;2.0;7.0;1.0;B01
201800030615;0.0;7;0;0.0;2.0;2.0;19.0;A01
201800030616;0.0;10;0;3.0;0.0;1.0;1.0;A01
201800030617;0.0;7;0;0.0;2.0;3.0;10.0;A01
201800030617;0.0;30;0;0.0;2.0;1.0;17.0;B01
201800030618;1.0;33;0;0.0;2.0;4.0;2.0;B01
201800030618;1.0;7;0;0.0;2.0;2.0;9.0;A01
201800030619;0.0;2;0;11.0;0.0;1.0;14.0;A01
201800030620;0.0;2;0;0.0;2.0;1.0;2.0;A01
201800030620;0.0;7;0;0.0;2.0;4.0;23.0;B01
201800030621;1.0;33;0;0.0;2.0;5.0;21.0;B01
201800030621;1.0;7;0;0.0;2.0;3.0;9.0;A01
201800030622;0.0;1;0;0.0;2.0;8.0;21.0;A01
201800030622;0.0;7;0;0.0;2.0;7.0;1.0;B01
201800030623;0.0;7;0;0.0;2.0;5.0;17.0;A01
201800030623;0.0;2;0;0.0;2.0;8.0;2.0;B01
201800030624;1.0;10;0;0.0;0.0;0.0;9.0;Z01
201800030624;1.0;31;0;0.0;0.0;7.0;21.0;A01
201800030625;1.0;7;0;0.0;1.0;2.0;1.0;A01
201800030626;0.0;7;0;0.0;2.0;3.0;9.0;A01
201800030626;0.0;31;0;0.0;2.0;7.0;1.0;B01
201800030627;0.0;33;0;0.0;2.0;3.0;3.0;A01
201800030627;0.0;7;0;0.0;2.0;5.0;14.0;B01
201800030628;0.0;7;0;0.0;2.0;1.0;1.0;A01
201800030628;0.0;2;0;0.0;2.0;4.0;23.0;B01
201800030629;0.0;2;0;0.0;0.0;2.0;1.0;A01
201800030630;0.0;14;0;0.0;2.0;7.0;1.0;A01
201800030630;0.0;1;0;0.0;2.0;8.0;18.0;B01
201800030631;0.0;7;0;0.0;1.0;1.0;16.0;A01
201800030632;0.0;30;0;12.0;0.0;7.0;21.0;A01
201800030633;2.0;33;0;0.0;1.0;8.0;7.0;A01
201800030634;0.0;38;1;0.0;2.0;3.0;1.0;B01
201800030634;0.0;33;0;0.0;2.0;1.0;1.0;A01
201800030635;0.0;33;0;0.0;1.0;1.0;17.0;A01
201800030636;0.0;2;0;0.0;0.0;0.0;0.0;A01
201800030637;0.0;2;0;0.0;2.0;1.0;1.0;B01
201800030637;0.0;2;0;0.0;2.0;1.0;0.0;A01
201800030638;0.0;30;0;13.0;0.0;1.0;1.0;A01
201800030639;1.0;7;0;0.0;2.0;4.0;1.0;B01
201800030639;1.0;30;0;0.0;2.0;1.0;2.0;A01
201800030640;2.0;2;0;14.0;0.0;7.0;13.0;A01
201800030641;0.0;7;0;3.0;0.0;1.0;1.0;A01
201800030642;0.0;7;0;0.0;2.0;2.0;2.0;A01
201800030642;0.0;7;0;0.0;2.0;6.0;2.0;B01
201800030643;1.0;2;0;0.0;0.0;8.0;1.0;A01
201800030644;0.0;7;0;0.0;2.0;3.0;2.0;A01
201800030644;0.0;7;0;0.0;1.0;3.0;2.0;B01
201800030645;0.0;7;0;0.0;2.0;1.0;1.0;A01
201800030645;0.0;7;0;0.0;2.0;2.0;19.0;B01
201800030646;0.0;7;0;0.0;1.0;3.0;1.0;A01
201800030647;0.0;33;0;0.0;0.0;3.0;1.0;A01
201800030648;1.0;13;0;0.0;1.0;2.0;4.0;A01
201800030649;0.0;31;0;0.0;2.0;1.0;2.0;A01
201800030649;0.0;7;0;0.0;2.0;4.0;2.0;B01
201800030650;1.0;2;0;1.0;0.0;1.0;1.0;A01
201800030651;0.0;7;0;8.0;0.0;1.0;14.0;A01
201800030652;0.0;7;0;0.0;1.0;1.0;1.0;A01
201800030653;2.0;7;0;0.0;2.0;8.0;5.0;Z01
201800030653;1.0;33;0;0.0;2.0;8.0;21.0;B01
201800030654;2.0;2;0;0.0;2.0;8.0;15.0;B01
201800030654;0.0;2;0;0.0;2.0;1.0;17.0;A01
201800030655;0.0;2;0;8.0;0.0;1.0;1.0;A01
201800030656;0.0;7;0;0.0;1.0;1.0;1.0;A01
201800030657;0.0;2;0;0.0;2.0;7.0;0.0;A01
201800030657;2.0;7;0;0.0;2.0;7.0;0.0;B01
201800030658;0.0;30;0;15.0;0.0;1.0;14.0;A01
201800030659;0.0;30;0;0.0;2.0;4.0;9.0;A01
201800030659;0.0;33;0;0.0;2.0;1.0;2.0;B01
201800030660;2.0;7;0;0.0;2.0;2.0;1.0;A01
201800030660;0.0;32;0;0.0;2.0;8.0;1.0;B01
201800030661;0.0;7;0;15.0;0.0;1.0;15.0;A01
201800030662;0.0;31;0;0.0;2.0;7.0;13.0;A01
201800030662;0.0;7;0;0.0;6.0;1.0;1.0;B01
201800030663;0.0;31;0;0.0;2.0;1.0;1.0;B01
201800030663;0.0;7;0;0.0;6.0;3.0;1.0;A01
201800030664;0.0;2;0;0.0;0.0;1.0;1.0;A01
201800030665;0.0;7;0;0.0;2.0;5.0;15.0;A01
201800030665;0.0;32;0;0.0;2.0;1.0;1.0;B01
201800030666;0.0;30;0;0.0;1.0;1.0;1.0;A01
201800030667;0.0;7;0;0.0;2.0;4.0;2.0;B01
201800030667;0.0;30;0;0.0;2.0;1.0;2.0;A01
201800030668;0.0;33;0;1.0;0.0;8.0;13.0;A01
201800030669;2.0;7;0;0.0;2.0;2.0;12.0;A01
201800030669;2.0;33;0;0.0;2.0;6.0;1.0;B01
201800030670;0.0;33;0;0.0;2.0;1.0;1.0;A01
201800030670;0.0;7;0;0.0;2.0;4.0;1.0;B01
201800030671;0.0;7;0;12.0;0.0;1.0;13.0;A01
201800030672;0.0;7;0;0.0;2.0;2.0;15.0;A01
201800030672;0.0;32;0;0.0;2.0;1.0;1.0;B01
201800030673;0.0;30;0;0.0;0.0;7.0;1.0;A01
201800030674;1.0;7;0;0.0;2.0;1.0;1.0;C01
201800030674;1.0;7;0;0.0;2.0;1.0;5.0;A01
201800030674;1.0;7;0;0.0;2.0;1.0;1.0;B01
201800030675;0.0;33;0;0.0;0.0;0.0;16.0;A01
201800030676;2.0;7;0;0.0;2.0;8.0;15.0;A01
201800030676;1.0;31;0;0.0;2.0;8.0;1.0;B01
201800030677;0.0;7;0;0.0;1.0;1.0;1.0;A01
201800030678;1.0;7;0;0.0;2.0;3.0;1.0;B01
201800030678;2.0;7;0;0.0;2.0;3.0;13.0;A01
201800030679;2.0;7;0;0.0;2.0;2.0;2.0;A01
201800030679;2.0;7;0;0.0;2.0;4.0;2.0;B01
201800030680;2.0;2;0;1.0;0.0;2.0;1.0;A01
201800030681;0.0;7;0;1.0;0.0;4.0;24.0;B01
201800030681;0.0;7;0;1.0;1.0;1.0;0.0;A01
201800030681;0.0;7;0;1.0;0.0;0.0;24.0;E01
201800030681;0.0;7;0;1.0;0.0;4.0;24.0;C01
201800030681;0.0;7;0;1.0;0.0;4.0;24.0;D01
201800030682;0.0;2;0;0.0;0.0;1.0;5.0;A01
201800030683;1.0;32;0;0.0;0.0;8.0;15.0;A01
201800030684;1.0;30;0;12.0;0.0;3.0;13.0;A01
201800030685;0.0;7;0;0.0;6.0;1.0;15.0;A01
201800030685;0.0;1;0;0.0;2.0;7.0;17.0;B01