Num_Acc;senc;catv;occutc;obs;obsm;choc;manv;num_veh
201800030917;0.0;7;0;0.0;2.0;1.0;1.0;A01
201800030917;0.0;1;0;0.0;2.0;1.0;1.0;B01
201800030918;0.0;10;0;0.0;1.0;4.0;20.0;A01
201800030919;0.0;7;0;0.0;1.0;1.0;1.0;A01
201800030920;1.0;7;0;0.0;2.0;4.0;23.0;B01
201800030920;1.0;1;0;0.0;2.0;1.0;1.0;A01
201800030921;0.0;7;0;0.0;2.0;1.0;15.0;A01
201800030921;0.0;34;0;0.0;2.0;1.0;1.0;B01
201800030922;0.0;1;0;0.0;2.0;1.0;1.0;B01
201800030922;0.0;7;0;0.0;2.0;3.0;19.0;A01
201800030923;2.0;7;0;8.0;0.0;1.0;14.0;A01
201800030923;1.0;7;0;0.0;0.0;0.0;0.0;B01
201800030924;0.0;7;0;0.0;2.0;4.0;15.0;B01
201800030924;0.0;7;0;0.0;2.0;1.0;1.0;A01
201800030925;0.0;7;0;0.0;2.0;1.0;1.0;A01
201800030925;0.0;7;0;0.0;2.0;4.0;23.0;B01
201800030926;0.0;30;0;0.0;0.0;0.0;15.0;A01
201800030927;0.0;1;0;0.0;2.0;2.0;1.0;B01
201800030927;0.0;7;0;0.0;2.0;5.0;15.0;A01
201800030928;0.0;10;0;0.0;2.0;3.0;15.0;A01
201800030928;0.0;2;0;0.0;2.0;1.0;1.0;B01
201800030929;2.0;7;0;0.0;2.0;3.0;16.0;B01
201800030929;2.0;30;0;0.0;2.0;2.0;11.0;A01
201800030930;0.0;7;0;0.0;2.0;1.0;15.0;A01
201800030930;0.0;2;0;0.0;2.0;3.0;1.0;B01
201800030931;2.0;7;0;0.0;2.0;4.0;23.0;C01
201800030931;2.0;7;0;0.0;2.0;1.0;2.0;A01
201800030931;2.0;7;0;0.0;2.0;4.0;23.0;B01
201800030932;0.0;7;0;0.0;2.0;4.0;2.0;B01
201800030932;0.0;7;0;0.0;2.0;1.0;1.0;A01
201800030933;0.0;7;0;0.0;2.0;5.0;1.0;A01
201800030933;0.0;7;0;0.0;2.0;1.0;1.0;B01
201800030934;0.0;7;0;0.0;2.0;1.0;15.0;A01
201800030934;0.0;33;0;0.0;2.0;8.0;1.0;B01
201800030935;0.0;7;0;0.0;2.0;1.0;15.0;A01
201800030935;0.0;33;0;0.0;2.0;1.0;1.0;B01
201800030936;0.0;7;0;0.0;2.0;3.0;15.0;A01
201800030936;0.0;1;0;0.0;2.0;1.0;1.0;B01
201800030937;2.0;15;0;0.0;2.0;1.0;1.0;A01
201800030937;2.0;33;0;0.0;2.0;6.0;1.0;B01
201800030938;0.0;7;0;0.0;2.0;1.0;2.0;A01
201800030938;0.0;7;0;0.0;2.0;4.0;2.0;B01
201800030938;0.0;7;0;0.0;2.0;4.0;2.0;C01
201800030939;1.0;33;0;0.0;2.0;1.0;2.0;A01
201800030939;1.0;33;0;0.0;2.0;4.0;23.0;B01
201800030940;0.0;7;0;0.0;2.0;4.0;1.0;B01
201800030940;0.0;7;0;0.0;2.0;4.0;1.0;C01
201800030940;0.0;7;0;0.0;2.0;1.0;1.0;A01
201800030941;0.0;7;0;0.0;2.0;1.0;2.0;A01
201800030941;0.0;7;0;0.0;2.0;4.0;23.0;C01
201800030941;0.0;7;0;0.0;2.0;4.0;23.0;B01
201800030942;0.0;7;0;9.0;0.0;2.0;1.0;A01
201800030943;0.0;1;0;0.0;2.0;1.0;1.0;B01
201800030943;0.0;7;0;0.0;2.0;3.0;9.0;A01
201800030944;1.0;7;0;0.0;2.0;3.0;1.0;B01
201800030944;0.0;7;0;0.0;2.0;3.0;15.0;A01
201800030945;0.0;30;0;0.0;2.0;0.0;1.0;B01
201800030945;0.0;7;0;0.0;0.0;0.0;9.0;Z01
201800030946;0.0;7;0;0.0;2.0;8.0;10.0;A01
201800030946;0.0;33;0;0.0;2.0;1.0;1.0;B01
201800030947;0.0;7;0;0.0;2.0;1.0;1.0;B01
201800030947;0.0;7;0;0.0;2.0;8.0;1.0;A01
201800030948;0.0;7;0;0.0;2.0;1.0;1.0;A01
201800030948;0.0;7;0;0.0;2.0;4.0;1.0;B01
201800030949;0.0;30;0;0.0;2.0;1.0;21.0;B01
201800030949;0.0;7;0;0.0;2.0;3.0;10.0;A01
201800030950;2.0;7;0;0.0;2.0;1.0;1.0;C01
201800030950;1.0;7;0;0.0;2.0;4.0;2.0;B01
201800030950;1.0;7;0;0.0;2.0;1.0;2.0;A01
201800030951;0.0;32;0;0.0;2.0;5.0;1.0;B01
201800030951;0.0;7;0;0.0;2.0;2.0;15.0;A01
201800030952;0.0;7;0;0.0;2.0;1.0;5.0;A01
201800030952;0.0;7;0;0.0;2.0;1.0;1.0;B01
201800030953;0.0;7;0;0.0;2.0;1.0;1.0;A01
201800030953;0.0;7;0;0.0;2.0;4.0;1.0;B01
201800030954;0.0;7;0;0.0;2.0;1.0;15.0;A01
201800030954;0.0;2;0;0.0;2.0;3.0;1.0;B01
201800030955;0.0;7;0;0.0;2.0;4.0;1.0;B01
201800030955;0.0;7;0;0.0;2.0;1.0;1.0;A01
201800030956;0.0;1;0;0.0;2.0;1.0;19.0;A01
201800030956;0.0;10;0;0.0;2.0;5.0;16.0;B01
201800030957;0.0;30;0;0.0;0.0;7.0;16.0;A01
201800030958;0.0;2;0;0.0;2.0;1.0;1.0;B01
201800030958;0.0;7;0;0.0;2.0;3.0;15.0;A01
201800030959;0.0;7;0;0.0;2.0;3.0;0.0;B01
201800030959;0.0;7;0;0.0;2.0;3.0;13.0;A01
201800030960;2.0;7;0;0.0;2.0;1.0;2.0;A01
201800030960;2.0;7;0;0.0;2.0;4.0;23.0;B01
201800030961;0.0;7;0;0.0;1.0;1.0;17.0;A01
201800030962;0.0;1;0;0.0;2.0;0.0;19.0;A01
201800030962;0.0;7;0;0.0;2.0;3.0;1.0;B01
201800030963;0.0;7;0;0.0;1.0;3.0;1.0;A01
201800030964;0.0;7;0;0.0;1.0;3.0;15.0;A01
201800030965;1.0;7;0;0.0;2.0;1.0;2.0;A01
201800030965;1.0;7;0;0.0;2.0;4.0;2.0;B01
201800030965;1.0;7;0;0.0;2.0;1.0;2.0;C01
201800030966;1.0;10;0;15.0;0.0;2.0;0.0;A01
201800030967;0.0;7;0;0.0;2.0;2.0;15.0;A01
201800030967;0.0;33;0;0.0;2.0;1.0;1.0;B01
201800030968;0.0;7;0;0.0;2.0;2.0;15.0;A01
201800030968;0.0;1;0;0.0;2.0;1.0;1.0;B01
201800030969;2.0;7;0;2.0;0.0;2.0;1.0;A01
201800030970;0.0;7;0;0.0;2.0;6.0;1.0;A01
201800030970;0.0;7;0;0.0;2.0;1.0;1.0;B01
201800030971;0.0;7;0;0.0;1.0;1.0;1.0;A01
201800030972;2.0;7;0;0.0;2.0;3.0;1.0;B01
201800030972;0.0;10;0;0.0;2.0;3.0;5.0;A01
201800030973;1.0;7;0;0.0;2.0;3.0;1.0;A01
201800030973;2.0;7;0;0.0;2.0;8.0;15.0;B01
201800030974;1.0;7;0;1.0;0.0;2.0;14.0;A01
201800030975;1.0;7;0;0.0;2.0;4.0;1.0;B01
201800030975;1.0;7;0;0.0;2.0;1.0;2.0;A01
201800030976;0.0;7;0;0.0;2.0;2.0;9.0;A01
201800030976;0.0;7;0;0.0;2.0;3.0;1.0;B01
201800030977;0.0;1;0;0.0;2.0;1.0;1.0;B01
201800030977;0.0;7;0;0.0;2.0;1.0;15.0;A01
201800030978;2.0;7;0;0.0;1.0;1.0;1.0;A01
201800030979;2.0;10;0;0.0;2.0;3.0;16.0;A01
201800030979;2.0;7;0;0.0;2.0;4.0;16.0;B01
201800030980;2.0;7;0;0.0;2.0;1.0;1.0;B01
201800030980;1.0;3;0;0.0;2.0;1.0;13.0;A01
201800030981;1.0;31;0;0.0;2.0;7.0;6.0;B01
201800030981;1.0;7;0;0.0;2.0;1.0;6.0;A01
201800030982;1.0;30;0;0.0;1.0;1.0;1.0;A01
201800030983;1.0;7;0;0.0;2.0;1.0;1.0;B01
201800030983;0.0;30;0;0.0;2.0;3.0;1.0;A01
201800030984;0.0;30;0;0.0;2.0;1.0;1.0;B01
201800030984;0.0;7;0;0.0;2.0;3.0;15.0;A01
201800030985;0.0;7;0;0.0;2.0;3.0;1.0;B01
201800030985;0.0;30;0;0.0;2.0;8.0;13.0;A01
201800030986;1.0;30;0;0.0;2.0;1.0;2.0;A01
201800030986;1.0;7;0;0.0;2.0;4.0;1.0;B01
201800030987;1.0;31;0;0.0;2.0;1.0;1.0;B01
201800030987;2.0;7;0;0.0;2.0;1.0;15.0;A01
201800030988;1.0;7;0;0.0;2.0;1.0;13.0;A01
201800030988;2.0;30;0;0.0;2.0;3.0;11.0;B01
201800030988;2.0;10;0;0.0;2.0;8.0;1.0;D01
201800030988;1.0;7;0;0.0;2.0;3.0;1.0;C01
201800030989;2.0;7;0;0.0;2.0;3.0;19.0;A01
201800030989;1.0;33;0;0.0;2.0;1.0;1.0;B01
201800030990;1.0;7;0;0.0;2.0;2.0;1.0;A01
201800030990;2.0;7;0;0.0;2.0;1.0;1.0;C01
201800030990;1.0;7;0;0.0;2.0;6.0;15.0;B01
201800030991;2.0;7;0;0.0;2.0;1.0;2.0;A01
201800030991;2.0;2;0;0.0;2.0;4.0;1.0;B01
201800030992;1.0;7;0;0.0;2.0;4.0;2.0;B01
201800030992;1.0;33;0;0.0;2.0;1.0;2.0;A01
201800030993;1.0;7;0;0.0;2.0;3.0;1.0;C01
201800030993;2.0;2;0;0.0;2.0;2.0;17.0;A01
201800030993;2.0;7;0;0.0;2.0;8.0;2.0;B01
201800030994;1.0;7;0;0.0;2.0;8.0;15.0;A01
201800030994;2.0;7;0;0.0;2.0;7.0;1.0;B01
201800030995;0.0;1;0;0.0;2.0;1.0;19.0;A01
201800030995;0.0;1;0;0.0;2.0;1.0;1.0;B01
201800030996;1.0;2;0;0.0;2.0;1.0;19.0;A01
201800030996;2.0;2;0;0.0;2.0;1.0;1.0;B01
201800030997;0.0;10;0;0.0;1.0;6.0;5.0;A01
201800030998;1.0;1;0;0.0;2.0;1.0;2.0;A01
201800030998;1.0;7;0;0.0;2.0;4.0;1.0;B01
201800030999;1.0;7;0;0.0;1.0;1.0;1.0;A01
201800031000;2.0;2;0;0.0;2.0;1.0;2.0;A01
201800031000;2.0;7;0;0.0;2.0;6.0;1.0;B01
201800031001;0.0;7;0;0.0;1.0;1.0;16.0;A01
201800031002;0.0;16;0;0.0;1.0;4.0;4.0;A01
201800031003;0.0;33;0;0.0;2.0;1.0;1.0;B01
201800031003;0.0;7;0;0.0;2.0;2.0;15.0;A01
201800031004;2.0;7;0;0.0;2.0;4.0;2.0;B01
201800031004;2.0;7;0;0.0;2.0;1.0;2.0;A01
201800031005;1.0;7;0;0.0;2.0;3.0;1.0;B01
201800031005;2.0;7;0;12.0;2.0;1.0;1.0;A01
201800031006;1.0;2;0;0.0;2.0;1.0;2.0;A01
201800031006;1.0;7;0;0.0;2.0;4.0;2.0;B01
201800031007;2.0;33;0;0.0;2.0;0.0;21.0;A01
201800031007;1.0;38;1;0.0;2.0;1.0;1.0;B01
201800031008;2.0;7;0;0.0;2.0;5.0;9.0;A01
201800031008;2.0;7;0;0.0;2.0;3.0;1.0;B01
201800031009;0.0;33;0;0.0;2.0;1.0;2.0;A01
201800031009;0.0;7;0;0.0;2.0;3.0;15.0;B01
201800031010;1.0;7;0;0.0;2.0;1.0;1.0;A01
201800031010;2.0;2;0;0.0;2.0;1.0;1.0;B01
201800031011;2.0;7;0;0.0;2.0;7.0;15.0;A01
201800031011;2.0;1;0;0.0;2.0;1.0;1.0;B01
201800031012;1.0;31;0;0.0;2.0;0.0;2.0;C01
201800031012;1.0;33;0;0.0;2.0;1.0;2.0;A01
201800031012;1.0;2;0;0.0;2.0;4.0;11.0;B01
201800031013;1.0;3;0;0.0;2.0;8.0;15.0;A01
201800031013;1.0;32;0;0.0;2.0;1.0;17.0;B01
201800031014;1.0;7;0;0.0;1.0;0.0;0.0;Z01
201800031015;1.0;7;0;0.0;2.0;6.0;11.0;A01
201800031015;1.0;31;0;0.0;2.0;2.0;0.0;B01
201800031016;2.0;30;0;0.0;2.0;1.0;0.0;A01
201800031016;2.0;7;0;0.0;2.0;1.0;1.0;B01
201800031017;0.0;7;0;0.0;1.0;4.0;4.0;A01
201800031018;1.0;1;0;0.0;2.0;1.0;1.0;A01
201800031018;1.0;13;0;0.0;2.0;4.0;23.0;B01
201800031019;1.0;7;0;0.0;2.0;7.0;16.0;A01
201800031019;1.0;7;0;0.0;2.0;8.0;18.0;B01
201800031020;0.0;31;0;0.0;2.0;2.0;9.0;A01
201800031020;0.0;7;0;0.0;2.0;3.0;1.0;B01
201800031021;0.0;10;0;0.0;2.0;3.0;16.0;A01
201800031021;0.0;31;0;0.0;2.0;2.0;1.0;B01
201800031022;0.0;7;0;0.0;1.0;2.0;1.0;A01
201800031023;1.0;7;0;0.0;2.0;4.0;2.0;B01
201800031023;1.0;33;0;0.0;2.0;1.0;2.0;A01
201800031024;1.0;7;0;0.0;2.0;8.0;22.0;A01
201800031024;1.0;1;0;1.0;0.0;1.0;1.0;B01
201800031025;2.0;7;0;0.0;2.0;1.0;14.0;A01
201800031025;1.0;33;0;0.0;2.0;1.0;0.0;B01
201800031026;0.0;7;0;0.0;1.0;4.0;4.0;A01
201800031027;1.0;7;0;0.0;2.0;3.0;9.0;A01
201800031027;1.0;31;0;0.0;2.0;1.0;1.0;B01
201800031028;1.0;7;0;0.0;2.0;4.0;2.0;B01
201800031028;1.0;7;0;0.0;2.0;1.0;2.0;A01
201800031029;0.0;30;0;0.0;2.0;1.0;1.0;B01
201800031029;0.0;1;0;0.0;2.0;1.0;13.0;A01
201800031030;2.0;2;0;0.0;2.0;1.0;2.0;A01
201800031030;2.0;7;0;0.0;2.0;4.0;2.0;B01
201800031031;1.0;30;0;0.0;2.0;1.0;2.0;A01
201800031031;1.0;31;0;0.0;2.0;4.0;2.0;B01
201800031032;0.0;7;0;0.0;2.0;3.0;15.0;B01
201800031032;1.0;1;0;0.0;2.0;1.0;17.0;A01
201800031033;1.0;10;0;0.0;2.0;1.0;2.0;A01
201800031033;1.0;7;0;0.0;2.0;4.0;2.0;B01
201800031034;1.0;7;0;0.0;1.0;1.0;15.0;A01
201800031035;0.0;30;0;0.0;1.0;0.0;1.0;A01
201800031036;2.0;7;0;0.0;2.0;4.0;2.0;C01
201800031036;2.0;7;0;0.0;2.0;1.0;2.0;A01
201800031036;2.0;7;0;0.0;2.0;4.0;2.0;B01
201800031037;2.0;7;0;0.0;2.0;1.0;2.0;A01
201800031037;2.0;2;0;0.0;2.0;4.0;2.0;B01
201800031038;2.0;7;0;0.0;2.0;4.0;2.0;C01
201800031038;2.0;7;0;0.0;2.0;4.0;2.0;B01
201800031038;2.0;7;0;0.0;2.0;1.0;2.0;A01
201800031039;1.0;13;0;0.0;2.0;1.0;0.0;A01
201800031039;1.0;13;0;0.0;2.0;1.0;1.0;B01
201800031040;1.0;30;0;0.0;2.0;1.0;2.0;A01
201800031040;1.0;7;0;0.0;2.0;4.0;2.0;B01
201800031041;2.0;7;0;0.0;2.0;2.0;1.0;B01
201800031041;1.0;7;0;0.0;2.0;3.0;13.0;A01
201800031042;1.0;33;0;0.0;2.0;7.0;17.0;A01
201800031042;1.0;7;0;0.0;2.0;0.0;0.0;B01
201800031043;1.0;7;0;0.0;2.0;1.0;2.0;A01
201800031043;1.0;7;0;0.0;2.0;4.0;2.0;B01
201800031044;2.0;7;0;0.0;2.0;3.0;1.0;B01
201800031044;1.0;7;0;0.0;2.0;3.0;13.0;A01
201800031045;2.0;7;0;0.0;2.0;3.0;17.0;B01
201800031045;2.0;7;0;0.0;2.0;8.0;15.0;A01
201800031046;2.0;7;0;13.0;0.0;0.0;13.0;A01
201800031047;1.0;10;0;0.0;1.0;1.0;1.0;A01
201800031048;2.0;10;0;0.0;2.0;5.0;12.0;A01
201800031048;2.0;33;0;0.0;2.0;8.0;1.0;B01
201800031049;0.0;7;0;0.0;1.0;3.0;1.0;A01
201800031050;2.0;33;0;0.0;5.0;1.0;1.0;A01
201800031051;2.0;1;0;0.0;5.0;1.0;1.0;A01
201800031052;1.0;7;0;0.0;2.0;3.0;19.0;A01
201800031052;2.0;2;0;0.0;2.0;1.0;1.0;B01
201800031053;2.0;32;0;0.0;2.0;2.0;0.0;A01
201800031053;2.0;32;0;0.0;2.0;1.0;18.0;B01
201800031054;0.0;2;0;0.0;2.0;1.0;1.0;B01
201800031054;0.0;7;0;0.0;2.0;3.0;19.0;A01
201800031055;1.0;31;0;0.0;2.0;1.0;1.0;B01
201800031055;1.0;7;0;0.0;2.0;3.0;9.0;A01
201800031056;0.0;34;0;0.0;2.0;1.0;1.0;B01
201800031056;0.0;7;0;0.0;2.0;1.0;15.0;A01
201800031057;1.0;7;0;0.0;2.0;3.0;1.0;B01
201800031057;2.0;7;0;0.0;2.0;2.0;19.0;A01
201800031058;1.0;33;0;0.0;2.0;7.0;2.0;A01
201800031058;1.0;33;0;0.0;2.0;6.0;2.0;B01
201800031059;1.0;33;0;0.0;0.0;0.0;17.0;A01
201800031060;1.0;10;0;0.0;2.0;1.0;1.0;A01
201800031060;1.0;7;0;0.0;2.0;4.0;1.0;B01
201800031061;0.0;7;0;0.0;1.0;4.0;5.0;A01
201800031062;2.0;7;0;0.0;2.0;1.0;2.0;A01
201800031062;2.0;7;0;0.0;2.0;4.0;2.0;D01
201800031062;2.0;33;0;0.0;2.0;9.0;2.0;B01
201800031062;2.0;7;0;0.0;2.0;9.0;2.0;C01
201800031063;1.0;7;0;0.0;2.0;1.0;11.0;A01
201800031063;2.0;2;0;0.0;2.0;7.0;1.0;B01
201800031064;1.0;32;0;0.0;2.0;1.0;17.0;A01
201800031064;2.0;33;0;0.0;2.0;1.0;1.0;B01
201800031065;2.0;30;0;0.0;2.0;1.0;2.0;A01
201800031065;2.0;7;0;0.0;2.0;4.0;2.0;B01
201800031066;2.0;31;0;0.0;1.0;1.0;1.0;A01
201800031067;2.0;7;0;0.0;2.0;4.0;2.0;B01
201800031067;2.0;7;0;0.0;2.0;1.0;2.0;A01
201800031068;1.0;7;0;0.0;2.0;1.0;2.0;A01
201800031068;1.0;7;0;0.0;2.0;5.0;2.0;B01
201800031068;1.0;10;0;0.0;2.0;4.0;2.0;C01
201800031069;1.0;1;0;0.0;2.0;4.0;2.0;B01
201800031069;1.0;10;0;0.0;2.0;1.0;2.0;A01
201800031070;0.0;33;0;0.0;2.0;1.0;13.0;A01
201800031070;2.0;7;0;0.0;2.0;2.0;1.0;B01
201800031071;1.0;10;0;0.0;2.0;2.0;1.0;A01
201800031071;1.0;7;0;0.0;2.0;4.0;1.0;B01
201800031071;1.0;7;0;0.0;0.0;4.0;1.0;C01
201800031072;0.0;7;0;0.0;2.0;1.0;15.0;A01
201800031072;0.0;2;0;0.0;2.0;1.0;1.0;B01
201800031073;0.0;7;0;0.0;2.0;1.0;5.0;A01
201800031073;0.0;1;0;0.0;2.0;1.0;1.0;B01
201800031074;2.0;7;0;0.0;2.0;4.0;1.0;B01
201800031074;2.0;10;0;0.0;2.0;4.0;1.0;C01
201800031074;2.0;7;0;0.0;2.0;1.0;2.0;A01
201800031075;0.0;7;0;0.0;1.0;1.0;1.0;A01
201800031076;2.0;7;0;0.0;0.0;0.0;1.0;A01
201800031077;1.0;7;0;0.0;2.0;4.0;1.0;C01
201800031077;1.0;7;0;0.0;2.0;1.0;1.0;A01
201800031077;1.0;7;0;0.0;2.0;4.0;2.0;B01
201800031078;0.0;7;0;0.0;2.0;3.0;15.0;B01
201800031078;0.0;2;0;1.0;2.0;2.0;17.0;A01
201800031079;1.0;7;0;0.0;1.0;1.0;1.0;A01
201800031080;1.0;7;0;0.0;2.0;4.0;2.0;B01
201800031080;2.0;7;0;0.0;2.0;1.0;1.0;A01
201800031081;2.0;7;0;0.0;0.0;0.0;0.0;A01
201800031082;1.0;7;0;0.0;2.0;5.0;2.0;A01
201800031082;1.0;2;0;0.0;2.0;8.0;18.0;B01
201800031083;1.0;7;0;0.0;2.0;3.0;16.0;A01
201800031083;2.0;2;0;0.0;2.0;3.0;1.0;B01
201800031084;1.0;30;0;0.0;2.0;3.0;13.0;A01
201800031084;2.0;7;0;0.0;2.0;8.0;1.0;B01
201800031085;1.0;31;0;1.0;0.0;0.0;1.0;A01
201800031085;2.0;7;0;0.0;2.0;5.0;24.0;B01
201800031086;0.0;2;0;0.0;2.0;1.0;13.0;A01
201800031086;0.0;33;0;0.0;2.0;1.0;1.0;B01
201800031087;2.0;2;0;0.0;2.0;1.0;1.0;B01
201800031087;0.0;7;0;0.0;2.0;3.0;15.0;A01
201800031088;2.0;7;0;0.0;1.0;1.0;1.0;Z01
201800031089;2.0;33;0;0.0;0.0;0.0;2.0;B01
201800031089;2.0;7;0;0.0;0.0;0.0;15.0;A01
201800031089;2.0;31;0;0.0;6.0;0.0;1.0;C01
201800031090;2.0;17;0;0.0;2.0;3.0;1.0;B01
201800031090;1.0;7;0;0.0;2.0;1.0;13.0;A01
201800031091;1.0;30;0;0.0;2.0;1.0;1.0;A01
201800031091;2.0;7;0;0.0;2.0;0.0;4.0;Z01
201800031092;2.0;30;0;0.0;2.0;1.0;2.0;A01
201800031092;1.0;7;0;0.0;2.0;4.0;1.0;B01
201800031093;1.0;7;0;0.0;2.0;5.0;15.0;A01
201800031093;2.0;33;0;0.0;2.0;1.0;1.0;B01
201800031094;2.0;7;0;0.0;2.0;5.0;15.0;C01
201800031094;2.0;7;0;0.0;2.0;0.0;23.0;B01
201800031094;2.0;7;0;0.0;2.0;1.0;2.0;A01
201800031095;1.0;7;0;0.0;1.0;5.0;1.0;A01
201800031096;2.0;2;0;0.0;2.0;0.0;13.0;A01
201800031096;1.0;7;0;0.0;2.0;8.0;1.0;B01
201800031097;1.0;7;0;0.0;2.0;4.0;15.0;B01
201800031097;1.0;7;0;0.0;2.0;1.0;1.0;A01
201800031098;2.0;7;0;0.0;1.0;2.0;0.0;A01
201800031099;2.0;7;0;0.0;1.0;2.0;1.0;A01
201800031100;0.0;1;0;0.0;1.0;1.0;13.0;A01
201800031101;2.0;10;0;0.0;1.0;2.0;1.0;A01
201800031102;2.0;1;0;0.0;2.0;1.0;18.0;B01
201800031102;2.0;7;0;1.0;0.0;2.0;1.0;A01
201800031103;2.0;10;0;0.0;2.0;1.0;1.0;A01
201800031103;2.0;7;0;0.0;2.0;4.0;23.0;B01
201800031104;2.0;14;0;0.0;2.0;3.0;16.0;A01
201800031104;0.0;1;0;0.0;2.0;1.0;0.0;B01
201800031105;1.0;7;0;0.0;1.0;1.0;1.0;A01
201800031106;2.0;7;0;0.0;2.0;1.0;1.0;A01
201800031106;2.0;7;0;0.0;2.0;4.0;1.0;B01
201800031107;0.0;30;0;0.0;6.0;3.0;9.0;A01
201800031107;2.0;1;0;0.0;2.0;2.0;0.0;B01
201800031108;1.0;7;0;0.0;2.0;4.0;2.0;B01
201800031108;1.0;7;0;0.0;2.0;1.0;2.0;A01
201800031109;1.0;7;0;0.0;1.0;1.0;12.0;A01
201800031110;2.0;7;0;6.0;2.0;9.0;0.0;A01
201800031111;1.0;33;0;0.0;2.0;1.0;1.0;B01
201800031111;2.0;7;0;0.0;2.0;2.0;15.0;A01
201800031112;2.0;99;0;0.0;2.0;1.0;1.0;A01
201800031112;2.0;7;0;0.0;2.0;8.0;1.0;B01
201800031113;2.0;7;0;0.0;1.0;2.0;1.0;A01
201800031114;2.0;7;0;0.0;2.0;6.0;1.0;B01
201800031114;2.0;30;0;0.0;2.0;1.0;1.0;A01
201800031115;0.0;7;0;0.0;2.0;2.0;10.0;A01
201800031115;0.0;33;0;0.0;2.0;1.0;1.0;B01
201800031116;2.0;33;0;0.0;2.0;1.0;1.0;B01
201800031116;1.0;7;0;0.0;2.0;3.0;10.0;A01
201800031117;2.0;7;0;0.0;1.0;2.0;17.0;A01
201800031118;1.0;10;0;0.0;1.0;3.0;15.0;A01
201800031119;0.0;7;0;0.0;1.0;4.0;4.0;A01
201800031120;2.0;7;0;0.0;2.0;7.0;1.0;C01
201800031120;2.0;7;0;0.0;2.0;4.0;2.0;D01
201800031120;2.0;7;0;0.0;2.0;1.0;1.0;A01
201800031120;2.0;7;0;0.0;2.0;5.0;2.0;B01
201800031121;2.0;7;0;4.0;0.0;9.0;11.0;A01
201800031122;1.0;7;0;0.0;1.0;2.0;1.0;A01
201800031123;0.0;7;0;1.0;0.0;1.0;13.0;A01
201800031123;0.0;37;1;0.0;2.0;1.0;24.0;B01
201800031124;1.0;7;0;0.0;2.0;1.0;1.0;B01
201800031124;2.0;7;0;0.0;2.0;1.0;15.0;A01
201800031125;0.0;1;0;0.0;2.0;3.0;5.0;A01
201800031125;0.0;7;0;0.0;2.0;1.0;1.0;B01
201800031126;0.0;7;0;1.0;2.0;4.0;15.0;B01
201800031126;0.0;7;0;0.0;2.0;8.0;19.0;C01
201800031126;0.0;31;0;0.0;2.0;1.0;2.0;A01
201800031127;1.0;1;0;0.0;2.0;2.0;15.0;B01
201800031127;1.0;7;0;0.0;2.0;3.0;1.0;A01
201800031128;0.0;7;0;0.0;2.0;2.0;15.0;A01
201800031128;0.0;30;0;0.0;2.0;8.0;1.0;B01
201800031129;2.0;7;0;0.0;2.0;2.0;15.0;A01
201800031129;1.0;2;0;0.0;2.0;1.0;1.0;B01
201800031130;2.0;33;0;0.0;2.0;1.0;1.0;B01
201800031130;0.0;7;0;0.0;2.0;1.0;19.0;A01
201800031131;0.0;37;3;3.0;2.0;7.0;14.0;A01
201800031131;0.0;37;1;0.0;2.0;7.0;1.0;B01
201800031132;2.0;7;0;0.0;2.0;4.0;16.0;A01
201800031132;1.0;1;0;0.0;2.0;5.0;19.0;B01
201800031133;2.0;7;0;15.0;0.0;1.0;14.0;A01
201800031134;0.0;7;0;0.0;1.0;2.0;14.0;A01
201800031135;1.0;2;0;0.0;2.0;1.0;1.0;B01
201800031135;2.0;7;0;0.0;2.0;2.0;15.0;A01
201800031136;2.0;33;0;0.0;2.0;1.0;1.0;B01
201800031136;0.0;7;0;0.0;2.0;5.0;9.0;A01
201800031137;0.0;7;0;0.0;2.0;2.0;1.0;B01
201800031137;0.0;7;0;6.0;2.0;2.0;13.0;A01
201800031138;0.0;7;0;0.0;2.0;1.0;5.0;A01
201800031138;0.0;7;0;6.0;2.0;8.0;1.0;B01
201800031139;1.0;7;0;0.0;1.0;1.0;1.0;A01
201800031140;2.0;7;0;0.0;2.0;2.0;15.0;A01
201800031140;0.0;10;0;0.0;2.0;2.0;1.0;B01
201800031141;2.0;7;0;16.0;1.0;2.0;19.0;A01
201800031142;2.0;7;0;0.0;2.0;2.0;15.0;A01
201800031142;;1;0;0.0;2.0;8.0;19.0;B01
201800031143;2.0;7;0;1.0;0.0;1.0;0.0;A01
201800031144;1.0;7;0;13.0;0.0;1.0;1.0;A01
201800031145;1.0;7;0;2.0;0.0;1.0;21.0;A01
201800031146;2.0;33;0;0.0;6.0;1.0;1.0;A01
201800031147;2.0;20;0;0.0;0.0;5.0;15.0;B01
201800031147;2.0;33;0;0.0;2.0;1.0;14.0;A01
201800031148;2.0;7;0;0.0;2.0;1.0;1.0;B01
201800031148;2.0;7;0;0.0;2.0;1.0;17.0;A01
201800031149;2.0;7;0;0.0;2.0;1.0;1.0;B01
201800031149;1.0;7;0;0.0;0.0;1.0;13.0;A01
201800031150;1.0;7;0;13.0;0.0;8.0;13.0;A01
201800031151;1.0;1;0;0.0;0.0;1.0;0.0;A01
201800031152;2.0;10;0;0.0;2.0;8.0;15.0;B01
201800031152;2.0;33;0;0.0;2.0;9.0;17.0;A01
201800031153;1.0;7;0;0.0;2.0;2.0;19.0;A01