Num_Acc;senc;catv;occutc;obs;obsm;choc;manv;num_veh
201800032187;0.0;1;0;0.0;2.0;7.0;1.0;B01
201800032188;1.0;30;0;0.0;2.0;1.0;2.0;B01
201800032188;1.0;7;0;0.0;2.0;5.0;2.0;A01
201800032189;2.0;7;0;0.0;1.0;2.0;1.0;A01
201800032190;2.0;30;0;0.0;2.0;1.0;18.0;B01
201800032190;1.0;7;0;0.0;6.0;5.0;15.0;A01
201800032191;1.0;1;0;;;;;B01
201800032191;1.0;7;0;0.0;2.0;;;A01
201800032192;2.0;99;0;0.0;2.0;7.0;1.0;B01
201800032192;2.0;7;0;0.0;6.0;1.0;9.0;A01
201800032193;1.0;7;0;0.0;2.0;3.0;15.0;A01
201800032193;2.0;2;0;0.0;2.0;8.0;21.0;B01
201800032194;0.0;7;0;0.0;1.0;2.0;21.0;A01
201800032195;1.0;7;0;1.0;0.0;7.0;1.0;A01
201800032196;1.0;33;0;0.0;2.0;1.0;1.0;A01
201800032196;2.0;7;0;0.0;2.0;3.0;10.0;B01
201800032197;1.0;7;0;0.0;2.0;1.0;9.0;A01
201800032197;1.0;2;0;0.0;2.0;5.0;15.0;B01
201800032198;1.0;7;0;0.0;2.0;1.0;1.0;B01
201800032198;2.0;7;0;0.0;2.0;2.0;15.0;A01
201800032199;2.0;30;0;0.0;2.0;0.0;0.0;B01
201800032199;2.0;7;0;0.0;2.0;2.0;19.0;A01
201800032200;1.0;33;0;4.0;2.0;1.0;1.0;A01
201800032200;1.0;7;0;0.0;2.0;8.0;1.0;B01
201800032201;2.0;10;0;0.0;1.0;2.0;1.0;A01
201800032202;2.0;7;0;0.0;2.0;5.0;2.0;A01
201800032202;2.0;31;0;0.0;2.0;1.0;1.0;B01
201800032203;1.0;7;0;;;;;A01
201800032203;1.0;7;0;;;;;B01
201800032204;2.0;31;0;0.0;2.0;7.0;11.0;B01
201800032204;1.0;7;0;0.0;2.0;6.0;11.0;A01
201800032205;0.0;7;0;0.0;2.0;6.0;15.0;A01
201800032205;0.0;33;0;15.0;2.0;1.0;17.0;B01
201800032206;0.0;7;0;0.0;2.0;1.0;16.0;A01
201800032206;0.0;7;0;0.0;2.0;3.0;1.0;B01
201800032207;0.0;21;0;0.0;9.0;6.0;1.0;A01
201800032207;0.0;30;0;0.0;2.0;8.0;16.0;B01
201800032208;1.0;7;0;0.0;2.0;1.0;13.0;A01
201800032208;2.0;7;0;0.0;2.0;1.0;1.0;B01
201800032209;1.0;7;0;0.0;2.0;3.0;15.0;A01
201800032209;2.0;33;0;0.0;2.0;3.0;0.0;B01
201800032210;0.0;7;0;0.0;2.0;2.0;15.0;A01
201800032210;0.0;1;0;0.0;2.0;1.0;1.0;B01
201800032211;1.0;7;0;0.0;0.0;0.0;17.0;A01
201800032211;2.0;7;0;0.0;0.0;0.0;1.0;B01
201800032212;1.0;7;0;0.0;2.0;2.0;2.0;A01
201800032212;1.0;7;0;0.0;2.0;4.0;2.0;B01
201800032212;1.0;7;0;0.0;2.0;5.0;2.0;C01
201800032213;2.0;7;0;0.0;1.0;2.0;1.0;A01
201800032214;1.0;7;0;0.0;2.0;1.0;1.0;A01
201800032214;0.0;7;0;0.0;2.0;3.0;15.0;B01
201800032215;1.0;7;0;0.0;0.0;8.0;0.0;A01
201800032215;2.0;7;0;0.0;2.0;1.0;1.0;B01
201800032216;2.0;33;0;0.0;6.0;1.0;1.0;A01
201800032217;2.0;7;0;0.0;2.0;2.0;15.0;A01
201800032217;1.0;7;0;0.0;2.0;7.0;1.0;B01
201800032218;0.0;21;0;0.0;0.0;6.0;1.0;A01
201800032218;0.0;7;0;0.0;2.0;3.0;2.0;B01
201800032219;2.0;7;0;2.0;0.0;2.0;14.0;A01
201800032220;1.0;7;0;0.0;2.0;8.0;13.0;A01
201800032220;1.0;33;0;0.0;2.0;7.0;17.0;B01
201800032221;1.0;7;0;12.0;2.0;1.0;19.0;A01
201800032221;2.0;15;0;0.0;2.0;3.0;23.0;B01
201800032221;1.0;7;0;1.0;0.0;6.0;1.0;C01
201800032222;1.0;1;0;0.0;2.0;1.0;13.0;A01
201800032222;2.0;7;0;0.0;2.0;1.0;1.0;B01
201800032223;0.0;7;0;0.0;2.0;3.0;9.0;A01
201800032223;0.0;7;0;0.0;2.0;0.0;9.0;B01
201800032224;0.0;21;0;0.0;2.0;5.0;14.0;A01
201800032224;0.0;1;0;13.0;2.0;3.0;1.0;B01
201800032225;1.0;7;0;0.0;2.0;2.0;1.0;B01
201800032225;1.0;7;0;0.0;2.0;2.0;19.0;A01
201800032226;2.0;7;0;0.0;1.0;1.0;2.0;A01
201800032227;1.0;10;0;0.0;2.0;2.0;1.0;A01
201800032227;1.0;7;0;0.0;2.0;8.0;1.0;B01
201800032228;1.0;7;0;3.0;0.0;2.0;5.0;A01
201800032228;2.0;7;0;3.0;0.0;2.0;1.0;B01
201800032229;2.0;7;0;0.0;2.0;1.0;21.0;B01
201800032229;2.0;7;0;0.0;2.0;1.0;21.0;C01
201800032229;1.0;7;0;0.0;2.0;1.0;13.0;A01
201800032230;1.0;7;0;0.0;2.0;3.0;13.0;A01
201800032230;2.0;7;0;0.0;0.0;3.0;1.0;B01
201800032230;2.0;7;0;0.0;0.0;0.0;1.0;C01
201800032231;1.0;7;0;15.0;0.0;1.0;1.0;A01
201800032232;1.0;7;0;0.0;2.0;1.0;2.0;A01
201800032232;1.0;7;0;0.0;2.0;4.0;23.0;B01
201800032233;1.0;7;0;0.0;0.0;4.0;0.0;A01
201800032233;1.0;7;0;0.0;0.0;1.0;0.0;B01
201800032234;2.0;7;0;0.0;2.0;3.0;15.0;A01
201800032234;1.0;1;0;0.0;2.0;8.0;1.0;B01
201800032235;2.0;31;0;0.0;2.0;1.0;2.0;A01
201800032235;2.0;7;0;0.0;2.0;3.0;15.0;B01
201800032236;2.0;7;0;0.0;9.0;3.0;1.0;A01
201800032236;1.0;1;0;0.0;2.0;1.0;6.0;B01
201800032237;1.0;15;0;0.0;1.0;1.0;20.0;A01
201800032238;1.0;7;0;0.0;2.0;1.0;2.0;A01
201800032238;1.0;7;0;0.0;2.0;4.0;23.0;B01
201800032239;1.0;7;0;0.0;2.0;1.0;13.0;A01
201800032239;2.0;7;0;0.0;2.0;1.0;1.0;B01
201800032240;2.0;33;0;0.0;2.0;5.0;1.0;B01
201800032240;2.0;7;0;0.0;2.0;2.0;15.0;A01
201800032241;1.0;7;0;0.0;2.0;1.0;0.0;B01
201800032241;2.0;7;0;0.0;2.0;2.0;15.0;A01
201800032242;0.0;7;0;0.0;2.0;1.0;13.0;A01
201800032242;0.0;7;0;0.0;2.0;1.0;1.0;B01
201800032243;1.0;7;0;0.0;2.0;3.0;23.0;A01
201800032243;2.0;7;0;0.0;2.0;0.0;0.0;B01
201800032244;2.0;13;0;0.0;2.0;1.0;1.0;A01
201800032244;2.0;1;0;0.0;2.0;8.0;19.0;B01
201800032245;2.0;7;0;11.0;0.0;1.0;13.0;A01
201800032246;0.0;7;0;15.0;0.0;3.0;1.0;A01
201800032247;2.0;20;0;0.0;2.0;1.0;2.0;A01
201800032247;2.0;20;0;0.0;2.0;4.0;2.0;B01
201800032247;2.0;20;0;0.0;0.0;4.0;2.0;C01
201800032248;0.0;7;0;0.0;2.0;1.0;19.0;A01
201800032248;1.0;36;0;0.0;2.0;8.0;12.0;B01
201800032249;2.0;20;0;0.0;2.0;1.0;1.0;A01
201800032249;2.0;20;0;0.0;0.0;4.0;1.0;B01
201800032250;1.0;15;0;0.0;2.0;5.0;15.0;A01
201800032250;2.0;33;0;0.0;2.0;0.0;1.0;B01
201800032251;0.0;7;0;0.0;2.0;3.0;15.0;A01
201800032251;0.0;33;0;0.0;2.0;7.0;1.0;B01
201800032252;2.0;7;0;0.0;2.0;3.0;1.0;B01
201800032252;1.0;7;0;1.0;2.0;3.0;13.0;A01
201800032253;1.0;7;0;0.0;2.0;2.0;15.0;A01
201800032253;2.0;2;0;0.0;2.0;1.0;1.0;B01
201800032254;1.0;7;0;2.0;0.0;1.0;1.0;A01
201800032255;1.0;10;0;0.0;2.0;4.0;2.0;A01
201800032255;1.0;10;0;0.0;2.0;1.0;2.0;B01
201800032256;0.0;7;0;0.0;2.0;1.0;6.0;A01
201800032256;0.0;37;3;0.0;2.0;3.0;1.0;B01
201800032257;1.0;7;0;0.0;2.0;7.0;15.0;A01
201800032257;1.0;7;0;0.0;2.0;1.0;1.0;B01
201800032258;1.0;1;0;2.0;2.0;1.0;0.0;A01
201800032258;1.0;7;0;0.0;6.0;2.0;1.0;B01
201800032259;0.0;7;0;0.0;2.0;1.0;1.0;A01
201800032259;0.0;1;0;0.0;0.0;0.0;0.0;B01
201800032260;2.0;7;0;0.0;2.0;7.0;17.0;A01
201800032260;2.0;10;0;0.0;2.0;3.0;15.0;B01
201800032261;1.0;31;0;0.0;2.0;1.0;0.0;A01
201800032261;1.0;10;0;0.0;2.0;8.0;9.0;B01
201800032262;0.0;7;0;0.0;1.0;4.0;24.0;A01
201800032263;2.0;7;0;0.0;2.0;8.0;15.0;A01
201800032263;2.0;7;0;0.0;2.0;1.0;1.0;B01
201800032264;1.0;7;0;0.0;1.0;2.0;1.0;A01
201800032265;1.0;7;0;2.0;0.0;1.0;1.0;A01
201800032266;2.0;3;0;0.0;2.0;3.0;16.0;A01
201800032266;1.0;10;0;0.0;2.0;8.0;0.0;B01
201800032267;2.0;7;0;14.0;0.0;1.0;7.0;A01
201800032267;2.0;7;0;0.0;2.0;4.0;15.0;B01
201800032268;1.0;99;0;0.0;2.0;7.0;15.0;B01
201800032268;1.0;7;0;0.0;9.0;1.0;9.0;A01
201800032269;0.0;7;0;0.0;1.0;3.0;15.0;A01
201800032270;1.0;7;0;0.0;1.0;1.0;15.0;A01
201800032271;2.0;7;0;0.0;2.0;3.0;1.0;B01
201800032271;1.0;7;0;0.0;2.0;3.0;13.0;A01
201800032272;1.0;7;0;0.0;2.0;1.0;1.0;A01
201800032272;2.0;7;0;0.0;2.0;1.0;15.0;B01
201800032273;2.0;7;0;0.0;2.0;1.0;1.0;B01
201800032273;1.0;7;0;0.0;2.0;1.0;13.0;A01
201800032274;1.0;7;0;0.0;2.0;1.0;0.0;A01
201800032274;1.0;7;0;0.0;2.0;4.0;23.0;B01
201800032274;1.0;7;0;0.0;2.0;6.0;0.0;C01
201800032275;0.0;7;0;0.0;2.0;4.0;23.0;C01
201800032275;0.0;7;0;0.0;2.0;1.0;2.0;A01
201800032275;0.0;7;0;0.0;2.0;9.0;23.0;B01
201800032276;1.0;10;0;0.0;2.0;0.0;0.0;A01
201800032276;1.0;7;0;0.0;2.0;4.0;0.0;C01
201800032276;1.0;7;0;0.0;2.0;0.0;0.0;B01
201800032277;1.0;7;0;0.0;2.0;8.0;15.0;A01
201800032277;1.0;30;0;0.0;2.0;1.0;15.0;B01
201800032278;1.0;7;0;0.0;1.0;2.0;0.0;A01
201800032279;2.0;7;0;0.0;1.0;1.0;0.0;A01
201800032280;1.0;1;0;0.0;2.0;8.0;0.0;B01
201800032280;2.0;7;0;0.0;2.0;2.0;1.0;A01
201800032281;2.0;10;0;6.0;0.0;1.0;1.0;A01
201800032282;1.0;10;0;1.0;0.0;2.0;2.0;A01
201800032283;0.0;1;0;0.0;2.0;4.0;1.0;A01
201800032283;0.0;7;0;0.0;2.0;2.0;1.0;Z01
201800032284;1.0;7;0;0.0;2.0;8.0;19.0;A01
201800032284;1.0;32;0;0.0;2.0;1.0;1.0;B01
201800032285;1.0;7;0;0.0;2.0;7.0;1.0;B01
201800032285;1.0;30;0;0.0;2.0;1.0;19.0;A01
201800032286;2.0;10;0;0.0;1.0;3.0;15.0;A01
201800032287;0.0;10;0;0.0;6.0;3.0;0.0;A01
201800032287;0.0;1;0;0.0;2.0;6.0;19.0;B01
201800032288;1.0;7;0;0.0;2.0;1.0;1.0;A01
201800032288;1.0;7;0;0.0;2.0;4.0;1.0;C01
201800032288;1.0;7;0;14.0;2.0;4.0;1.0;B01
201800032289;0.0;7;0;0.0;2.0;1.0;2.0;A01
201800032289;0.0;1;0;0.0;2.0;4.0;1.0;B01
201800032290;0.0;14;0;0.0;2.0;4.0;4.0;A01
201800032290;0.0;33;0;0.0;2.0;1.0;23.0;B01
201800032291;1.0;7;0;0.0;1.0;1.0;1.0;A01
201800032292;0.0;10;0;0.0;2.0;1.0;15.0;B01
201800032292;0.0;10;0;0.0;2.0;1.0;1.0;A01
201800032293;2.0;10;0;0.0;2.0;1.0;17.0;A01
201800032293;1.0;10;0;0.0;2.0;1.0;1.0;B01
201800032294;0.0;10;0;0.0;2.0;1.0;0.0;A01
201800032294;2.0;10;0;0.0;2.0;2.0;0.0;B01
201800032295;1.0;7;0;0.0;1.0;1.0;16.0;A01
201800032296;0.0;10;0;0.0;2.0;1.0;9.0;B01
201800032296;0.0;30;0;0.0;2.0;7.0;0.0;A01
201800032297;1.0;32;0;14.0;0.0;1.0;13.0;A01
201800032298;2.0;10;0;0.0;1.0;7.0;0.0;A01
201800032299;1.0;10;0;0.0;1.0;1.0;9.0;A01
201800032300;2.0;33;0;0.0;2.0;1.0;1.0;A01
201800032300;2.0;10;0;0.0;2.0;4.0;1.0;B01
201800032301;1.0;7;0;0.0;2.0;1.0;1.0;A01
201800032301;1.0;7;0;0.0;2.0;4.0;1.0;B01
201800032302;0.0;10;0;0.0;1.0;1.0;9.0;A01
201800032303;1.0;10;0;0.0;2.0;2.0;14.0;A01
201800032303;1.0;1;0;0.0;2.0;8.0;0.0;B01
201800032304;1.0;10;0;0.0;2.0;1.0;1.0;C01
201800032304;1.0;7;0;0.0;2.0;1.0;1.0;B01
201800032304;1.0;7;0;0.0;2.0;4.0;1.0;D01
201800032304;1.0;7;0;0.0;2.0;4.0;1.0;A01
201800032304;1.0;7;0;0.0;2.0;4.0;1.0;E01
201800032305;1.0;7;0;0.0;2.0;1.0;9.0;A01
201800032305;1.0;33;0;0.0;2.0;5.0;16.0;B01
201800032306;2.0;1;0;0.0;0.0;0.0;0.0;B01
201800032306;1.0;1;0;0.0;0.0;0.0;0.0;E01
201800032306;2.0;7;0;0.0;0.0;0.0;0.0;A01
201800032306;1.0;1;0;0.0;0.0;0.0;0.0;F01
201800032306;1.0;1;0;0.0;2.0;1.0;0.0;D01
201800032306;1.0;1;0;0.0;0.0;0.0;0.0;C01
201800032307;1.0;7;0;0.0;2.0;2.0;14.0;A01
201800032307;1.0;7;0;0.0;2.0;3.0;9.0;B01
201800032308;1.0;33;0;0.0;2.0;5.0;9.0;B01
201800032308;1.0;7;0;0.0;2.0;1.0;9.0;A01
201800032309;1.0;10;0;0.0;2.0;3.0;9.0;A01
201800032309;0.0;2;0;0.0;2.0;7.0;0.0;B01
201800032310;1.0;7;0;14.0;0.0;2.0;2.0;A01
201800032310;1.0;7;0;0.0;2.0;4.0;23.0;B01
201800032311;1.0;7;0;0.0;2.0;7.0;15.0;A01
201800032311;2.0;33;0;0.0;2.0;1.0;1.0;B01
201800032312;0.0;10;0;0.0;2.0;1.0;15.0;A01
201800032312;2.0;2;0;0.0;2.0;7.0;0.0;B01
201800032313;1.0;7;0;0.0;2.0;1.0;1.0;A01
201800032313;1.0;14;0;0.0;2.0;2.0;2.0;B01
201800032314;1.0;7;0;0.0;2.0;3.0;16.0;A01
201800032314;2.0;33;0;0.0;2.0;7.0;0.0;B01
201800032315;0.0;7;0;0.0;1.0;1.0;16.0;A01
201800032316;2.0;7;0;0.0;2.0;5.0;23.0;B01
201800032316;2.0;30;0;0.0;2.0;1.0;1.0;A01
201800032317;1.0;7;0;0.0;2.0;3.0;1.0;A01
201800032317;0.0;1;0;0.0;2.0;2.0;19.0;B01
201800032318;2.0;10;0;0.0;1.0;2.0;16.0;A01
201800032319;2.0;2;0;0.0;2.0;1.0;17.0;A01
201800032319;2.0;10;0;0.0;2.0;8.0;15.0;B01
201800032320;1.0;7;0;0.0;1.0;1.0;1.0;A01
201800032321;1.0;7;0;1.0;0.0;3.0;1.0;A01
201800032322;0.0;10;0;0.0;1.0;2.0;1.0;A01
201800032323;1.0;33;0;0.0;2.0;5.0;1.0;B01
201800032323;0.0;7;0;0.0;2.0;1.0;15.0;A01
201800032324;1.0;7;0;0.0;2.0;7.0;16.0;A01
201800032324;1.0;14;0;0.0;2.0;2.0;1.0;B01
201800032325;2.0;30;0;1.0;2.0;1.0;17.0;A01
201800032325;2.0;3;0;0.0;2.0;3.0;15.0;B01
201800032326;2.0;7;0;8.0;0.0;2.0;14.0;A01
201800032327;1.0;7;0;9.0;0.0;8.0;14.0;A01
201800032328;1.0;7;0;0.0;2.0;8.0;15.0;B01
201800032328;1.0;7;0;2.0;2.0;2.0;17.0;A01
201800032329;0.0;99;0;0.0;2.0;0.0;0.0;R01
201800032329;1.0;10;0;0.0;2.0;1.0;10.0;Z01
201800032330;1.0;33;0;0.0;2.0;2.0;13.0;A01
201800032330;2.0;7;0;0.0;2.0;2.0;1.0;B01
201800032331;1.0;32;0;0.0;9.0;1.0;13.0;A01
201800032332;1.0;7;0;0.0;1.0;3.0;1.0;A01
201800032333;1.0;7;0;15.0;0.0;2.0;14.0;A01
201800032334;2.0;7;0;0.0;2.0;4.0;23.0;B01
201800032334;2.0;7;0;0.0;2.0;1.0;1.0;A01
201800032335;2.0;7;0;0.0;2.0;1.0;2.0;A01
201800032335;2.0;7;0;0.0;2.0;4.0;2.0;B01
201800032336;0.0;7;0;0.0;2.0;7.0;1.0;B01
201800032336;0.0;32;0;0.0;2.0;1.0;1.0;A01
201800032337;1.0;7;0;0.0;1.0;1.0;18.0;A01
201800032338;2.0;7;0;0.0;1.0;3.0;16.0;A01
201800032339;2.0;7;0;0.0;2.0;1.0;1.0;A01
201800032339;2.0;7;0;0.0;2.0;8.0;1.0;B01
201800032340;1.0;7;0;0.0;2.0;1.0;13.0;A01
201800032340;2.0;7;0;0.0;2.0;3.0;8.0;B01
201800032341;2.0;7;0;15.0;0.0;2.0;1.0;A01
201800032342;1.0;7;0;0.0;2.0;3.0;1.0;B01
201800032342;2.0;30;0;0.0;2.0;2.0;15.0;A01
201800032343;2.0;7;0;0.0;1.0;2.0;21.0;A01
201800032344;2.0;7;0;0.0;1.0;3.0;16.0;A01
201800032345;1.0;7;0;0.0;2.0;1.0;1.0;B01
201800032345;1.0;7;0;0.0;2.0;2.0;15.0;A01
201800032346;1.0;34;0;0.0;2.0;8.0;8.0;B01
201800032346;2.0;7;0;0.0;2.0;1.0;8.0;A01
201800032347;1.0;7;0;0.0;2.0;1.0;7.0;A01
201800032347;1.0;7;0;0.0;2.0;4.0;7.0;B01
201800032348;1.0;7;0;0.0;1.0;1.0;16.0;A01
201800032349;2.0;7;0;12.0;0.0;2.0;1.0;A01
201800032350;1.0;7;0;0.0;1.0;1.0;19.0;A01
201800032351;1.0;7;0;0.0;2.0;3.0;1.0;A01
201800032351;1.0;1;0;0.0;2.0;4.0;19.0;B01
201800032352;1.0;33;0;0.0;2.0;0.0;9.0;B01
201800032352;2.0;7;0;0.0;2.0;3.0;9.0;A01
201800032353;1.0;10;0;0.0;1.0;2.0;7.0;A01
201800032354;2.0;7;0;0.0;2.0;7.0;10.0;A01
201800032354;1.0;7;0;0.0;2.0;1.0;19.0;B01
201800032355;1.0;7;0;0.0;2.0;3.0;15.0;B01
201800032355;1.0;33;0;0.0;2.0;2.0;5.0;A01
201800032356;2.0;7;0;0.0;1.0;1.0;1.0;Z01
201800032357;1.0;7;0;0.0;2.0;3.0;16.0;B01
201800032357;1.0;7;0;0.0;2.0;1.0;1.0;A01
201800032357;2.0;1;0;0.0;2.0;1.0;1.0;C01
201800032358;2.0;1;0;0.0;2.0;5.0;19.0;A01
201800032358;2.0;7;0;0.0;2.0;5.0;16.0;B01
201800032359;2.0;7;0;0.0;1.0;2.0;1.0;A01
201800032360;2.0;7;0;0.0;1.0;1.0;19.0;A01
201800032361;2.0;7;0;0.0;2.0;7.0;17.0;A01
201800032361;2.0;7;0;0.0;2.0;1.0;20.0;B01
201800032362;2.0;7;0;0.0;1.0;3.0;1.0;A01
201800032363;1.0;7;0;0.0;1.0;1.0;7.0;A01
201800032364;1.0;31;0;0.0;2.0;1.0;1.0;B01
201800032364;2.0;7;0;0.0;2.0;3.0;15.0;A01
201800032365;2.0;17;0;0.0;1.0;2.0;20.0;A01
201800032366;2.0;7;0;0.0;2.0;3.0;9.0;A01
201800032366;0.0;1;0;0.0;2.0;7.0;1.0;B01
201800032367;1.0;7;0;0.0;1.0;1.0;15.0;A01
201800032368;2.0;7;0;0.0;1.0;4.0;4.0;A01
201800032369;1.0;7;0;1.0;0.0;2.0;2.0;A01
201800032370;1.0;7;0;8.0;0.0;1.0;21.0;A01
201800032371;1.0;33;0;0.0;2.0;0.0;1.0;B01
201800032371;1.0;7;0;0.0;9.0;1.0;0.0;A01
201800032372;0.0;3;0;0.0;4.0;8.0;6.0;A01
201800032372;0.0;40;0;0.0;2.0;1.0;1.0;B01
201800032373;1.0;7;0;8.0;0.0;2.0;18.0;A01
201800032373;1.0;7;0;0.0;2.0;2.0;2.0;B01
201800032374;1.0;37;0;0.0;1.0;3.0;1.0;A01
201800032375;2.0;7;0;0.0;1.0;6.0;1.0;A01
201800032376;1.0;7;0;0.0;2.0;2.0;15.0;A01
201800032376;2.0;31;0;0.0;2.0;1.0;1.0;B01
201800032377;1.0;7;0;0.0;2.0;1.0;1.0;B01
201800032377;2.0;7;0;0.0;2.0;1.0;13.0;A01
201800032378;1.0;7;0;0.0;1.0;1.0;1.0;A01
201800032379;2.0;7;0;0.0;2.0;2.0;15.0;A01
201800032379;1.0;1;0;0.0;2.0;3.0;1.0;B01
201800032380;1.0;7;0;0.0;2.0;4.0;2.0;Z01
201800032380;1.0;7;0;0.0;2.0;4.0;2.0;B01
201800032381;2.0;7;0;0.0;1.0;1.0;1.0;A01
201800032382;1.0;7;0;0.0;2.0;1.0;2.0;A01
201800032382;1.0;7;0;0.0;2.0;4.0;2.0;B01
201800032382;1.0;7;0;0.0;2.0;4.0;2.0;Z01
201800032383;1.0;7;0;0.0;2.0;8.0;1.0;B01
201800032383;1.0;7;0;0.0;2.0;1.0;1.0;A01
201800032384;2.0;7;0;0.0;1.0;1.0;1.0;A01
201800032385;1.0;7;0;8.0;0.0;5.0;0.0;A01
201800032386;2.0;7;0;0.0;2.0;8.0;16.0;A01
201800032386;1.0;7;0;0.0;2.0;2.0;1.0;B01
201800032387;1.0;7;0;0.0;1.0;2.0;19.0;A01
201800032388;2.0;37;0;0.0;1.0;7.0;16.0;A01
201800032389;1.0;7;0;0.0;2.0;6.0;1.0;B01
201800032389;1.0;33;0;0.0;2.0;1.0;15.0;A01
201800032390;1.0;14;0;0.0;2.0;1.0;2.0;A01
201800032390;1.0;15;0;0.0;2.0;4.0;2.0;B01
201800032391;2.0;7;0;0.0;2.0;2.0;9.0;A01
201800032391;1.0;10;0;0.0;2.0;2.0;17.0;B01
201800032392;1.0;7;0;0.0;2.0;1.0;15.0;A01
201800032392;2.0;33;0;0.0;2.0;1.0;21.0;B01
201800032393;1.0;7;0;15.0;0.0;1.0;1.0;A01
201800032394;1.0;10;0;0.0;2.0;1.0;1.0;A01
201800032394;1.0;7;0;16.0;2.0;1.0;15.0;B01
201800032395;2.0;32;0;0.0;2.0;8.0;1.0;B01
201800032395;2.0;7;0;0.0;2.0;1.0;15.0;A01
201800032396;1.0;7;0;0.0;2.0;4.0;2.0;B01
201800032396;1.0;7;0;0.0;2.0;1.0;1.0;A01
201800032397;1.0;7;0;0.0;1.0;1.0;1.0;A01
201800032398;1.0;7;0;2.0;0.0;2.0;13.0;A01
201800032399;1.0;1;0;0.0;4.0;7.0;19.0;B01
201800032399;1.0;40;60;0.0;9.0;1.0;1.0;A01
201800032400;1.0;7;0;0.0;1.0;7.0;1.0;A01
201800032401;1.0;7;0;0.0;2.0;1.0;1.0;Z01
201800032401;2.0;1;0;0.0;2.0;1.0;5.0;B01
201800032402;1.0;2;0;0.0;2.0;4.0;7.0;B01
201800032402;1.0;7;0;0.0;2.0;1.0;2.0;Z01
201800032403;2.0;7;0;0.0;2.0;9.0;4.0;A01
201800032403;2.0;7;0;0.0;1.0;9.0;1.0;B01
201800032404;2.0;7;0;0.0;2.0;3.0;1.0;B01
201800032404;1.0;7;0;0.0;2.0;2.0;15.0;A01
201800032405;2.0;33;0;0.0;1.0;1.0;1.0;Z01
201800032406;2.0;7;0;0.0;1.0;7.0;1.0;A01
201800032407;1.0;7;0;0.0;1.0;2.0;1.0;A01
201800032408;1.0;7;0;0.0;2.0;3.0;20.0;A01
201800032408;1.0;7;0;0.0;2.0;7.0;1.0;B01
201800032409;1.0;7;0;0.0;2.0;4.0;1.0;B01
201800032409;1.0;7;0;1.0;0.0;1.0;16.0;A01
201800032410;2.0;10;0;0.0;1.0;2.0;1.0;A01
201800032411;1.0;7;0;7.0;2.0;3.0;16.0;A01
201800032411;2.0;7;0;0.0;2.0;8.0;1.0;B01
201800032412;2.0;7;0;0.0;1.0;2.0;1.0;A01
201800032413;0.0;10;0;0.0;2.0;0.0;2.0;A01
201800032413;0.0;30;0;0.0;2.0;2.0;2.0;B01
201800032414;2.0;7;0;0.0;2.0;5.0;1.0;B01
201800032414;2.0;1;0;0.0;2.0;2.0;18.0;A01
201800032415;2.0;7;0;0.0;2.0;1.0;1.0;B01
201800032415;1.0;7;0;0.0;2.0;7.0;15.0;A01
201800032416;1.0;10;0;0.0;2.0;8.0;15.0;A01
201800032416;1.0;31;0;0.0;2.0;1.0;17.0;B01
201800032417;1.0;99;0;0.0;2.0;1.0;2.0;A01
201800032417;1.0;99;0;0.0;2.0;4.0;23.0;B01
201800032418;2.0;10;0;0.0;1.0;1.0;1.0;A01
201800032419;2.0;7;0;0.0;2.0;3.0;0.0;B01
201800032419;1.0;7;0;0.0;2.0;3.0;0.0;A01
201800032420;1.0;7;0;0.0;2.0;5.0;0.0;A01
201800032420;1.0;31;0;0.0;2.0;1.0;21.0;B01
201800032421;2.0;7;0;0.0;1.0;5.0;0.0;A01
201800032422;1.0;33;0;0.0;2.0;1.0;13.0;A01
201800032422;2.0;10;0;0.0;2.0;1.0;15.0;B01
201800032423;2.0;33;0;0.0;2.0;1.0;18.0;A01
201800032423;2.0;7;0;0.0;2.0;2.0;0.0;B01
201800032424;0.0;7;0;0.0;1.0;4.0;0.0;A01
201800032425;0.0;7;0;0.0;1.0;1.0;15.0;A01
201800032426;0.0;7;0;8.0;2.0;2.0;1.0;B01
201800032426;0.0;7;0;8.0;0.0;3.0;1.0;A01
201800032427;1.0;32;0;0.0;1.0;1.0;0.0;A01
201800032428;1.0;31;0;0.0;2.0;1.0;1.0;B01
201800032428;2.0;10;0;0.0;2.0;3.0;15.0;A01
201800032429;1.0;7;0;0.0;2.0;1.0;15.0;A01
201800032429;2.0;7;0;0.0;2.0;1.0;1.0;B01
201800032429;1.0;7;0;0.0;2.0;1.0;1.0;C01
201800032430;2.0;33;0;0.0;2.0;1.0;1.0;B01
201800032430;1.0;7;0;0.0;2.0;2.0;15.0;A01
201800032431;1.0;30;0;0.0;0.0;0.0;0.0;A01
201800032432;1.0;7;0;0.0;2.0;1.0;1.0;A01
201800032432;2.0;7;0;0.0;2.0;7.0;15.0;B01
201800032433;1.0;7;0;0.0;2.0;2.0;9.0;A01
201800032433;2.0;7;0;0.0;2.0;7.0;1.0;B01
201800032434;1.0;7;0;0.0;2.0;1.0;10.0;A01
201800032434;2.0;32;0;0.0;2.0;0.0;0.0;B01
201800032435;2.0;33;0;0.0;2.0;7.0;17.0;B01
201800032435;2.0;13;0;0.0;2.0;8.0;1.0;Z01
201800032436;1.0;7;0;0.0;1.0;3.0;1.0;A01