Num_Acc;senc;catv;occutc;obs;obsm;choc;manv;num_veh
201800032437;1.0;99;0;12.0;2.0;1.0;5.0;A01
201800032437;1.0;7;0;0.0;2.0;8.0;16.0;B01
201800032438;1.0;33;0;1.0;0.0;8.0;18.0;B01
201800032438;2.0;7;0;0.0;2.0;3.0;15.0;A01
201800032439;0.0;7;0;2.0;2.0;6.0;1.0;B01
201800032439;0.0;7;0;0.0;2.0;2.0;15.0;A01
201800032440;2.0;33;0;0.0;2.0;8.0;1.0;B01
201800032440;2.0;7;0;0.0;2.0;1.0;19.0;A01
201800032441;1.0;99;0;0.0;2.0;4.0;2.0;A01
201800032441;;99;0;0.0;6.0;0.0;0.0;Z01
201800032442;0.0;7;0;0.0;2.0;7.0;15.0;A01
201800032442;0.0;7;0;8.0;2.0;1.0;1.0;B01
201800032443;1.0;7;0;0.0;1.0;2.0;15.0;A01
201800032444;1.0;15;0;0.0;2.0;3.0;15.0;A01
201800032444;2.0;7;0;0.0;2.0;8.0;8.0;B01
201800032445;1.0;10;0;14.0;0.0;1.0;1.0;A01
201800032446;2.0;7;0;0.0;1.0;3.0;1.0;A01
201800032447;2.0;7;0;0.0;2.0;1.0;1.0;A01
201800032447;1.0;7;0;0.0;2.0;2.0;1.0;B01
201800032448;0.0;7;0;0.0;2.0;3.0;15.0;A01
201800032448;1.0;10;0;0.0;2.0;1.0;1.0;B01
201800032449;1.0;99;0;0.0;2.0;3.0;0.0;Z01
201800032449;1.0;7;0;0.0;2.0;7.0;17.0;A01
201800032450;1.0;7;0;0.0;1.0;2.0;1.0;A01
201800032450;2.0;37;63;0.0;0.0;0.0;24.0;B01
201800032451;0.0;33;0;13.0;0.0;0.0;1.0;A01
201800032452;2.0;2;0;0.0;2.0;6.0;1.0;A01
201800032452;2.0;10;0;0.0;2.0;3.0;1.0;B01
201800032453;1.0;7;0;0.0;2.0;0.0;0.0;B01
201800032453;1.0;7;0;0.0;2.0;0.0;0.0;A01
201800032454;1.0;7;0;1.0;0.0;1.0;13.0;A01
201800032455;0.0;30;0;0.0;2.0;7.0;0.0;A01
201800032456;1.0;14;0;0.0;1.0;2.0;0.0;A01
201800032457;1.0;32;0;0.0;2.0;0.0;1.0;B01
201800032457;2.0;99;0;0.0;2.0;0.0;15.0;A01
201800032458;2.0;10;0;0.0;2.0;1.0;2.0;A01
201800032458;2.0;7;0;0.0;2.0;4.0;2.0;B01
201800032459;1.0;7;0;0.0;2.0;1.0;2.0;A01
201800032459;1.0;7;0;0.0;2.0;4.0;2.0;B01
201800032460;1.0;7;0;0.0;2.0;1.0;0.0;A01
201800032460;1.0;7;0;0.0;2.0;1.0;1.0;B01
201800032461;1.0;37;20;0.0;1.0;5.0;1.0;A01
201800032462;1.0;7;0;0.0;2.0;3.0;15.0;A01
201800032462;2.0;31;0;0.0;2.0;1.0;1.0;B01
201800032463;1.0;7;0;8.0;0.0;1.0;1.0;A01
201800032464;1.0;10;0;0.0;2.0;1.0;8.0;A01
201800032464;1.0;7;0;0.0;2.0;8.0;19.0;B01
201800032465;2.0;10;0;0.0;2.0;1.0;1.0;A01
201800032465;1.0;10;0;0.0;2.0;1.0;1.0;B01
201800032466;1.0;37;75;0.0;2.0;3.0;1.0;A01
201800032466;1.0;1;0;0.0;2.0;3.0;19.0;B01
201800032467;2.0;32;0;0.0;2.0;1.0;1.0;B01
201800032467;1.0;7;0;0.0;2.0;2.0;15.0;A01
201800032468;1.0;7;0;0.0;1.0;2.0;1.0;A01
201800032469;1.0;7;0;0.0;2.0;3.0;15.0;B01
201800032469;2.0;33;0;0.0;2.0;8.0;1.0;A01
201800032470;2.0;7;0;0.0;1.0;3.0;8.0;Z01
201800032471;1.0;7;0;0.0;0.0;3.0;1.0;A01
201800032472;1.0;1;0;0.0;2.0;1.0;19.0;A01
201800032472;1.0;7;0;0.0;6.0;1.0;1.0;B01
201800032473;2.0;7;0;0.0;1.0;1.0;15.0;A01
201800032474;0.0;10;0;0.0;2.0;7.0;1.0;B01
201800032474;0.0;1;0;0.0;2.0;1.0;1.0;A01
201800032475;2.0;7;0;14.0;0.0;1.0;15.0;A01
201800032476;1.0;7;0;0.0;1.0;1.0;0.0;A01
201800032477;1.0;7;0;0.0;2.0;2.0;1.0;A01
201800032477;1.0;1;0;9.0;0.0;8.0;16.0;B01
201800032478;0.0;30;0;0.0;2.0;7.0;1.0;A01
201800032478;0.0;7;0;0.0;2.0;1.0;1.0;B01
201800032479;1.0;7;0;0.0;1.0;3.0;1.0;A01
201800032480;1.0;7;0;0.0;1.0;3.0;1.0;A01
201800032481;2.0;7;0;0.0;2.0;3.0;24.0;A01
201800032481;2.0;1;0;0.0;2.0;2.0;1.0;B01
201800032482;2.0;7;0;0.0;1.0;2.0;17.0;A01
201800032483;2.0;30;0;0.0;2.0;5.0;17.0;A01
201800032483;2.0;7;0;0.0;2.0;3.0;15.0;B01
201800032484;1.0;1;0;0.0;2.0;2.0;19.0;A01
201800032484;2.0;7;0;0.0;2.0;3.0;19.0;B01
201800032485;2.0;30;0;0.0;1.0;1.0;1.0;A01
201800032486;2.0;7;0;0.0;1.0;1.0;1.0;A01
201800032487;1.0;7;0;0.0;2.0;5.0;15.0;B01
201800032487;0.0;7;0;0.0;2.0;2.0;1.0;A01
201800032488;1.0;33;0;0.0;2.0;0.0;2.0;A01
201800032489;1.0;7;0;6.0;0.0;1.0;0.0;A01
201800032490;2.0;7;0;0.0;2.0;2.0;1.0;A01
201800032490;2.0;32;0;0.0;2.0;8.0;1.0;B01
201800032491;2.0;2;0;0.0;2.0;8.0;5.0;A01
201800032491;1.0;7;0;0.0;2.0;1.0;2.0;B01
201800032492;2.0;7;0;0.0;2.0;1.0;1.0;B01
201800032492;0.0;1;0;0.0;2.0;8.0;19.0;A01
201800032493;1.0;7;0;0.0;2.0;8.0;15.0;A01
201800032493;1.0;7;0;0.0;2.0;1.0;1.0;B01
201800032494;1.0;7;0;1.0;0.0;2.0;16.0;A01
201800032495;1.0;7;0;0.0;2.0;1.0;15.0;A01
201800032495;0.0;7;0;0.0;2.0;2.0;1.0;B01
201800032496;2.0;7;0;0.0;2.0;1.0;1.0;A01
201800032496;1.0;7;0;2.0;2.0;3.0;1.0;B01
201800032497;1.0;7;0;2.0;0.0;1.0;14.0;A01
201800032498;2.0;33;0;0.0;0.0;0.0;0.0;A01
201800032498;0.0;7;0;0.0;0.0;0.0;0.0;B01
201800032499;1.0;7;0;0.0;2.0;1.0;2.0;A01
201800032499;1.0;7;0;0.0;2.0;4.0;2.0;B01
201800032500;2.0;33;0;0.0;2.0;4.0;1.0;B01
201800032500;2.0;7;0;0.0;2.0;0.0;17.0;Z01
201800032501;1.0;7;0;0.0;1.0;1.0;0.0;A01
201800032502;1.0;34;0;0.0;1.0;1.0;0.0;Z01
201800032503;2.0;32;0;0.0;2.0;3.0;1.0;B01
201800032503;2.0;7;0;0.0;2.0;2.0;9.0;A01
201800032504;2.0;10;0;0.0;2.0;3.0;11.0;A01
201800032504;2.0;32;0;0.0;2.0;2.0;2.0;B01
201800032505;1.0;10;0;0.0;2.0;7.0;15.0;A01
201800032505;1.0;10;0;0.0;2.0;1.0;1.0;B01
201800032506;0.0;99;0;0.0;2.0;0.0;0.0;Z01
201800032506;1.0;1;0;0.0;2.0;0.0;19.0;B01
201800032507;0.0;7;0;0.0;2.0;1.0;13.0;A01
201800032507;0.0;7;0;0.0;2.0;1.0;1.0;B01
201800032508;1.0;7;0;0.0;2.0;4.0;23.0;B01
201800032508;1.0;34;0;0.0;2.0;1.0;2.0;A01
201800032509;0.0;10;0;0.0;2.0;2.0;1.0;A01
201800032509;0.0;10;0;0.0;2.0;4.0;1.0;B01
201800032509;0.0;10;0;0.0;2.0;4.0;1.0;C01
201800032510;2.0;99;0;0.0;2.0;3.0;19.0;A01
201800032510;1.0;33;0;0.0;2.0;1.0;1.0;B01
201800032511;2.0;7;0;0.0;2.0;3.0;1.0;A01
201800032511;2.0;7;0;0.0;2.0;1.0;1.0;Z01
201800032512;1.0;7;0;0.0;1.0;2.0;15.0;A01
201800032513;2.0;7;0;0.0;2.0;3.0;15.0;B01
201800032513;2.0;33;0;0.0;2.0;1.0;7.0;A01
201800032514;1.0;7;0;14.0;0.0;8.0;13.0;A01
201800032515;0.0;7;0;0.0;2.0;1.0;7.0;B01
201800032515;1.0;7;0;0.0;2.0;2.0;15.0;A01
201800032516;2.0;7;0;0.0;1.0;1.0;1.0;A01
201800032517;2.0;7;0;0.0;1.0;1.0;1.0;A01
201800032518;1.0;7;0;0.0;2.0;2.0;15.0;A01
201800032518;2.0;7;0;0.0;2.0;1.0;2.0;B01
201800032519;2.0;30;0;1.0;2.0;1.0;17.0;A01
201800032519;1.0;7;0;0.0;2.0;6.0;1.0;D01
201800032519;1.0;7;0;0.0;2.0;1.0;1.0;E01
201800032520;2.0;7;0;0.0;2.0;6.0;23.0;A01
201800032520;1.0;2;0;0.0;2.0;1.0;15.0;B01
201800032521;2.0;33;0;0.0;2.0;1.0;15.0;B01
201800032521;1.0;7;0;0.0;2.0;3.0;1.0;A01
201800032522;1.0;7;0;0.0;2.0;1.0;15.0;A01
201800032522;2.0;1;0;0.0;2.0;1.0;1.0;B01
201800032523;2.0;7;0;0.0;1.0;1.0;15.0;A01
201800032524;2.0;7;0;14.0;2.0;1.0;1.0;A01
201800032524;1.0;7;0;0.0;2.0;2.0;1.0;B01
201800032525;1.0;7;0;0.0;2.0;1.0;1.0;A01
201800032525;1.0;7;0;0.0;2.0;5.0;1.0;B01
201800032526;1.0;3;0;0.0;2.0;3.0;15.0;A01
201800032526;2.0;31;0;0.0;2.0;1.0;1.0;B01
201800032527;1.0;10;0;2.0;0.0;1.0;16.0;A01
201800032528;2.0;7;0;0.0;2.0;3.0;9.0;A01
201800032528;2.0;7;0;0.0;2.0;2.0;9.0;B01
201800032529;1.0;7;0;0.0;2.0;1.0;15.0;A01
201800032529;2.0;34;0;0.0;2.0;1.0;1.0;B01
201800032530;2.0;7;0;0.0;2.0;3.0;1.0;A01
201800032530;1.0;1;0;0.0;2.0;1.0;19.0;B01
201800032531;2.0;99;0;0.0;1.0;4.0;0.0;A01
201800032532;2.0;30;0;0.0;2.0;1.0;1.0;A01
201800032532;2.0;7;0;0.0;2.0;4.0;1.0;B01
201800032533;0.0;10;0;0.0;1.0;7.0;1.0;A01
201800032534;0.0;7;0;4.0;0.0;1.0;0.0;A01
201800032535;1.0;7;0;0.0;1.0;3.0;15.0;A01
201800032536;1.0;7;0;0.0;6.0;4.0;23.0;B01
201800032536;1.0;32;0;0.0;2.0;1.0;2.0;A01
201800032537;1.0;10;0;0.0;2.0;8.0;15.0;A01
201800032537;0.0;10;0;0.0;2.0;1.0;1.0;B01
201800032538;1.0;7;0;1.0;1.0;1.0;1.0;A01
201800032539;2.0;7;0;0.0;2.0;2.0;15.0;A01
201800032539;1.0;1;0;0.0;2.0;1.0;0.0;B01
201800032540;0.0;10;0;0.0;2.0;2.0;1.0;A01
201800032540;0.0;2;0;0.0;2.0;7.0;16.0;B01
201800032541;2.0;37;40;0.0;2.0;2.0;7.0;A01
201800032541;2.0;7;0;0.0;2.0;8.0;15.0;B01
201800032542;1.0;99;0;0.0;2.0;1.0;15.0;A01
201800032542;2.0;33;0;0.0;2.0;1.0;17.0;B01
201800032543;0.0;30;0;0.0;0.0;0.0;7.0;A01
201800032544;1.0;7;0;0.0;2.0;8.0;10.0;A01
201800032544;1.0;32;0;0.0;2.0;1.0;2.0;B01
201800032545;1.0;3;0;0.0;1.0;1.0;1.0;A01
201800032546;1.0;7;0;0.0;2.0;3.0;1.0;B01
201800032546;2.0;7;0;0.0;2.0;1.0;1.0;A01
201800032547;2.0;7;0;0.0;2.0;1.0;2.0;A01
201800032547;2.0;7;0;0.0;2.0;1.0;2.0;B01
201800032547;2.0;7;0;0.0;2.0;1.0;2.0;C01
201800032547;2.0;7;0;0.0;0.0;4.0;2.0;D01
201800032548;1.0;7;0;0.0;2.0;2.0;1.0;B01
201800032548;2.0;7;0;0.0;2.0;3.0;1.0;A01
201800032549;1.0;7;0;0.0;1.0;3.0;1.0;A01
201800032550;2.0;33;0;14.0;0.0;1.0;0.0;A01
201800032551;1.0;31;0;0.0;2.0;1.0;5.0;A01
201800032551;2.0;1;0;0.0;2.0;1.0;1.0;B01
201800032552;0.0;1;0;0.0;2.0;1.0;0.0;B01
201800032552;1.0;7;0;0.0;2.0;3.0;15.0;A01
201800032553;2.0;1;0;0.0;2.0;1.0;5.0;B01
201800032553;2.0;7;0;0.0;2.0;3.0;1.0;A01
201800032554;2.0;7;0;0.0;2.0;3.0;9.0;A01
201800032554;2.0;2;0;0.0;2.0;1.0;2.0;B01
201800032555;2.0;7;0;0.0;2.0;1.0;2.0;A01
201800032555;2.0;7;0;0.0;2.0;4.0;3.0;B01
201800032555;2.0;7;0;0.0;2.0;4.0;2.0;C01
201800032556;1.0;7;0;0.0;2.0;2.0;1.0;B01
201800032556;1.0;7;0;0.0;2.0;3.0;15.0;A01
201800032557;0.0;7;0;0.0;2.0;1.0;1.0;A01
201800032557;0.0;7;0;0.0;2.0;1.0;0.0;B01
201800032558;1.0;7;0;6.0;1.0;2.0;1.0;A01
201800032559;1.0;7;0;0.0;2.0;1.0;1.0;A01
201800032559;1.0;7;0;0.0;2.0;1.0;1.0;B01
201800032559;1.0;7;0;0.0;2.0;8.0;15.0;C01
201800032560;2.0;33;0;0.0;2.0;1.0;1.0;A01
201800032560;0.0;32;0;0.0;2.0;0.0;0.0;B01
201800032561;0.0;1;0;0.0;2.0;0.0;19.0;A01
201800032561;1.0;10;0;0.0;2.0;0.0;1.0;B01
201800032562;1.0;99;0;0.0;2.0;0.0;21.0;A01
201800032562;1.0;7;0;0.0;2.0;5.0;21.0;B01
201800032562;1.0;7;0;0.0;2.0;6.0;20.0;C01
201800032563;1.0;10;0;0.0;2.0;6.0;15.0;A01
201800032563;1.0;31;0;0.0;2.0;1.0;2.0;B01
201800032564;2.0;31;0;0.0;2.0;8.0;23.0;A01
201800032564;1.0;7;0;14.0;0.0;0.0;0.0;Z01
201800032565;1.0;7;0;0.0;2.0;7.0;1.0;A01
201800032565;1.0;7;0;0.0;2.0;1.0;1.0;B01
201800032566;2.0;7;0;0.0;1.0;1.0;7.0;A01
201800032567;2.0;7;0;9.0;1.0;1.0;15.0;A01
201800032568;2.0;10;0;0.0;1.0;1.0;19.0;A01
201800032569;1.0;30;0;5.0;0.0;7.0;14.0;A01
201800032570;0.0;7;0;0.0;2.0;6.0;11.0;A01
201800032570;0.0;7;0;0.0;2.0;2.0;2.0;B01
201800032571;1.0;7;0;0.0;2.0;3.0;15.0;A01
201800032571;2.0;33;0;0.0;2.0;1.0;17.0;B01
201800032572;2.0;7;0;0.0;2.0;2.0;17.0;A01
201800032572;2.0;1;0;0.0;2.0;4.0;15.0;B01
201800032573;2.0;10;0;0.0;1.0;1.0;19.0;A01
201800032574;1.0;7;0;0.0;1.0;2.0;1.0;A01
201800032575;1.0;7;0;0.0;1.0;3.0;1.0;A01
201800032576;1.0;7;0;0.0;2.0;1.0;1.0;A01
201800032576;0.0;1;0;0.0;2.0;0.0;0.0;B01
201800032577;2.0;7;0;6.0;1.0;1.0;13.0;A01
201800032578;1.0;7;0;0.0;1.0;3.0;1.0;A01
201800032579;2.0;7;0;0.0;1.0;1.0;1.0;A01
201800032580;2.0;7;0;0.0;2.0;1.0;15.0;A01
201800032580;1.0;31;0;0.0;2.0;3.0;1.0;B01
201800032581;1.0;3;0;0.0;0.0;8.0;15.0;A01
201800032581;1.0;33;0;0.0;0.0;2.0;17.0;B01
201800032582;0.0;1;0;0.0;2.0;8.0;1.0;B01
201800032582;0.0;7;0;0.0;2.0;1.0;15.0;A01
201800032583;1.0;7;0;2.0;0.0;1.0;14.0;A01
201800032584;2.0;10;0;1.0;1.0;3.0;19.0;A01
201800032585;2.0;7;0;0.0;1.0;3.0;1.0;A01
201800032586;2.0;7;0;0.0;6.0;2.0;1.0;A01
201800032586;0.0;1;0;0.0;2.0;4.0;19.0;B01
201800032587;1.0;7;0;0.0;1.0;1.0;1.0;A01
201800032588;0.0;10;0;0.0;2.0;1.0;9.0;A01
201800032588;0.0;7;0;0.0;2.0;2.0;1.0;B01
201800032589;2.0;30;0;0.0;2.0;1.0;1.0;B01
201800032589;1.0;99;0;0.0;2.0;2.0;15.0;A01
201800032590;0.0;1;0;0.0;2.0;5.0;15.0;B01
201800032590;1.0;10;0;0.0;2.0;3.0;16.0;A01
201800032591;0.0;30;0;0.0;1.0;3.0;1.0;A01
201800032592;2.0;34;0;8.0;0.0;3.0;2.0;B01
201800032592;2.0;7;0;0.0;2.0;2.0;12.0;A01
201800032593;1.0;10;0;0.0;1.0;0.0;0.0;A01
201800032594;0.0;7;0;0.0;2.0;1.0;0.0;A01
201800032594;0.0;7;0;0.0;2.0;0.0;0.0;B01
201800032595;1.0;33;0;0.0;2.0;7.0;1.0;A01
201800032595;2.0;7;0;0.0;2.0;1.0;15.0;B01
201800032596;1.0;3;0;0.0;1.0;2.0;19.0;A01
201800032597;2.0;10;0;0.0;1.0;2.0;0.0;A01
201800032598;1.0;17;0;0.0;2.0;2.0;16.0;A01
201800032598;1.0;10;0;0.0;2.0;3.0;2.0;B01
201800032599;2.0;1;0;0.0;2.0;1.0;1.0;B01
201800032599;2.0;7;0;0.0;0.0;4.0;16.0;A01
201800032600;2.0;7;0;0.0;1.0;2.0;1.0;A01
201800032601;1.0;7;0;0.0;2.0;7.0;1.0;A01
201800032601;1.0;31;0;0.0;2.0;4.0;23.0;B01
201800032602;2.0;10;0;0.0;2.0;5.0;15.0;A01
201800032602;1.0;33;0;0.0;2.0;1.0;3.0;B01
201800032603;1.0;7;0;15.0;2.0;2.0;1.0;A01
201800032603;0.0;7;0;15.0;2.0;3.0;1.0;B01
201800032604;1.0;7;0;0.0;1.0;1.0;1.0;A01
201800032605;2.0;7;0;0.0;1.0;1.0;2.0;A01
201800032606;0.0;30;0;0.0;0.0;0.0;1.0;A01
201800032607;2.0;10;0;0.0;2.0;2.0;16.0;B01
201800032607;2.0;31;0;0.0;2.0;1.0;8.0;A01
201800032608;1.0;7;0;0.0;2.0;1.0;5.0;A01
201800032608;2.0;7;0;0.0;2.0;1.0;1.0;B01
201800032609;2.0;7;0;0.0;2.0;7.0;23.0;A01
201800032609;0.0;1;0;0.0;2.0;0.0;0.0;B01
201800032610;1.0;7;0;0.0;2.0;0.0;0.0;A01
201800032610;1.0;7;0;0.0;0.0;0.0;0.0;B01
201800032611;2.0;32;0;1.0;0.0;0.0;2.0;A01
201800032612;2.0;7;0;0.0;1.0;1.0;7.0;A01
201800032613;0.0;7;0;0.0;1.0;1.0;1.0;A01
201800032614;1.0;7;0;0.0;1.0;1.0;1.0;A01
201800032615;1.0;30;0;0.0;0.0;7.0;0.0;A01
201800032616;1.0;7;0;0.0;1.0;0.0;15.0;A01
201800032617;1.0;7;0;0.0;2.0;1.0;15.0;A01
201800032617;2.0;2;0;0.0;2.0;1.0;1.0;B01
201800032618;0.0;7;0;0.0;2.0;5.0;2.0;B01
201800032618;0.0;7;0;0.0;2.0;3.0;2.0;A01
201800032619;2.0;10;0;0.0;2.0;2.0;10.0;A01
201800032619;2.0;10;0;1.0;2.0;3.0;1.0;B01
201800032620;0.0;7;0;0.0;2.0;1.0;1.0;B01
201800032620;0.0;7;0;0.0;2.0;1.0;1.0;A01
201800032621;2.0;7;0;0.0;2.0;1.0;2.0;A01
201800032621;2.0;37;1;0.0;2.0;0.0;23.0;B01
201800032622;1.0;7;0;14.0;0.0;4.0;24.0;B01
201800032622;1.0;7;0;0.0;2.0;2.0;0.0;A01
201800032623;2.0;7;0;0.0;2.0;1.0;21.0;B01
201800032623;1.0;7;0;0.0;2.0;1.0;5.0;A01
201800032624;1.0;7;0;0.0;1.0;1.0;1.0;A01
201800032625;1.0;10;0;0.0;2.0;6.0;1.0;A01
201800032625;2.0;33;0;0.0;2.0;1.0;1.0;B01
201800032626;1.0;7;0;0.0;1.0;3.0;1.0;A01
201800032627;1.0;7;0;0.0;2.0;3.0;1.0;B01
201800032627;2.0;7;0;0.0;2.0;3.0;15.0;A01
201800032628;1.0;7;0;0.0;2.0;3.0;15.0;B01
201800032628;2.0;10;0;1.0;2.0;3.0;17.0;A01
201800032629;0.0;7;0;0.0;2.0;1.0;1.0;A01
201800032629;0.0;7;0;0.0;2.0;7.0;1.0;B01
201800032630;0.0;7;0;0.0;1.0;1.0;1.0;A01
201800032631;1.0;2;0;0.0;2.0;0.0;1.0;B01
201800032631;2.0;7;0;0.0;2.0;1.0;15.0;A01
201800032632;2.0;37;10;12.0;0.0;2.0;13.0;A01
201800032633;1.0;3;0;0.0;2.0;1.0;0.0;B01
201800032633;1.0;7;0;0.0;2.0;6.0;9.0;A01
201800032634;2.0;33;0;0.0;2.0;2.0;17.0;A01
201800032634;2.0;7;0;0.0;2.0;3.0;15.0;B01
201800032635;1.0;2;0;1.0;0.0;4.0;9.0;A01
201800032635;1.0;7;0;0.0;2.0;1.0;1.0;Z01
201800032636;0.0;7;0;0.0;1.0;1.0;16.0;A01
201800032637;1.0;2;0;0.0;2.0;3.0;1.0;A01
201800032637;1.0;7;0;0.0;2.0;3.0;1.0;B01
201800032638;0.0;99;0;0.0;1.0;1.0;1.0;Z01
201800032639;0.0;7;0;1.0;1.0;3.0;1.0;A01
201800032640;2.0;10;0;0.0;1.0;1.0;1.0;A01
201800032641;0.0;10;0;1.0;1.0;4.0;4.0;A01
201800032642;2.0;7;0;0.0;2.0;2.0;16.0;A01
201800032642;1.0;1;0;0.0;2.0;1.0;1.0;B01
201800032643;0.0;10;0;0.0;2.0;4.0;1.0;B01
201800032643;0.0;7;0;0.0;2.0;1.0;0.0;A01
201800032644;1.0;7;0;1.0;1.0;2.0;0.0;A01
201800032645;1.0;7;0;0.0;2.0;7.0;1.0;B01
201800032645;1.0;7;0;0.0;2.0;1.0;9.0;A01
201800032646;0.0;7;0;0.0;2.0;3.0;16.0;A01
201800032646;0.0;7;0;0.0;2.0;2.0;1.0;B01
201800032647;2.0;32;0;0.0;2.0;1.0;18.0;A01
201800032647;1.0;7;0;0.0;2.0;2.0;15.0;B01
201800032648;0.0;7;0;12.0;0.0;6.0;23.0;A01
201800032648;0.0;7;0;0.0;2.0;1.0;12.0;B01
201800032649;0.0;3;0;0.0;1.0;1.0;1.0;A01
201800032650;2.0;7;0;0.0;1.0;2.0;1.0;A01
201800032651;1.0;10;0;0.0;2.0;3.0;0.0;B01
201800032651;1.0;7;0;0.0;2.0;8.0;13.0;A01
201800032652;1.0;7;0;0.0;2.0;5.0;15.0;A01
201800032652;2.0;33;0;0.0;2.0;1.0;1.0;B01
201800032653;2.0;7;0;0.0;1.0;7.0;1.0;A01
201800032654;1.0;7;0;0.0;1.0;3.0;15.0;A01
201800032655;1.0;7;0;0.0;2.0;1.0;5.0;A01
201800032655;1.0;10;0;0.0;2.0;3.0;1.0;B01
201800032656;0.0;10;0;0.0;2.0;1.0;17.0;A01
201800032656;0.0;7;0;0.0;2.0;3.0;1.0;B01
201800032657;1.0;10;0;0.0;1.0;3.0;15.0;A01
201800032658;2.0;7;0;9.0;0.0;2.0;0.0;A01
201800032659;2.0;7;0;0.0;0.0;1.0;0.0;A01
201800032659;2.0;7;0;0.0;0.0;4.0;0.0;B01
201800032660;0.0;7;0;0.0;2.0;2.0;15.0;A01
201800032660;0.0;7;0;0.0;2.0;1.0;1.0;B01
201800032661;0.0;99;0;0.0;2.0;8.0;15.0;Z01
201800032661;1.0;7;0;0.0;2.0;0.0;0.0;A01
201800032662;2.0;33;0;0.0;2.0;1.0;17.0;B01
201800032662;1.0;7;0;0.0;2.0;1.0;15.0;A01
201800032663;1.0;10;0;0.0;1.0;1.0;15.0;A01
201800032663;2.0;10;0;1.0;2.0;3.0;1.0;B01
201800032664;1.0;2;0;11.0;0.0;1.0;1.0;A01
201800032665;2.0;3;0;15.0;0.0;1.0;1.0;A01
201800032666;1.0;10;0;0.0;2.0;1.0;13.0;A01
201800032666;1.0;10;0;0.0;2.0;5.0;15.0;B01
201800032666;2.0;10;0;0.0;2.0;2.0;0.0;C01
201800032667;1.0;7;0;0.0;0.0;4.0;23.0;A01
201800032667;1.0;7;0;0.0;2.0;9.0;2.0;B01
201800032667;1.0;7;0;0.0;2.0;1.0;1.0;C01
201800032668;1.0;7;0;12.0;0.0;2.0;14.0;A01
201800032669;2.0;7;0;0.0;1.0;2.0;15.0;A01
201800032670;0.0;7;0;0.0;0.0;1.0;2.0;A01
201800032670;0.0;7;0;0.0;0.0;4.0;2.0;B01
201800032670;0.0;7;0;0.0;0.0;4.0;2.0;C01
201800032671;0.0;7;0;13.0;0.0;2.0;14.0;A01
201800032672;1.0;7;0;0.0;1.0;3.0;0.0;A01
201800032673;1.0;7;0;0.0;2.0;2.0;1.0;B01
201800032673;1.0;7;0;0.0;2.0;3.0;9.0;A01
201800032674;0.0;7;0;0.0;2.0;7.0;1.0;B01
201800032674;0.0;7;0;0.0;2.0;1.0;1.0;A01
201800032675;1.0;3;0;0.0;1.0;2.0;16.0;A01
201800032676;0.0;7;0;8.0;0.0;2.0;1.0;A01
201800032677;0.0;7;0;0.0;2.0;1.0;1.0;A01
201800032677;0.0;7;0;0.0;2.0;1.0;5.0;B01
201800032678;1.0;7;0;0.0;2.0;3.0;5.0;A01
201800032678;2.0;7;0;0.0;2.0;3.0;1.0;B01
201800032679;1.0;7;0;0.0;9.0;3.0;1.0;A01
201800032679;2.0;1;0;0.0;2.0;1.0;5.0;B01
201800032680;1.0;7;0;0.0;1.0;4.0;4.0;A01
201800032681;1.0;14;0;0.0;2.0;2.0;1.0;A01
201800032681;2.0;7;0;0.0;2.0;1.0;13.0;B01
201800032682;1.0;33;0;0.0;0.0;7.0;1.0;A01
201800032683;2.0;7;0;14.0;1.0;2.0;1.0;A01
201800032684;2.0;7;0;0.0;2.0;1.0;21.0;B01
201800032684;1.0;10;0;0.0;2.0;3.0;13.0;A01
201800032685;2.0;7;0;8.0;0.0;1.0;0.0;A01
201800032686;1.0;7;0;14.0;2.0;7.0;21.0;C01
201800032686;2.0;17;0;0.0;2.0;2.0;1.0;B01
201800032686;1.0;7;0;0.0;2.0;3.0;15.0;A01
201800032687;0.0;3;0;2.0;0.0;1.0;1.0;A01
201800032688;1.0;7;0;2.0;0.0;1.0;2.0;A01
201800032689;2.0;7;0;2.0;0.0;3.0;0.0;A01
201800032690;2.0;7;0;16.0;9.0;1.0;1.0;A01
201800032691;1.0;7;0;13.0;0.0;9.0;14.0;A01
201800032692;0.0;7;0;0.0;9.0;1.0;9.0;A01
201800032692;0.0;1;0;0.0;2.0;4.0;9.0;B01
201800032693;2.0;7;0;0.0;2.0;1.0;1.0;B01
201800032693;1.0;7;0;0.0;2.0;1.0;15.0;A01
201800032694;2.0;15;0;0.0;2.0;0.0;1.0;A01
201800032694;1.0;15;0;0.0;2.0;1.0;13.0;B01
201800032694;2.0;7;0;0.0;0.0;1.0;1.0;C01
201800032694;2.0;10;0;0.0;2.0;1.0;1.0;D01
201800032695;2.0;39;1;0.0;0.0;8.0;1.0;B01
201800032695;1.0;7;0;0.0;4.0;1.0;1.0;A01
201800032696;2.0;7;0;0.0;2.0;7.0;10.0;A01
201800032696;1.0;7;0;0.0;2.0;1.0;1.0;B01
201800032697;0.0;2;0;0.0;2.0;1.0;1.0;B01
201800032697;0.0;10;0;0.0;0.0;8.0;10.0;A01
201800032698;1.0;15;0;0.0;2.0;3.0;15.0;A01
201800032698;2.0;2;0;0.0;2.0;1.0;1.0;B01
201800032699;1.0;7;0;16.0;0.0;3.0;13.0;A01