Num_Acc;senc;catv;occutc;obs;obsm;choc;manv;num_veh
201800036074;0.0;33;0;0.0;0.0;0.0;15.0;A01
201800036075;0.0;10;0;0.0;2.0;1.0;9.0;A01
201800036075;0.0;32;0;0.0;2.0;1.0;1.0;B01
201800036076;1.0;7;0;0.0;1.0;1.0;1.0;A01
201800036077;2.0;7;0;0.0;1.0;2.0;1.0;A01
201800036078;0.0;30;0;0.0;0.0;3.0;1.0;A01
201800036079;1.0;7;0;0.0;2.0;1.0;2.0;A01
201800036079;1.0;7;0;0.0;2.0;4.0;2.0;B01
201800036079;1.0;33;0;0.0;2.0;4.0;2.0;C01
201800036080;2.0;33;0;0.0;0.0;8.0;0.0;A01
201800036081;1.0;7;0;0.0;1.0;3.0;16.0;A01
201800036082;0.0;7;0;0.0;2.0;5.0;16.0;A01
201800036082;0.0;1;0;0.0;2.0;3.0;1.0;B01
201800036083;2.0;10;0;0.0;1.0;2.0;1.0;A01
201800036084;2.0;7;0;0.0;2.0;1.0;2.0;A01
201800036084;2.0;7;0;0.0;2.0;4.0;23.0;B01
201800036085;2.0;7;0;0.0;2.0;4.0;23.0;B01
201800036085;2.0;7;0;0.0;2.0;1.0;2.0;A01
201800036086;1.0;7;0;0.0;2.0;7.0;1.0;B01
201800036086;2.0;10;0;0.0;2.0;2.0;15.0;A01
201800036087;1.0;7;0;0.0;2.0;4.0;23.0;B01
201800036087;1.0;7;0;0.0;2.0;1.0;2.0;A01
201800036088;1.0;10;0;0.0;2.0;3.0;19.0;A01
201800036088;2.0;7;0;0.0;2.0;7.0;1.0;B01
201800036089;2.0;33;0;12.0;0.0;1.0;13.0;A01
201800036090;2.0;1;0;0.0;2.0;8.0;1.0;A01
201800036090;2.0;7;0;0.0;2.0;7.0;17.0;Z01
201800036091;1.0;7;0;0.0;2.0;3.0;1.0;A01
201800036091;1.0;7;0;0.0;2.0;2.0;1.0;B01
201800036092;2.0;1;0;0.0;2.0;8.0;1.0;B01
201800036092;2.0;10;0;0.0;2.0;7.0;22.0;A01
201800036093;1.0;7;0;6.0;0.0;1.0;1.0;A01
201800036094;2.0;30;0;0.0;2.0;1.0;1.0;A01
201800036094;1.0;7;0;0.0;2.0;1.0;15.0;B01
201800036095;2.0;2;0;0.0;2.0;2.0;17.0;A01
201800036095;2.0;7;0;0.0;2.0;8.0;15.0;B01
201800036096;1.0;7;0;0.0;2.0;4.0;23.0;B01
201800036096;1.0;7;0;0.0;2.0;1.0;2.0;A01
201800036097;2.0;7;0;0.0;2.0;2.0;1.0;B01
201800036097;1.0;10;0;0.0;2.0;1.0;1.0;A01
201800036098;2.0;7;0;3.0;0.0;1.0;1.0;A01
201800036099;2.0;7;0;4.0;0.0;8.0;21.0;A01
201800036100;1.0;33;0;0.0;5.0;1.0;1.0;A01
201800036101;2.0;7;0;0.0;2.0;2.0;17.0;A01
201800036101;1.0;7;0;0.0;2.0;3.0;15.0;B01
201800036102;2.0;7;0;0.0;2.0;4.0;23.0;C01
201800036102;2.0;7;0;0.0;2.0;4.0;23.0;B01
201800036102;2.0;7;0;0.0;2.0;1.0;1.0;A01
201800036103;1.0;7;0;0.0;2.0;2.0;1.0;A01
201800036103;2.0;1;0;0.0;2.0;8.0;1.0;B01
201800036104;2.0;7;0;13.0;0.0;9.0;1.0;A01
201800036105;1.0;1;0;0.0;2.0;1.0;2.0;A01
201800036105;1.0;7;0;0.0;2.0;4.0;2.0;Z01
201800036106;2.0;7;0;0.0;0.0;0.0;9.0;A01
201800036106;1.0;33;0;0.0;0.0;0.0;1.0;B01
201800036107;2.0;14;0;0.0;2.0;2.0;1.0;B01
201800036107;1.0;7;0;0.0;2.0;7.0;15.0;A01
201800036108;0.0;7;0;0.0;1.0;1.0;1.0;A01
201800036109;1.0;33;0;0.0;2.0;1.0;1.0;B01
201800036109;1.0;7;0;0.0;2.0;3.0;15.0;A01
201800036110;1.0;34;0;11.0;0.0;1.0;1.0;A01
201800036111;2.0;7;0;0.0;2.0;1.0;15.0;A01
201800036111;1.0;33;0;0.0;2.0;1.0;17.0;B01
201800036112;1.0;7;0;12.0;0.0;1.0;1.0;A01
201800036113;2.0;7;0;0.0;1.0;2.0;1.0;A01
201800036114;1.0;15;0;0.0;0.0;0.0;2.0;B01
201800036114;1.0;33;0;0.0;0.0;8.0;2.0;A01
201800036114;1.0;10;0;0.0;0.0;0.0;2.0;C01
201800036115;1.0;10;0;0.0;2.0;3.0;1.0;C01
201800036115;2.0;7;0;0.0;2.0;6.0;15.0;B01
201800036115;2.0;7;0;0.0;2.0;1.0;2.0;A01
201800036116;1.0;7;0;0.0;2.0;5.0;17.0;B01
201800036116;1.0;7;0;0.0;2.0;3.0;2.0;A01
201800036117;1.0;7;0;0.0;1.0;1.0;1.0;Z01
201800036118;1.0;7;0;0.0;2.0;4.0;2.0;B01
201800036118;1.0;99;0;0.0;2.0;1.0;2.0;A01
201800036119;1.0;10;0;0.0;2.0;2.0;1.0;A01
201800036119;0.0;7;0;0.0;2.0;3.0;1.0;B01
201800036120;2.0;1;0;0.0;0.0;0.0;1.0;A01
201800036121;2.0;1;0;12.0;0.0;1.0;0.0;A01
201800036122;1.0;7;0;0.0;2.0;2.0;1.0;B01
201800036122;1.0;30;0;0.0;2.0;1.0;9.0;A01
201800036123;2.0;1;0;0.0;0.0;1.0;1.0;A01
201800036124;2.0;7;0;0.0;2.0;4.0;2.0;B01
201800036124;2.0;7;0;0.0;2.0;1.0;2.0;A01
201800036125;1.0;7;0;0.0;2.0;1.0;2.0;A01
201800036125;2.0;7;0;0.0;2.0;4.0;2.0;B01
201800036125;1.0;7;0;0.0;2.0;6.0;1.0;C01
201800036126;1.0;7;0;1.0;2.0;3.0;15.0;A01
201800036126;2.0;7;0;0.0;2.0;1.0;1.0;B01
201800036127;1.0;7;0;0.0;1.0;1.0;1.0;A01
201800036128;2.0;33;0;0.0;0.0;8.0;1.0;A01
201800036129;2.0;7;0;0.0;2.0;8.0;1.0;A01
201800036129;1.0;7;0;0.0;2.0;3.0;1.0;B01
201800036130;1.0;7;0;0.0;2.0;1.0;2.0;A01
201800036130;1.0;2;0;0.0;2.0;4.0;2.0;B01
201800036131;2.0;7;0;13.0;0.0;7.0;1.0;A01
201800036132;1.0;2;0;0.0;2.0;1.0;2.0;A01
201800036133;1.0;10;0;0.0;2.0;4.0;2.0;B01
201800036133;1.0;31;0;0.0;2.0;1.0;2.0;A01
201800036134;2.0;7;0;0.0;1.0;2.0;1.0;A01
201800036135;1.0;7;0;0.0;2.0;1.0;2.0;A01
201800036135;1.0;7;0;0.0;2.0;4.0;2.0;B01
201800036136;1.0;7;0;1.0;0.0;1.0;14.0;A01
201800036137;1.0;7;0;6.0;0.0;1.0;1.0;A01
201800036138;1.0;1;0;0.0;0.0;1.0;16.0;A01
201800036139;1.0;7;0;0.0;2.0;7.0;1.0;B01
201800036139;1.0;7;0;0.0;2.0;1.0;9.0;A01
201800036140;1.0;7;0;0.0;2.0;3.0;9.0;A01
201800036140;1.0;7;0;0.0;2.0;2.0;1.0;B01
201800036141;1.0;7;0;15.0;0.0;1.0;1.0;A01
201800036142;2.0;7;0;9.0;2.0;1.0;15.0;A01
201800036142;2.0;31;0;0.0;2.0;1.0;1.0;B01
201800036143;1.0;7;0;0.0;2.0;2.0;1.0;B01
201800036143;2.0;7;0;0.0;2.0;7.0;15.0;A01
201800036144;2.0;7;0;13.0;0.0;1.0;14.0;A01
201800036145;1.0;7;0;0.0;2.0;1.0;1.0;B01
201800036145;2.0;7;0;0.0;2.0;2.0;15.0;A01
201800036146;1.0;7;0;0.0;2.0;3.0;0.0;B01
201800036146;1.0;1;0;0.0;2.0;1.0;9.0;A01
201800036147;2.0;7;0;6.0;0.0;1.0;1.0;A01
201800036148;2.0;7;0;0.0;2.0;3.0;23.0;C01
201800036148;1.0;3;0;0.0;2.0;8.0;15.0;B01
201800036148;1.0;33;0;0.0;2.0;2.0;5.0;A01
201800036149;2.0;7;0;2.0;0.0;1.0;14.0;A01
201800036150;2.0;1;0;12.0;0.0;1.0;0.0;A01
201800036151;0.0;30;0;0.0;0.0;0.0;1.0;A01
201800036152;0.0;1;0;0.0;0.0;0.0;1.0;A01
201800036153;1.0;7;0;0.0;2.0;3.0;15.0;A01
201800036153;2.0;31;0;0.0;2.0;8.0;1.0;B01
201800036154;2.0;7;0;15.0;0.0;0.0;0.0;B01
201800036154;1.0;7;0;0.0;2.0;3.0;13.0;A01
201800036155;1.0;33;0;3.0;0.0;8.0;1.0;A01
201800036156;2.0;7;0;0.0;2.0;2.0;9.0;B01
201800036156;1.0;2;0;0.0;2.0;7.0;17.0;A01
201800036157;1.0;7;0;0.0;2.0;1.0;2.0;A01
201800036157;1.0;7;0;0.0;2.0;4.0;1.0;B01
201800036158;1.0;33;0;7.0;0.0;1.0;1.0;A01
201800036159;2.0;2;0;0.0;0.0;8.0;1.0;A01
201800036160;2.0;2;0;0.0;0.0;8.0;1.0;A01
201800036161;1.0;33;0;0.0;0.0;8.0;1.0;A01
201800036162;2.0;2;0;12.0;0.0;7.0;20.0;A01
201800036163;0.0;30;0;0.0;2.0;1.0;16.0;A01
201800036163;0.0;7;0;0.0;2.0;1.0;1.0;B01
201800036164;0.0;1;0;0.0;0.0;0.0;0.0;A01
201800036165;1.0;7;0;0.0;2.0;8.0;20.0;A01
201800036165;1.0;7;0;0.0;2.0;2.0;1.0;B01
201800036166;2.0;7;0;0.0;2.0;2.0;14.0;Z01
201800036166;2.0;7;0;2.0;2.0;6.0;1.0;B01
201800036167;2.0;7;0;13.0;0.0;1.0;14.0;A01
201800036168;2.0;10;0;8.0;2.0;3.0;1.0;B01
201800036168;1.0;7;0;0.0;2.0;1.0;9.0;A01
201800036169;2.0;1;0;0.0;2.0;3.0;1.0;B01
201800036169;1.0;7;0;0.0;2.0;2.0;9.0;A01
201800036170;2.0;7;0;6.0;0.0;1.0;14.0;A01
201800036171;1.0;7;0;0.0;1.0;1.0;1.0;A01
201800036172;2.0;30;0;0.0;0.0;7.0;1.0;A01
201800036173;2.0;7;0;0.0;2.0;4.0;23.0;B01
201800036173;2.0;7;0;0.0;2.0;4.0;23.0;C01
201800036173;2.0;7;0;0.0;2.0;1.0;2.0;A01
201800036174;2.0;7;0;0.0;2.0;1.0;1.0;A01
201800036174;2.0;10;0;0.0;2.0;7.0;1.0;B01
201800036175;1.0;10;0;0.0;2.0;6.0;9.0;B01
201800036175;1.0;2;0;0.0;2.0;1.0;17.0;A01
201800036176;2.0;7;0;0.0;2.0;8.0;1.0;B01
201800036176;1.0;1;0;0.0;2.0;8.0;13.0;A01
201800036177;2.0;7;0;9.0;0.0;1.0;14.0;A01
201800036178;2.0;10;0;0.0;2.0;5.0;15.0;A01
201800036178;2.0;2;0;0.0;2.0;1.0;16.0;B01
201800036179;1.0;7;0;0.0;1.0;3.0;15.0;A01
201800036180;1.0;7;0;0.0;2.0;4.0;2.0;C01
201800036180;1.0;7;0;0.0;2.0;4.0;2.0;B01
201800036180;1.0;7;0;0.0;2.0;1.0;2.0;A01
201800036181;1.0;7;0;0.0;2.0;8.0;15.0;A01
201800036181;1.0;7;0;0.0;2.0;2.0;15.0;B01
201800036182;1.0;7;0;0.0;2.0;1.0;15.0;A01
201800036182;2.0;7;0;0.0;2.0;3.0;1.0;B01
201800036183;1.0;7;0;0.0;2.0;4.0;15.0;B01
201800036183;1.0;33;0;0.0;2.0;1.0;2.0;A01
201800036184;0.0;10;0;0.0;1.0;4.0;4.0;A01
201800036185;2.0;7;0;0.0;2.0;1.0;1.0;B01
201800036185;1.0;7;0;0.0;2.0;1.0;13.0;A01
201800036186;1.0;31;0;0.0;2.0;8.0;1.0;B01
201800036186;1.0;7;0;0.0;2.0;1.0;9.0;A01
201800036187;1.0;10;0;0.0;2.0;1.0;2.0;A01
201800036187;1.0;33;0;0.0;2.0;4.0;2.0;B01
201800036188;2.0;7;0;0.0;2.0;4.0;23.0;B01
201800036188;2.0;7;0;0.0;2.0;1.0;2.0;A01
201800036188;2.0;7;0;0.0;2.0;4.0;23.0;C01
201800036189;1.0;7;0;0.0;2.0;2.0;15.0;A01
201800036189;2.0;1;0;0.0;2.0;1.0;1.0;B01
201800036190;1.0;7;0;0.0;2.0;1.0;15.0;A01
201800036190;2.0;33;0;0.0;2.0;1.0;1.0;B01
201800036191;2.0;7;0;0.0;2.0;4.0;2.0;C01
201800036191;2.0;7;0;0.0;2.0;1.0;2.0;A01
201800036191;0.0;7;0;0.0;2.0;4.0;2.0;B01
201800036192;1.0;7;0;3.0;0.0;1.0;14.0;A01
201800036193;0.0;33;0;0.0;0.0;7.0;0.0;A01
201800036194;1.0;7;0;0.0;1.0;2.0;1.0;A01
201800036195;1.0;7;0;0.0;2.0;4.0;1.0;B01
201800036195;1.0;7;0;0.0;2.0;1.0;2.0;A01
201800036196;1.0;7;0;0.0;2.0;1.0;1.0;A01
201800036196;2.0;7;0;0.0;2.0;3.0;15.0;B01
201800036197;2.0;2;0;0.0;2.0;1.0;2.0;A01
201800036197;2.0;14;0;0.0;2.0;6.0;23.0;B01
201800036198;1.0;30;0;0.0;0.0;8.0;1.0;A01
201800036199;2.0;7;0;1.0;0.0;1.0;14.0;A01
201800036200;2.0;7;0;0.0;1.0;3.0;1.0;A01
201800036201;1.0;7;0;0.0;2.0;6.0;15.0;A01
201800036201;1.0;33;0;0.0;2.0;1.0;17.0;B01
201800036202;1.0;7;0;0.0;2.0;1.0;2.0;A01
201800036202;1.0;7;0;0.0;2.0;4.0;2.0;B01
201800036203;2.0;2;0;0.0;2.0;1.0;1.0;B01
201800036203;1.0;7;0;0.0;2.0;2.0;15.0;A01
201800036204;1.0;10;0;0.0;1.0;2.0;1.0;A01
201800036205;2.0;7;0;0.0;1.0;2.0;1.0;A01
201800036206;2.0;7;0;0.0;2.0;3.0;23.0;C01
201800036206;2.0;7;0;0.0;2.0;2.0;1.0;B01
201800036206;1.0;7;0;0.0;2.0;2.0;15.0;A01
201800036207;2.0;30;0;0.0;0.0;2.0;1.0;A01
201800036208;1.0;30;0;1.0;0.0;1.0;14.0;A01
201800036209;1.0;7;0;0.0;2.0;2.0;15.0;A01
201800036209;2.0;1;0;0.0;2.0;1.0;1.0;B01
201800036210;2.0;30;0;13.0;0.0;8.0;14.0;A01
201800036211;2.0;7;0;0.0;2.0;4.0;23.0;B01
201800036211;2.0;14;0;0.0;2.0;1.0;2.0;A01
201800036212;1.0;7;0;0.0;2.0;7.0;9.0;A01
201800036212;2.0;7;0;0.0;0.0;1.0;1.0;B01
201800036213;0.0;7;0;0.0;1.0;1.0;1.0;Z01
201800036214;2.0;7;0;0.0;1.0;3.0;1.0;A01
201800036215;2.0;7;0;0.0;2.0;1.0;2.0;A01
201800036215;1.0;10;0;0.0;2.0;4.0;2.0;B01
201800036216;2.0;7;0;0.0;2.0;7.0;15.0;A01
201800036216;1.0;33;0;0.0;2.0;1.0;1.0;B01
201800036217;2.0;7;0;0.0;1.0;1.0;16.0;A01
201800036218;2.0;7;0;2.0;0.0;3.0;13.0;A01
201800036219;1.0;7;0;0.0;2.0;3.0;2.0;A01
201800036219;1.0;7;0;0.0;2.0;5.0;23.0;B01
201800036220;1.0;7;0;13.0;0.0;1.0;13.0;A01
201800036221;1.0;7;0;0.0;2.0;6.0;2.0;B01
201800036221;1.0;7;0;0.0;2.0;3.0;2.0;A01
201800036222;1.0;7;0;0.0;2.0;1.0;2.0;A01
201800036222;1.0;7;0;0.0;2.0;4.0;2.0;B01
201800036223;1.0;2;0;12.0;0.0;1.0;1.0;A01
201800036224;1.0;7;0;0.0;2.0;1.0;9.0;A01
201800036224;1.0;7;0;0.0;2.0;6.0;1.0;B01
201800036225;2.0;7;0;0.0;2.0;3.0;1.0;B01
201800036225;0.0;7;0;0.0;2.0;2.0;1.0;A01
201800036226;1.0;7;0;8.0;0.0;1.0;1.0;A01
201800036227;2.0;7;0;0.0;1.0;2.0;1.0;A01
201800036228;2.0;7;0;0.0;2.0;6.0;1.0;B01
201800036228;1.0;7;0;0.0;2.0;1.0;13.0;A01
201800036229;2.0;7;0;0.0;1.0;2.0;16.0;A01
201800036230;2.0;7;0;0.0;1.0;5.0;1.0;A01
201800036231;2.0;7;0;0.0;1.0;7.0;1.0;A01
201800036232;2.0;10;0;0.0;2.0;2.0;5.0;A01
201800036232;1.0;7;0;0.0;2.0;3.0;1.0;B01
201800036233;2.0;7;0;0.0;2.0;8.0;2.0;B01
201800036233;2.0;17;0;0.0;0.0;0.0;0.0;C01
201800036233;2.0;7;0;0.0;2.0;1.0;2.0;A01
201800036234;1.0;7;0;0.0;2.0;4.0;2.0;B01
201800036234;1.0;7;0;0.0;2.0;4.0;2.0;C01
201800036234;1.0;7;0;0.0;2.0;1.0;2.0;A01
201800036235;1.0;7;0;0.0;2.0;3.0;1.0;B01
201800036235;2.0;7;0;0.0;2.0;3.0;15.0;A01
201800036236;2.0;2;0;0.0;2.0;1.0;2.0;A01
201800036236;2.0;2;0;0.0;2.0;4.0;2.0;B01
201800036237;2.0;7;0;0.0;2.0;3.0;15.0;Z01
201800036237;1.0;7;0;0.0;2.0;3.0;1.0;A01
201800036238;1.0;7;0;3.0;0.0;3.0;1.0;A01
201800036239;2.0;15;0;0.0;2.0;4.0;24.0;C01
201800036239;1.0;10;0;0.0;2.0;1.0;2.0;A01
201800036239;1.0;10;0;1.0;2.0;4.0;2.0;B01
201800036240;2.0;7;0;0.0;2.0;4.0;23.0;C01
201800036240;2.0;7;0;0.0;2.0;4.0;23.0;B01
201800036240;2.0;7;0;0.0;2.0;1.0;1.0;A01
201800036241;1.0;1;0;0.0;2.0;1.0;1.0;A01
201800036241;2.0;7;0;0.0;2.0;5.0;15.0;Z01
201800036242;1.0;7;0;0.0;2.0;1.0;1.0;A01
201800036242;2.0;7;0;0.0;2.0;3.0;1.0;B01
201800036243;2.0;17;0;0.0;2.0;1.0;1.0;B01
201800036243;2.0;7;0;0.0;2.0;1.0;0.0;Z01
201800036243;2.0;7;0;0.0;2.0;4.0;1.0;A01
201800036243;2.0;7;0;0.0;2.0;1.0;2.0;C01
201800036243;2.0;7;0;0.0;2.0;4.0;1.0;D01
201800036244;1.0;7;0;0.0;2.0;4.0;23.0;B01
201800036244;1.0;30;0;0.0;2.0;1.0;2.0;A01
201800036245;1.0;7;0;0.0;2.0;7.0;15.0;A01
201800036245;2.0;30;0;0.0;2.0;1.0;1.0;B01
201800036246;2.0;17;0;0.0;2.0;2.0;12.0;A01
201800036246;2.0;7;0;0.0;2.0;4.0;2.0;D01
201800036246;2.0;7;0;0.0;2.0;1.0;2.0;E01
201800036246;2.0;7;0;0.0;2.0;3.0;1.0;B01
201800036246;2.0;10;0;0.0;2.0;4.0;2.0;C01
201800036247;1.0;10;0;0.0;2.0;2.0;1.0;B01
201800036247;0.0;7;0;0.0;2.0;3.0;1.0;A01
201800036248;2.0;7;0;9.0;0.0;1.0;1.0;A01
201800036249;1.0;30;0;0.0;0.0;8.0;1.0;A01
201800036250;2.0;7;0;0.0;2.0;1.0;2.0;B01
201800036250;2.0;1;0;0.0;2.0;4.0;2.0;A01
201800036251;1.0;14;0;0.0;2.0;2.0;1.0;B01
201800036251;1.0;7;0;13.0;2.0;6.0;9.0;A01
201800036252;2.0;7;0;0.0;2.0;6.0;15.0;A01
201800036252;1.0;32;0;0.0;2.0;1.0;1.0;B01
201800036253;1.0;7;0;0.0;2.0;1.0;1.0;A01
201800036253;1.0;17;0;0.0;2.0;4.0;1.0;B01
201800036254;2.0;2;0;0.0;2.0;1.0;1.0;B01
201800036254;1.0;7;0;0.0;2.0;5.0;9.0;A01
201800036255;2.0;10;0;0.0;2.0;4.0;23.0;B01
201800036255;2.0;7;0;0.0;2.0;1.0;2.0;A01
201800036256;2.0;1;0;0.0;0.0;8.0;1.0;A01
201800036257;1.0;7;0;0.0;1.0;1.0;16.0;A01
201800036258;0.0;7;0;0.0;2.0;6.0;1.0;B01
201800036258;0.0;31;0;0.0;2.0;2.0;21.0;A01
201800036259;1.0;7;0;0.0;1.0;2.0;1.0;A01
201800036260;1.0;7;0;0.0;2.0;2.0;1.0;A01
201800036260;1.0;7;0;0.0;2.0;8.0;15.0;Z01
201800036261;2.0;7;0;0.0;1.0;2.0;1.0;A01
201800036262;1.0;7;0;0.0;2.0;6.0;1.0;A01
201800036262;1.0;99;0;0.0;2.0;0.0;0.0;Z01
201800036263;2.0;7;0;0.0;2.0;3.0;15.0;B01
201800036263;1.0;33;0;0.0;2.0;3.0;17.0;A01
201800036264;2.0;7;0;0.0;0.0;0.0;0.0;Z01
201800036264;1.0;7;0;4.0;0.0;8.0;1.0;A01
201800036265;1.0;7;0;0.0;2.0;1.0;1.0;A01
201800036265;1.0;7;0;0.0;2.0;3.0;9.0;B01
201800036266;2.0;7;0;0.0;2.0;4.0;2.0;B01
201800036266;2.0;7;0;0.0;2.0;4.0;2.0;C01
201800036266;2.0;7;0;0.0;2.0;4.0;2.0;D01
201800036266;2.0;10;0;0.0;2.0;1.0;2.0;A01
201800036267;1.0;7;0;0.0;1.0;1.0;1.0;A01
201800036268;1.0;7;0;0.0;1.0;1.0;1.0;A01
201800036269;2.0;7;0;1.0;0.0;1.0;1.0;A01
201800036270;1.0;10;0;0.0;2.0;1.0;15.0;A01
201800036270;2.0;33;0;0.0;2.0;1.0;1.0;B01
201800036271;1.0;7;0;0.0;1.0;2.0;15.0;A01
201800036272;1.0;7;0;8.0;0.0;1.0;14.0;A01
201800036273;0.0;99;0;0.0;2.0;0.0;0.0;R01
201800036273;1.0;7;0;0.0;2.0;2.0;15.0;A01
201800036274;2.0;7;0;0.0;1.0;0.0;21.0;A01
201800036275;1.0;7;0;0.0;2.0;2.0;13.0;A01
201800036275;2.0;7;0;0.0;2.0;2.0;21.0;B01
201800036276;1.0;7;0;0.0;1.0;2.0;21.0;A01
201800036277;1.0;7;0;6.0;0.0;1.0;14.0;A01
201800036278;2.0;33;0;0.0;2.0;9.0;1.0;B01
201800036278;1.0;7;0;0.0;2.0;8.0;19.0;A01
201800036279;1.0;33;0;0.0;0.0;0.0;1.0;A01
201800036280;1.0;1;0;1.0;0.0;1.0;14.0;A01
201800036281;1.0;7;0;0.0;2.0;3.0;0.0;B01
201800036281;1.0;2;0;0.0;2.0;1.0;9.0;A01
201800036282;2.0;1;0;0.0;2.0;1.0;1.0;B01
201800036282;1.0;7;0;0.0;2.0;5.0;15.0;A01
201800036283;1.0;7;0;0.0;0.0;9.0;0.0;A01
201800036284;1.0;33;0;0.0;2.0;1.0;1.0;B01
201800036284;2.0;10;0;0.0;2.0;5.0;1.0;A01
201800036285;0.0;10;0;0.0;2.0;3.0;16.0;A01
201800036285;0.0;1;0;9.0;0.0;2.0;0.0;B01
201800036286;1.0;7;0;0.0;2.0;4.0;0.0;A01
201800036286;1.0;7;0;0.0;2.0;4.0;0.0;B01
201800036287;1.0;7;0;0.0;1.0;5.0;20.0;A01
201800036288;0.0;37;1;0.0;1.0;5.0;0.0;A01
201800036289;1.0;7;0;0.0;2.0;1.0;1.0;B01
201800036289;2.0;7;0;0.0;2.0;1.0;13.0;A01
201800036289;2.0;7;0;0.0;2.0;2.0;2.0;C01
201800036290;2.0;1;0;0.0;2.0;1.0;1.0;B01
201800036290;2.0;7;0;0.0;2.0;2.0;15.0;A01
201800036291;1.0;7;0;0.0;1.0;3.0;1.0;A01
201800036292;1.0;7;0;0.0;0.0;9.0;1.0;A01
201800036293;1.0;7;0;0.0;1.0;1.0;15.0;A01
201800036294;1.0;7;0;0.0;1.0;2.0;1.0;A01
201800036295;0.0;7;0;0.0;1.0;2.0;1.0;A01
201800036296;0.0;7;0;1.0;0.0;2.0;1.0;A01
201800036297;2.0;33;0;9.0;0.0;1.0;19.0;A01
201800036298;0.0;7;0;0.0;2.0;1.0;0.0;A01
201800036298;0.0;99;0;0.0;2.0;1.0;0.0;B01
201800036299;2.0;7;0;0.0;1.0;0.0;1.0;A01
201800036300;2.0;7;0;0.0;1.0;2.0;9.0;A01
201800036301;1.0;31;0;0.0;2.0;2.0;2.0;A01
201800036301;1.0;37;10;0.0;2.0;3.0;15.0;B01
201800036302;0.0;1;0;0.0;2.0;0.0;0.0;B01
201800036302;2.0;7;0;0.0;6.0;1.0;16.0;A01
201800036303;1.0;1;0;0.0;2.0;8.0;19.0;B01
201800036303;2.0;17;0;0.0;2.0;1.0;15.0;A01
201800036304;2.0;7;0;1.0;2.0;1.0;13.0;A01
201800036304;1.0;1;0;0.0;2.0;1.0;1.0;C01
201800036304;2.0;7;0;0.0;2.0;1.0;1.0;B01
201800036305;0.0;7;0;0.0;1.0;4.0;4.0;A01
201800036306;0.0;7;0;8.0;0.0;3.0;0.0;A01
201800036307;1.0;33;0;15.0;0.0;1.0;13.0;A01
201800036308;1.0;7;0;0.0;1.0;1.0;1.0;A01
201800036309;1.0;7;0;0.0;2.0;2.0;19.0;A01
201800036309;1.0;30;0;0.0;2.0;1.0;2.0;B01
201800036310;0.0;7;0;0.0;2.0;3.0;15.0;A01
201800036310;2.0;2;0;0.0;2.0;1.0;1.0;B01
201800036311;2.0;7;0;2.0;0.0;1.0;13.0;A01
201800036312;2.0;33;0;8.0;0.0;1.0;1.0;A01
201800036313;1.0;33;0;0.0;2.0;5.0;0.0;B01
201800036313;1.0;7;0;0.0;2.0;1.0;9.0;A01
201800036314;0.0;7;0;0.0;1.0;3.0;15.0;A01
201800036315;2.0;10;0;3.0;0.0;4.0;2.0;B01
201800036315;2.0;7;0;3.0;0.0;1.0;2.0;A01
201800036316;1.0;2;0;0.0;2.0;7.0;21.0;B01
201800036316;2.0;7;0;0.0;2.0;1.0;19.0;A01
201800036317;1.0;7;0;0.0;1.0;3.0;1.0;A01
201800036318;2.0;7;0;0.0;4.0;8.0;1.0;A01
201800036318;1.0;39;55;0.0;2.0;1.0;1.0;B01
201800036319;1.0;7;0;0.0;1.0;1.0;15.0;A01
201800036320;2.0;7;0;0.0;1.0;2.0;0.0;A01
201800036321;2.0;7;0;0.0;1.0;7.0;16.0;A01
201800036322;2.0;33;0;0.0;2.0;1.0;1.0;B01
201800036322;1.0;7;0;0.0;2.0;7.0;15.0;A01
201800036323;1.0;33;0;0.0;2.0;1.0;2.0;A01
201800036323;1.0;21;0;0.0;2.0;6.0;1.0;B01
201800036324;1.0;7;0;0.0;1.0;0.0;1.0;A01
201800036325;2.0;1;0;0.0;2.0;7.0;1.0;B01
201800036325;2.0;7;0;0.0;2.0;3.0;9.0;A01
201800036326;1.0;7;0;0.0;2.0;3.0;1.0;B01
201800036326;2.0;7;0;0.0;2.0;1.0;19.0;A01
201800036327;1.0;7;0;3.0;2.0;1.0;13.0;A01
201800036327;2.0;7;0;0.0;2.0;1.0;1.0;B01
201800036328;0.0;7;0;15.0;0.0;7.0;1.0;A01
201800036329;1.0;10;0;0.0;2.0;1.0;15.0;A01
201800036329;2.0;7;0;0.0;2.0;1.0;1.0;B01
201800036330;0.0;7;0;0.0;2.0;2.0;15.0;A01
201800036330;0.0;7;0;0.0;2.0;3.0;1.0;B01
201800036331;2.0;33;0;0.0;0.0;0.0;1.0;A01
201800036332;0.0;7;0;0.0;1.0;1.0;0.0;A01
201800036333;1.0;7;0;0.0;2.0;1.0;1.0;A01
201800036333;2.0;1;0;0.0;2.0;1.0;15.0;B01
201800036334;1.0;7;0;15.0;0.0;7.0;0.0;A01
201800036335;1.0;33;0;0.0;2.0;2.0;1.0;A01
201800036335;2.0;7;0;0.0;2.0;7.0;15.0;B01
201800036336;1.0;30;0;0.0;2.0;2.0;17.0;A01
201800036336;2.0;7;0;0.0;2.0;3.0;15.0;B01
201800036337;0.0;7;0;6.0;0.0;1.0;0.0;A01
201800036338;0.0;7;0;0.0;2.0;2.0;9.0;A01