Num_Acc;senc;catv;occutc;obs;obsm;choc;manv;num_veh
201800036338;1.0;2;0;0.0;2.0;1.0;1.0;B01
201800036339;0.0;33;0;0.0;2.0;1.0;1.0;B01
201800036339;0.0;7;0;0.0;2.0;6.0;1.0;A01
201800036340;0.0;7;0;0.0;2.0;3.0;16.0;A01
201800036340;0.0;1;0;0.0;2.0;8.0;19.0;B01
201800036341;2.0;7;0;0.0;2.0;1.0;13.0;A01
201800036341;1.0;14;0;0.0;2.0;6.0;1.0;B01
201800036341;1.0;7;0;0.0;2.0;1.0;1.0;C01
201800036342;0.0;31;0;6.0;0.0;1.0;1.0;A01
201800036343;0.0;10;0;0.0;0.0;3.0;2.0;A01
201800036343;0.0;2;0;0.0;2.0;1.0;2.0;B01
201800036344;1.0;7;0;0.0;2.0;2.0;2.0;A01
201800036344;1.0;1;0;0.0;2.0;4.0;2.0;B01
201800036345;2.0;30;0;0.0;2.0;1.0;5.0;A01
201800036345;1.0;7;0;0.0;2.0;1.0;1.0;B01
201800036346;1.0;7;0;0.0;2.0;8.0;19.0;A01
201800036346;1.0;15;0;0.0;2.0;1.0;1.0;B01
201800036347;2.0;30;0;0.0;2.0;1.0;1.0;A01
201800036347;1.0;7;0;0.0;2.0;3.0;1.0;B01
201800036348;0.0;7;0;14.0;0.0;0.0;0.0;A01
201800036349;2.0;7;0;0.0;1.0;3.0;1.0;A01
201800036350;0.0;7;0;0.0;2.0;1.0;1.0;B01
201800036350;0.0;7;0;0.0;2.0;7.0;9.0;A01
201800036351;2.0;10;0;1.0;0.0;2.0;1.0;A01
201800036351;2.0;15;0;0.0;2.0;5.0;24.0;B01
201800036352;1.0;7;0;0.0;1.0;0.0;1.0;A01
201800036353;2.0;7;0;0.0;1.0;1.0;19.0;A01
201800036354;0.0;1;0;0.0;1.0;1.0;1.0;A01
201800036355;1.0;7;0;0.0;2.0;3.0;1.0;B01
201800036355;1.0;10;0;0.0;2.0;1.0;1.0;A01
201800036356;1.0;10;0;0.0;2.0;1.0;15.0;A01
201800036356;2.0;2;0;0.0;2.0;7.0;0.0;B01
201800036357;0.0;7;0;0.0;2.0;4.0;2.0;B01
201800036357;0.0;31;0;0.0;2.0;1.0;2.0;A01
201800036358;0.0;7;0;0.0;2.0;2.0;15.0;A01
201800036358;0.0;33;0;0.0;2.0;1.0;1.0;B01
201800036359;1.0;7;0;0.0;1.0;1.0;1.0;A01
201800036360;1.0;7;0;0.0;2.0;1.0;2.0;A01
201800036360;1.0;7;0;0.0;1.0;6.0;2.0;B01
201800036361;0.0;7;0;0.0;1.0;3.0;15.0;A01
201800036362;0.0;3;0;0.0;2.0;6.0;2.0;B01
201800036362;0.0;2;0;0.0;2.0;2.0;17.0;A01
201800036363;0.0;7;0;0.0;2.0;1.0;1.0;B01
201800036363;0.0;7;0;0.0;2.0;7.0;1.0;A01
201800036364;0.0;7;0;0.0;2.0;3.0;15.0;B01
201800036364;0.0;33;0;0.0;2.0;8.0;17.0;A01
201800036365;1.0;1;0;0.0;0.0;0.0;0.0;B01
201800036365;1.0;7;0;0.0;2.0;1.0;0.0;A01
201800036366;0.0;7;0;0.0;2.0;2.0;17.0;A01
201800036366;0.0;7;0;0.0;2.0;4.0;2.0;B01
201800036367;2.0;34;0;0.0;2.0;1.0;17.0;A01
201800036367;2.0;7;0;0.0;2.0;3.0;15.0;B01
201800036368;1.0;7;0;0.0;2.0;1.0;13.0;A01
201800036368;2.0;7;0;0.0;2.0;3.0;0.0;B01
201800036369;1.0;1;0;0.0;1.0;1.0;0.0;A01
201800036370;0.0;33;0;0.0;2.0;7.0;1.0;B01
201800036370;0.0;7;0;0.0;2.0;3.0;19.0;A01
201800036371;1.0;33;0;0.0;2.0;1.0;1.0;B01
201800036371;2.0;7;0;0.0;2.0;3.0;15.0;A01
201800036372;1.0;7;0;0.0;1.0;2.0;0.0;A01
201800036373;0.0;34;0;0.0;1.0;1.0;21.0;A01
201800036374;1.0;99;0;1.0;0.0;1.0;1.0;A01
201800036375;0.0;7;0;0.0;2.0;3.0;9.0;A01
201800036375;0.0;31;0;0.0;2.0;7.0;16.0;B01
201800036376;1.0;7;0;0.0;0.0;3.0;19.0;A01
201800036376;0.0;33;0;0.0;0.0;0.0;0.0;B01
201800036377;0.0;30;0;10.0;0.0;0.0;0.0;A01
201800036378;2.0;33;0;0.0;1.0;1.0;1.0;A01
201800036379;0.0;7;0;0.0;1.0;4.0;20.0;A01
201800036380;0.0;7;0;0.0;1.0;1.0;15.0;A01
201800036381;0.0;7;0;0.0;1.0;1.0;1.0;A01
201800036382;0.0;2;0;14.0;0.0;1.0;1.0;A01
201800036383;0.0;7;0;0.0;2.0;1.0;1.0;B01
201800036383;0.0;7;0;0.0;2.0;3.0;1.0;C01
201800036383;1.0;7;0;0.0;2.0;1.0;5.0;A01
201800036384;1.0;7;0;9.0;0.0;1.0;19.0;A01
201800036385;2.0;7;0;0.0;2.0;1.0;1.0;A01
201800036385;2.0;7;0;0.0;2.0;4.0;2.0;B01
201800036386;1.0;7;0;0.0;2.0;3.0;1.0;B01
201800036386;2.0;7;0;0.0;2.0;2.0;15.0;A01
201800036387;1.0;7;0;0.0;2.0;4.0;2.0;B01
201800036387;1.0;7;0;0.0;2.0;4.0;2.0;C01
201800036387;1.0;7;0;0.0;2.0;4.0;2.0;D01
201800036387;1.0;7;0;0.0;2.0;1.0;1.0;A01
201800036388;2.0;3;0;0.0;2.0;1.0;2.0;B01
201800036388;2.0;33;0;0.0;2.0;1.0;1.0;A01
201800036389;1.0;7;0;0.0;2.0;1.0;2.0;B01
201800036389;1.0;7;0;0.0;2.0;1.0;9.0;A01
201800036390;1.0;7;0;0.0;2.0;4.0;2.0;B01
201800036390;1.0;7;0;0.0;2.0;1.0;1.0;A01
201800036391;1.0;31;0;0.0;0.0;8.0;1.0;A01
201800036392;2.0;7;0;3.0;2.0;9.0;17.0;A01
201800036392;2.0;14;0;0.0;2.0;1.0;2.0;B01
201800036393;2.0;7;0;0.0;1.0;3.0;1.0;A01
201800036394;2.0;7;0;0.0;1.0;1.0;1.0;A01
201800036395;2.0;7;0;0.0;2.0;4.0;2.0;B01
201800036395;2.0;7;0;0.0;2.0;1.0;1.0;A01
201800036396;1.0;33;0;1.0;0.0;1.0;1.0;A01
201800036397;1.0;7;0;0.0;2.0;7.0;14.0;B01
201800036397;1.0;34;0;0.0;2.0;8.0;15.0;A01
201800036398;1.0;7;0;0.0;1.0;1.0;1.0;A01
201800036399;1.0;17;0;0.0;2.0;1.0;1.0;A01
201800036399;1.0;7;0;0.0;2.0;4.0;2.0;B01
201800036400;1.0;7;0;0.0;2.0;4.0;1.0;A01
201800036400;1.0;7;0;0.0;2.0;4.0;2.0;B01
201800036401;2.0;2;0;0.0;0.0;7.0;1.0;A01
201800036402;1.0;7;0;0.0;1.0;1.0;1.0;A01
201800036403;1.0;7;0;0.0;1.0;1.0;1.0;A01
201800036404;2.0;7;0;0.0;2.0;4.0;2.0;B01
201800036404;2.0;7;0;0.0;2.0;1.0;1.0;A01
201800036405;1.0;31;0;0.0;2.0;2.0;17.0;B01
201800036405;1.0;7;0;0.0;2.0;8.0;15.0;A01
201800036406;1.0;15;0;7.0;1.0;7.0;16.0;A01
201800036407;1.0;7;0;0.0;2.0;3.0;1.0;A01
201800036407;1.0;1;0;0.0;2.0;1.0;19.0;B01
201800036408;1.0;31;0;0.0;2.0;1.0;3.0;B01
201800036408;1.0;7;0;0.0;2.0;1.0;9.0;A01
201800036409;1.0;7;0;0.0;2.0;4.0;2.0;B01
201800036409;1.0;7;0;0.0;2.0;1.0;1.0;A01
201800036410;1.0;31;0;0.0;2.0;8.0;9.0;B01
201800036410;1.0;31;0;0.0;2.0;7.0;17.0;A01
201800036411;1.0;7;0;0.0;2.0;1.0;1.0;B01
201800036411;2.0;7;0;0.0;2.0;1.0;15.0;A01
201800036412;1.0;7;0;0.0;2.0;4.0;2.0;C01
201800036412;1.0;7;0;0.0;2.0;1.0;1.0;A01
201800036412;1.0;7;0;0.0;2.0;4.0;2.0;B01
201800036413;1.0;7;0;6.0;0.0;1.0;1.0;A01
201800036414;1.0;7;0;0.0;1.0;1.0;1.0;A01
201800036415;2.0;7;0;0.0;2.0;4.0;2.0;B01
201800036415;2.0;7;0;0.0;2.0;1.0;1.0;A01
201800036416;1.0;2;0;0.0;2.0;7.0;1.0;B01
201800036416;1.0;99;0;0.0;2.0;3.0;17.0;Z01
201800036417;1.0;3;0;6.0;0.0;1.0;1.0;A01
201800036418;1.0;1;0;12.0;0.0;1.0;16.0;A01
201800036419;0.0;7;0;0.0;2.0;7.0;14.0;A01
201800036419;0.0;1;0;0.0;2.0;1.0;1.0;B01
201800036420;1.0;7;0;0.0;2.0;8.0;13.0;B01
201800036420;2.0;7;0;0.0;2.0;8.0;13.0;A01
201800036421;1.0;7;0;0.0;2.0;4.0;2.0;B01
201800036421;1.0;7;0;0.0;2.0;4.0;2.0;C01
201800036421;2.0;7;0;0.0;2.0;1.0;1.0;A01
201800036422;1.0;7;0;6.0;0.0;1.0;1.0;A01
201800036423;1.0;33;0;0.0;0.0;0.0;1.0;A01
201800036424;2.0;10;0;0.0;2.0;4.0;2.0;D01
201800036424;2.0;7;0;0.0;2.0;1.0;1.0;A01
201800036424;2.0;7;0;0.0;2.0;4.0;2.0;C01
201800036424;2.0;7;0;0.0;2.0;2.0;2.0;B01
201800036425;1.0;7;0;0.0;2.0;4.0;2.0;B01
201800036425;1.0;7;0;14.0;2.0;1.0;1.0;A01
201800036426;1.0;7;0;13.0;0.0;1.0;1.0;A01
201800036427;1.0;7;0;8.0;0.0;7.0;0.0;A01
201800036428;1.0;7;0;0.0;2.0;4.0;2.0;B01
201800036428;1.0;7;0;0.0;2.0;1.0;1.0;A01
201800036429;1.0;31;0;0.0;0.0;7.0;21.0;A01
201800036430;2.0;7;0;0.0;2.0;3.0;1.0;B01
201800036430;2.0;15;0;0.0;2.0;2.0;12.0;A01
201800036431;1.0;30;0;0.0;2.0;1.0;1.0;B01
201800036431;1.0;7;0;0.0;2.0;8.0;15.0;A01
201800036432;0.0;1;0;1.0;0.0;0.0;1.0;A01
201800036433;0.0;7;0;0.0;1.0;1.0;1.0;A01
201800036434;1.0;15;0;0.0;2.0;4.0;23.0;A01
201800036434;1.0;7;0;0.0;2.0;1.0;2.0;C01
201800036434;1.0;7;0;1.0;0.0;1.0;2.0;B01
201800036435;1.0;7;0;0.0;2.0;1.0;2.0;B01
201800036435;1.0;7;0;0.0;2.0;4.0;9.0;A01
201800036436;1.0;7;0;0.0;2.0;4.0;3.0;B01
201800036436;1.0;7;0;0.0;2.0;1.0;1.0;A01
201800036437;1.0;7;0;0.0;2.0;1.0;1.0;A01
201800036437;1.0;7;0;0.0;2.0;4.0;2.0;B01
201800036438;2.0;7;0;6.0;0.0;1.0;16.0;A01
201800036439;1.0;33;0;0.0;2.0;8.0;1.0;B01
201800036439;1.0;7;0;0.0;2.0;7.0;18.0;A01
201800036440;1.0;7;0;6.0;0.0;1.0;1.0;A01
201800036441;1.0;7;0;3.0;0.0;7.0;1.0;A01
201800036442;2.0;33;0;0.0;0.0;8.0;0.0;A01
201800036443;2.0;7;0;0.0;2.0;4.0;2.0;C01
201800036443;2.0;7;0;0.0;2.0;1.0;1.0;A01
201800036443;2.0;7;0;0.0;2.0;1.0;2.0;B01
201800036444;1.0;7;0;0.0;2.0;1.0;1.0;A01
201800036444;1.0;7;0;0.0;2.0;8.0;2.0;B01
201800036445;1.0;32;0;0.0;2.0;4.0;2.0;B01
201800036445;1.0;32;0;0.0;2.0;1.0;1.0;A01
201800036446;1.0;7;0;0.0;1.0;8.0;1.0;A01
201800036447;1.0;7;0;0.0;1.0;4.0;20.0;A01
201800036448;1.0;32;0;0.0;0.0;0.0;1.0;A01
201800036449;1.0;7;0;6.0;2.0;4.0;2.0;B01
201800036449;1.0;7;0;0.0;2.0;1.0;1.0;A01
201800036450;1.0;7;0;0.0;2.0;1.0;1.0;A01
201800036450;1.0;7;0;0.0;2.0;4.0;2.0;B01
201800036451;1.0;33;0;0.0;0.0;0.0;1.0;A01
201800036452;1.0;7;0;0.0;2.0;4.0;2.0;B01
201800036452;1.0;34;0;11.0;2.0;1.0;1.0;A01
201800036453;1.0;38;1;0.0;2.0;1.0;15.0;A01
201800036453;1.0;34;0;0.0;2.0;1.0;2.0;B01
201800036454;1.0;7;0;0.0;2.0;7.0;16.0;B01
201800036454;1.0;30;0;1.0;2.0;1.0;18.0;A01
201800036455;2.0;7;0;3.0;0.0;2.0;1.0;A01
201800036456;2.0;3;0;12.0;0.0;9.0;1.0;A01
201800036457;1.0;7;0;0.0;2.0;2.0;12.0;A01
201800036457;1.0;7;0;0.0;2.0;6.0;2.0;B01
201800036458;2.0;33;0;0.0;2.0;8.0;2.0;B01
201800036458;2.0;7;0;0.0;2.0;7.0;12.0;A01
201800036459;2.0;14;0;0.0;2.0;8.0;13.0;B01
201800036459;2.0;30;0;0.0;2.0;1.0;17.0;A01
201800036460;0.0;33;0;0.0;2.0;8.0;1.0;B01
201800036460;2.0;7;0;0.0;2.0;7.0;1.0;A01
201800036461;1.0;7;0;0.0;2.0;1.0;1.0;A01
201800036461;1.0;7;0;0.0;2.0;5.0;2.0;B01
201800036462;0.0;32;0;0.0;0.0;7.0;1.0;A01
201800036463;2.0;7;0;0.0;2.0;4.0;2.0;B01
201800036463;2.0;7;0;0.0;2.0;1.0;1.0;A01
201800036463;0.0;7;0;0.0;2.0;0.0;0.0;Z01
201800036464;1.0;7;0;1.0;0.0;1.0;1.0;A01
201800036465;1.0;7;0;1.0;0.0;2.0;1.0;A01
201800036466;1.0;7;0;0.0;2.0;4.0;2.0;B01
201800036466;1.0;7;0;0.0;2.0;1.0;1.0;A01
201800036467;1.0;31;0;0.0;0.0;1.0;0.0;A01
201800036468;1.0;33;0;0.0;2.0;7.0;3.0;A01
201800036468;1.0;7;0;0.0;2.0;8.0;1.0;B01
201800036469;1.0;7;0;0.0;2.0;7.0;1.0;B01
201800036469;2.0;2;0;0.0;2.0;1.0;1.0;A01
201800036470;0.0;1;0;0.0;0.0;0.0;15.0;A01
201800036471;1.0;31;0;0.0;1.0;7.0;1.0;A01
201800036472;1.0;7;0;0.0;2.0;8.0;2.0;B01
201800036472;1.0;33;0;0.0;2.0;1.0;1.0;A01
201800036473;2.0;7;0;0.0;2.0;1.0;2.0;C01
201800036473;1.0;7;0;0.0;2.0;1.0;17.0;Z01
201800036473;2.0;7;0;0.0;2.0;3.0;1.0;B01
201800036474;1.0;7;0;0.0;1.0;4.0;20.0;A01
201800036475;1.0;7;0;14.0;0.0;1.0;1.0;A01
201800036476;0.0;7;0;0.0;2.0;3.0;1.0;B01
201800036476;0.0;7;0;0.0;2.0;6.0;11.0;A01
201800036477;2.0;7;0;0.0;2.0;1.0;1.0;A01
201800036477;2.0;7;0;0.0;2.0;4.0;2.0;B01
201800036478;2.0;7;0;0.0;2.0;1.0;1.0;A01
201800036478;2.0;7;0;0.0;2.0;4.0;2.0;B01
201800036479;2.0;1;0;0.0;0.0;7.0;1.0;A01
201800036480;1.0;7;0;5.0;0.0;1.0;9.0;Z01
201800036481;1.0;10;0;0.0;2.0;6.0;15.0;B01
201800036481;1.0;33;0;0.0;2.0;2.0;17.0;A01
201800036482;1.0;7;0;0.0;2.0;1.0;9.0;Z01
201800036482;1.0;7;0;0.0;2.0;7.0;1.0;B01
201800036483;1.0;7;0;1.0;0.0;2.0;1.0;A01
201800036484;1.0;7;0;0.0;1.0;1.0;19.0;A01
201800036485;0.0;7;0;0.0;2.0;4.0;2.0;B01
201800036485;0.0;7;0;0.0;2.0;1.0;1.0;A01
201800036485;0.0;7;0;0.0;2.0;4.0;2.0;C01
201800036486;1.0;7;0;0.0;1.0;2.0;19.0;A01
201800036487;1.0;7;0;0.0;2.0;1.0;5.0;A01
201800036487;2.0;7;0;0.0;2.0;1.0;1.0;B01
201800036488;2.0;7;0;0.0;2.0;1.0;1.0;A01
201800036488;2.0;7;0;0.0;2.0;4.0;2.0;B01
201800036489;0.0;7;0;0.0;2.0;3.0;1.0;A01
201800036489;0.0;7;0;0.0;2.0;3.0;2.0;B01
201800036490;0.0;7;0;0.0;2.0;8.0;15.0;B01
201800036490;0.0;31;0;0.0;2.0;1.0;17.0;A01
201800036491;0.0;7;0;0.0;2.0;4.0;2.0;B01
201800036491;0.0;7;0;0.0;2.0;1.0;1.0;A01
201800036491;0.0;7;0;0.0;2.0;4.0;2.0;C01
201800036492;0.0;7;0;0.0;1.0;2.0;16.0;A01
201800036493;0.0;7;0;0.0;2.0;4.0;2.0;C01
201800036493;0.0;7;0;0.0;2.0;1.0;1.0;A01
201800036493;0.0;7;0;0.0;2.0;4.0;2.0;B01
201800036494;1.0;7;0;14.0;0.0;1.0;1.0;A01
201800036495;0.0;32;0;0.0;2.0;1.0;1.0;A01
201800036495;0.0;7;0;0.0;2.0;4.0;2.0;B01
201800036496;2.0;7;0;0.0;1.0;1.0;1.0;A01
201800036497;0.0;33;0;11.0;0.0;1.0;1.0;A01
201800036498;1.0;7;0;0.0;1.0;2.0;9.0;A01
201800036499;1.0;20;0;0.0;2.0;1.0;1.0;A01
201800036499;1.0;20;0;0.0;2.0;4.0;2.0;B01
201800036499;1.0;20;0;0.0;2.0;4.0;2.0;C01
201800036500;0.0;21;0;0.0;2.0;4.0;2.0;B01
201800036500;0.0;7;0;3.0;2.0;1.0;1.0;A01
201800036501;1.0;7;0;12.0;0.0;3.0;1.0;A01
201800036502;1.0;7;0;0.0;2.0;2.0;15.0;B01
201800036502;1.0;7;0;0.0;2.0;6.0;15.0;A01
201800036503;1.0;33;0;0.0;1.0;1.0;1.0;A01
201800036504;0.0;7;0;0.0;2.0;4.0;2.0;B01
201800036504;0.0;33;0;0.0;2.0;1.0;1.0;A01
201800036505;0.0;7;0;3.0;0.0;1.0;21.0;A01
201800036506;1.0;7;0;0.0;2.0;1.0;1.0;A01
201800036506;1.0;7;0;0.0;2.0;4.0;1.0;B01
201800036507;0.0;7;0;3.0;0.0;9.0;9.0;A01
201800036508;1.0;32;0;0.0;2.0;1.0;1.0;B01
201800036508;1.0;7;0;0.0;2.0;4.0;4.0;A01
201800036509;0.0;7;0;0.0;2.0;4.0;2.0;D01
201800036509;0.0;7;0;1.0;2.0;9.0;1.0;A01
201800036509;0.0;7;0;0.0;2.0;4.0;2.0;C01
201800036510;1.0;2;0;0.0;0.0;1.0;1.0;A01
201800036511;0.0;7;0;0.0;2.0;1.0;1.0;B01
201800036511;0.0;30;0;0.0;2.0;1.0;1.0;A01
201800036512;0.0;7;0;0.0;2.0;3.0;1.0;B01
201800036512;0.0;31;0;8.0;2.0;1.0;17.0;A01
201800036513;0.0;1;0;0.0;2.0;1.0;1.0;A01
201800036513;0.0;7;0;0.0;6.0;7.0;9.0;B01
201800036514;0.0;7;0;0.0;1.0;1.0;1.0;A01
201800036515;1.0;2;0;0.0;2.0;1.0;1.0;B01
201800036515;1.0;10;0;0.0;2.0;2.0;14.0;A01
201800036516;1.0;7;0;0.0;6.0;2.0;16.0;A01
201800036516;1.0;1;0;0.0;2.0;1.0;2.0;C01
201800036516;1.0;1;0;0.0;2.0;1.0;1.0;B01
201800036517;1.0;7;0;0.0;1.0;3.0;1.0;A01
201800036518;1.0;7;0;0.0;2.0;3.0;1.0;B01
201800036518;2.0;7;0;0.0;2.0;7.0;13.0;Z01
201800036519;2.0;7;0;0.0;2.0;4.0;2.0;B01
201800036519;2.0;7;0;0.0;2.0;1.0;1.0;A01
201800036519;2.0;7;0;0.0;2.0;1.0;2.0;C01
201800036520;0.0;7;0;0.0;2.0;8.0;15.0;B01
201800036520;0.0;2;0;0.0;2.0;1.0;17.0;A01
201800036521;0.0;7;0;0.0;2.0;4.0;2.0;B01
201800036521;0.0;7;0;0.0;2.0;1.0;1.0;A01
201800036522;0.0;7;0;0.0;1.0;2.0;1.0;A01
201800036523;0.0;7;0;0.0;1.0;1.0;1.0;A01
201800036524;0.0;7;0;0.0;1.0;1.0;9.0;A01
201800036525;0.0;7;0;0.0;2.0;1.0;1.0;A01
201800036525;0.0;7;0;0.0;2.0;4.0;2.0;B01
201800036526;0.0;7;0;0.0;1.0;1.0;1.0;A01
201800036527;0.0;7;0;3.0;0.0;1.0;1.0;A01
201800036528;0.0;31;0;0.0;2.0;1.0;2.0;B01
201800036528;0.0;7;0;0.0;2.0;2.0;15.0;A01
201800036529;0.0;7;0;0.0;2.0;1.0;1.0;A01
201800036529;0.0;7;0;0.0;2.0;1.0;1.0;B01
201800036530;0.0;7;0;0.0;2.0;3.0;1.0;B01
201800036530;0.0;7;0;0.0;2.0;7.0;12.0;A01
201800036531;2.0;7;0;0.0;2.0;8.0;11.0;B01
201800036531;2.0;7;0;0.0;2.0;8.0;1.0;C01
201800036531;2.0;7;0;0.0;2.0;2.0;1.0;A01
201800036532;2.0;32;0;0.0;2.0;1.0;1.0;A01
201800036532;2.0;10;0;0.0;2.0;7.0;1.0;B01
201800036533;2.0;10;0;0.0;2.0;1.0;15.0;A01
201800036533;2.0;7;0;0.0;2.0;8.0;1.0;B01
201800036534;0.0;7;0;1.0;0.0;8.0;13.0;A01
201800036535;2.0;34;0;0.0;2.0;1.0;1.0;B01
201800036535;2.0;7;0;0.0;2.0;1.0;1.0;A01
201800036536;1.0;7;0;1.0;2.0;8.0;0.0;C01
201800036536;1.0;7;0;0.0;2.0;4.0;2.0;B01
201800036536;1.0;13;0;0.0;2.0;1.0;1.0;A01
201800036537;1.0;30;0;14.0;0.0;0.0;1.0;A01
201800036538;0.0;7;0;8.0;2.0;9.0;1.0;B01
201800036538;0.0;7;0;0.0;2.0;1.0;15.0;A01
201800036539;0.0;14;0;12.0;2.0;5.0;12.0;A01
201800036539;0.0;1;0;0.0;2.0;8.0;23.0;B01
201800036540;1.0;7;0;0.0;2.0;2.0;15.0;A01
201800036540;1.0;34;0;0.0;2.0;1.0;1.0;B01
201800036541;1.0;34;0;0.0;1.0;1.0;18.0;A01
201800036542;1.0;2;0;0.0;2.0;8.0;1.0;B01
201800036542;1.0;7;0;0.0;2.0;7.0;1.0;A01
201800036543;1.0;10;0;0.0;2.0;3.0;1.0;A01
201800036543;1.0;33;0;0.0;2.0;2.0;2.0;B01
201800036544;2.0;7;0;0.0;2.0;1.0;1.0;A01
201800036544;2.0;7;0;0.0;2.0;8.0;10.0;Z01
201800036545;0.0;7;0;0.0;2.0;4.0;2.0;B01
201800036545;0.0;7;0;0.0;2.0;4.0;2.0;C01
201800036545;0.0;7;0;0.0;2.0;1.0;1.0;A01
201800036546;1.0;31;0;0.0;2.0;3.0;3.0;B01
201800036546;1.0;7;0;0.0;2.0;2.0;12.0;A01
201800036546;1.0;7;0;0.0;2.0;4.0;3.0;C01
201800036547;1.0;7;0;0.0;2.0;4.0;15.0;B01
201800036547;1.0;10;0;0.0;2.0;1.0;2.0;Z01
201800036547;1.0;7;0;0.0;2.0;4.0;1.0;A01
201800036548;0.0;7;0;0.0;2.0;2.0;19.0;A01
201800036548;0.0;32;0;0.0;2.0;1.0;1.0;B01
201800036549;2.0;30;0;0.0;2.0;7.0;14.0;A01
201800036549;2.0;10;0;0.0;2.0;3.0;2.0;B01
201800036550;1.0;7;0;0.0;2.0;4.0;15.0;B01
201800036550;1.0;7;0;0.0;2.0;1.0;1.0;Z01
201800036551;2.0;7;0;0.0;2.0;8.0;1.0;B01
201800036551;2.0;34;0;0.0;2.0;1.0;1.0;Z01
201800036552;2.0;32;0;0.0;1.0;1.0;1.0;A01
201800036553;2.0;30;0;0.0;1.0;1.0;1.0;Z01
201800036554;1.0;7;0;0.0;2.0;4.0;2.0;C01
201800036554;1.0;7;0;0.0;2.0;1.0;1.0;A01
201800036554;1.0;7;0;0.0;2.0;9.0;2.0;B01
201800036555;1.0;10;0;0.0;2.0;3.0;15.0;A01
201800036555;1.0;2;0;0.0;2.0;7.0;17.0;B01
201800036556;2.0;32;0;0.0;0.0;8.0;1.0;A01
201800036557;1.0;7;0;9.0;2.0;1.0;1.0;A01
201800036557;1.0;7;0;14.0;2.0;4.0;23.0;B01
201800036558;1.0;7;0;0.0;1.0;1.0;15.0;A01
201800036559;2.0;7;0;0.0;2.0;3.0;1.0;B01
201800036559;2.0;33;0;0.0;2.0;1.0;19.0;A01
201800036560;2.0;7;0;12.0;2.0;1.0;13.0;A01
201800036560;1.0;7;0;12.0;2.0;1.0;1.0;B01
201800036561;0.0;10;0;0.0;2.0;7.0;15.0;B01
201800036561;0.0;10;0;0.0;2.0;1.0;1.0;A01
201800036562;2.0;33;0;6.0;0.0;1.0;1.0;A01
201800036563;2.0;31;0;0.0;2.0;2.0;1.0;A01
201800036563;2.0;10;0;0.0;2.0;8.0;10.0;B01
201800036564;1.0;7;0;0.0;2.0;1.0;1.0;B01
201800036564;0.0;7;0;0.0;2.0;6.0;10.0;A01
201800036565;1.0;7;0;0.0;1.0;1.0;1.0;A01
201800036566;1.0;34;0;0.0;2.0;7.0;17.0;B01
201800036566;1.0;10;0;0.0;2.0;8.0;13.0;A01
201800036567;0.0;7;0;0.0;2.0;1.0;2.0;B01
201800036567;0.0;7;0;0.0;2.0;4.0;1.0;A01
201800036568;2.0;7;0;0.0;2.0;3.0;1.0;A01
201800036568;2.0;7;0;0.0;2.0;2.0;1.0;B01
201800036569;1.0;10;0;0.0;2.0;4.0;23.0;B01
201800036569;1.0;10;0;0.0;2.0;1.0;1.0;A01
201800036570;2.0;7;0;0.0;2.0;3.0;15.0;B01
201800036570;2.0;7;0;0.0;2.0;2.0;21.0;A01
201800036571;2.0;32;0;0.0;2.0;1.0;1.0;B01
201800036571;1.0;10;0;0.0;2.0;8.0;1.0;A01
201800036572;2.0;7;0;0.0;2.0;1.0;1.0;A01
201800036572;2.0;7;0;0.0;2.0;7.0;1.0;B01
201800036573;0.0;7;0;0.0;2.0;1.0;1.0;A01
201800036573;0.0;7;0;0.0;2.0;4.0;2.0;B01
201800036573;0.0;7;0;0.0;2.0;4.0;2.0;C01
201800036574;1.0;7;0;0.0;1.0;2.0;1.0;A01
201800036575;0.0;7;0;0.0;1.0;1.0;1.0;A01
201800036576;1.0;7;0;0.0;2.0;4.0;2.0;B01
201800036576;1.0;7;0;0.0;2.0;1.0;1.0;A01
201800036577;0.0;7;0;0.0;2.0;7.0;15.0;A01
201800036577;0.0;33;0;0.0;2.0;1.0;1.0;B01
201800036578;1.0;7;0;0.0;1.0;3.0;1.0;A01
201800036579;1.0;7;0;0.0;2.0;4.0;2.0;B01
201800036579;1.0;7;0;0.0;2.0;1.0;1.0;A01
201800036580;2.0;7;0;0.0;1.0;3.0;1.0;A01
201800036581;1.0;7;0;0.0;2.0;1.0;1.0;B01
201800036581;1.0;7;0;0.0;2.0;8.0;9.0;A01
201800036582;2.0;7;0;0.0;2.0;1.0;1.0;B01
201800036582;1.0;7;0;0.0;2.0;1.0;1.0;A01
201800036583;2.0;7;0;0.0;2.0;1.0;1.0;A01
201800036583;2.0;7;0;0.0;2.0;4.0;1.0;B01
201800036584;1.0;7;0;0.0;1.0;4.0;23.0;B01
201800036584;1.0;10;0;0.0;2.0;1.0;1.0;A01
201800036585;2.0;1;0;0.0;2.0;1.0;1.0;B01
201800036585;2.0;7;0;0.0;2.0;5.0;16.0;Z01
201800036586;0.0;33;0;0.0;2.0;2.0;1.0;B01
201800036586;0.0;10;0;0.0;2.0;6.0;15.0;A01
201800036587;2.0;7;0;0.0;2.0;7.0;15.0;A01
201800036587;1.0;33;0;0.0;2.0;1.0;2.0;B01
201800036588;1.0;7;0;0.0;1.0;1.0;17.0;A01
201800036589;0.0;10;0;1.0;2.0;8.0;2.0;C01
201800036589;0.0;10;0;1.0;1.0;2.0;14.0;A01