Num_Acc;senc;catv;occutc;obs;obsm;choc;manv;num_veh
201800036845;1.0;10;0;0.0;1.0;1.0;1.0;Z01
201800036846;0.0;7;0;0.0;1.0;2.0;1.0;A01
201800036847;0.0;7;0;1.0;0.0;1.0;14.0;A01
201800036848;0.0;7;0;1.0;0.0;2.0;1.0;A01
201800036849;0.0;2;0;0.0;0.0;3.0;13.0;B01
201800036849;0.0;7;0;0.0;2.0;2.0;1.0;A01
201800036850;0.0;7;0;4.0;0.0;2.0;14.0;A01
201800036851;0.0;10;0;0.0;2.0;8.0;1.0;B01
201800036851;0.0;10;0;0.0;2.0;1.0;1.0;A01
201800036852;0.0;7;0;0.0;2.0;4.0;2.0;B01
201800036852;0.0;7;0;9.0;2.0;1.0;21.0;A01
201800036853;1.0;10;0;12.0;1.0;2.0;1.0;A01
201800036854;0.0;10;0;0.0;2.0;0.0;11.0;A01
201800036854;0.0;33;0;0.0;2.0;0.0;1.0;B01
201800036855;0.0;32;0;0.0;2.0;3.0;1.0;A01
201800036855;0.0;7;0;0.0;2.0;4.0;2.0;C01
201800036855;0.0;7;0;0.0;2.0;4.0;2.0;B01
201800036856;2.0;10;0;0.0;1.0;1.0;16.0;A01
201800036857;1.0;7;0;0.0;2.0;2.0;1.0;A01
201800036857;1.0;7;0;0.0;2.0;1.0;1.0;B01
201800036858;1.0;10;0;0.0;1.0;1.0;19.0;A01
201800036859;2.0;1;0;0.0;2.0;1.0;1.0;B01
201800036859;2.0;37;10;0.0;2.0;1.0;1.0;A01
201800036860;0.0;10;0;0.0;2.0;3.0;9.0;A01
201800036860;0.0;1;0;14.0;2.0;3.0;3.0;B01
201800036861;0.0;7;0;0.0;1.0;1.0;1.0;A01
201800036862;0.0;33;0;0.0;1.0;3.0;14.0;A01
201800036863;1.0;32;0;0.0;2.0;1.0;1.0;A01
201800036863;1.0;7;0;0.0;2.0;6.0;1.0;B01
201800036864;2.0;7;0;1.0;0.0;2.0;1.0;A01
201800036865;1.0;7;0;1.0;0.0;5.0;4.0;A01
201800036865;2.0;7;0;0.0;2.0;1.0;1.0;C01
201800036865;1.0;2;0;0.0;2.0;1.0;1.0;B01
201800036866;2.0;7;0;0.0;1.0;3.0;1.0;A01
201800036867;0.0;7;0;0.0;2.0;3.0;15.0;A01
201800036867;0.0;1;0;0.0;2.0;3.0;1.0;B01
201800036868;0.0;33;0;0.0;2.0;7.0;1.0;B01
201800036868;0.0;3;0;0.0;2.0;8.0;15.0;A01
201800036869;0.0;1;0;0.0;2.0;7.0;1.0;B01
201800036869;0.0;7;0;0.0;2.0;1.0;19.0;A01
201800036870;0.0;7;0;0.0;1.0;2.0;1.0;A01
201800036871;0.0;7;0;0.0;1.0;1.0;16.0;A01
201800036872;0.0;7;0;9.0;2.0;7.0;1.0;B01
201800036872;0.0;7;0;0.0;2.0;1.0;9.0;A01
201800036873;0.0;30;0;0.0;1.0;1.0;1.0;A01
201800036874;2.0;7;0;0.0;6.0;8.0;15.0;A01
201800036874;2.0;33;0;14.0;2.0;2.0;17.0;B01
201800036875;1.0;99;0;0.0;1.0;1.0;1.0;Z01
201800036876;0.0;7;0;0.0;1.0;1.0;15.0;A01
201800036876;0.0;7;0;0.0;2.0;1.0;16.0;B01
201800036877;1.0;30;0;0.0;2.0;1.0;1.0;A01
201800036877;2.0;30;0;0.0;2.0;1.0;1.0;B01
201800036878;0.0;7;0;0.0;2.0;1.0;1.0;A01
201800036878;0.0;7;0;0.0;2.0;5.0;2.0;B01
201800036879;1.0;7;0;0.0;1.0;1.0;19.0;A01
201800036880;0.0;7;0;0.0;2.0;1.0;9.0;B01
201800036880;0.0;7;0;0.0;2.0;4.0;9.0;A01
201800036881;2.0;7;0;0.0;1.0;2.0;1.0;A01
201800036882;1.0;31;0;0.0;2.0;3.0;17.0;B01
201800036882;1.0;10;0;0.0;2.0;6.0;11.0;A01
201800036883;1.0;7;0;1.0;0.0;4.0;1.0;A01
201800036883;2.0;7;0;0.0;2.0;1.0;1.0;B01
201800036884;0.0;34;0;0.0;2.0;8.0;2.0;B01
201800036884;0.0;7;0;0.0;2.0;1.0;14.0;A01
201800036885;0.0;7;0;0.0;2.0;4.0;2.0;C01
201800036885;0.0;7;0;0.0;2.0;4.0;23.0;Z01
201800036885;0.0;7;0;0.0;2.0;4.0;23.0;B01
201800036885;0.0;7;0;0.0;2.0;1.0;2.0;E01
201800036885;0.0;7;0;0.0;2.0;1.0;2.0;D01
201800036886;0.0;7;0;0.0;2.0;3.0;1.0;A01
201800036886;0.0;7;0;0.0;2.0;3.0;1.0;B01
201800036887;1.0;7;0;0.0;2.0;3.0;13.0;A01
201800036887;2.0;7;0;0.0;2.0;3.0;1.0;B01
201800036888;0.0;10;0;0.0;1.0;7.0;1.0;A01
201800036889;1.0;7;0;0.0;2.0;0.0;0.0;H01
201800036889;1.0;7;0;0.0;2.0;0.0;0.0;G01
201800036889;1.0;7;0;0.0;2.0;4.0;2.0;B01
201800036889;1.0;7;0;0.0;2.0;0.0;0.0;E01
201800036889;1.0;7;0;0.0;2.0;0.0;0.0;F01
201800036889;1.0;7;0;0.0;2.0;0.0;0.0;D01
201800036889;1.0;7;0;1.0;2.0;9.0;1.0;A01
201800036889;1.0;7;0;0.0;2.0;0.0;0.0;I01
201800036890;0.0;7;0;0.0;2.0;8.0;1.0;B01
201800036890;0.0;7;0;0.0;2.0;1.0;9.0;A01
201800036891;2.0;7;0;0.0;2.0;2.0;21.0;B01
201800036891;1.0;7;0;0.0;2.0;3.0;1.0;A01
201800036891;2.0;7;0;0.0;2.0;0.0;0.0;C01
201800036892;1.0;33;0;8.0;0.0;1.0;17.0;A01
201800036893;1.0;7;0;0.0;2.0;4.0;16.0;A01
201800036893;1.0;7;0;0.0;2.0;2.0;16.0;B01
201800036894;0.0;7;0;0.0;1.0;2.0;5.0;A01
201800036895;1.0;7;0;0.0;2.0;3.0;1.0;A01
201800036895;2.0;10;0;0.0;2.0;3.0;14.0;C01
201800036895;2.0;7;0;0.0;2.0;3.0;14.0;B01
201800036896;1.0;7;0;0.0;2.0;2.0;16.0;Z01
201800036896;0.0;99;0;0.0;2.0;0.0;0.0;R01
201800036897;1.0;15;0;0.0;2.0;7.0;21.0;B01
201800036897;1.0;31;0;0.0;2.0;8.0;14.0;A01
201800036898;2.0;31;0;0.0;2.0;5.0;9.0;A01
201800036899;0.0;99;0;0.0;2.0;0.0;0.0;R01
201800036899;2.0;7;0;0.0;2.0;3.0;19.0;A01
201800036900;1.0;33;0;12.0;0.0;1.0;14.0;A01
201800036901;1.0;7;0;0.0;2.0;1.0;13.0;A01
201800036901;1.0;7;0;0.0;2.0;3.0;1.0;B01
201800036902;1.0;7;0;0.0;2.0;3.0;1.0;A01
201800036902;2.0;7;0;0.0;2.0;3.0;2.0;B01
201800036903;1.0;30;0;0.0;2.0;3.0;13.0;A01
201800036903;1.0;7;0;0.0;2.0;8.0;17.0;B01
201800036904;0.0;7;0;0.0;1.0;1.0;0.0;A01
201800036905;2.0;30;0;0.0;2.0;4.0;1.0;B01
201800036905;2.0;7;0;0.0;2.0;1.0;1.0;A01
201800036906;1.0;7;0;0.0;2.0;1.0;19.0;A01
201800036906;0.0;7;0;0.0;2.0;3.0;24.0;C01
201800036906;2.0;34;0;0.0;2.0;1.0;3.0;B01
201800036907;1.0;7;0;0.0;2.0;4.0;23.0;B01
201800036907;1.0;7;0;0.0;2.0;4.0;1.0;A01
201800036908;1.0;7;0;0.0;2.0;3.0;13.0;A01
201800036908;2.0;7;0;0.0;2.0;8.0;1.0;B01
201800036909;2.0;7;0;0.0;2.0;4.0;2.0;B01
201800036909;2.0;7;0;0.0;2.0;1.0;1.0;A01
201800036909;2.0;7;0;0.0;2.0;4.0;2.0;C01
201800036910;0.0;7;0;0.0;2.0;3.0;15.0;B01
201800036910;0.0;30;0;0.0;2.0;1.0;17.0;A01
201800036911;0.0;7;0;0.0;2.0;2.0;1.0;A01
201800036911;1.0;1;0;0.0;2.0;1.0;2.0;B01
201800036912;0.0;7;0;0.0;2.0;3.0;1.0;B01
201800036912;0.0;33;0;0.0;2.0;2.0;9.0;A01
201800036913;0.0;7;0;0.0;2.0;4.0;24.0;B01
201800036913;1.0;7;0;1.0;0.0;1.0;1.0;A01
201800036914;2.0;7;0;0.0;2.0;2.0;1.0;A01
201800036914;2.0;34;0;0.0;2.0;1.0;1.0;B01
201800036915;1.0;30;0;0.0;1.0;1.0;1.0;Z01
201800036916;1.0;7;0;1.0;1.0;1.0;13.0;A01
201800036916;0.0;7;0;0.0;2.0;4.0;2.0;C01
201800036917;1.0;10;0;0.0;2.0;2.0;13.0;A01
201800036917;1.0;33;0;0.0;2.0;3.0;14.0;B01
201800036918;0.0;31;0;0.0;2.0;1.0;1.0;A01
201800036918;0.0;7;0;0.0;2.0;5.0;15.0;B01
201800036919;0.0;7;0;0.0;2.0;2.0;10.0;B01
201800036919;0.0;33;0;0.0;2.0;1.0;1.0;A01
201800036920;0.0;37;10;0.0;1.0;1.0;9.0;A01
201800036921;0.0;7;0;12.0;1.0;2.0;1.0;A01
201800036922;2.0;1;0;0.0;2.0;8.0;1.0;B01
201800036922;1.0;7;0;0.0;6.0;1.0;19.0;A01
201800036923;0.0;7;0;0.0;2.0;1.0;1.0;B01
201800036923;0.0;7;0;0.0;2.0;1.0;13.0;A01
201800036923;0.0;7;0;0.0;2.0;1.0;1.0;C01
201800036924;1.0;7;0;0.0;1.0;3.0;1.0;A01
201800036925;0.0;34;0;0.0;2.0;1.0;1.0;B01
201800036925;1.0;7;0;0.0;6.0;3.0;10.0;A01
201800036926;0.0;33;0;0.0;2.0;1.0;1.0;A01
201800036926;0.0;7;0;0.0;2.0;4.0;2.0;B01
201800036927;0.0;30;0;0.0;1.0;2.0;1.0;A01
201800036928;0.0;7;0;8.0;1.0;1.0;1.0;A01
201800036929;0.0;10;0;0.0;1.0;4.0;4.0;A01
201800036930;1.0;7;0;0.0;2.0;4.0;2.0;B01
201800036930;1.0;10;0;0.0;2.0;1.0;1.0;A01
201800036931;0.0;7;0;0.0;2.0;5.0;17.0;B01
201800036931;1.0;7;0;0.0;2.0;3.0;13.0;A01
201800036931;1.0;7;0;0.0;2.0;4.0;9.0;D01
201800036931;1.0;7;0;0.0;2.0;6.0;1.0;C01
201800036932;1.0;31;0;0.0;1.0;1.0;19.0;A01
201800036933;1.0;7;0;0.0;2.0;8.0;11.0;A01
201800036933;1.0;33;0;0.0;2.0;7.0;1.0;B01
201800036934;1.0;7;0;0.0;2.0;8.0;19.0;B01
201800036934;1.0;7;0;0.0;2.0;1.0;19.0;A01
201800036935;0.0;7;0;0.0;1.0;2.0;11.0;A01
201800036936;0.0;7;0;0.0;2.0;2.0;15.0;B01
201800036936;1.0;7;0;6.0;2.0;3.0;1.0;A01
201800036937;0.0;33;0;1.0;0.0;3.0;1.0;B01
201800036937;2.0;7;0;0.0;2.0;5.0;24.0;A01
201800036938;1.0;7;0;0.0;2.0;3.0;15.0;A01
201800036938;1.0;34;0;0.0;2.0;2.0;17.0;B01
201800036939;0.0;7;0;0.0;2.0;3.0;0.0;B01
201800036939;0.0;7;0;0.0;2.0;1.0;0.0;A01
201800036940;0.0;7;0;0.0;2.0;6.0;2.0;C01
201800036940;0.0;7;0;0.0;2.0;4.0;2.0;B01
201800036940;0.0;7;0;0.0;2.0;1.0;1.0;A01
201800036941;0.0;7;0;0.0;1.0;3.0;1.0;A01
201800036942;1.0;7;0;0.0;1.0;2.0;1.0;A01
201800036943;0.0;10;0;0.0;6.0;3.0;9.0;A01
201800036943;0.0;1;0;0.0;2.0;5.0;2.0;B01
201800036944;0.0;7;0;0.0;2.0;7.0;1.0;A01
201800036944;0.0;10;0;0.0;2.0;2.0;2.0;B01
201800036945;0.0;15;0;0.0;2.0;3.0;14.0;A01
201800036945;0.0;7;0;0.0;2.0;1.0;13.0;B01
201800036946;0.0;7;0;0.0;2.0;9.0;1.0;B01
201800036946;0.0;7;0;0.0;2.0;1.0;19.0;A01
201800036947;0.0;7;0;0.0;2.0;2.0;1.0;A01
201800036947;0.0;33;0;0.0;2.0;1.0;1.0;B01
201800036948;0.0;1;0;0.0;2.0;6.0;1.0;B01
201800036948;0.0;7;0;0.0;2.0;3.0;1.0;A01
201800036949;0.0;33;0;0.0;2.0;3.0;1.0;B01
201800036949;0.0;7;0;0.0;2.0;2.0;12.0;A01
201800036950;1.0;7;0;0.0;1.0;3.0;1.0;A01
201800036951;0.0;7;0;0.0;2.0;3.0;19.0;A01
201800036951;0.0;7;0;0.0;2.0;2.0;19.0;B01
201800036951;0.0;7;0;0.0;2.0;8.0;19.0;C01
201800036952;2.0;34;0;12.0;0.0;9.0;19.0;A01
201800036953;1.0;7;0;0.0;2.0;6.0;15.0;A01
201800036953;1.0;34;0;0.0;2.0;2.0;17.0;B01
201800036954;0.0;7;0;0.0;1.0;1.0;1.0;A01
201800036955;0.0;7;0;1.0;1.0;3.0;1.0;A01
201800036956;0.0;10;0;0.0;1.0;1.0;19.0;A01
201800036957;2.0;10;0;0.0;1.0;1.0;1.0;A01
201800036958;1.0;7;0;0.0;1.0;1.0;19.0;A01
201800036959;2.0;7;0;0.0;1.0;1.0;1.0;A01
201800036960;1.0;7;0;0.0;2.0;4.0;2.0;C01
201800036960;1.0;7;0;0.0;2.0;1.0;1.0;A01
201800036960;1.0;7;0;0.0;2.0;4.0;2.0;B01
201800036961;2.0;7;0;0.0;2.0;1.0;2.0;B01
201800036961;2.0;7;0;0.0;2.0;4.0;1.0;A01
201800036962;2.0;7;0;0.0;2.0;4.0;1.0;A01
201800036962;2.0;34;0;0.0;2.0;1.0;3.0;B01
201800036963;1.0;7;0;0.0;1.0;1.0;19.0;A01
201800036964;1.0;15;0;0.0;2.0;8.0;13.0;A01
201800036964;1.0;7;0;0.0;2.0;7.0;1.0;B01
201800036965;1.0;7;0;0.0;2.0;4.0;2.0;B01
201800036965;1.0;7;0;0.0;2.0;1.0;1.0;A01
201800036966;1.0;30;0;0.0;2.0;1.0;15.0;A01
201800036966;1.0;7;0;0.0;2.0;8.0;1.0;B01
201800036967;1.0;7;0;0.0;2.0;1.0;15.0;A01
201800036967;2.0;2;0;0.0;2.0;8.0;1.0;B01
201800036968;1.0;31;0;0.0;2.0;1.0;1.0;A01
201800036968;1.0;10;0;0.0;2.0;1.0;1.0;B01
201800036969;1.0;33;0;0.0;2.0;3.0;1.0;B01
201800036969;1.0;7;0;0.0;2.0;3.0;1.0;A01
201800036970;2.0;7;0;0.0;2.0;3.0;1.0;B01
201800036970;2.0;7;0;0.0;2.0;4.0;23.0;A01
201800036971;1.0;37;1;0.0;2.0;1.0;1.0;B01
201800036971;1.0;10;0;0.0;2.0;8.0;15.0;A01
201800036972;1.0;7;0;0.0;2.0;7.0;15.0;B01
201800036972;2.0;33;0;0.0;2.0;1.0;1.0;A01
201800036973;1.0;7;0;0.0;1.0;1.0;14.0;A01
201800036974;2.0;7;0;1.0;2.0;4.0;2.0;D01
201800036974;2.0;14;0;1.0;0.0;1.0;2.0;F02
201800036974;2.0;7;0;1.0;2.0;4.0;2.0;C01
201800036974;2.0;7;0;1.0;0.0;4.0;2.0;E01
201800036974;2.0;7;0;1.0;2.0;1.0;2.0;B01
201800036974;2.0;7;0;0.0;2.0;4.0;1.0;A01
201800036975;1.0;10;0;0.0;1.0;1.0;1.0;A01
201800036976;2.0;7;0;3.0;0.0;9.0;1.0;A01
201800036977;2.0;7;0;0.0;1.0;1.0;1.0;A01
201800036978;2.0;2;0;0.0;2.0;1.0;2.0;B01
201800036978;2.0;7;0;0.0;2.0;6.0;23.0;A01
201800036979;1.0;7;0;0.0;2.0;2.0;9.0;A01
201800036979;1.0;34;0;0.0;2.0;1.0;2.0;B01
201800036980;1.0;33;0;0.0;2.0;8.0;1.0;B01
201800036980;1.0;7;0;0.0;2.0;5.0;12.0;A01
201800036981;1.0;10;0;9.0;0.0;1.0;1.0;A01
201800036982;0.0;10;0;0.0;2.0;2.0;24.0;B01
201800036982;0.0;33;0;1.0;0.0;1.0;14.0;A01
201800036983;1.0;7;0;0.0;1.0;3.0;1.0;A01
201800036984;0.0;7;0;0.0;2.0;1.0;0.0;C01
201800036984;0.0;7;0;0.0;2.0;2.0;15.0;A01
201800036984;0.0;7;0;0.0;2.0;7.0;16.0;B01
201800036985;2.0;1;0;0.0;2.0;1.0;1.0;B01
201800036985;1.0;7;0;0.0;6.0;3.0;15.0;A01
201800036986;2.0;7;0;4.0;0.0;3.0;13.0;A01
201800036987;1.0;7;0;0.0;2.0;0.0;2.0;B01
201800036987;1.0;33;0;3.0;2.0;9.0;3.0;A01
201800036988;1.0;33;0;0.0;1.0;1.0;1.0;A01
201800036989;2.0;2;0;0.0;2.0;8.0;1.0;B01
201800036989;2.0;7;0;0.0;2.0;0.0;0.0;A01
201800036990;0.0;7;0;0.0;2.0;1.0;15.0;A01
201800036990;0.0;1;0;0.0;2.0;1.0;1.0;B01
201800036991;1.0;7;0;0.0;2.0;4.0;2.0;B01
201800036991;1.0;7;0;0.0;2.0;4.0;1.0;A01
201800036991;1.0;10;0;0.0;2.0;1.0;2.0;Z01
201800036991;1.0;7;0;0.0;2.0;4.0;2.0;C01
201800036992;0.0;7;0;4.0;0.0;1.0;13.0;A01
201800036993;1.0;7;0;0.0;2.0;7.0;1.0;B01
201800036993;1.0;31;0;0.0;2.0;8.0;11.0;A01
201800036994;1.0;7;0;13.0;0.0;1.0;1.0;A01
201800036995;0.0;7;0;0.0;1.0;4.0;20.0;A01
201800036996;2.0;10;0;0.0;1.0;2.0;16.0;A01
201800036997;2.0;7;0;0.0;2.0;2.0;24.0;C01
201800036997;1.0;7;0;0.0;2.0;3.0;20.0;B01
201800036997;1.0;33;0;0.0;2.0;1.0;1.0;A01
201800036998;1.0;7;0;0.0;2.0;4.0;1.0;B01
201800036998;1.0;7;0;0.0;2.0;1.0;2.0;Z01
201800036999;1.0;1;0;0.0;2.0;1.0;19.0;B01
201800036999;2.0;7;0;0.0;2.0;2.0;15.0;A01
201800037000;1.0;7;0;0.0;1.0;3.0;15.0;A01
201800037001;0.0;7;0;0.0;2.0;3.0;9.0;A01
201800037001;0.0;1;0;0.0;2.0;7.0;1.0;B01
201800037002;1.0;99;0;0.0;2.0;2.0;1.0;B01
201800037002;0.0;7;0;0.0;2.0;2.0;1.0;A01
201800037003;0.0;7;0;0.0;2.0;1.0;1.0;B01
201800037003;0.0;7;0;0.0;2.0;1.0;13.0;A01
201800037004;0.0;32;0;0.0;2.0;7.0;13.0;B01
201800037004;0.0;33;0;0.0;2.0;8.0;14.0;A01
201800037005;0.0;7;0;0.0;2.0;1.0;16.0;A01
201800037005;0.0;33;0;0.0;2.0;1.0;1.0;B01
201800037006;1.0;7;0;0.0;1.0;1.0;1.0;A01
201800037007;1.0;7;0;0.0;1.0;2.0;1.0;A01
201800037008;2.0;7;0;0.0;2.0;1.0;1.0;C01
201800037008;2.0;7;0;0.0;2.0;3.0;1.0;B01
201800037008;1.0;2;0;0.0;2.0;1.0;17.0;A01
201800037009;0.0;2;0;0.0;2.0;1.0;1.0;B01
201800037009;0.0;7;0;0.0;2.0;2.0;15.0;A01
201800037010;1.0;2;0;0.0;2.0;1.0;1.0;A01
201800037010;1.0;7;0;0.0;2.0;6.0;2.0;B01
201800037011;0.0;7;0;0.0;2.0;4.0;2.0;B01
201800037011;0.0;10;0;0.0;2.0;4.0;2.0;C01
201800037011;0.0;7;0;0.0;2.0;1.0;1.0;A01
201800037012;0.0;7;0;0.0;2.0;4.0;2.0;D01
201800037012;0.0;7;0;0.0;2.0;4.0;2.0;B01
201800037012;0.0;7;0;0.0;2.0;1.0;1.0;A01
201800037012;0.0;7;0;0.0;2.0;4.0;2.0;C01
201800037013;1.0;7;0;0.0;2.0;4.0;2.0;B01
201800037013;1.0;7;0;0.0;2.0;1.0;1.0;A01
201800037014;2.0;30;0;0.0;2.0;1.0;1.0;A01
201800037014;2.0;7;0;0.0;2.0;4.0;2.0;B01
201800037015;1.0;7;0;0.0;2.0;4.0;2.0;B01
201800037015;1.0;7;0;0.0;2.0;1.0;18.0;A01
201800037016;1.0;7;0;0.0;2.0;4.0;16.0;B01
201800037016;1.0;7;0;0.0;2.0;1.0;1.0;A01
201800037017;2.0;7;0;0.0;2.0;1.0;1.0;A01
201800037017;2.0;7;0;0.0;2.0;4.0;2.0;B01
201800037018;0.0;1;0;14.0;2.0;5.0;19.0;B01
201800037018;0.0;7;0;0.0;2.0;2.0;1.0;A01
201800037019;1.0;7;0;0.0;2.0;2.0;1.0;B01
201800037019;2.0;7;0;0.0;2.0;8.0;19.0;A01
201800037020;0.0;33;0;0.0;2.0;1.0;21.0;A01
201800037020;0.0;10;0;0.0;2.0;6.0;21.0;B01
201800037021;1.0;7;0;0.0;2.0;1.0;11.0;A01
201800037021;1.0;7;0;0.0;2.0;4.0;11.0;B01
201800037021;1.0;7;0;0.0;2.0;1.0;2.0;C01
201800037022;1.0;7;0;0.0;1.0;4.0;4.0;A01
201800037023;1.0;7;0;0.0;2.0;1.0;1.0;A01
201800037023;1.0;7;0;0.0;2.0;4.0;1.0;B01
201800037024;0.0;2;0;0.0;2.0;1.0;1.0;B01
201800037024;0.0;7;0;0.0;2.0;2.0;1.0;A01
201800037025;0.0;31;0;0.0;2.0;1.0;13.0;B01
201800037025;0.0;7;0;0.0;2.0;5.0;1.0;A01
201800037026;1.0;7;0;0.0;2.0;1.0;1.0;A01
201800037026;1.0;7;0;0.0;2.0;4.0;2.0;B01
201800037027;1.0;10;0;0.0;2.0;1.0;1.0;A01
201800037027;1.0;7;0;0.0;2.0;4.0;2.0;B01
201800037027;1.0;7;0;0.0;2.0;4.0;2.0;C01
201800037028;2.0;33;0;0.0;2.0;8.0;1.0;B01
201800037028;0.0;7;0;0.0;0.0;8.0;15.0;A01
201800037029;1.0;10;0;0.0;2.0;1.0;9.0;B01
201800037029;1.0;7;0;0.0;2.0;3.0;9.0;A01
201800037030;1.0;7;0;0.0;1.0;3.0;1.0;A01
201800037031;1.0;7;0;0.0;1.0;1.0;1.0;A01
201800037032;1.0;7;0;0.0;0.0;0.0;0.0;A01
201800037033;1.0;10;0;0.0;2.0;2.0;15.0;A01
201800037033;2.0;1;0;0.0;2.0;3.0;0.0;B01
201800037034;0.0;7;0;0.0;2.0;4.0;20.0;A01
201800037034;0.0;2;0;0.0;2.0;7.0;23.0;B01
201800037035;1.0;7;0;0.0;2.0;1.0;1.0;A01
201800037035;1.0;1;0;0.0;2.0;7.0;1.0;B01
201800037036;1.0;7;0;0.0;2.0;3.0;15.0;B01
201800037036;1.0;7;0;0.0;2.0;1.0;1.0;A01
201800037037;1.0;34;0;0.0;0.0;3.0;1.0;A01
201800037038;0.0;1;0;0.0;2.0;3.0;19.0;B01
201800037038;2.0;7;0;0.0;2.0;1.0;13.0;A01
201800037039;1.0;7;0;0.0;1.0;1.0;16.0;A01
201800037040;1.0;7;0;0.0;2.0;1.0;1.0;A01
201800037040;1.0;7;0;0.0;2.0;4.0;2.0;C01
201800037040;1.0;7;0;0.0;2.0;4.0;1.0;B01
201800037041;0.0;7;0;0.0;2.0;1.0;15.0;A01
201800037041;0.0;7;0;0.0;2.0;1.0;1.0;B01
201800037042;1.0;7;0;0.0;1.0;2.0;1.0;A01
201800037043;0.0;1;0;0.0;0.0;0.0;13.0;A01
201800037044;2.0;7;0;9.0;2.0;4.0;4.0;A01
201800037045;2.0;7;0;0.0;2.0;5.0;1.0;B01
201800037045;2.0;30;0;0.0;2.0;1.0;18.0;A01
201800037046;0.0;7;0;0.0;2.0;1.0;15.0;B01
201800037046;0.0;34;0;0.0;2.0;1.0;1.0;A01
201800037047;0.0;7;0;0.0;0.0;6.0;1.0;B01
201800037047;0.0;33;0;14.0;2.0;1.0;16.0;A01
201800037048;2.0;30;0;0.0;2.0;2.0;17.0;A01
201800037048;2.0;7;0;0.0;2.0;6.0;15.0;B01
201800037049;2.0;1;0;0.0;0.0;1.0;1.0;A01
201800037050;0.0;7;0;0.0;6.0;8.0;17.0;B01
201800037050;0.0;31;0;0.0;2.0;7.0;17.0;A01
201800037051;0.0;33;0;0.0;2.0;7.0;17.0;B01
201800037051;0.0;7;0;0.0;2.0;3.0;13.0;A01
201800037052;1.0;7;0;0.0;2.0;3.0;15.0;A01
201800037052;1.0;34;0;0.0;2.0;7.0;2.0;B01
201800037053;0.0;7;0;0.0;2.0;3.0;1.0;B01
201800037053;0.0;7;0;0.0;2.0;2.0;1.0;A01
201800037054;0.0;31;0;0.0;2.0;1.0;19.0;B01
201800037054;0.0;10;0;0.0;2.0;8.0;21.0;A01
201800037055;1.0;7;0;0.0;1.0;2.0;9.0;A01
201800037056;1.0;7;0;0.0;2.0;2.0;15.0;A01
201800037056;2.0;33;0;0.0;2.0;3.0;1.0;B01
201800037057;0.0;7;0;0.0;1.0;5.0;20.0;A01
201800037058;0.0;7;0;0.0;1.0;1.0;17.0;A01
201800037059;0.0;7;0;0.0;2.0;1.0;15.0;B01
201800037059;0.0;10;0;0.0;2.0;1.0;1.0;A01
201800037060;1.0;7;0;0.0;2.0;5.0;15.0;A01
201800037060;2.0;31;0;0.0;2.0;7.0;21.0;B01
201800037061;1.0;7;0;0.0;2.0;0.0;21.0;A01
201800037062;2.0;7;0;0.0;2.0;3.0;1.0;A01
201800037062;2.0;7;0;0.0;2.0;3.0;1.0;B01
201800037063;2.0;7;0;0.0;2.0;3.0;16.0;A01
201800037063;1.0;99;0;0.0;2.0;1.0;19.0;B01
201800037064;2.0;7;0;0.0;2.0;3.0;16.0;B01
201800037064;2.0;30;0;0.0;2.0;2.0;1.0;A01
201800037065;1.0;1;0;0.0;2.0;7.0;19.0;B01
201800037065;1.0;7;0;11.0;0.0;3.0;1.0;A01
201800037066;2.0;7;0;0.0;1.0;1.0;1.0;A01
201800037067;2.0;33;0;14.0;2.0;1.0;17.0;A01
201800037067;2.0;7;0;0.0;2.0;3.0;15.0;B01
201800037068;1.0;7;0;0.0;2.0;3.0;1.0;C01
201800037068;0.0;7;0;0.0;2.0;8.0;17.0;A01
201800037068;0.0;7;0;0.0;2.0;1.0;1.0;B01
201800037069;1.0;30;0;0.0;2.0;1.0;1.0;A01
201800037069;2.0;10;0;0.0;2.0;2.0;1.0;B01
201800037070;1.0;1;0;0.0;2.0;1.0;16.0;B01
201800037070;2.0;7;0;0.0;2.0;3.0;9.0;A01
201800037071;1.0;2;0;0.0;2.0;1.0;1.0;B01
201800037071;2.0;10;0;0.0;2.0;1.0;17.0;A01
201800037072;1.0;33;0;0.0;2.0;1.0;1.0;B01
201800037072;0.0;3;0;0.0;2.0;8.0;1.0;A01
201800037073;1.0;7;0;0.0;2.0;2.0;19.0;A01
201800037073;1.0;31;0;0.0;2.0;1.0;1.0;B01
201800037074;1.0;33;0;0.0;2.0;1.0;1.0;A01
201800037074;2.0;7;0;0.0;2.0;1.0;1.0;B01
201800037075;1.0;33;0;0.0;2.0;1.0;17.0;A01
201800037075;2.0;7;0;0.0;2.0;3.0;15.0;B01
201800037076;0.0;10;0;0.0;1.0;2.0;1.0;A01
201800037077;1.0;10;0;0.0;2.0;1.0;9.0;A01
201800037077;1.0;1;0;0.0;2.0;7.0;19.0;B01
201800037078;2.0;7;0;0.0;2.0;1.0;1.0;A01
201800037078;1.0;7;0;0.0;2.0;6.0;1.0;B01
201800037079;0.0;1;0;1.0;2.0;8.0;19.0;B01
201800037079;2.0;7;0;0.0;2.0;1.0;1.0;A01
201800037080;0.0;7;0;0.0;1.0;1.0;1.0;A01
201800037081;0.0;7;0;0.0;1.0;1.0;1.0;A01
201800037082;0.0;2;0;0.0;2.0;1.0;1.0;B01