Num_Acc;senc;catv;occutc;obs;obsm;choc;manv;num_veh
201800037851;2.0;10;0;0.0;1.0;5.0;1.0;A01
201800037852;0.0;7;0;0.0;1.0;3.0;15.0;A01
201800037853;1.0;7;0;0.0;2.0;1.0;16.0;A01
201800037853;1.0;32;0;0.0;2.0;3.0;0.0;B01
201800037854;2.0;7;0;0.0;2.0;1.0;1.0;A01
201800037854;1.0;7;0;0.0;2.0;0.0;1.0;B01
201800037854;1.0;7;0;0.0;2.0;0.0;0.0;C01
201800037855;1.0;7;0;0.0;0.0;1.0;15.0;A01
201800037855;1.0;7;0;0.0;0.0;3.0;1.0;B01
201800037856;0.0;7;0;0.0;0.0;1.0;0.0;A01
201800037856;1.0;33;0;0.0;2.0;1.0;1.0;B01
201800037857;1.0;7;0;0.0;2.0;7.0;15.0;A01
201800037857;2.0;7;0;0.0;2.0;1.0;1.0;B01
201800037858;0.0;7;0;0.0;2.0;1.0;1.0;A01
201800037858;0.0;7;0;0.0;0.0;0.0;0.0;B01
201800037859;1.0;7;0;0.0;1.0;1.0;0.0;A01
201800037860;1.0;7;0;16.0;1.0;3.0;0.0;A01
201800037861;1.0;37;1;0.0;1.0;1.0;14.0;A01
201800037862;0.0;1;0;0.0;1.0;1.0;1.0;A01
201800037863;0.0;7;0;0.0;1.0;1.0;16.0;A01
201800037864;1.0;7;0;0.0;0.0;1.0;0.0;A01
201800037864;1.0;32;0;1.0;0.0;1.0;1.0;B01
201800037865;2.0;7;0;0.0;2.0;1.0;1.0;A01
201800037865;1.0;7;0;0.0;2.0;2.0;1.0;B01
201800037866;2.0;34;0;0.0;1.0;1.0;1.0;A01
201800037867;1.0;33;0;0.0;2.0;4.0;15.0;A01
201800037867;2.0;10;0;0.0;2.0;4.0;15.0;B01
201800037868;1.0;30;0;0.0;0.0;1.0;0.0;A01
201800037868;0.0;30;0;0.0;0.0;0.0;0.0;B01
201800037869;0.0;7;0;0.0;1.0;3.0;0.0;A01
201800037870;1.0;7;0;0.0;2.0;1.0;1.0;A01
201800037870;1.0;7;0;0.0;2.0;4.0;1.0;B01
201800037871;1.0;7;0;0.0;0.0;2.0;0.0;A01
201800037871;1.0;7;0;0.0;0.0;8.0;0.0;B01
201800037872;0.0;7;0;0.0;2.0;0.0;0.0;A01
201800037872;0.0;32;0;0.0;2.0;0.0;1.0;B01
201800037873;0.0;2;0;0.0;2.0;3.0;1.0;A01
201800037873;0.0;7;0;0.0;2.0;7.0;15.0;B01
201800037874;;99;0;0.0;1.0;0.0;0.0;A01
201800037875;0.0;34;0;0.0;2.0;1.0;23.0;A01
201800037875;0.0;10;0;0.0;2.0;4.0;4.0;B01
201800037876;0.0;7;0;0.0;2.0;1.0;1.0;B01
201800037876;0.0;7;0;0.0;2.0;3.0;16.0;A01
201800037877;0.0;7;0;0.0;2.0;1.0;5.0;A01
201800037877;0.0;7;0;0.0;2.0;1.0;15.0;B01
201800037878;1.0;7;0;0.0;1.0;1.0;15.0;A01
201800037879;1.0;37;15;0.0;2.0;3.0;1.0;A01
201800037879;;37;0;;;;;B01
201800037880;0.0;7;0;0.0;2.0;2.0;1.0;A01
201800037880;0.0;34;0;0.0;2.0;0.0;0.0;B01
201800037881;0.0;7;0;0.0;2.0;3.0;13.0;A01
201800037881;0.0;33;0;0.0;2.0;1.0;1.0;B01
201800037882;1.0;7;0;0.0;2.0;1.0;1.0;A01
201800037882;1.0;7;0;0.0;2.0;4.0;1.0;B01
201800037883;0.0;7;0;0.0;1.0;1.0;19.0;A01
201800037884;1.0;34;0;0.0;2.0;1.0;2.0;A01
201800037884;1.0;7;0;0.0;2.0;4.0;2.0;B01
201800037885;2.0;7;0;0.0;1.0;3.0;15.0;A01
201800037886;0.0;7;0;0.0;2.0;2.0;10.0;A01
201800037886;0.0;34;0;0.0;2.0;8.0;1.0;B01
201800037887;1.0;31;0;0.0;2.0;4.0;14.0;A01
201800037887;1.0;34;0;0.0;2.0;1.0;21.0;B01
201800037888;1.0;7;0;0.0;1.0;2.0;16.0;A01
201800037889;2.0;7;0;0.0;1.0;1.0;21.0;A01
201800037890;0.0;7;0;0.0;2.0;3.0;15.0;A01
201800037890;1.0;7;0;0.0;2.0;5.0;16.0;B01
201800037891;1.0;7;0;0.0;2.0;3.0;15.0;A01
201800037891;1.0;7;0;0.0;2.0;2.0;1.0;B01
201800037892;0.0;10;0;0.0;2.0;6.0;0.0;A01
201800037892;2.0;32;0;0.0;2.0;0.0;0.0;B01
201800037893;2.0;7;0;0.0;1.0;1.0;19.0;A01
201800037894;1.0;7;0;0.0;2.0;1.0;19.0;A01
201800037894;1.0;7;0;0.0;2.0;3.0;21.0;B01
201800037895;1.0;7;0;0.0;1.0;1.0;15.0;A01
201800037896;1.0;7;0;1.0;0.0;3.0;9.0;A01
201800037896;1.0;31;0;1.0;0.0;1.0;1.0;B01
201800037897;1.0;7;0;0.0;2.0;3.0;15.0;A01
201800037897;2.0;34;0;0.0;2.0;1.0;1.0;B01
201800037898;1.0;33;0;0.0;2.0;7.0;17.0;A01
201800037898;1.0;7;0;0.0;2.0;8.0;15.0;B01
201800037899;2.0;7;0;0.0;2.0;3.0;15.0;A01
201800037899;2.0;32;0;0.0;2.0;7.0;17.0;B01
201800037900;1.0;7;0;0.0;2.0;2.0;15.0;A01
201800037900;2.0;34;0;0.0;2.0;8.0;2.0;B01
201800037901;1.0;32;0;0.0;2.0;3.0;2.0;A01
201800037901;1.0;7;0;0.0;2.0;7.0;16.0;B01
201800037902;1.0;7;0;0.0;1.0;0.0;15.0;A01
201800037903;1.0;7;0;0.0;2.0;8.0;13.0;A01
201800037903;1.0;34;0;0.0;2.0;7.0;2.0;B01
201800037904;1.0;34;0;0.0;2.0;8.0;9.0;A01
201800037904;1.0;34;0;0.0;2.0;8.0;9.0;B01
201800037905;1.0;7;0;0.0;2.0;2.0;21.0;A01
201800037905;1.0;7;0;0.0;2.0;3.0;9.0;B01
201800037906;1.0;33;0;0.0;2.0;4.0;18.0;A01
201800037906;1.0;7;0;0.0;2.0;5.0;7.0;B01
201800037907;2.0;7;0;0.0;2.0;3.0;1.0;A01
201800037907;2.0;31;0;0.0;2.0;1.0;2.0;B01
201800037908;1.0;33;0;0.0;2.0;2.0;17.0;A01
201800037908;1.0;7;0;0.0;2.0;3.0;10.0;B01
201800037909;1.0;7;0;0.0;2.0;6.0;10.0;A01
201800037909;1.0;31;0;0.0;2.0;1.0;1.0;B01
201800037910;2.0;7;0;0.0;1.0;1.0;1.0;A01
201800037911;1.0;34;0;1.0;0.0;2.0;17.0;A01
201800037911;1.0;10;0;0.0;2.0;6.0;24.0;B01
201800037912;2.0;7;0;0.0;2.0;1.0;1.0;A01
201800037912;0.0;99;0;0.0;2.0;0.0;0.0;R01
201800037913;2.0;7;0;0.0;2.0;3.0;10.0;A01
201800037913;2.0;31;0;0.0;2.0;1.0;7.0;B01
201800037914;2.0;99;0;0.0;2.0;3.0;7.0;B01
201800037914;1.0;30;0;0.0;9.0;2.0;16.0;A01
201800037915;1.0;7;0;0.0;2.0;3.0;1.0;A01
201800037915;1.0;33;0;0.0;2.0;2.0;16.0;B01
201800037916;1.0;7;0;3.0;0.0;1.0;9.0;A01
201800037916;1.0;7;0;0.0;2.0;3.0;16.0;B01
201800037917;1.0;7;0;0.0;9.0;1.0;2.0;A01
201800037917;1.0;99;0;0.0;2.0;4.0;2.0;B01
201800037918;2.0;31;0;0.0;2.0;1.0;19.0;B01
201800037918;1.0;7;0;0.0;2.0;2.0;15.0;A01
201800037919;1.0;7;0;0.0;2.0;1.0;1.0;A01
201800037919;1.0;33;0;0.0;2.0;7.0;1.0;B01
201800037920;1.0;7;0;0.0;2.0;2.0;15.0;A01
201800037920;2.0;34;0;0.0;2.0;8.0;16.0;B01
201800037921;1.0;7;0;0.0;2.0;1.0;2.0;A01
201800037921;1.0;7;0;0.0;2.0;4.0;2.0;B01
201800037922;1.0;7;0;0.0;2.0;3.0;11.0;A01
201800037922;1.0;33;0;0.0;2.0;1.0;17.0;B01
201800037923;1.0;7;0;0.0;2.0;2.0;15.0;A01
201800037923;1.0;34;0;0.0;2.0;3.0;19.0;B01
201800037924;1.0;7;0;6.0;0.0;1.0;16.0;A01
201800037925;2.0;7;0;0.0;2.0;5.0;1.0;B01
201800037925;1.0;7;0;0.0;2.0;5.0;19.0;Z01
201800037926;1.0;1;0;0.0;2.0;7.0;17.0;A01
201800037926;1.0;7;0;0.0;9.0;3.0;15.0;B01
201800037927;1.0;7;0;0.0;2.0;2.0;15.0;A01
201800037927;2.0;31;0;0.0;2.0;3.0;7.0;B01
201800037928;1.0;7;0;0.0;1.0;1.0;15.0;A01
201800037929;1.0;7;0;0.0;2.0;3.0;2.0;A01
201800037929;1.0;33;0;0.0;2.0;1.0;3.0;B01
201800037929;1.0;7;0;0.0;2.0;5.0;2.0;C01
201800037929;1.0;7;0;0.0;2.0;3.0;2.0;D01
201800037930;2.0;7;0;0.0;1.0;1.0;19.0;A01
201800037931;1.0;7;0;0.0;1.0;6.0;4.0;A01
201800037932;1.0;7;0;0.0;2.0;3.0;13.0;A01
201800037932;1.0;31;0;0.0;2.0;2.0;17.0;B01
201800037933;1.0;7;0;0.0;1.0;1.0;19.0;A01
201800037934;1.0;34;0;0.0;2.0;1.0;7.0;A01
201800037934;1.0;7;0;0.0;2.0;6.0;16.0;B01
201800037935;2.0;7;0;0.0;9.0;1.0;0.0;A01
201800037935;2.0;1;0;0.0;2.0;1.0;5.0;B01
201800037936;1.0;7;0;0.0;1.0;1.0;15.0;A01
201800037937;1.0;10;0;0.0;2.0;2.0;18.0;A01
201800037937;1.0;10;0;2.0;2.0;5.0;2.0;B01
201800037937;1.0;17;0;0.0;2.0;6.0;1.0;C01
201800037938;1.0;33;0;7.0;2.0;9.0;13.0;A01
201800037938;1.0;7;0;0.0;2.0;3.0;14.0;B01
201800037938;1.0;7;0;0.0;2.0;4.0;21.0;C01
201800037939;1.0;7;0;0.0;2.0;3.0;9.0;A01
201800037939;1.0;7;0;0.0;2.0;9.0;1.0;B01
201800037939;1.0;7;0;0.0;2.0;7.0;1.0;C01
201800037940;1.0;7;0;0.0;1.0;1.0;1.0;A01
201800037941;1.0;32;0;0.0;2.0;6.0;23.0;A01
201800037941;1.0;32;0;1.0;0.0;9.0;1.0;B01
201800037942;1.0;2;0;0.0;2.0;2.0;2.0;A01
201800037942;2.0;1;0;0.0;2.0;1.0;9.0;B01
201800037943;1.0;7;0;0.0;1.0;1.0;2.0;Z01
201800037944;1.0;14;0;0.0;2.0;1.0;2.0;A01
201800037944;1.0;10;0;0.0;2.0;4.0;2.0;B01
201800037944;1.0;7;0;0.0;2.0;4.0;2.0;C01
201800037945;2.0;10;0;0.0;2.0;3.0;15.0;A01
201800037945;1.0;32;0;0.0;2.0;3.0;1.0;B01
201800037946;0.0;7;0;0.0;2.0;7.0;15.0;A01
201800037946;0.0;33;0;0.0;2.0;1.0;1.0;B01
201800037947;1.0;7;0;0.0;2.0;2.0;16.0;A01
201800037947;1.0;30;0;0.0;2.0;8.0;1.0;B01
201800037948;1.0;1;0;0.0;2.0;1.0;2.0;A01
201800037948;1.0;7;0;0.0;2.0;6.0;2.0;B01
201800037949;1.0;7;0;0.0;2.0;8.0;15.0;A01
201800037949;1.0;33;0;0.0;2.0;1.0;1.0;B01
201800037950;1.0;7;0;0.0;2.0;7.0;17.0;A01
201800037950;1.0;1;0;0.0;2.0;3.0;1.0;B01
201800037951;1.0;7;0;0.0;2.0;2.0;14.0;A01
201800037951;1.0;10;0;0.0;2.0;8.0;1.0;B01
201800037952;1.0;7;0;0.0;1.0;4.0;4.0;A01
201800037953;0.0;7;0;0.0;2.0;8.0;23.0;A01
201800037953;0.0;33;0;0.0;2.0;2.0;17.0;B01
201800037954;1.0;10;0;1.0;2.0;3.0;13.0;A01
201800037954;1.0;32;0;1.0;2.0;2.0;17.0;B01
201800037955;1.0;7;0;0.0;2.0;4.0;1.0;B01
201800037955;1.0;10;0;0.0;2.0;1.0;2.0;A01
201800037956;1.0;7;0;0.0;1.0;2.0;1.0;A01
201800037957;2.0;7;0;0.0;1.0;3.0;15.0;A01
201800037958;1.0;10;0;0.0;1.0;2.0;1.0;A01
201800037959;1.0;30;0;0.0;2.0;3.0;3.0;A01
201800037959;1.0;10;0;0.0;2.0;5.0;2.0;B01
201800037960;1.0;10;0;0.0;2.0;1.0;14.0;A01
201800037960;1.0;10;0;0.0;2.0;8.0;23.0;B01
201800037960;1.0;7;0;0.0;2.0;4.0;1.0;C01
201800037960;1.0;7;0;0.0;2.0;4.0;1.0;D01
201800037961;2.0;7;0;0.0;2.0;2.0;14.0;A01
201800037961;2.0;32;0;0.0;2.0;8.0;1.0;B01
201800037961;2.0;7;0;0.0;2.0;7.0;23.0;C01
201800037962;2.0;7;0;0.0;2.0;1.0;1.0;A01
201800037962;1.0;7;0;0.0;2.0;2.0;15.0;B01
201800037963;1.0;10;0;0.0;2.0;3.0;24.0;A01
201800037963;0.0;2;0;0.0;2.0;1.0;1.0;B01
201800037964;0.0;7;0;0.0;2.0;3.0;9.0;A01
201800037964;0.0;34;0;0.0;2.0;2.0;1.0;B01
201800037965;2.0;2;0;0.0;2.0;7.0;7.0;A01
201800037965;2.0;7;0;0.0;2.0;1.0;20.0;B01
201800037966;2.0;33;0;0.0;2.0;8.0;23.0;B01
201800037966;2.0;32;0;0.0;2.0;2.0;17.0;Z01
201800037967;0.0;7;0;0.0;1.0;1.0;1.0;A01
201800037968;0.0;10;0;0.0;2.0;1.0;2.0;A01
201800037968;0.0;7;0;0.0;2.0;4.0;2.0;B01
201800037969;2.0;7;0;0.0;2.0;3.0;15.0;A01
201800037969;2.0;2;0;0.0;2.0;7.0;17.0;B01
201800037970;1.0;7;0;0.0;2.0;5.0;15.0;A01
201800037970;2.0;30;0;0.0;2.0;1.0;1.0;B01
201800037971;1.0;7;0;0.0;2.0;5.0;9.0;A01
201800037971;1.0;33;0;0.0;2.0;3.0;1.0;B01
201800037972;2.0;7;0;0.0;2.0;1.0;1.0;B01
201800037972;2.0;7;0;0.0;2.0;8.0;10.0;A01
201800037973;0.0;7;0;0.0;1.0;3.0;1.0;A01
201800037974;1.0;7;0;0.0;2.0;2.0;15.0;A01
201800037974;2.0;33;0;0.0;2.0;3.0;1.0;B01
201800037975;0.0;99;0;0.0;2.0;8.0;1.0;B01
201800037975;1.0;7;0;0.0;2.0;2.0;15.0;A01
201800037976;1.0;7;0;0.0;2.0;3.0;2.0;A01
201800037976;1.0;7;0;0.0;2.0;5.0;1.0;B01
201800037977;2.0;7;0;0.0;1.0;1.0;1.0;A01
201800037978;2.0;7;0;0.0;1.0;3.0;1.0;A01
201800037979;2.0;10;0;0.0;2.0;6.0;20.0;A01
201800037979;1.0;32;0;0.0;2.0;1.0;23.0;B01
201800037980;1.0;32;0;0.0;2.0;7.0;1.0;A01
201800037980;1.0;7;0;0.0;2.0;3.0;16.0;Z01
201800037981;1.0;7;0;0.0;1.0;1.0;9.0;A01
201800037982;1.0;7;0;0.0;2.0;3.0;21.0;A01
201800037982;1.0;2;0;0.0;2.0;1.0;21.0;B01
201800037983;1.0;30;0;0.0;2.0;1.0;2.0;A01
201800037983;1.0;7;0;0.0;2.0;4.0;2.0;B01
201800037984;0.0;7;0;0.0;2.0;6.0;13.0;A01
201800037984;0.0;32;0;0.0;2.0;1.0;3.0;B01
201800037985;1.0;7;0;0.0;1.0;2.0;1.0;A01
201800037986;2.0;7;0;0.0;2.0;3.0;1.0;A01
201800037986;1.0;30;0;0.0;2.0;7.0;15.0;B01
201800037987;1.0;7;0;0.0;2.0;2.0;1.0;B01
201800037987;2.0;2;0;0.0;2.0;1.0;15.0;A01
201800037988;0.0;99;0;0.0;2.0;7.0;1.0;A01
201800037988;0.0;10;0;0.0;2.0;3.0;1.0;B01
201800037989;0.0;34;0;0.0;1.0;2.0;9.0;A01
201800037990;0.0;7;0;9.0;0.0;1.0;12.0;A01
201800037991;1.0;7;0;4.0;0.0;2.0;14.0;A01
201800037992;1.0;7;0;0.0;2.0;1.0;1.0;A01
201800037992;1.0;7;0;12.0;2.0;4.0;1.0;B01
201800037992;1.0;10;0;0.0;2.0;7.0;24.0;C01
201800037993;1.0;14;0;0.0;2.0;8.0;11.0;A01
201800037993;1.0;30;0;0.0;2.0;7.0;1.0;B01
201800037994;1.0;7;0;0.0;2.0;4.0;1.0;A01
201800037994;1.0;33;0;0.0;2.0;1.0;1.0;B01
201800037995;1.0;14;0;0.0;2.0;3.0;2.0;A01
201800037995;1.0;33;0;0.0;2.0;5.0;23.0;B01
201800037996;1.0;1;0;0.0;1.0;1.0;1.0;A01
201800037997;1.0;10;0;0.0;2.0;6.0;2.0;A01
201800037997;1.0;33;0;0.0;2.0;1.0;1.0;B01
201800037998;1.0;7;0;0.0;2.0;6.0;23.0;B01
201800037998;2.0;31;0;14.0;0.0;1.0;2.0;A01
201800037999;1.0;34;0;0.0;2.0;3.0;9.0;B01
201800037999;1.0;37;0;0.0;2.0;2.0;12.0;A01
201800038000;1.0;7;0;0.0;2.0;1.0;1.0;A01
201800038000;1.0;37;0;0.0;2.0;3.0;1.0;B01
201800038001;2.0;7;0;16.0;2.0;1.0;2.0;A01
201800038001;2.0;7;0;0.0;2.0;4.0;2.0;B01
201800038002;1.0;14;0;0.0;1.0;0.0;2.0;A01
201800038003;1.0;10;0;0.0;2.0;1.0;2.0;A01
201800038003;1.0;33;0;0.0;2.0;1.0;9.0;B01
201800038004;;2;0;;1.0;1.0;10.0;A01
201800038005;1.0;34;0;4.0;0.0;1.0;17.0;A01
201800038006;0.0;1;0;0.0;0.0;1.0;1.0;A01
201800038007;0.0;1;0;15.0;0.0;1.0;0.0;A01
201800038008;0.0;7;0;0.0;2.0;6.0;11.0;A01
201800038008;0.0;33;0;0.0;2.0;7.0;21.0;B01
201800038009;1.0;30;0;0.0;2.0;1.0;0.0;A01
201800038009;1.0;7;0;0.0;2.0;8.0;1.0;B01
201800038010;0.0;32;0;0.0;2.0;1.0;11.0;A01
201800038010;1.0;10;0;0.0;2.0;6.0;15.0;B01
201800038011;0.0;30;0;0.0;2.0;1.0;1.0;A01
201800038011;0.0;10;0;0.0;2.0;7.0;23.0;B01
201800038012;0.0;1;0;0.0;0.0;1.0;0.0;A01
201800038013;1.0;33;0;15.0;2.0;1.0;2.0;B01
201800038013;1.0;7;0;12.0;0.0;3.0;19.0;A01
201800038014;0.0;7;0;0.0;2.0;1.0;1.0;B01
201800038014;0.0;7;0;0.0;2.0;1.0;0.0;Z01
201800038015;1.0;7;0;0.0;1.0;2.0;2.0;A01
201800038016;1.0;7;0;0.0;2.0;1.0;2.0;A01
201800038016;1.0;7;0;0.0;2.0;2.0;23.0;B01
201800038017;1.0;32;0;0.0;2.0;1.0;1.0;A01
201800038017;1.0;7;0;0.0;2.0;7.0;15.0;B01
201800038018;2.0;99;0;0.0;2.0;7.0;18.0;A01
201800038018;1.0;99;0;0.0;2.0;8.0;17.0;B01
201800038019;1.0;34;0;0.0;1.0;1.0;1.0;A01
201800038020;1.0;7;0;0.0;1.0;3.0;15.0;A01
201800038021;1.0;7;0;0.0;1.0;3.0;0.0;A01
201800038022;1.0;31;0;1.0;0.0;0.0;18.0;A01
201800038023;2.0;7;0;0.0;2.0;5.0;10.0;A01
201800038023;2.0;34;0;1.0;2.0;3.0;1.0;B01
201800038024;2.0;7;0;1.0;0.0;1.0;2.0;A01
201800038024;1.0;7;0;1.0;2.0;6.0;24.0;C01
201800038025;1.0;33;0;0.0;2.0;1.0;1.0;B01
201800038025;1.0;7;0;0.0;2.0;7.0;15.0;A01
201800038026;2.0;34;0;12.0;0.0;0.0;1.0;A01
201800038027;1.0;10;0;0.0;2.0;3.0;15.0;A01
201800038027;1.0;34;0;0.0;2.0;1.0;1.0;B01
201800038028;1.0;7;0;0.0;2.0;6.0;11.0;A01
201800038028;1.0;32;0;0.0;2.0;1.0;17.0;B01
201800038029;2.0;7;0;0.0;2.0;2.0;10.0;A01
201800038029;1.0;31;0;0.0;2.0;1.0;1.0;B01
201800038030;2.0;2;0;0.0;0.0;8.0;1.0;A01
201800038031;1.0;99;0;0.0;2.0;1.0;0.0;A01
201800038031;1.0;10;0;0.0;9.0;2.0;13.0;B01
201800038032;2.0;7;0;0.0;2.0;4.0;10.0;A01
201800038032;2.0;33;0;0.0;2.0;1.0;1.0;B01
201800038033;1.0;7;0;0.0;2.0;6.0;23.0;B01
201800038033;1.0;33;0;0.0;2.0;1.0;16.0;A01
201800038034;1.0;34;0;0.0;2.0;1.0;9.0;A01
201800038034;1.0;7;0;0.0;2.0;3.0;1.0;B01
201800038035;2.0;31;0;2.0;0.0;2.0;14.0;A01
201800038036;1.0;33;0;0.0;1.0;1.0;1.0;A01
201800038037;1.0;33;0;0.0;1.0;1.0;1.0;A01
201800038038;2.0;7;0;1.0;0.0;1.0;15.0;A01
201800038038;1.0;10;0;12.0;2.0;6.0;24.0;B01
201800038039;2.0;33;0;1.0;0.0;1.0;0.0;A01
201800038039;2.0;10;0;0.0;2.0;6.0;23.0;B01
201800038040;1.0;32;0;0.0;1.0;1.0;17.0;A01
201800038041;1.0;7;0;0.0;2.0;7.0;12.0;A01
201800038041;1.0;2;0;0.0;2.0;8.0;13.0;B01
201800038042;1.0;99;0;0.0;0.0;0.0;1.0;A01
201800038043;1.0;13;0;0.0;2.0;8.0;15.0;A01
201800038043;1.0;7;0;0.0;2.0;2.0;0.0;B01
201800038044;0.0;10;0;0.0;4.0;8.0;15.0;A01
201800038044;0.0;40;1;0.0;2.0;2.0;0.0;B01
201800038045;2.0;7;0;0.0;2.0;3.0;15.0;A01
201800038045;2.0;31;0;0.0;2.0;7.0;17.0;B01
201800038046;1.0;7;0;0.0;2.0;3.0;10.0;A01
201800038046;1.0;33;0;0.0;2.0;2.0;17.0;B01
201800038047;1.0;33;0;0.0;2.0;1.0;1.0;A01
201800038047;0.0;7;0;0.0;2.0;5.0;15.0;B01
201800038048;0.0;30;0;0.0;2.0;8.0;2.0;B01
201800038048;0.0;7;0;0.0;2.0;1.0;0.0;Z01
201800038049;1.0;7;0;0.0;2.0;8.0;24.0;A01
201800038049;1.0;1;0;0.0;2.0;2.0;1.0;B01
201800038050;0.0;2;0;0.0;2.0;1.0;0.0;A01
201800038050;1.0;7;0;0.0;2.0;4.0;0.0;B01
201800038051;2.0;7;0;0.0;2.0;8.0;15.0;A01
201800038051;2.0;32;0;0.0;2.0;2.0;1.0;B01
201800038052;1.0;7;0;0.0;2.0;6.0;10.0;A01
201800038052;1.0;30;0;0.0;2.0;1.0;17.0;B01
201800038053;1.0;7;0;0.0;2.0;1.0;15.0;A01
201800038053;1.0;1;0;0.0;2.0;4.0;15.0;B01
201800038053;0.0;7;0;0.0;2.0;7.0;0.0;C01
201800038054;2.0;7;0;0.0;1.0;4.0;4.0;A01
201800038055;1.0;30;0;0.0;2.0;4.0;0.0;B01
201800038055;1.0;10;0;0.0;2.0;1.0;0.0;Z01
201800038056;0.0;32;0;0.0;2.0;3.0;16.0;B01
201800038056;0.0;7;0;0.0;2.0;5.0;14.0;A01
201800038057;2.0;32;0;14.0;0.0;1.0;2.0;A01
201800038058;1.0;7;0;0.0;1.0;1.0;2.0;A01
201800038059;1.0;30;0;0.0;2.0;8.0;13.0;A01
201800038059;1.0;7;0;0.0;2.0;6.0;19.0;B01
201800038060;1.0;7;0;0.0;2.0;2.0;1.0;A01
201800038060;1.0;7;0;0.0;2.0;1.0;1.0;B01
201800038061;1.0;7;0;0.0;2.0;8.0;13.0;A01
201800038061;1.0;32;0;0.0;2.0;7.0;1.0;B01
201800038062;1.0;7;0;1.0;0.0;2.0;14.0;A01
201800038063;1.0;7;0;0.0;2.0;1.0;15.0;A01
201800038063;1.0;7;0;0.0;2.0;8.0;1.0;B01
201800038064;1.0;7;0;0.0;2.0;1.0;1.0;A01
201800038064;1.0;7;0;0.0;2.0;1.0;15.0;B01
201800038065;1.0;7;0;0.0;1.0;3.0;15.0;A01
201800038066;1.0;33;0;0.0;2.0;2.0;17.0;A01
201800038066;1.0;7;0;0.0;2.0;3.0;9.0;B01
201800038067;1.0;31;0;0.0;2.0;3.0;1.0;B01
201800038067;1.0;7;0;0.0;2.0;1.0;1.0;A01
201800038068;1.0;7;0;4.0;2.0;2.0;17.0;A01
201800038068;1.0;7;0;0.0;2.0;3.0;1.0;B01
201800038068;1.0;7;0;0.0;2.0;3.0;1.0;C01
201800038069;1.0;7;0;0.0;2.0;2.0;15.0;A01
201800038069;1.0;30;0;0.0;2.0;1.0;1.0;B01
201800038070;1.0;7;0;0.0;1.0;2.0;16.0;A01
201800038071;1.0;32;0;0.0;2.0;1.0;21.0;B01
201800038071;1.0;10;0;0.0;2.0;2.0;15.0;A01
201800038072;1.0;7;0;0.0;2.0;3.0;0.0;A01
201800038072;1.0;10;0;0.0;2.0;3.0;0.0;B01
201800038073;1.0;33;0;0.0;2.0;3.0;13.0;A01
201800038073;1.0;37;0;0.0;2.0;3.0;1.0;B01
201800038074;1.0;31;0;0.0;1.0;1.0;0.0;A01
201800038075;1.0;7;0;1.0;0.0;1.0;0.0;A01
201800038076;1.0;33;0;0.0;2.0;3.0;18.0;A01
201800038076;1.0;7;0;0.0;2.0;2.0;16.0;B01
201800038077;1.0;7;0;0.0;2.0;2.0;21.0;A01
201800038077;1.0;7;0;0.0;2.0;4.0;1.0;B01
201800038077;1.0;7;0;0.0;2.0;1.0;1.0;C01
201800038078;1.0;7;0;0.0;1.0;3.0;1.0;A01
201800038079;1.0;40;0;0.0;2.0;3.0;1.0;B01
201800038079;1.0;2;0;0.0;4.0;1.0;0.0;A01
201800038080;1.0;7;0;0.0;1.0;2.0;16.0;A01
201800038081;1.0;38;0;1.0;2.0;1.0;2.0;A01
201800038081;1.0;7;0;1.0;2.0;4.0;1.0;B01
201800038082;1.0;7;0;0.0;2.0;1.0;15.0;A01
201800038082;1.0;7;0;0.0;2.0;8.0;1.0;B01
201800038083;1.0;7;0;0.0;2.0;1.0;2.0;A01
201800038083;1.0;7;0;0.0;2.0;3.0;23.0;B01
201800038084;1.0;7;0;0.0;2.0;1.0;2.0;A01
201800038084;1.0;7;0;0.0;2.0;4.0;2.0;B01
201800038084;1.0;10;0;0.0;2.0;4.0;2.0;C01
201800038085;1.0;7;0;0.0;2.0;3.0;9.0;A01
201800038085;1.0;30;0;0.0;2.0;1.0;1.0;B01
201800038086;1.0;30;0;0.0;2.0;2.0;11.0;A01
201800038086;1.0;10;0;0.0;2.0;3.0;11.0;B01
201800038087;1.0;7;0;0.0;2.0;2.0;15.0;A01
201800038087;1.0;30;0;0.0;2.0;3.0;19.0;B01
201800038088;1.0;7;0;0.0;2.0;1.0;19.0;A01
201800038088;1.0;7;0;0.0;2.0;4.0;23.0;B01
201800038089;2.0;7;0;0.0;2.0;6.0;19.0;A01
201800038089;2.0;7;0;1.0;2.0;1.0;9.0;B01
201800038090;2.0;37;15;1.0;0.0;1.0;19.0;A01
201800038091;1.0;7;0;0.0;1.0;0.0;19.0;A01
201800038092;1.0;33;0;0.0;2.0;3.0;17.0;A01
201800038092;1.0;7;0;0.0;2.0;3.0;9.0;B01
201800038093;1.0;10;0;0.0;2.0;1.0;21.0;A01
201800038093;1.0;7;0;0.0;2.0;4.0;23.0;B01
201800038094;1.0;10;0;0.0;2.0;2.0;16.0;A01
201800038094;1.0;33;0;0.0;2.0;1.0;19.0;B01
201800038095;1.0;10;0;0.0;2.0;3.0;15.0;A01
201800038095;1.0;32;0;0.0;2.0;1.0;1.0;B01