Num_Acc;senc;catv;occutc;obs;obsm;choc;manv;num_veh
201800038869;1.0;7;0;0.0;1.0;7.0;1.0;A01
201800038870;2.0;7;0;6.0;0.0;9.0;15.0;A01
201800038871;2.0;7;0;0.0;1.0;1.0;1.0;A01
201800038872;1.0;10;0;0.0;2.0;4.0;20.0;A01
201800038872;1.0;2;0;0.0;2.0;1.0;1.0;B01
201800038873;2.0;37;1;0.0;2.0;1.0;1.0;A01
201800038873;2.0;30;0;0.0;2.0;7.0;16.0;B01
201800038874;1.0;33;0;0.0;2.0;7.0;1.0;A01
201800038874;1.0;7;0;0.0;2.0;0.0;0.0;Z01
201800038875;1.0;7;0;1.0;0.0;2.0;1.0;A01
201800038876;2.0;7;0;0.0;0.0;0.0;13.0;A01
201800038876;2.0;33;0;0.0;0.0;0.0;17.0;B01
201800038877;1.0;31;0;0.0;0.0;7.0;16.0;A01
201800038878;1.0;31;0;0.0;2.0;1.0;17.0;A01
201800038878;2.0;7;0;0.0;2.0;6.0;15.0;B01
201800038879;1.0;7;0;0.0;2.0;2.0;9.0;A01
201800038879;1.0;33;0;0.0;2.0;3.0;1.0;B01
201800038880;2.0;33;0;0.0;0.0;0.0;17.0;A01
201800038881;1.0;7;0;0.0;1.0;7.0;13.0;A01
201800038882;2.0;33;0;0.0;2.0;1.0;2.0;A01
201800038882;2.0;7;0;0.0;2.0;4.0;1.0;B01
201800038883;1.0;7;0;0.0;2.0;3.0;11.0;A01
201800038883;1.0;7;0;0.0;2.0;5.0;1.0;B01
201800038883;1.0;7;0;0.0;2.0;4.0;1.0;C01
201800038884;2.0;2;0;0.0;1.0;1.0;1.0;A01
201800038885;1.0;7;0;0.0;1.0;2.0;1.0;A01
201800038886;1.0;7;0;0.0;2.0;8.0;1.0;B01
201800038886;1.0;34;0;0.0;2.0;7.0;2.0;A01
201800038887;1.0;33;0;5.0;2.0;3.0;21.0;A01
201800038887;1.0;7;0;0.0;0.0;6.0;1.0;B01
201800038888;1.0;31;0;0.0;0.0;0.0;0.0;A01
201800038889;2.0;31;0;0.0;2.0;1.0;21.0;B01
201800038889;1.0;31;0;0.0;9.0;7.0;13.0;A01
201800038890;1.0;7;0;0.0;2.0;3.0;2.0;A01
201800038890;1.0;7;0;0.0;2.0;3.0;15.0;B01
201800038891;1.0;7;0;0.0;2.0;3.0;15.0;A01
201800038891;1.0;33;0;0.0;2.0;1.0;17.0;B01
201800038892;1.0;7;0;7.0;0.0;1.0;19.0;A01
201800038893;2.0;7;0;0.0;1.0;2.0;17.0;A01
201800038894;1.0;7;0;0.0;2.0;2.0;15.0;A01
201800038894;2.0;33;0;0.0;1.0;1.0;19.0;B01
201800038895;1.0;7;0;0.0;1.0;1.0;1.0;A01
201800038896;1.0;34;0;0.0;2.0;1.0;1.0;B01
201800038896;1.0;33;0;0.0;2.0;1.0;1.0;A01
201800038897;1.0;33;0;12.0;0.0;0.0;21.0;A01
201800038898;1.0;7;0;0.0;1.0;2.0;1.0;A01
201800038899;2.0;7;0;0.0;2.0;1.0;2.0;A01
201800038899;2.0;7;0;0.0;2.0;4.0;23.0;B01
201800038899;2.0;37;0;0.0;2.0;4.0;23.0;C01
201800038900;1.0;7;0;0.0;2.0;1.0;1.0;B01
201800038900;2.0;30;0;0.0;2.0;1.0;5.0;A01
201800038901;1.0;7;0;0.0;1.0;4.0;1.0;A01
201800038902;2.0;7;0;0.0;2.0;8.0;10.0;A01
201800038902;2.0;33;0;0.0;2.0;1.0;17.0;B01
201800038903;2.0;7;0;0.0;1.0;0.0;15.0;A01
201800038904;2.0;34;0;12.0;0.0;2.0;2.0;A01
201800038905;0.0;7;0;0.0;1.0;1.0;2.0;A01
201800038906;1.0;31;0;0.0;2.0;1.0;13.0;A01
201800038906;2.0;7;0;0.0;2.0;3.0;23.0;B01
201800038907;1.0;7;0;4.0;0.0;1.0;1.0;A01
201800038908;1.0;31;0;0.0;0.0;7.0;1.0;A01
201800038909;1.0;31;0;0.0;2.0;1.0;17.0;A01
201800038909;1.0;7;0;0.0;2.0;1.0;9.0;B01
201800038910;1.0;7;0;0.0;1.0;1.0;15.0;A01
201800038911;2.0;33;0;0.0;0.0;0.0;9.0;A01
201800038912;1.0;7;0;15.0;0.0;1.0;14.0;A01
201800038913;1.0;7;0;0.0;9.0;1.0;15.0;A01
201800038913;2.0;1;0;0.0;2.0;1.0;19.0;B01
201800038914;1.0;7;0;0.0;2.0;3.0;2.0;A01
201800038914;1.0;7;0;0.0;2.0;5.0;2.0;B01
201800038914;1.0;7;0;0.0;2.0;4.0;1.0;C01
201800038915;1.0;7;0;0.0;1.0;3.0;15.0;A01
201800038916;1.0;7;0;0.0;1.0;3.0;1.0;A01
201800038917;1.0;7;0;0.0;2.0;7.0;15.0;B01
201800038917;2.0;32;0;0.0;2.0;1.0;19.0;A01
201800038918;2.0;7;0;0.0;2.0;1.0;13.0;A01
201800038918;1.0;33;0;0.0;2.0;1.0;2.0;B01
201800038918;1.0;7;0;0.0;2.0;1.0;2.0;C01
201800038918;1.0;34;0;0.0;2.0;1.0;1.0;D01
201800038918;2.0;37;0;0.0;2.0;3.0;1.0;E01
201800038919;1.0;7;0;8.0;2.0;3.0;1.0;A01
201800038919;2.0;7;0;0.0;2.0;1.0;1.0;B01
201800038920;1.0;31;0;0.0;2.0;4.0;1.0;A01
201800038920;1.0;7;0;0.0;2.0;1.0;1.0;B01
201800038921;1.0;33;0;0.0;0.0;7.0;12.0;A01
201800038922;2.0;7;0;1.0;0.0;5.0;15.0;A01
201800038923;2.0;7;0;0.0;2.0;3.0;13.0;A01
201800038923;1.0;7;0;0.0;2.0;3.0;1.0;B01
201800038924;1.0;31;0;3.0;0.0;1.0;1.0;A01
201800038925;1.0;33;0;0.0;2.0;2.0;17.0;A01
201800038925;1.0;7;0;0.0;2.0;3.0;10.0;B01
201800038926;1.0;34;0;0.0;2.0;3.0;2.0;A01
201800038926;1.0;7;0;0.0;2.0;8.0;17.0;B01
201800038927;1.0;1;0;0.0;2.0;1.0;1.0;B01
201800038927;2.0;7;0;0.0;9.0;3.0;15.0;A01
201800038928;2.0;7;0;0.0;2.0;2.0;15.0;A01
201800038928;1.0;33;0;0.0;2.0;1.0;1.0;B01
201800038929;2.0;31;0;7.0;0.0;1.0;13.0;A01
201800038930;2.0;7;0;1.0;0.0;2.0;14.0;A01
201800038931;1.0;33;0;0.0;2.0;1.0;2.0;A01
201800038931;1.0;13;0;0.0;9.0;6.0;10.0;B01
201800038932;1.0;34;0;1.0;0.0;1.0;1.0;A01
201800038933;1.0;32;0;0.0;1.0;0.0;15.0;A01
201800038934;1.0;10;0;0.0;2.0;3.0;19.0;A01
201800038934;1.0;10;0;0.0;2.0;3.0;24.0;C01
201800038934;1.0;7;0;1.0;2.0;8.0;15.0;B01
201800038935;0.0;1;0;0.0;1.0;1.0;21.0;A01
201800038936;0.0;7;0;0.0;2.0;3.0;1.0;A01
201800038936;1.0;33;0;0.0;2.0;2.0;12.0;B01
201800038937;2.0;7;0;8.0;0.0;1.0;19.0;A01
201800038938;2.0;7;0;0.0;2.0;8.0;20.0;A01
201800038938;2.0;34;0;0.0;2.0;1.0;2.0;B01
201800038939;2.0;37;0;9.0;1.0;4.0;20.0;B01
201800038940;1.0;34;0;0.0;2.0;2.0;17.0;A01
201800038940;1.0;7;0;0.0;2.0;6.0;15.0;B01
201800038941;0.0;32;0;0.0;0.0;3.0;2.0;A01
201800038942;0.0;32;0;14.0;0.0;7.0;1.0;A01
201800038942;0.0;7;0;0.0;6.0;8.0;23.0;B01
201800038943;1.0;7;0;1.0;0.0;4.0;1.0;A01
201800038943;1.0;7;0;1.0;0.0;1.0;16.0;B01
201800038944;1.0;32;0;0.0;0.0;0.0;21.0;A01
201800038945;0.0;32;0;0.0;2.0;1.0;0.0;A01
201800038945;0.0;7;0;0.0;0.0;0.0;0.0;B01
201800038946;0.0;32;0;0.0;2.0;8.0;17.0;A01
201800038946;0.0;10;0;0.0;2.0;8.0;15.0;B01
201800038947;2.0;32;0;0.0;1.0;1.0;17.0;A01
201800038948;2.0;30;0;0.0;2.0;1.0;2.0;A01
201800038948;2.0;7;0;0.0;2.0;6.0;23.0;B01
201800038949;0.0;33;0;0.0;2.0;1.0;3.0;A01
201800038949;0.0;7;0;0.0;2.0;5.0;1.0;B01
201800038950;1.0;33;0;1.0;0.0;1.0;17.0;A01
201800038950;1.0;3;0;0.0;2.0;1.0;13.0;B01
201800038951;1.0;30;0;0.0;2.0;1.0;17.0;A01
201800038951;1.0;10;0;0.0;2.0;8.0;15.0;B01
201800038952;0.0;7;0;0.0;1.0;7.0;16.0;A01
201800038953;1.0;99;0;0.0;1.0;0.0;0.0;A01
201800038954;1.0;31;0;0.0;2.0;1.0;1.0;A01
201800038954;1.0;7;0;0.0;2.0;5.0;1.0;B01
201800038955;1.0;1;0;0.0;2.0;1.0;9.0;A01
201800038955;0.0;7;0;0.0;2.0;6.0;9.0;B01
201800038956;0.0;7;0;0.0;0.0;0.0;10.0;A01
201800038956;0.0;30;0;4.0;0.0;7.0;18.0;B01
201800038957;0.0;30;0;0.0;2.0;2.0;1.0;A01
201800038957;0.0;7;0;0.0;2.0;2.0;15.0;B01
201800038958;0.0;33;0;0.0;2.0;1.0;3.0;A01
201800038958;0.0;7;0;0.0;2.0;4.0;23.0;C01
201800038958;0.0;7;0;0.0;2.0;2.0;9.0;B01
201800038959;1.0;2;0;0.0;2.0;1.0;1.0;A01
201800038959;1.0;7;0;14.0;0.0;4.0;1.0;B01
201800038960;1.0;33;0;0.0;2.0;5.0;18.0;A01
201800038960;1.0;7;0;0.0;2.0;7.0;2.0;B01
201800038960;1.0;7;0;0.0;2.0;7.0;2.0;C01
201800038961;0.0;7;0;0.0;1.0;3.0;15.0;A01
201800038962;2.0;30;0;0.0;0.0;8.0;2.0;A01
201800038963;1.0;7;0;0.0;2.0;1.0;2.0;A01
201800038963;1.0;7;0;0.0;2.0;4.0;2.0;B01
201800038963;1.0;7;0;0.0;2.0;4.0;2.0;C01
201800038964;1.0;33;0;0.0;2.0;4.0;23.0;A01
201800038964;1.0;10;0;0.0;2.0;1.0;1.0;B01
201800038965;2.0;32;0;0.0;2.0;1.0;1.0;A01
201800038965;1.0;7;0;0.0;2.0;7.0;0.0;B01
201800038966;2.0;7;0;0.0;2.0;6.0;1.0;A01
201800038966;1.0;2;0;0.0;2.0;1.0;1.0;B01
201800038967;0.0;1;0;0.0;1.0;8.0;0.0;A01
201800038968;0.0;30;0;0.0;2.0;7.0;17.0;A01
201800038968;0.0;13;0;0.0;2.0;8.0;13.0;B01
201800038969;1.0;33;0;0.0;1.0;0.0;17.0;A01
201800038970;1.0;31;0;0.0;1.0;1.0;2.0;A01
201800038971;2.0;2;0;0.0;2.0;1.0;17.0;A01
201800038971;1.0;10;0;0.0;2.0;3.0;15.0;B01
201800038972;0.0;30;0;0.0;0.0;0.0;1.0;A01
201800038973;1.0;7;0;0.0;1.0;7.0;1.0;A01
201800038974;0.0;7;0;12.0;0.0;1.0;6.0;A01
201800038975;0.0;33;0;15.0;0.0;7.0;0.0;A01
201800038976;0.0;10;0;0.0;1.0;1.0;15.0;A01
201800038977;1.0;10;0;0.0;2.0;1.0;2.0;A01
201800038977;1.0;7;0;0.0;2.0;4.0;2.0;B01
201800038978;1.0;7;0;0.0;2.0;1.0;11.0;A01
201800038978;0.0;37;35;0.0;2.0;2.0;1.0;B01
201800038979;1.0;7;0;0.0;2.0;1.0;1.0;A01
201800038979;0.0;1;0;0.0;2.0;7.0;19.0;B01
201800038980;1.0;7;0;0.0;1.0;2.0;16.0;A01
201800038981;2.0;7;0;6.0;0.0;1.0;20.0;A01
201800038982;1.0;7;0;2.0;0.0;1.0;13.0;A01
201800038983;1.0;33;0;0.0;2.0;1.0;2.0;A01
201800038983;1.0;7;0;0.0;2.0;5.0;2.0;B01
201800038984;1.0;31;0;0.0;0.0;0.0;1.0;A01
201800038985;1.0;7;0;0.0;2.0;7.0;9.0;A01
201800038985;1.0;1;0;0.0;2.0;8.0;9.0;B01
201800038986;1.0;10;0;0.0;2.0;3.0;10.0;A01
201800038986;1.0;33;0;0.0;2.0;1.0;1.0;B01
201800038987;2.0;34;0;0.0;2.0;1.0;17.0;A01
201800038987;2.0;32;0;0.0;2.0;8.0;15.0;B01
201800038988;1.0;7;0;0.0;2.0;1.0;1.0;A01
201800038988;1.0;7;0;0.0;2.0;4.0;1.0;B01
201800038989;1.0;7;0;0.0;2.0;7.0;23.0;A01
201800038989;1.0;30;0;0.0;2.0;1.0;18.0;B01
201800038990;2.0;7;0;1.0;0.0;2.0;14.0;A01
201800038990;2.0;7;0;1.0;2.0;6.0;0.0;B01
201800038990;2.0;7;0;1.0;2.0;4.0;0.0;C01
201800038991;1.0;10;0;0.0;1.0;1.0;15.0;A01
201800038992;1.0;7;0;1.0;0.0;1.0;1.0;A01
201800038993;2.0;7;0;0.0;2.0;1.0;15.0;A01
201800038993;1.0;30;0;0.0;2.0;8.0;1.0;B01
201800038994;1.0;7;0;0.0;2.0;8.0;10.0;A01
201800038994;1.0;33;0;0.0;2.0;1.0;2.0;B01
201800038995;1.0;34;0;0.0;2.0;8.0;13.0;A01
201800038995;1.0;1;0;0.0;9.0;8.0;13.0;B01
201800038996;1.0;2;0;0.0;2.0;2.0;1.0;A01
201800038996;1.0;7;0;0.0;2.0;3.0;15.0;B01
201800038997;1.0;7;0;0.0;2.0;8.0;15.0;A01
201800038997;1.0;33;0;0.0;2.0;1.0;1.0;B01
201800038998;2.0;7;0;0.0;1.0;3.0;1.0;A01
201800038999;1.0;31;0;0.0;2.0;1.0;18.0;A01
201800038999;1.0;7;0;0.0;2.0;2.0;16.0;B01
201800039000;1.0;31;0;8.0;0.0;1.0;14.0;A01
201800039001;1.0;7;0;0.0;2.0;1.0;2.0;A01
201800039001;1.0;7;0;0.0;2.0;4.0;2.0;B01
201800039002;2.0;31;0;0.0;2.0;1.0;1.0;A01
201800039002;2.0;99;0;0.0;2.0;8.0;11.0;B01
201800039003;2.0;7;0;7.0;0.0;3.0;13.0;A01
201800039004;1.0;7;0;0.0;2.0;5.0;12.0;A01
201800039004;1.0;33;0;0.0;2.0;3.0;1.0;B01
201800039005;1.0;2;0;0.0;2.0;8.0;10.0;A01
201800039005;1.0;33;0;0.0;2.0;1.0;1.0;B01
201800039006;2.0;1;0;0.0;1.0;1.0;1.0;A01
201800039007;1.0;34;0;0.0;2.0;1.0;2.0;A01
201800039007;1.0;7;0;0.0;2.0;5.0;2.0;B01
201800039008;2.0;1;0;0.0;1.0;1.0;1.0;A01
201800039009;1.0;7;0;0.0;2.0;4.0;4.0;A01
201800039009;2.0;1;0;0.0;2.0;1.0;19.0;B01
201800039010;2.0;10;0;0.0;1.0;3.0;1.0;A01
201800039011;1.0;7;0;0.0;2.0;1.0;1.0;A01
201800039011;1.0;7;0;0.0;2.0;4.0;23.0;B01
201800039012;2.0;7;0;0.0;2.0;1.0;1.0;A01
201800039012;2.0;7;0;0.0;2.0;4.0;23.0;B01
201800039013;1.0;2;0;8.0;0.0;1.0;14.0;A01
201800039014;2.0;7;0;0.0;2.0;1.0;1.0;A01
201800039014;2.0;7;0;0.0;2.0;4.0;23.0;B01
201800039015;1.0;7;0;0.0;1.0;2.0;1.0;A01
201800039016;1.0;34;0;14.0;0.0;1.0;2.0;A01
201800039016;1.0;7;0;0.0;9.0;4.0;2.0;B01
201800039017;1.0;33;0;0.0;0.0;8.0;2.0;A01
201800039017;1.0;7;0;0.0;0.0;0.0;2.0;B01
201800039018;2.0;33;0;0.0;2.0;1.0;1.0;A01
201800039018;2.0;7;0;0.0;2.0;4.0;23.0;B01
201800039019;2.0;30;0;0.0;2.0;1.0;1.0;A01
201800039019;1.0;7;0;0.0;2.0;2.0;1.0;B01
201800039020;1.0;7;0;0.0;2.0;1.0;9.0;A01
201800039020;2.0;7;0;0.0;2.0;1.0;17.0;B01
201800039021;1.0;7;0;0.0;2.0;1.0;9.0;A01
201800039021;2.0;30;0;0.0;2.0;7.0;1.0;B01
201800039022;;30;0;14.0;0.0;2.0;14.0;A01
201800039023;1.0;7;0;0.0;1.0;7.0;1.0;A01
201800039024;1.0;1;0;0.0;0.0;0.0;16.0;A01
201800039025;1.0;7;0;0.0;2.0;8.0;10.0;A01
201800039025;1.0;34;0;0.0;2.0;7.0;17.0;B01
201800039026;2.0;1;0;0.0;2.0;7.0;13.0;A01
201800039026;1.0;7;0;0.0;6.0;0.0;0.0;B01
201800039027;0.0;7;0;0.0;2.0;1.0;1.0;A01
201800039027;0.0;7;0;0.0;2.0;4.0;23.0;B01
201800039028;2.0;7;0;0.0;2.0;3.0;9.0;A01
201800039028;1.0;1;0;0.0;2.0;1.0;1.0;B01
201800039029;1.0;10;0;0.0;2.0;1.0;1.0;A01
201800039029;2.0;7;0;0.0;2.0;7.0;1.0;B01
201800039030;1.0;7;0;0.0;2.0;8.0;9.0;A01
201800039030;1.0;1;0;0.0;2.0;1.0;1.0;B01
201800039031;1.0;10;0;1.0;6.0;8.0;22.0;A01
201800039031;1.0;99;0;1.0;6.0;1.0;1.0;B01
201800039032;0.0;10;0;0.0;2.0;2.0;15.0;A01
201800039032;0.0;7;0;0.0;2.0;1.0;1.0;B01
201800039033;2.0;10;0;2.0;0.0;1.0;1.0;A01
201800039034;1.0;37;50;0.0;0.0;0.0;1.0;A01
201800039035;0.0;7;0;0.0;2.0;8.0;15.0;A01
201800039035;0.0;30;0;0.0;2.0;1.0;17.0;B01
201800039036;0.0;30;0;0.0;0.0;0.0;1.0;A01
201800039037;0.0;7;0;8.0;0.0;1.0;0.0;A01
201800039038;0.0;1;0;0.0;2.0;1.0;0.0;A01
201800039038;0.0;99;0;0.0;2.0;1.0;0.0;B01
201800039039;1.0;1;0;0.0;2.0;1.0;1.0;B01
201800039039;1.0;7;0;0.0;2.0;8.0;9.0;A01
201800039040;2.0;30;0;0.0;0.0;7.0;0.0;A01
201800039041;1.0;1;0;0.0;0.0;0.0;0.0;A01
201800039042;0.0;7;0;0.0;2.0;1.0;1.0;A01
201800039042;0.0;1;0;0.0;2.0;4.0;1.0;B01
201800039043;1.0;7;0;0.0;2.0;5.0;16.0;A01
201800039043;1.0;34;0;0.0;2.0;8.0;16.0;B01
201800039044;0.0;7;0;0.0;2.0;6.0;15.0;A01
201800039044;0.0;33;0;0.0;2.0;1.0;1.0;B01
201800039045;2.0;7;0;1.0;0.0;2.0;14.0;A01
201800039046;2.0;7;0;0.0;2.0;3.0;15.0;A01
201800039046;2.0;33;0;0.0;2.0;1.0;17.0;B01
201800039047;2.0;7;0;0.0;1.0;2.0;16.0;A01
201800039048;0.0;7;0;15.0;0.0;3.0;1.0;A01
201800039049;1.0;7;0;0.0;1.0;5.0;1.0;A01
201800039050;0.0;33;0;0.0;0.0;0.0;1.0;A01
201800039051;0.0;7;0;0.0;1.0;3.0;1.0;A01
201800039052;2.0;2;0;0.0;0.0;0.0;1.0;A01
201800039053;2.0;7;0;0.0;2.0;1.0;2.0;A01
201800039053;2.0;7;0;0.0;2.0;4.0;2.0;B01
201800039054;1.0;7;0;9.0;1.0;1.0;1.0;A01
201800039055;1.0;13;0;0.0;1.0;3.0;1.0;A01
201800039056;1.0;7;0;0.0;1.0;4.0;20.0;A01
201800039057;1.0;7;0;0.0;9.0;3.0;11.0;A01
201800039057;1.0;1;0;0.0;2.0;7.0;1.0;B01
201800039058;0.0;99;0;0.0;2.0;0.0;0.0;R01
201800039058;2.0;7;0;0.0;2.0;2.0;19.0;A01
201800039059;1.0;33;0;8.0;0.0;1.0;13.0;A01
201800039060;1.0;30;0;12.0;0.0;7.0;19.0;A01
201800039061;1.0;7;0;12.0;0.0;1.0;21.0;A01
201800039062;1.0;10;0;0.0;2.0;1.0;11.0;A01
201800039062;1.0;10;0;0.0;2.0;4.0;15.0;B01
201800039062;2.0;10;0;0.0;2.0;1.0;1.0;C01
201800039063;2.0;7;0;0.0;1.0;1.0;1.0;A01
201800039063;2.0;7;0;0.0;2.0;4.0;2.0;B01
201800039064;1.0;33;0;12.0;0.0;0.0;2.0;A01
201800039065;1.0;10;0;0.0;2.0;1.0;2.0;A01
201800039065;1.0;10;0;0.0;2.0;4.0;2.0;B01
201800039066;1.0;34;0;0.0;2.0;8.0;10.0;A01
201800039066;1.0;7;0;0.0;2.0;1.0;1.0;B01
201800039067;1.0;7;0;0.0;2.0;1.0;13.0;A01
201800039067;1.0;7;0;0.0;2.0;9.0;2.0;B01
201800039067;1.0;7;0;0.0;0.0;4.0;23.0;C01
201800039068;1.0;10;0;0.0;2.0;7.0;12.0;A01
201800039068;1.0;37;0;0.0;2.0;3.0;7.0;B01
201800039069;2.0;7;0;0.0;2.0;8.0;11.0;A01
201800039069;2.0;33;0;0.0;2.0;7.0;1.0;B01
201800039070;1.0;7;0;0.0;2.0;4.0;13.0;A01
201800039070;1.0;2;0;0.0;2.0;1.0;13.0;B01
201800039071;1.0;7;0;0.0;2.0;2.0;16.0;A01
201800039071;1.0;2;0;0.0;2.0;1.0;18.0;B01
201800039072;2.0;7;0;0.0;2.0;5.0;9.0;A01
201800039072;2.0;2;0;0.0;2.0;1.0;9.0;B01
201800039073;1.0;7;0;1.0;9.0;3.0;15.0;A01
201800039073;1.0;99;0;0.0;2.0;1.0;18.0;B01
201800039074;1.0;7;0;0.0;1.0;2.0;2.0;A01
201800039075;1.0;31;0;0.0;2.0;8.0;1.0;B01
201800039075;1.0;7;0;0.0;2.0;2.0;9.0;A01
201800039076;1.0;10;0;0.0;2.0;3.0;15.0;A01
201800039076;1.0;10;0;0.0;2.0;3.0;15.0;B01
201800039077;1.0;13;0;0.0;2.0;7.0;17.0;A01
201800039077;1.0;99;0;15.0;0.0;8.0;9.0;B01
201800039078;1.0;7;0;0.0;2.0;4.0;2.0;A01
201800039078;1.0;30;0;0.0;2.0;1.0;2.0;B01
201800039079;1.0;33;0;0.0;2.0;1.0;2.0;A01
201800039079;1.0;31;0;0.0;2.0;4.0;2.0;B01
201800039080;1.0;7;0;0.0;2.0;3.0;19.0;A01
201800039080;1.0;7;0;0.0;2.0;2.0;19.0;B01
201800039081;2.0;31;0;0.0;2.0;2.0;13.0;A01
201800039081;1.0;7;0;0.0;2.0;3.0;15.0;B01
201800039082;1.0;7;0;0.0;2.0;1.0;1.0;A01
201800039082;2.0;7;0;0.0;2.0;7.0;1.0;B01
201800039083;0.0;10;0;0.0;2.0;1.0;1.0;A01
201800039083;0.0;7;0;0.0;0.0;4.0;1.0;B01
201800039084;1.0;7;0;0.0;2.0;8.0;15.0;A01
201800039084;1.0;34;0;0.0;2.0;7.0;15.0;B01
201800039085;2.0;34;0;0.0;0.0;7.0;17.0;A01
201800039086;1.0;99;0;0.0;1.0;1.0;19.0;A01
201800039087;1.0;30;0;0.0;2.0;1.0;2.0;A01
201800039087;1.0;7;0;0.0;0.0;4.0;2.0;B01
201800039088;2.0;7;0;5.0;0.0;2.0;14.0;A01
201800039089;1.0;7;0;0.0;2.0;2.0;15.0;A01
201800039089;0.0;30;0;0.0;2.0;8.0;1.0;B01
201800039090;1.0;33;0;11.0;0.0;1.0;0.0;A01
201800039091;0.0;7;0;0.0;2.0;0.0;0.0;B01
201800039091;0.0;7;0;0.0;2.0;3.0;0.0;A01
201800039092;0.0;10;0;6.0;0.0;7.0;1.0;A01
201800039093;0.0;34;0;0.0;2.0;1.0;0.0;A01
201800039093;0.0;7;0;0.0;2.0;4.0;1.0;B01
201800039094;2.0;7;0;0.0;2.0;1.0;1.0;A01
201800039094;0.0;7;0;0.0;2.0;3.0;15.0;B01
201800039095;1.0;34;0;0.0;2.0;2.0;17.0;A01
201800039095;1.0;7;0;0.0;2.0;3.0;15.0;B01
201800039096;1.0;7;0;0.0;2.0;1.0;11.0;A01
201800039096;1.0;31;0;0.0;0.0;4.0;23.0;B01
201800039097;0.0;7;0;0.0;2.0;8.0;15.0;A01
201800039097;0.0;1;0;0.0;2.0;7.0;16.0;B01
201800039098;1.0;37;5;0.0;2.0;0.0;0.0;A01
201800039099;2.0;7;0;7.0;0.0;7.0;13.0;A01
201800039100;0.0;31;0;0.0;1.0;1.0;1.0;A01
201800039101;0.0;7;0;0.0;2.0;3.0;0.0;A01
201800039101;0.0;33;0;0.0;0.0;4.0;1.0;B01
201800039102;1.0;7;0;8.0;0.0;1.0;1.0;A01
201800039103;0.0;2;0;0.0;2.0;8.0;17.0;A01
201800039103;0.0;10;0;0.0;2.0;5.0;1.0;B01
201800039103;0.0;99;0;0.0;2.0;0.0;0.0;C01
201800039104;1.0;10;0;6.0;0.0;1.0;9.0;A01
201800039105;2.0;7;0;0.0;2.0;7.0;15.0;A01
201800039105;1.0;31;0;0.0;2.0;1.0;2.0;B01
201800039106;1.0;34;0;0.0;2.0;3.0;19.0;B01
201800039106;1.0;7;0;0.0;2.0;3.0;15.0;A01
201800039107;0.0;7;0;0.0;2.0;1.0;2.0;A01
201800039107;0.0;7;0;0.0;2.0;4.0;1.0;B01
201800039108;1.0;33;0;0.0;0.0;8.0;1.0;A01
201800039109;2.0;7;0;0.0;1.0;3.0;1.0;A01
201800039110;1.0;7;0;0.0;1.0;1.0;1.0;A01
201800039111;1.0;7;0;0.0;1.0;1.0;15.0;A01
201800039112;1.0;33;0;0.0;2.0;1.0;17.0;A01
201800039112;1.0;7;0;0.0;2.0;3.0;15.0;B01
201800039113;2.0;33;0;0.0;2.0;1.0;1.0;A01
201800039113;1.0;7;0;0.0;2.0;2.0;15.0;B01
201800039114;1.0;7;0;0.0;2.0;3.0;2.0;A01
201800039114;1.0;1;0;0.0;2.0;1.0;19.0;Y01
201800039115;2.0;7;0;0.0;1.0;1.0;1.0;A01
201800039116;1.0;1;0;0.0;2.0;1.0;1.0;B01
201800039116;1.0;7;0;0.0;2.0;4.0;4.0;A01
201800039117;1.0;7;0;0.0;1.0;1.0;1.0;A01
201800039118;2.0;37;0;0.0;2.0;3.0;1.0;A01
201800039118;2.0;7;0;0.0;2.0;5.0;12.0;Z01
201800039119;1.0;7;0;0.0;2.0;1.0;1.0;A01
201800039119;1.0;33;0;0.0;2.0;1.0;1.0;B01
201800039120;1.0;7;0;0.0;2.0;2.0;15.0;A01
201800039120;1.0;7;0;0.0;2.0;3.0;1.0;B01
201800039121;1.0;34;0;0.0;0.0;9.0;2.0;A01
201800039122;2.0;14;0;0.0;2.0;1.0;2.0;A01
201800039122;2.0;7;0;0.0;2.0;4.0;23.0;B01
201800039122;2.0;7;0;0.0;2.0;4.0;2.0;C01
201800039122;2.0;7;0;0.0;2.0;4.0;2.0;D01
201800039123;1.0;1;0;0.0;1.0;1.0;1.0;A01
201800039124;1.0;7;0;0.0;2.0;2.0;9.0;A01
201800039124;1.0;31;0;0.0;2.0;1.0;1.0;B01
201800039125;1.0;7;0;0.0;2.0;3.0;15.0;A01
201800039125;1.0;30;0;0.0;2.0;2.0;17.0;B01
201800039126;2.0;1;0;0.0;0.0;0.0;1.0;A01
201800039127;1.0;7;0;0.0;2.0;3.0;15.0;A01
201800039127;1.0;31;0;0.0;2.0;1.0;17.0;B01
201800039128;2.0;14;0;0.0;2.0;2.0;16.0;A01
201800039128;1.0;1;0;0.0;2.0;3.0;19.0;B01
201800039129;1.0;30;0;0.0;0.0;8.0;1.0;A01
201800039130;1.0;7;0;0.0;1.0;1.0;16.0;A01
201800039131;1.0;31;0;0.0;2.0;3.0;19.0;A01
201800039131;2.0;7;0;0.0;2.0;1.0;1.0;B01
201800039132;2.0;33;0;0.0;2.0;3.0;1.0;A01