Num_Acc;senc;catv;occutc;obs;obsm;choc;manv;num_veh
201800040183;1.0;7;0;0.0;2.0;1.0;1.0;B01
201800040183;2.0;7;0;0.0;2.0;8.0;1.0;A01
201800040184;1.0;33;0;0.0;2.0;8.0;18.0;B01
201800040184;1.0;7;0;0.0;0.0;5.0;18.0;A01
201800040185;1.0;34;0;0.0;2.0;1.0;1.0;B01
201800040185;2.0;7;0;0.0;2.0;7.0;15.0;A01
201800040186;1.0;7;0;0.0;2.0;2.0;1.0;A01
201800040186;2.0;7;0;0.0;2.0;3.0;19.0;B01
201800040187;2.0;7;0;0.0;2.0;1.0;1.0;A01
201800040187;1.0;33;0;1.0;2.0;8.0;1.0;B01
201800040188;1.0;36;0;1.0;0.0;1.0;14.0;A01
201800040189;1.0;7;0;0.0;1.0;2.0;1.0;A01
201800040190;1.0;7;0;0.0;2.0;6.0;15.0;B01
201800040190;1.0;33;0;8.0;2.0;2.0;17.0;A01
201800040191;1.0;10;0;0.0;0.0;1.0;14.0;A01
201800040192;1.0;7;0;0.0;2.0;1.0;19.0;B01
201800040192;2.0;7;0;0.0;2.0;2.0;15.0;A01
201800040193;1.0;7;0;0.0;1.0;3.0;0.0;A01
201800040194;2.0;10;0;0.0;2.0;0.0;0.0;A01
201800040194;2.0;7;0;0.0;2.0;9.0;2.0;C01
201800040194;2.0;7;0;0.0;2.0;9.0;2.0;B01
201800040194;2.0;7;0;0.0;2.0;4.0;2.0;D01
201800040195;1.0;7;0;0.0;2.0;1.0;15.0;A01
201800040195;2.0;7;0;0.0;2.0;6.0;8.0;C01
201800040195;2.0;7;0;0.0;2.0;1.0;7.0;B01
201800040196;1.0;7;0;0.0;0.0;4.0;1.0;C01
201800040196;1.0;37;1;0.0;0.0;4.0;1.0;B01
201800040196;1.0;37;1;0.0;0.0;1.0;1.0;A01
201800040197;1.0;7;0;0.0;9.0;1.0;19.0;B01
201800040197;2.0;31;0;0.0;2.0;7.0;19.0;A01
201800040198;1.0;7;0;0.0;1.0;1.0;2.0;A01
201800040199;2.0;7;0;6.0;0.0;1.0;1.0;A01
201800040200;1.0;7;0;0.0;2.0;4.0;1.0;B01
201800040200;1.0;15;0;0.0;2.0;4.0;1.0;C01
201800040200;1.0;15;0;0.0;2.0;1.0;1.0;A01
201800040201;1.0;7;0;0.0;1.0;2.0;1.0;A01
201800040202;1.0;1;0;0.0;2.0;7.0;1.0;F01
201800040202;1.0;7;0;0.0;2.0;1.0;1.0;A01
201800040203;1.0;7;0;0.0;1.0;1.0;19.0;A01
201800040204;0.0;7;0;0.0;2.0;2.0;1.0;A01
201800040204;0.0;7;0;0.0;2.0;1.0;15.0;B01
201800040205;1.0;37;0;0.0;2.0;2.0;1.0;A01
201800040205;2.0;10;0;0.0;2.0;3.0;15.0;B01
201800040206;2.0;10;0;0.0;1.0;1.0;1.0;A01
201800040207;1.0;7;0;0.0;1.0;0.0;15.0;A01
201800040208;1.0;7;0;0.0;2.0;4.0;2.0;C01
201800040208;1.0;10;0;0.0;2.0;1.0;2.0;A01
201800040208;1.0;7;0;0.0;2.0;4.0;2.0;B01
201800040209;1.0;7;0;0.0;2.0;3.0;24.0;B01
201800040209;1.0;7;0;1.0;0.0;2.0;2.0;A01
201800040210;2.0;7;0;0.0;2.0;4.0;23.0;B01
201800040210;2.0;7;0;0.0;2.0;1.0;2.0;A01
201800040211;1.0;7;0;0.0;2.0;4.0;23.0;B01
201800040211;1.0;7;0;0.0;2.0;1.0;19.0;A01
201800040211;1.0;7;0;0.0;2.0;4.0;23.0;C01
201800040211;1.0;7;0;0.0;2.0;4.0;23.0;D01
201800040212;2.0;7;0;0.0;2.0;3.0;1.0;A01
201800040212;1.0;7;0;0.0;2.0;1.0;15.0;B01
201800040213;0.0;7;0;0.0;2.0;2.0;16.0;A01
201800040213;0.0;1;0;0.0;0.0;6.0;1.0;B01
201800040214;2.0;7;0;0.0;2.0;1.0;1.0;B01
201800040214;2.0;7;0;0.0;2.0;6.0;1.0;A01
201800040215;2.0;7;0;0.0;2.0;1.0;2.0;A01
201800040215;2.0;7;0;0.0;2.0;4.0;2.0;B01
201800040216;1.0;33;0;0.0;2.0;1.0;3.0;B01
201800040216;1.0;7;0;1.0;0.0;7.0;16.0;A01
201800040217;1.0;7;0;0.0;2.0;1.0;1.0;A01
201800040217;1.0;7;0;0.0;2.0;8.0;1.0;B01
201800040218;1.0;33;0;0.0;2.0;1.0;1.0;A01
201800040218;1.0;37;14;0.0;2.0;5.0;15.0;B01
201800040219;1.0;7;0;3.0;0.0;7.0;0.0;A01
201800040220;0.0;10;0;0.0;2.0;1.0;1.0;B01
201800040220;0.0;7;0;0.0;2.0;6.0;1.0;A01
201800040221;0.0;7;0;0.0;2.0;1.0;19.0;B01
201800040221;2.0;7;0;0.0;2.0;3.0;19.0;A01
201800040222;1.0;7;0;0.0;2.0;7.0;12.0;A01
201800040222;1.0;34;0;0.0;2.0;8.0;1.0;B01
201800040223;2.0;7;0;0.0;2.0;6.0;15.0;A01
201800040223;1.0;34;0;0.0;2.0;1.0;1.0;B01
201800040224;1.0;7;0;0.0;2.0;2.0;1.0;A01
201800040224;1.0;7;0;0.0;2.0;8.0;2.0;B01
201800040225;0.0;7;0;9.0;0.0;1.0;1.0;A01
201800040226;0.0;7;0;0.0;2.0;1.0;11.0;A01
201800040226;0.0;7;0;0.0;2.0;3.0;0.0;B01
201800040227;0.0;7;0;0.0;1.0;1.0;19.0;A01
201800040228;0.0;7;0;10.0;0.0;1.0;0.0;A01
201800040229;0.0;10;0;0.0;1.0;2.0;1.0;A01
201800040230;0.0;10;0;0.0;2.0;4.0;23.0;A01
201800040230;0.0;10;0;0.0;2.0;1.0;1.0;B01
201800040231;0.0;7;0;0.0;2.0;3.0;19.0;A01
201800040231;1.0;30;0;0.0;2.0;7.0;1.0;B01
201800040232;1.0;33;0;1.0;0.0;3.0;1.0;A01
201800040232;1.0;10;0;0.0;0.0;2.0;23.0;B01
201800040233;0.0;7;0;0.0;6.0;2.0;17.0;A01
201800040233;0.0;1;0;0.0;2.0;4.0;15.0;B01
201800040234;2.0;7;0;0.0;1.0;1.0;19.0;A01
201800040235;2.0;7;0;12.0;0.0;1.0;16.0;A01
201800040236;1.0;7;0;0.0;2.0;1.0;0.0;A01
201800040236;1.0;7;0;0.0;2.0;3.0;9.0;B01
201800040237;0.0;7;0;0.0;2.0;1.0;0.0;A01
201800040237;0.0;7;0;0.0;2.0;8.0;1.0;B01
201800040238;1.0;7;0;0.0;2.0;7.0;15.0;A01
201800040238;2.0;2;0;0.0;2.0;1.0;5.0;B01
201800040239;1.0;33;0;0.0;2.0;7.0;1.0;B01
201800040239;1.0;7;0;0.0;2.0;3.0;13.0;A01
201800040240;2.0;7;0;0.0;1.0;3.0;15.0;A01
201800040241;0.0;7;0;0.0;2.0;1.0;0.0;B01
201800040241;0.0;7;0;0.0;2.0;4.0;1.0;A01
201800040242;1.0;33;0;0.0;0.0;0.0;21.0;B01
201800040242;1.0;7;0;0.0;0.0;0.0;19.0;A01
201800040243;0.0;33;0;0.0;2.0;2.0;1.0;B01
201800040243;0.0;7;0;0.0;2.0;3.0;23.0;A01
201800040244;2.0;7;0;0.0;1.0;2.0;1.0;A01
201800040245;1.0;7;0;0.0;2.0;4.0;1.0;B01
201800040245;1.0;7;0;0.0;2.0;1.0;1.0;A01
201800040246;0.0;7;0;0.0;6.0;4.0;23.0;A01
201800040246;0.0;34;0;0.0;2.0;1.0;21.0;B01
201800040247;2.0;7;0;0.0;2.0;4.0;1.0;C01
201800040247;2.0;7;0;0.0;2.0;1.0;1.0;A01
201800040247;2.0;7;0;0.0;2.0;4.0;1.0;B01
201800040248;1.0;10;0;0.0;2.0;1.0;0.0;A01
201800040248;1.0;10;0;0.0;2.0;4.0;0.0;B01
201800040249;1.0;37;3;0.0;2.0;4.0;0.0;B01
201800040249;1.0;7;0;0.0;2.0;1.0;0.0;A01
201800040250;1.0;7;0;0.0;2.0;1.0;0.0;A01
201800040250;1.0;7;0;1.0;0.0;4.0;23.0;B01
201800040251;1.0;7;0;0.0;1.0;2.0;2.0;A01
201800040252;1.0;7;0;0.0;2.0;4.0;2.0;B01
201800040252;1.0;7;0;0.0;2.0;1.0;2.0;A01
201800040253;2.0;32;0;0.0;2.0;1.0;1.0;B01
201800040253;1.0;7;0;0.0;2.0;1.0;15.0;A01
201800040254;2.0;10;0;14.0;0.0;3.0;1.0;A01
201800040255;1.0;7;0;0.0;2.0;4.0;1.0;C01
201800040255;1.0;7;0;0.0;2.0;4.0;1.0;B01
201800040255;1.0;7;0;0.0;2.0;1.0;11.0;A01
201800040256;1.0;2;0;0.0;2.0;1.0;1.0;B01
201800040256;1.0;7;0;0.0;2.0;2.0;15.0;A01
201800040257;1.0;7;0;1.0;0.0;1.0;0.0;A01
201800040258;0.0;7;0;1.0;0.0;2.0;1.0;A01
201800040259;1.0;7;0;;;;;A01
201800040260;1.0;7;0;1.0;2.0;1.0;23.0;D01
201800040260;1.0;7;0;1.0;2.0;1.0;23.0;E01
201800040260;1.0;7;0;1.0;2.0;1.0;1.0;A01
201800040260;1.0;7;0;1.0;2.0;1.0;23.0;F01
201800040260;1.0;7;0;1.0;2.0;8.0;23.0;C01
201800040260;1.0;7;0;1.0;2.0;3.0;23.0;B01
201800040261;0.0;7;0;0.0;2.0;8.0;15.0;A01
201800040261;0.0;7;0;0.0;0.0;0.0;0.0;B01
201800040262;2.0;10;0;0.0;2.0;4.0;1.0;B01
201800040262;2.0;10;0;0.0;2.0;1.0;21.0;A01
201800040263;2.0;37;10;0.0;2.0;2.0;1.0;B01
201800040263;0.0;10;0;0.0;2.0;3.0;16.0;A01
201800040264;2.0;7;0;0.0;2.0;4.0;2.0;B01
201800040264;2.0;7;0;0.0;2.0;1.0;2.0;A01
201800040265;1.0;7;0;0.0;2.0;3.0;15.0;B01
201800040265;2.0;7;0;0.0;2.0;3.0;1.0;A01
201800040266;1.0;10;0;0.0;1.0;1.0;1.0;A01
201800040267;2.0;7;0;0.0;2.0;1.0;2.0;A01
201800040267;1.0;7;0;0.0;2.0;3.0;2.0;B01
201800040268;1.0;7;0;0.0;2.0;2.0;1.0;B01
201800040268;1.0;7;0;0.0;2.0;3.0;9.0;A01
201800040269;1.0;33;0;0.0;9.0;8.0;9.0;A01
201800040269;1.0;7;0;0.0;2.0;1.0;9.0;B01
201800040270;2.0;33;0;0.0;0.0;0.0;0.0;B01
201800040270;1.0;7;0;0.0;0.0;0.0;0.0;A01
201800040271;1.0;15;0;0.0;2.0;3.0;15.0;A01
201800040271;0.0;34;0;0.0;2.0;1.0;0.0;B01
201800040272;2.0;7;0;0.0;2.0;3.0;19.0;A01
201800040272;2.0;33;0;0.0;2.0;1.0;21.0;B01
201800040273;2.0;7;0;0.0;1.0;1.0;2.0;A01
201800040274;2.0;7;0;0.0;2.0;4.0;1.0;A01
201800040274;2.0;7;0;0.0;2.0;1.0;1.0;B01
201800040275;1.0;7;0;0.0;1.0;2.0;15.0;A01
201800040276;2.0;7;0;1.0;0.0;7.0;13.0;A01
201800040277;1.0;7;0;0.0;2.0;1.0;19.0;A01
201800040277;1.0;7;0;0.0;2.0;8.0;19.0;B01
201800040278;1.0;31;0;0.0;2.0;1.0;2.0;A01
201800040278;1.0;7;0;0.0;2.0;4.0;1.0;B01
201800040279;1.0;7;0;0.0;1.0;7.0;1.0;A01
201800040280;2.0;7;0;0.0;1.0;3.0;21.0;A01
201800040281;2.0;7;0;0.0;1.0;1.0;16.0;A01
201800040282;1.0;99;0;1.0;2.0;1.0;21.0;A01
201800040282;1.0;7;0;1.0;2.0;3.0;9.0;B01
201800040283;2.0;7;0;0.0;2.0;2.0;17.0;B01
201800040283;2.0;7;0;0.0;2.0;3.0;15.0;A01
201800040284;2.0;7;0;0.0;1.0;2.0;1.0;A01
201800040285;1.0;7;0;0.0;1.0;1.0;1.0;A01
201800040286;1.0;10;0;0.0;1.0;2.0;14.0;A01
201800040287;2.0;31;0;0.0;2.0;2.0;17.0;A01
201800040287;2.0;7;0;0.0;2.0;8.0;15.0;B01
201800040288;1.0;33;0;0.0;2.0;1.0;2.0;B01
201800040288;1.0;7;0;0.0;2.0;2.0;2.0;A01
201800040289;1.0;31;0;0.0;2.0;2.0;15.0;A01
201800040290;1.0;7;0;0.0;1.0;7.0;1.0;A01
201800040291;2.0;7;0;0.0;1.0;2.0;11.0;A01
201800040292;1.0;33;0;0.0;2.0;1.0;17.0;A01
201800040292;1.0;7;0;0.0;2.0;6.0;15.0;B01
201800040293;0.0;7;0;0.0;1.0;1.0;5.0;A01
201800040294;1.0;7;0;0.0;2.0;1.0;16.0;B01
201800040294;1.0;7;0;0.0;2.0;3.0;17.0;A01
201800040295;1.0;7;0;0.0;2.0;3.0;19.0;A01
201800040295;1.0;33;0;0.0;2.0;2.0;13.0;B01
201800040296;1.0;7;0;0.0;2.0;1.0;1.0;A01
201800040296;1.0;34;0;0.0;2.0;1.0;1.0;B01
201800040297;2.0;7;0;0.0;2.0;3.0;15.0;A01
201800040297;1.0;31;0;0.0;2.0;1.0;17.0;B01
201800040298;2.0;31;0;0.0;1.0;1.0;1.0;A01
201800040299;2.0;99;0;0.0;2.0;0.0;0.0;R01
201800040299;1.0;7;0;0.0;2.0;1.0;15.0;A01
201800040300;2.0;30;0;0.0;2.0;1.0;21.0;A01
201800040300;2.0;7;0;0.0;2.0;6.0;15.0;B01
201800040301;2.0;34;0;0.0;2.0;7.0;2.0;B01
201800040301;1.0;7;0;0.0;2.0;1.0;16.0;A01
201800040302;2.0;7;0;0.0;2.0;7.0;5.0;A01
201800040302;;7;0;;;;;B01
201800040303;1.0;7;0;4.0;0.0;2.0;1.0;A01
201800040304;1.0;31;0;0.0;2.0;8.0;16.0;A01
201800040304;1.0;17;0;0.0;2.0;7.0;16.0;B01
201800040305;1.0;99;0;0.0;2.0;0.0;0.0;R01
201800040305;1.0;7;0;0.0;2.0;3.0;24.0;A01
201800040306;1.0;10;0;0.0;2.0;2.0;9.0;A01
201800040306;1.0;2;0;1.0;0.0;3.0;1.0;B01
201800040307;2.0;34;0;0.0;2.0;1.0;17.0;B01
201800040307;2.0;7;0;0.0;2.0;3.0;15.0;A01
201800040308;2.0;1;0;0.0;2.0;1.0;15.0;B01
201800040308;1.0;7;0;0.0;2.0;3.0;16.0;A01
201800040309;1.0;7;0;0.0;2.0;3.0;23.0;A01
201800040309;2.0;7;0;0.0;2.0;3.0;1.0;B01
201800040310;2.0;7;0;0.0;1.0;8.0;1.0;A01
201800040311;0.0;7;0;0.0;2.0;8.0;19.0;B01
201800040311;2.0;7;0;0.0;2.0;1.0;19.0;A01
201800040312;1.0;7;0;0.0;2.0;3.0;23.0;A01
201800040312;2.0;31;0;0.0;2.0;3.0;17.0;B01
201800040313;1.0;7;0;0.0;2.0;3.0;15.0;A01
201800040313;1.0;33;0;0.0;2.0;3.0;17.0;B01
201800040314;2.0;7;0;0.0;2.0;4.0;23.0;A01
201800040314;2.0;7;0;0.0;2.0;1.0;2.0;B01
201800040315;1.0;7;0;0.0;2.0;3.0;15.0;A01
201800040315;1.0;31;0;0.0;2.0;1.0;17.0;B01
201800040316;1.0;31;0;0.0;2.0;8.0;2.0;B01
201800040316;1.0;7;0;0.0;2.0;2.0;15.0;A01
201800040317;1.0;7;0;0.0;1.0;5.0;24.0;A01
201800040318;2.0;7;0;0.0;2.0;8.0;2.0;B01
201800040318;2.0;7;0;0.0;2.0;7.0;2.0;C01
201800040318;2.0;34;0;0.0;2.0;9.0;2.0;A01
201800040319;1.0;33;0;0.0;2.0;0.0;23.0;B01
201800040319;1.0;33;0;0.0;1.0;0.0;21.0;A01
201800040320;1.0;10;0;0.0;2.0;1.0;9.0;A01
201800040320;0.0;99;0;0.0;2.0;0.0;0.0;R01
201800040321;1.0;7;0;0.0;2.0;3.0;1.0;A01
201800040321;1.0;7;0;0.0;2.0;2.0;1.0;B01
201800040322;2.0;10;0;0.0;2.0;4.0;2.0;A01
201800040323;2.0;7;0;0.0;2.0;8.0;2.0;C01
201800040323;1.0;31;0;0.0;2.0;3.0;1.0;B01
201800040323;2.0;7;0;0.0;2.0;3.0;13.0;A01
201800040324;2.0;10;0;0.0;2.0;1.0;2.0;A01
201800040324;2.0;34;0;0.0;2.0;1.0;2.0;B01
201800040325;1.0;7;0;0.0;1.0;1.0;15.0;A01
201800040326;1.0;33;0;8.0;0.0;1.0;19.0;A01
201800040327;1.0;34;0;0.0;2.0;7.0;17.0;B01
201800040327;1.0;7;0;0.0;2.0;3.0;17.0;A01
201800040328;1.0;7;0;0.0;2.0;7.0;19.0;A01
201800040328;1.0;7;0;0.0;2.0;1.0;19.0;B01
201800040329;1.0;7;0;16.0;1.0;2.0;0.0;A01
201800040330;1.0;31;0;0.0;2.0;1.0;5.0;A01
201800040330;1.0;7;0;0.0;2.0;3.0;1.0;B01
201800040331;1.0;13;0;15.0;1.0;1.0;0.0;A01
201800040332;1.0;7;0;0.0;1.0;1.0;1.0;A01
201800040333;0.0;99;0;0.0;0.0;0.0;0.0;B01
201800040333;1.0;7;0;0.0;2.0;3.0;9.0;A01
201800040334;1.0;3;0;3.0;0.0;2.0;9.0;A01
201800040335;2.0;2;0;0.0;6.0;1.0;0.0;A01
201800040335;2.0;1;0;0.0;2.0;8.0;15.0;B01
201800040336;1.0;20;0;0.0;2.0;4.0;0.0;A01
201800040336;1.0;20;0;0.0;2.0;4.0;2.0;B01
201800040336;1.0;20;0;0.0;2.0;1.0;2.0;C01
201800040337;2.0;1;0;0.0;2.0;1.0;15.0;B01
201800040337;1.0;7;0;0.0;2.0;1.0;19.0;A01
201800040338;2.0;1;0;0.0;1.0;7.0;1.0;A01
201800040339;2.0;7;0;1.0;0.0;1.0;1.0;A01
201800040340;2.0;7;0;0.0;0.0;1.0;0.0;C01
201800040340;1.0;7;0;0.0;0.0;8.0;13.0;B01
201800040340;1.0;31;0;0.0;2.0;7.0;17.0;A01
201800040341;2.0;7;0;0.0;1.0;5.0;0.0;A01
201800040342;2.0;33;0;0.0;1.0;2.0;1.0;A01
201800040343;1.0;33;0;5.0;0.0;8.0;19.0;A01
201800040343;1.0;7;0;5.0;0.0;1.0;0.0;B01
201800040344;2.0;7;0;0.0;0.0;8.0;20.0;B01
201800040344;2.0;32;0;0.0;2.0;8.0;17.0;A01
201800040345;1.0;2;0;1.0;0.0;1.0;1.0;A01
201800040346;2.0;32;0;0.0;1.0;1.0;1.0;A01
201800040347;2.0;7;0;0.0;2.0;2.0;9.0;B01
201800040347;1.0;32;0;0.0;2.0;3.0;17.0;A01
201800040348;0.0;2;0;1.0;0.0;0.0;0.0;B01
201800040348;0.0;7;0;1.0;0.0;3.0;0.0;A01
201800040349;2.0;7;0;0.0;1.0;2.0;15.0;A01
201800040350;2.0;32;0;0.0;2.0;7.0;1.0;C01
201800040350;1.0;7;0;0.0;2.0;3.0;23.0;A01
201800040350;1.0;7;0;0.0;2.0;1.0;19.0;B01
201800040351;1.0;7;0;0.0;2.0;2.0;19.0;A01
201800040351;1.0;32;0;0.0;2.0;1.0;1.0;B01
201800040352;1.0;7;0;0.0;2.0;2.0;9.0;A01
201800040352;0.0;33;0;0.0;0.0;0.0;0.0;B01
201800040353;2.0;34;0;0.0;1.0;1.0;17.0;A01
201800040354;1.0;7;0;0.0;2.0;1.0;0.0;A01
201800040354;1.0;7;0;0.0;0.0;4.0;23.0;B01
201800040355;2.0;3;0;0.0;1.0;2.0;17.0;A01
201800040356;1.0;30;0;0.0;2.0;3.0;17.0;A01
201800040356;1.0;7;0;0.0;2.0;3.0;2.0;B01
201800040357;1.0;7;0;0.0;1.0;3.0;1.0;A01
201800040358;1.0;31;0;0.0;2.0;1.0;1.0;A01
201800040358;1.0;7;0;0.0;2.0;5.0;20.0;B01
201800040359;2.0;7;0;0.0;1.0;2.0;15.0;A01
201800040360;2.0;2;0;1.0;1.0;1.0;1.0;A01
201800040360;1.0;7;0;0.0;2.0;6.0;24.0;B01
201800040361;1.0;7;0;0.0;1.0;2.0;19.0;A01
201800040362;1.0;2;0;0.0;2.0;1.0;19.0;B01
201800040362;1.0;10;0;0.0;2.0;2.0;1.0;A01
201800040363;1.0;33;0;0.0;2.0;2.0;13.0;A01
201800040363;1.0;7;0;0.0;2.0;3.0;9.0;B01
201800040364;0.0;10;0;4.0;0.0;1.0;1.0;A01
201800040365;1.0;3;0;0.0;1.0;1.0;15.0;A01
201800040366;1.0;3;0;0.0;1.0;1.0;9.0;A01
201800040367;0.0;7;0;0.0;1.0;1.0;0.0;A01
201800040368;1.0;30;0;0.0;2.0;8.0;0.0;A01
201800040368;0.0;7;0;0.0;2.0;2.0;0.0;B01
201800040369;1.0;7;0;0.0;2.0;4.0;0.0;A01
201800040369;1.0;7;0;0.0;2.0;1.0;1.0;B01
201800040370;2.0;3;0;0.0;1.0;1.0;16.0;A01
201800040371;1.0;3;0;0.0;1.0;1.0;1.0;A01
201800040372;1.0;7;0;14.0;1.0;2.0;17.0;A01
201800040373;0.0;7;0;0.0;1.0;1.0;1.0;A01
201800040374;1.0;7;0;1.0;0.0;2.0;1.0;A01
201800040375;1.0;10;0;0.0;1.0;3.0;1.0;A01
201800040376;1.0;7;0;0.0;1.0;6.0;20.0;A01
201800040377;1.0;30;0;0.0;2.0;7.0;15.0;A01
201800040377;1.0;7;0;0.0;2.0;1.0;1.0;B01
201800040378;2.0;7;0;0.0;2.0;6.0;15.0;A01
201800040378;2.0;30;0;0.0;2.0;2.0;17.0;B01
201800040379;2.0;33;0;0.0;2.0;8.0;1.0;B01
201800040379;0.0;10;0;0.0;2.0;3.0;19.0;A01
201800040380;2.0;10;0;0.0;1.0;1.0;1.0;A01
201800040381;2.0;37;30;0.0;1.0;2.0;8.0;A01
201800040382;1.0;30;0;0.0;1.0;1.0;0.0;A01
201800040383;0.0;31;0;8.0;0.0;1.0;0.0;A01
201800040384;1.0;7;0;0.0;0.0;3.0;24.0;B01
201800040384;1.0;7;0;1.0;2.0;2.0;0.0;A01
201800040385;2.0;31;0;0.0;2.0;1.0;1.0;B01
201800040385;1.0;7;0;0.0;2.0;3.0;0.0;A01
201800040386;0.0;20;0;0.0;2.0;1.0;19.0;A01
201800040386;0.0;20;0;0.0;2.0;6.0;0.0;B01
201800040387;1.0;7;0;0.0;2.0;1.0;15.0;Z01
201800040387;2.0;7;0;0.0;2.0;1.0;1.0;B01
201800040388;1.0;7;0;0.0;1.0;1.0;1.0;A01
201800040389;1.0;7;0;0.0;2.0;6.0;1.0;B01
201800040389;1.0;7;0;0.0;2.0;3.0;15.0;A01
201800040390;1.0;7;0;0.0;1.0;6.0;4.0;A01
201800040391;1.0;7;0;0.0;2.0;4.0;23.0;B01
201800040391;1.0;10;0;0.0;2.0;1.0;9.0;A01
201800040392;1.0;7;0;14.0;0.0;1.0;1.0;A01
201800040393;1.0;7;0;0.0;2.0;1.0;1.0;A01
201800040393;1.0;10;0;0.0;2.0;4.0;1.0;B01
201800040394;1.0;34;0;0.0;1.0;8.0;1.0;A01
201800040395;1.0;7;0;0.0;2.0;6.0;0.0;B01
201800040395;1.0;7;0;0.0;2.0;2.0;11.0;A01
201800040396;1.0;7;0;0.0;2.0;7.0;0.0;A01
201800040396;1.0;7;0;0.0;2.0;1.0;16.0;B01
201800040397;1.0;7;0;8.0;0.0;0.0;2.0;B01
201800040398;2.0;7;0;1.0;0.0;2.0;1.0;A01
201800040399;1.0;7;0;0.0;2.0;4.0;2.0;B01
201800040399;1.0;37;1;0.0;2.0;1.0;2.0;A01
201800040399;1.0;7;0;0.0;9.0;0.0;2.0;C01
201800040400;1.0;7;0;0.0;1.0;2.0;0.0;A01
201800040401;1.0;7;0;0.0;1.0;1.0;2.0;A01
201800040402;1.0;7;0;4.0;0.0;1.0;1.0;A01
201800040403;1.0;7;0;0.0;0.0;6.0;11.0;A01
201800040403;1.0;31;0;0.0;9.0;7.0;1.0;B01
201800040404;1.0;7;0;0.0;2.0;6.0;10.0;A01
201800040404;1.0;31;0;0.0;2.0;2.0;21.0;B01
201800040405;1.0;34;0;0.0;1.0;1.0;1.0;A01
201800040406;1.0;33;0;8.0;0.0;1.0;2.0;A01
201800040407;1.0;7;0;0.0;9.0;5.0;16.0;Z01
201800040407;1.0;33;0;0.0;2.0;1.0;19.0;B01
201800040408;2.0;31;0;0.0;0.0;2.0;1.0;B01
201800040408;2.0;7;0;0.0;0.0;1.0;0.0;A01
201800040409;1.0;7;0;0.0;1.0;1.0;0.0;Z01
201800040410;1.0;33;0;0.0;2.0;3.0;17.0;A01
201800040410;1.0;7;0;0.0;2.0;8.0;15.0;B01
201800040411;1.0;7;0;0.0;2.0;1.0;17.0;A01
201800040411;2.0;7;0;0.0;2.0;1.0;0.0;B01
201800040412;0.0;31;0;0.0;0.0;8.0;1.0;B01
201800040412;0.0;7;0;0.0;0.0;2.0;16.0;A01
201800040413;1.0;7;0;0.0;2.0;1.0;1.0;A01
201800040413;1.0;7;0;0.0;2.0;6.0;9.0;B01
201800040414;1.0;99;0;0.0;2.0;7.0;15.0;A01
201800040414;2.0;7;0;0.0;2.0;1.0;1.0;B01
201800040415;1.0;7;0;0.0;2.0;1.0;23.0;A01
201800040415;2.0;99;0;0.0;2.0;0.0;0.0;B01
201800040416;1.0;7;0;0.0;1.0;1.0;2.0;A01
201800040417;2.0;7;0;0.0;1.0;2.0;15.0;A01
201800040418;1.0;7;0;9.0;2.0;1.0;14.0;A01
201800040418;2.0;7;0;0.0;2.0;3.0;21.0;B01
201800040419;2.0;7;0;0.0;1.0;2.0;21.0;A01
201800040420;1.0;7;0;0.0;2.0;1.0;1.0;B01
201800040420;1.0;7;0;0.0;2.0;8.0;9.0;A01
201800040421;1.0;7;0;0.0;1.0;1.0;15.0;A01
201800040422;2.0;7;0;0.0;2.0;4.0;23.0;C01
201800040422;2.0;7;0;0.0;2.0;4.0;23.0;B01
201800040422;2.0;7;0;0.0;2.0;4.0;23.0;D01
201800040422;2.0;7;0;0.0;2.0;1.0;2.0;A01
201800040423;1.0;7;0;0.0;1.0;1.0;2.0;A01
201800040424;1.0;7;0;1.0;1.0;1.0;1.0;A01
201800040425;1.0;7;0;1.0;0.0;3.0;24.0;A01
201800040425;1.0;1;0;1.0;2.0;1.0;1.0;B01
201800040426;2.0;7;0;0.0;1.0;1.0;2.0;A01
201800040427;1.0;33;0;0.0;2.0;1.0;1.0;A01
201800040427;1.0;7;0;0.0;2.0;2.0;9.0;B01
201800040428;1.0;7;0;0.0;1.0;0.0;0.0;A01
201800040429;1.0;7;0;0.0;2.0;2.0;1.0;A01
201800040429;1.0;2;0;0.0;2.0;2.0;9.0;B01
201800040430;2.0;10;0;0.0;0.0;0.0;19.0;A01
201800040430;0.0;10;0;0.0;2.0;6.0;0.0;C01
201800040430;0.0;34;0;0.0;2.0;2.0;21.0;B01
201800040431;0.0;30;0;0.0;2.0;0.0;0.0;A01
201800040431;1.0;31;0;0.0;0.0;0.0;0.0;B01
201800040432;1.0;7;0;0.0;1.0;2.0;1.0;A01
201800040433;2.0;7;0;0.0;2.0;5.0;16.0;A01
201800040433;1.0;37;30;0.0;2.0;3.0;7.0;B01
201800040434;1.0;7;0;1.0;0.0;3.0;1.0;A01
201800040435;0.0;7;0;0.0;1.0;2.0;16.0;A01
201800040436;0.0;7;0;1.0;0.0;1.0;16.0;A01
201800040437;0.0;1;0;1.0;0.0;1.0;1.0;B01
201800040437;0.0;7;0;9.0;0.0;1.0;16.0;A01
201800040438;0.0;7;0;0.0;2.0;8.0;15.0;B01
201800040438;1.0;33;0;0.0;2.0;1.0;17.0;A01