Num_Acc;senc;catv;occutc;obs;obsm;choc;manv;num_veh
201800041448;1.0;7;0;0.0;2.0;0.0;23.0;B01
201800041448;1.0;7;0;0.0;9.0;4.0;23.0;C01
201800041449;1.0;7;0;0.0;1.0;1.0;1.0;A01
201800041450;2.0;7;0;0.0;2.0;1.0;1.0;A01
201800041450;2.0;7;0;0.0;2.0;4.0;23.0;B01
201800041450;2.0;7;0;0.0;2.0;4.0;23.0;C01
201800041451;1.0;7;0;0.0;2.0;1.0;2.0;A01
201800041451;1.0;7;0;0.0;2.0;4.0;2.0;B01
201800041452;1.0;7;0;4.0;0.0;3.0;15.0;A01
201800041453;1.0;7;0;0.0;1.0;2.0;19.0;A01
201800041454;2.0;10;0;0.0;2.0;1.0;2.0;A01
201800041454;2.0;7;0;0.0;0.0;4.0;2.0;B01
201800041455;2.0;33;0;0.0;2.0;1.0;5.0;A01
201800041455;2.0;7;0;0.0;2.0;8.0;1.0;B01
201800041456;1.0;7;0;0.0;2.0;1.0;2.0;B01
201800041456;1.0;7;0;0.0;2.0;7.0;2.0;A01
201800041457;1.0;7;0;0.0;2.0;8.0;2.0;A01
201800041457;2.0;7;0;0.0;2.0;1.0;2.0;B01
201800041458;2.0;7;0;0.0;2.0;3.0;2.0;B01
201800041458;1.0;33;0;0.0;2.0;1.0;17.0;A01
201800041459;1.0;7;0;1.0;0.0;1.0;1.0;A01
201800041460;1.0;7;0;0.0;2.0;3.0;15.0;A01
201800041460;1.0;33;0;0.0;2.0;1.0;17.0;B01
201800041461;1.0;7;0;0.0;2.0;3.0;2.0;A01
201800041461;1.0;31;0;0.0;2.0;1.0;2.0;B01
201800041462;2.0;7;0;0.0;2.0;1.0;19.0;A01
201800041462;2.0;7;0;0.0;2.0;8.0;19.0;B01
201800041463;2.0;31;0;0.0;2.0;8.0;9.0;A01
201800041463;2.0;7;0;0.0;2.0;2.0;2.0;B01
201800041464;1.0;34;0;0.0;2.0;1.0;3.0;A01
201800041464;1.0;7;0;0.0;0.0;2.0;23.0;C01
201800041464;1.0;7;0;0.0;2.0;4.0;23.0;B01
201800041465;1.0;33;0;0.0;0.0;0.0;21.0;A01
201800041466;1.0;7;0;0.0;2.0;4.0;23.0;B01
201800041466;1.0;7;0;0.0;2.0;1.0;1.0;A01
201800041467;1.0;7;0;0.0;2.0;1.0;14.0;A01
201800041467;1.0;7;0;0.0;2.0;4.0;24.0;B01
201800041468;1.0;7;0;0.0;1.0;3.0;1.0;A01
201800041469;1.0;17;0;0.0;6.0;1.0;0.0;A01
201800041469;1.0;32;0;0.0;2.0;2.0;0.0;B01
201800041470;;7;0;8.0;0.0;2.0;15.0;A01
201800041471;2.0;7;0;0.0;2.0;3.0;15.0;A01
201800041471;1.0;7;0;0.0;2.0;6.0;1.0;B01
201800041472;1.0;32;0;0.0;2.0;0.0;0.0;A01
201800041473;0.0;7;0;0.0;1.0;4.0;4.0;A01
201800041474;1.0;7;0;8.0;0.0;2.0;2.0;A01
201800041475;1.0;7;0;9.0;0.0;1.0;0.0;A01
201800041476;2.0;32;0;4.0;0.0;7.0;1.0;A01
201800041477;0.0;37;1;0.0;1.0;7.0;2.0;A01
201800041478;2.0;7;0;0.0;2.0;3.0;2.0;B01
201800041478;2.0;7;0;0.0;2.0;2.0;17.0;A01
201800041479;1.0;1;0;0.0;2.0;1.0;0.0;B01
201800041479;1.0;7;0;0.0;2.0;6.0;0.0;A01
201800041480;1.0;33;0;0.0;2.0;1.0;1.0;B01
201800041480;1.0;7;0;0.0;2.0;2.0;15.0;A01
201800041481;1.0;7;0;0.0;1.0;3.0;0.0;A01
201800041482;0.0;7;0;0.0;2.0;1.0;2.0;A01
201800041482;0.0;7;0;0.0;2.0;4.0;2.0;B01
201800041482;0.0;7;0;0.0;2.0;4.0;2.0;C01
201800041482;0.0;7;0;0.0;2.0;4.0;2.0;D01
201800041483;2.0;7;0;0.0;0.0;0.0;1.0;A01
201800041484;1.0;7;0;0.0;2.0;1.0;19.0;A01
201800041484;2.0;37;0;0.0;2.0;8.0;1.0;B01
201800041485;1.0;7;0;0.0;1.0;2.0;2.0;A01
201800041486;2.0;33;0;0.0;2.0;1.0;1.0;B01
201800041486;1.0;7;0;0.0;2.0;3.0;9.0;A01
201800041487;1.0;7;0;0.0;1.0;3.0;15.0;A01
201800041488;0.0;7;0;0.0;1.0;3.0;2.0;A01
201800041489;1.0;7;0;0.0;2.0;1.0;2.0;A01
201800041489;0.0;30;0;0.0;2.0;4.0;1.0;B01
201800041490;1.0;32;0;0.0;2.0;1.0;2.0;A01
201800041490;1.0;10;0;0.0;2.0;8.0;16.0;B01
201800041491;2.0;34;0;0.0;1.0;1.0;2.0;A01
201800041492;1.0;1;0;0.0;2.0;1.0;1.0;B01
201800041492;2.0;10;0;0.0;6.0;4.0;20.0;A01
201800041493;1.0;7;0;0.0;2.0;1.0;1.0;A01
201800041493;1.0;7;0;0.0;2.0;4.0;2.0;C01
201800041493;1.0;7;0;0.0;2.0;5.0;2.0;B01
201800041494;1.0;7;0;4.0;0.0;1.0;1.0;A01
201800041495;1.0;33;0;4.0;0.0;1.0;1.0;A01
201800041496;1.0;10;0;0.0;2.0;3.0;13.0;A01
201800041496;1.0;33;0;0.0;2.0;1.0;1.0;B01
201800041497;2.0;7;0;0.0;2.0;6.0;15.0;B01
201800041497;0.0;30;0;0.0;2.0;1.0;17.0;A01
201800041498;0.0;3;0;0.0;2.0;9.0;1.0;A01
201800041499;0.0;7;0;0.0;1.0;5.0;4.0;A01
201800041500;2.0;7;0;0.0;2.0;4.0;2.0;B01
201800041500;2.0;1;0;0.0;2.0;1.0;2.0;A01
201800041501;0.0;7;0;0.0;1.0;4.0;4.0;A01
201800041502;1.0;7;0;8.0;2.0;2.0;15.0;A01
201800041502;2.0;7;0;8.0;2.0;1.0;1.0;B01
201800041503;1.0;7;0;0.0;2.0;2.0;19.0;A01
201800041503;1.0;7;0;0.0;2.0;3.0;1.0;B01
201800041504;1.0;7;0;0.0;1.0;6.0;23.0;A01
201800041505;1.0;7;0;0.0;0.0;9.0;0.0;A01
201800041506;0.0;99;0;15.0;0.0;1.0;0.0;A01
201800041507;2.0;33;0;0.0;1.0;1.0;17.0;A01
201800041508;1.0;33;0;0.0;0.0;7.0;1.0;A01
201800041509;0.0;10;0;0.0;2.0;3.0;17.0;A01
201800041509;0.0;7;0;0.0;0.0;0.0;0.0;C01
201800041509;0.0;7;0;0.0;2.0;8.0;3.0;B01
201800041510;0.0;7;0;0.0;0.0;0.0;20.0;A01
201800041510;1.0;33;0;0.0;2.0;0.0;0.0;B01
201800041511;2.0;10;0;0.0;1.0;5.0;0.0;A01
201800041512;0.0;7;0;12.0;0.0;3.0;0.0;A01
201800041513;0.0;10;0;0.0;2.0;1.0;2.0;A01
201800041513;0.0;7;0;0.0;2.0;4.0;2.0;B01
201800041514;2.0;7;0;0.0;2.0;1.0;1.0;B01
201800041514;1.0;7;0;0.0;2.0;1.0;13.0;A01
201800041515;2.0;34;0;0.0;0.0;7.0;16.0;A01
201800041516;0.0;33;0;0.0;0.0;1.0;2.0;A01
201800041517;0.0;10;0;0.0;2.0;1.0;2.0;A01
201800041517;0.0;10;0;0.0;2.0;4.0;2.0;C01
201800041517;0.0;10;0;0.0;2.0;4.0;2.0;B01
201800041518;0.0;17;0;0.0;1.0;1.0;15.0;A01
201800041519;1.0;7;0;0.0;2.0;2.0;15.0;A01
201800041519;2.0;7;0;0.0;2.0;1.0;1.0;B01
201800041520;0.0;7;0;8.0;0.0;3.0;0.0;A01
201800041521;1.0;7;0;0.0;2.0;2.0;15.0;A01
201800041521;0.0;30;0;0.0;2.0;1.0;1.0;B01
201800041522;0.0;7;0;0.0;2.0;4.0;0.0;B01
201800041522;0.0;33;0;0.0;2.0;1.0;0.0;A01
201800041523;0.0;34;0;0.0;2.0;3.0;2.0;B01
201800041523;0.0;2;0;0.0;0.0;0.0;5.0;A01
201800041524;1.0;10;0;0.0;2.0;3.0;1.0;B01
201800041524;1.0;7;0;0.0;2.0;5.0;1.0;A01
201800041525;0.0;33;0;14.0;0.0;7.0;1.0;A01
201800041526;2.0;7;0;4.0;0.0;2.0;1.0;A01
201800041527;0.0;1;0;0.0;0.0;1.0;1.0;A01
201800041528;1.0;3;0;0.0;1.0;1.0;1.0;Z01
201800041529;0.0;7;0;0.0;2.0;1.0;2.0;A01
201800041529;0.0;7;0;0.0;2.0;0.0;0.0;B01
201800041530;0.0;7;0;0.0;2.0;3.0;2.0;A01
201800041530;0.0;1;0;0.0;2.0;2.0;2.0;B01
201800041531;1.0;7;0;0.0;2.0;1.0;15.0;A01
201800041531;2.0;7;0;0.0;2.0;3.0;1.0;B01
201800041532;2.0;7;0;0.0;1.0;1.0;2.0;A01
201800041533;0.0;7;0;0.0;2.0;3.0;15.0;A01
201800041533;0.0;7;0;0.0;2.0;1.0;0.0;B01
201800041534;1.0;7;0;0.0;1.0;1.0;2.0;A01
201800041535;0.0;7;0;0.0;2.0;1.0;1.0;B01
201800041535;0.0;7;0;0.0;2.0;1.0;13.0;A01
201800041536;2.0;13;0;0.0;2.0;4.0;1.0;B01
201800041536;2.0;7;0;0.0;2.0;1.0;1.0;A01
201800041536;2.0;7;0;0.0;0.0;4.0;1.0;C01
201800041537;0.0;10;0;0.0;2.0;4.0;2.0;A01
201800041537;0.0;7;0;0.0;2.0;4.0;2.0;B01
201800041537;0.0;15;0;0.0;2.0;1.0;2.0;Z01
201800041538;1.0;34;0;0.0;1.0;2.0;17.0;A01
201800041539;1.0;7;0;0.0;1.0;3.0;16.0;A01
201800041540;2.0;34;0;0.0;1.0;1.0;3.0;A01
201800041541;1.0;7;0;0.0;1.0;3.0;0.0;A01
201800041542;1.0;7;0;0.0;1.0;3.0;9.0;A01
201800041543;1.0;7;0;0.0;2.0;8.0;16.0;B01
201800041543;1.0;7;0;0.0;2.0;1.0;2.0;A01
201800041544;2.0;33;0;0.0;2.0;1.0;2.0;A01
201800041544;2.0;7;0;0.0;2.0;4.0;9.0;B01
201800041545;2.0;7;0;0.0;1.0;1.0;17.0;A01
201800041546;1.0;7;0;0.0;1.0;2.0;5.0;A01
201800041547;1.0;7;0;0.0;2.0;1.0;19.0;A01
201800041547;1.0;7;0;0.0;2.0;7.0;19.0;B01
201800041548;1.0;10;0;0.0;1.0;1.0;15.0;A01
201800041549;1.0;7;0;0.0;2.0;1.0;15.0;A01
201800041549;1.0;33;0;0.0;2.0;7.0;13.0;B01
201800041550;1.0;7;0;0.0;1.0;3.0;16.0;A01
201800041551;1.0;2;0;0.0;1.0;8.0;0.0;Z01
201800041552;1.0;7;0;0.0;2.0;3.0;11.0;A01
201800041552;2.0;7;0;0.0;2.0;3.0;1.0;B01
201800041552;2.0;30;0;0.0;2.0;1.0;1.0;C01
201800041553;1.0;14;0;0.0;1.0;3.0;9.0;A01
201800041554;1.0;33;0;0.0;2.0;8.0;1.0;B01
201800041554;1.0;7;0;0.0;2.0;1.0;9.0;A01
201800041555;1.0;7;0;0.0;2.0;7.0;9.0;A01
201800041555;1.0;1;0;0.0;2.0;5.0;9.0;B01
201800041556;1.0;7;0;0.0;2.0;5.0;1.0;A01
201800041556;1.0;7;0;0.0;2.0;1.0;1.0;B01
201800041557;1.0;31;0;0.0;2.0;3.0;13.0;A01
201800041557;1.0;7;0;0.0;2.0;0.0;20.0;C01
201800041558;1.0;7;0;0.0;2.0;1.0;16.0;A01
201800041558;2.0;10;0;0.0;2.0;3.0;1.0;B01
201800041559;1.0;33;0;0.0;2.0;1.0;1.0;A01
201800041559;1.0;7;0;0.0;2.0;8.0;15.0;B01
201800041560;1.0;7;0;0.0;1.0;2.0;1.0;A01
201800041561;2.0;7;0;0.0;2.0;2.0;15.0;A01
201800041561;1.0;33;0;0.0;2.0;1.0;1.0;B01
201800041562;2.0;7;0;0.0;1.0;2.0;1.0;A01
201800041563;2.0;31;0;0.0;2.0;1.0;19.0;A01
201800041563;2.0;7;0;0.0;2.0;3.0;19.0;B01
201800041564;1.0;31;0;8.0;0.0;2.0;1.0;A01
201800041565;1.0;7;0;0.0;2.0;3.0;19.0;A01
201800041565;0.0;99;0;0.0;2.0;0.0;0.0;R01
201800041566;2.0;7;0;0.0;2.0;8.0;15.0;A01
201800041566;1.0;7;0;0.0;2.0;2.0;2.0;B01
201800041567;1.0;33;0;0.0;2.0;3.0;21.0;A01
201800041567;2.0;34;0;0.0;2.0;3.0;1.0;B01
201800041568;2.0;7;0;0.0;1.0;4.0;24.0;A01
201800041569;1.0;7;0;0.0;2.0;2.0;9.0;A01
201800041569;1.0;33;0;0.0;2.0;3.0;0.0;B01
201800041570;2.0;7;0;0.0;2.0;4.0;23.0;D01
201800041570;2.0;33;0;0.0;2.0;7.0;17.0;B01
201800041570;2.0;7;0;0.0;2.0;1.0;13.0;A01
201800041570;2.0;7;0;0.0;2.0;1.0;23.0;C01
201800041571;1.0;7;0;0.0;1.0;0.0;0.0;A01
201800041572;1.0;33;0;0.0;2.0;3.0;1.0;B01
201800041572;1.0;7;0;0.0;2.0;7.0;16.0;A01
201800041573;1.0;7;0;0.0;1.0;2.0;9.0;A01
201800041574;2.0;1;0;0.0;2.0;8.0;19.0;A01
201800041574;1.0;7;0;0.0;9.0;1.0;0.0;B01
201800041575;1.0;7;0;4.0;0.0;2.0;0.0;A01
201800041576;1.0;7;0;0.0;2.0;2.0;2.0;B01
201800041576;1.0;7;0;0.0;2.0;1.0;2.0;A01
201800041576;1.0;7;0;0.0;2.0;4.0;23.0;C01
201800041577;2.0;33;0;0.0;2.0;4.0;16.0;A01
201800041577;2.0;7;0;0.0;2.0;5.0;2.0;B01
201800041578;0.0;33;0;0.0;1.0;8.0;17.0;Z01
201800041579;2.0;7;0;0.0;2.0;3.0;15.0;A01
201800041579;2.0;31;0;0.0;2.0;1.0;1.0;B01
201800041580;1.0;7;0;0.0;1.0;1.0;2.0;A01
201800041581;2.0;31;0;14.0;0.0;0.0;1.0;A01
201800041582;1.0;33;0;0.0;2.0;1.0;1.0;A01
201800041582;2.0;7;0;0.0;2.0;1.0;15.0;B01
201800041583;1.0;7;0;14.0;0.0;1.0;0.0;A01
201800041584;1.0;7;0;0.0;1.0;1.0;1.0;A01
201800041585;2.0;33;0;0.0;2.0;3.0;1.0;B01
201800041585;2.0;7;0;0.0;2.0;2.0;15.0;A01
201800041586;1.0;33;0;14.0;0.0;1.0;16.0;A01
201800041587;1.0;7;0;0.0;2.0;1.0;13.0;A01
201800041587;2.0;7;0;0.0;2.0;3.0;1.0;B01
201800041587;2.0;7;0;0.0;2.0;3.0;1.0;C01
201800041588;0.0;1;0;0.0;2.0;1.0;1.0;B01
201800041588;0.0;7;0;0.0;2.0;7.0;15.0;A01
201800041589;1.0;7;0;0.0;1.0;2.0;17.0;A01
201800041590;0.0;7;0;0.0;2.0;1.0;1.0;A01
201800041590;2.0;7;0;0.0;2.0;8.0;1.0;B01
201800041591;2.0;10;0;14.0;1.0;1.0;0.0;A01
201800041592;1.0;2;0;0.0;2.0;1.0;19.0;A01
201800041592;0.0;7;0;0.0;6.0;8.0;19.0;B01
201800041593;2.0;37;7;1.0;2.0;2.0;1.0;B01
201800041593;2.0;3;0;0.0;2.0;3.0;20.0;A01
201800041594;1.0;10;0;1.0;0.0;1.0;1.0;A01
201800041595;0.0;1;0;4.0;0.0;8.0;0.0;A01
201800041595;1.0;7;0;0.0;0.0;5.0;0.0;B01
201800041596;1.0;7;0;0.0;1.0;3.0;2.0;A01
201800041597;0.0;7;0;0.0;2.0;2.0;14.0;A01
201800041597;0.0;7;0;0.0;2.0;2.0;1.0;B01
201800041598;1.0;99;0;0.0;2.0;3.0;2.0;B01
201800041598;1.0;10;0;0.0;6.0;2.0;17.0;A01
201800041599;1.0;7;0;0.0;1.0;2.0;17.0;A01
201800041600;0.0;7;0;0.0;2.0;3.0;9.0;A01
201800041600;0.0;1;0;0.0;2.0;1.0;5.0;B01
201800041601;1.0;7;0;0.0;2.0;1.0;0.0;A01
201800041601;1.0;7;0;0.0;2.0;5.0;0.0;B01
201800041602;1.0;33;0;0.0;2.0;1.0;1.0;B01
201800041602;2.0;10;0;0.0;2.0;1.0;15.0;A01
201800041603;1.0;1;0;0.0;2.0;1.0;1.0;B01
201800041603;1.0;7;0;0.0;2.0;0.0;9.0;A01
201800041604;1.0;7;0;0.0;2.0;7.0;15.0;A01
201800041604;1.0;33;0;0.0;2.0;1.0;1.0;B01
201800041605;2.0;10;0;1.0;0.0;2.0;1.0;A01
201800041606;1.0;33;0;0.0;2.0;8.0;1.0;B01
201800041606;1.0;7;0;0.0;2.0;3.0;15.0;A01
201800041607;1.0;7;0;0.0;0.0;4.0;1.0;B01
201800041607;1.0;30;0;0.0;2.0;1.0;0.0;A01
201800041608;0.0;7;0;0.0;1.0;5.0;4.0;A01
201800041609;1.0;7;0;0.0;1.0;2.0;15.0;A01
201800041610;2.0;10;0;0.0;2.0;1.0;0.0;Z01
201800041610;2.0;10;0;0.0;2.0;4.0;2.0;B01
201800041610;1.0;10;0;0.0;2.0;4.0;2.0;A01
201800041611;1.0;13;0;0.0;6.0;2.0;0.0;Z01
201800041611;1.0;99;0;0.0;2.0;2.0;1.0;B01
201800041612;1.0;7;0;0.0;1.0;3.0;15.0;A01
201800041613;0.0;2;0;0.0;1.0;0.0;0.0;Z01
201800041614;1.0;33;0;0.0;2.0;0.0;21.0;A01
201800041615;1.0;10;0;0.0;1.0;4.0;0.0;A01
201800041616;1.0;7;0;0.0;1.0;1.0;1.0;A01
201800041617;1.0;3;0;1.0;0.0;1.0;1.0;A01
201800041618;1.0;10;0;14.0;0.0;1.0;5.0;A01
201800041618;1.0;10;0;12.0;2.0;1.0;1.0;B01
201800041619;1.0;7;0;0.0;2.0;0.0;0.0;Z01
201800041619;1.0;7;0;0.0;2.0;1.0;0.0;A01
201800041619;1.0;7;0;0.0;2.0;1.0;1.0;B01
201800041620;0.0;7;0;0.0;2.0;4.0;2.0;A01
201800041620;0.0;7;0;0.0;2.0;1.0;2.0;B01
201800041620;0.0;7;0;0.0;2.0;1.0;2.0;C01
201800041621;1.0;99;0;14.0;2.0;1.0;1.0;A01
201800041621;1.0;7;0;14.0;0.0;3.0;1.0;B01
201800041622;1.0;10;0;0.0;1.0;1.0;19.0;Z01
201800041623;1.0;32;0;0.0;1.0;1.0;17.0;A01
201800041624;1.0;2;0;0.0;2.0;1.0;17.0;A01
201800041624;1.0;7;0;0.0;2.0;8.0;15.0;B01
201800041625;1.0;7;0;0.0;1.0;2.0;1.0;A01
201800041626;2.0;10;0;0.0;2.0;1.0;2.0;A01
201800041626;2.0;10;0;0.0;2.0;4.0;2.0;B01
201800041627;2.0;7;0;0.0;1.0;2.0;1.0;A01
201800041628;0.0;31;0;0.0;0.0;8.0;15.0;A01
201800041629;1.0;7;0;0.0;1.0;7.0;0.0;A01
201800041630;1.0;33;0;0.0;2.0;8.0;17.0;A01
201800041630;2.0;7;0;0.0;2.0;2.0;9.0;B01
201800041631;1.0;7;0;0.0;2.0;1.0;1.0;C01
201800041631;1.0;7;0;0.0;2.0;1.0;1.0;A01
201800041632;1.0;10;0;0.0;2.0;2.0;15.0;A01
201800041632;2.0;33;0;0.0;2.0;1.0;1.0;B01
201800041633;0.0;7;0;0.0;1.0;4.0;4.0;A01
201800041634;1.0;7;0;0.0;1.0;3.0;1.0;A01
201800041635;1.0;33;0;0.0;1.0;8.0;17.0;A01
201800041636;1.0;7;0;0.0;0.0;5.0;1.0;B01
201800041636;1.0;2;0;0.0;2.0;1.0;21.0;A01
201800041637;2.0;7;0;0.0;1.0;2.0;1.0;A01
201800041638;0.0;7;0;0.0;1.0;2.0;16.0;A01
201800041639;2.0;7;0;11.0;0.0;1.0;0.0;A01
201800041640;1.0;33;0;0.0;2.0;3.0;2.0;B01
201800041640;1.0;7;0;0.0;2.0;3.0;11.0;A01
201800041641;1.0;7;0;0.0;2.0;1.0;1.0;A01
201800041641;1.0;7;0;0.0;2.0;2.0;1.0;B01
201800041642;1.0;7;0;0.0;2.0;1.0;1.0;B01
201800041642;0.0;7;0;0.0;2.0;7.0;15.0;A01
201800041643;1.0;10;0;0.0;2.0;3.0;15.0;A01
201800041643;2.0;34;0;0.0;2.0;1.0;1.0;B01
201800041644;2.0;7;0;0.0;2.0;2.0;19.0;A01
201800041644;1.0;7;0;0.0;2.0;2.0;21.0;B01
201800041645;1.0;7;0;0.0;1.0;2.0;21.0;A01
201800041646;2.0;31;0;14.0;0.0;1.0;1.0;A01
201800041647;1.0;7;0;0.0;9.0;3.0;2.0;A01
201800041647;2.0;1;0;0.0;2.0;7.0;15.0;B01
201800041648;2.0;7;0;0.0;2.0;3.0;9.0;A01
201800041648;2.0;33;0;0.0;2.0;1.0;1.0;B01
201800041649;1.0;7;0;0.0;2.0;4.0;2.0;Z02
201800041649;1.0;7;0;0.0;2.0;1.0;13.0;A01
201800041650;1.0;33;0;0.0;2.0;1.0;1.0;B01
201800041650;2.0;7;0;0.0;2.0;3.0;15.0;A01
201800041651;1.0;7;0;6.0;0.0;2.0;14.0;A01
201800041652;2.0;7;0;0.0;2.0;3.0;13.0;A01
201800041652;1.0;31;0;0.0;2.0;2.0;17.0;B01
201800041653;1.0;7;0;0.0;2.0;3.0;5.0;A01
201800041653;2.0;33;0;0.0;2.0;1.0;1.0;B01
201800041654;1.0;7;0;0.0;2.0;1.0;15.0;A01
201800041654;2.0;32;0;0.0;2.0;1.0;1.0;B01
201800041655;1.0;7;0;4.0;0.0;1.0;5.0;A01
201800041656;0.0;7;0;0.0;1.0;2.0;14.0;A01
201800041657;1.0;33;0;0.0;2.0;1.0;2.0;A01
201800041657;1.0;7;0;0.0;2.0;6.0;23.0;B01
201800041658;1.0;34;0;0.0;1.0;1.0;1.0;A01
201800041659;1.0;1;0;4.0;0.0;1.0;14.0;A01
201800041660;2.0;7;0;1.0;0.0;1.0;21.0;A01
201800041661;1.0;33;0;0.0;1.0;1.0;0.0;A01
201800041662;1.0;33;0;1.0;2.0;7.0;2.0;B01
201800041662;1.0;7;0;0.0;2.0;3.0;15.0;A01
201800041663;1.0;1;0;0.0;1.0;2.0;19.0;A01
201800041664;1.0;34;0;0.0;1.0;7.0;1.0;A01
201800041665;1.0;7;0;0.0;2.0;2.0;14.0;A01
201800041665;1.0;37;0;0.0;2.0;3.0;1.0;B01
201800041666;2.0;2;0;0.0;0.0;8.0;15.0;A01
201800041667;1.0;31;0;0.0;2.0;7.0;9.0;B01
201800041667;1.0;7;0;0.0;2.0;3.0;15.0;A01
201800041668;2.0;10;0;0.0;1.0;2.0;15.0;A01
201800041669;2.0;7;0;0.0;2.0;3.0;19.0;A01
201800041669;1.0;31;0;0.0;2.0;1.0;1.0;B01
201800041670;1.0;7;0;15.0;0.0;2.0;16.0;A01
201800041671;2.0;7;0;12.0;0.0;2.0;1.0;A01
201800041672;1.0;7;0;0.0;2.0;2.0;15.0;B01
201800041672;1.0;3;0;0.0;2.0;3.0;16.0;A01
201800041673;2.0;33;0;0.0;2.0;5.0;17.0;B01
201800041673;2.0;7;0;0.0;2.0;3.0;13.0;A01
201800041674;2.0;1;0;0.0;2.0;3.0;11.0;B01
201800041674;2.0;7;0;0.0;2.0;7.0;11.0;A01
201800041675;1.0;31;0;1.0;0.0;2.0;1.0;A01
201800041675;1.0;14;0;0.0;2.0;6.0;24.0;B01
201800041676;1.0;7;0;0.0;2.0;2.0;15.0;A01
201800041676;2.0;1;0;0.0;2.0;1.0;1.0;B01
201800041677;1.0;7;0;0.0;2.0;1.0;2.0;B01
201800041677;1.0;7;0;0.0;2.0;4.0;20.0;A01
201800041678;1.0;7;0;4.0;0.0;1.0;11.0;A01
201800041679;2.0;7;0;4.0;0.0;2.0;15.0;A01
201800041680;2.0;2;0;0.0;2.0;1.0;0.0;A01
201800041680;1.0;99;0;0.0;2.0;1.0;0.0;B01
201800041681;1.0;7;0;0.0;1.0;2.0;0.0;A01
201800041682;1.0;7;0;0.0;2.0;4.0;2.0;A01
201800041682;1.0;2;0;0.0;0.0;4.0;2.0;B01
201800041683;0.0;10;0;0.0;0.0;4.0;20.0;A01
201800041683;0.0;1;0;0.0;2.0;0.0;0.0;B01
201800041684;1.0;10;0;1.0;1.0;2.0;1.0;A01
201800041685;2.0;1;0;1.0;0.0;1.0;17.0;B01
201800041685;2.0;7;0;0.0;2.0;3.0;24.0;A01
201800041686;1.0;7;0;0.0;2.0;6.0;18.0;A01
201800041686;1.0;7;0;0.0;2.0;5.0;23.0;B01
201800041687;0.0;7;0;0.0;2.0;3.0;16.0;B01
201800041687;0.0;32;0;0.0;2.0;2.0;1.0;A01
201800041688;2.0;1;0;1.0;0.0;7.0;1.0;B01
201800041688;2.0;7;0;0.0;6.0;3.0;22.0;A01
201800041689;2.0;7;0;0.0;2.0;6.0;15.0;A01
201800041689;1.0;33;0;0.0;2.0;1.0;2.0;B01
201800041690;1.0;33;0;4.0;2.0;1.0;1.0;A01
201800041690;2.0;38;1;0.0;2.0;1.0;1.0;B01
201800041691;0.0;99;0;0.0;2.0;0.0;0.0;R01
201800041691;2.0;7;0;0.0;2.0;4.0;4.0;A01
201800041692;1.0;7;0;14.0;0.0;1.0;1.0;A01
201800041693;1.0;30;0;0.0;2.0;1.0;1.0;A01
201800041693;2.0;7;0;0.0;2.0;2.0;15.0;B01
201800041694;1.0;34;0;0.0;1.0;2.0;16.0;A01
201800041695;1.0;33;0;7.0;0.0;1.0;0.0;A01
201800041696;2.0;7;0;0.0;2.0;4.0;2.0;A01
201800041696;2.0;33;0;0.0;2.0;4.0;2.0;B01
201800041697;2.0;7;0;0.0;2.0;1.0;0.0;A01
201800041697;1.0;31;0;0.0;2.0;1.0;2.0;B01
201800041698;2.0;1;0;0.0;2.0;1.0;19.0;B01
201800041698;2.0;7;0;0.0;6.0;3.0;15.0;A01
201800041699;2.0;1;0;0.0;2.0;1.0;1.0;B01
201800041699;0.0;7;0;0.0;2.0;3.0;1.0;A01
201800041700;2.0;7;0;0.0;2.0;2.0;15.0;A01
201800041700;1.0;31;0;0.0;2.0;8.0;21.0;C01
201800041700;1.0;31;0;0.0;2.0;1.0;1.0;B01
201800041701;1.0;7;0;10.0;0.0;9.0;1.0;A01
201800041702;1.0;7;0;14.0;0.0;6.0;2.0;B01
201800041702;1.0;33;0;14.0;0.0;0.0;2.0;A01
201800041703;2.0;2;0;0.0;2.0;3.0;1.0;B01
201800041703;2.0;7;0;0.0;2.0;4.0;1.0;A01
201800041704;2.0;32;0;0.0;2.0;5.0;12.0;B01
201800041704;2.0;7;0;0.0;2.0;3.0;1.0;A01
201800041705;1.0;7;0;0.0;2.0;1.0;15.0;A01
201800041705;2.0;7;0;0.0;2.0;1.0;1.0;B01
201800041706;2.0;7;0;8.0;0.0;1.0;14.0;A01
201800041707;1.0;7;0;0.0;2.0;7.0;1.0;A01
201800041707;1.0;7;0;0.0;2.0;1.0;15.0;B01
201800041708;2.0;7;0;0.0;2.0;6.0;15.0;A01
201800041708;1.0;7;0;1.0;2.0;9.0;1.0;B01
201800041709;1.0;7;0;0.0;1.0;1.0;15.0;A01
201800041710;1.0;2;0;0.0;2.0;1.0;17.0;A01
201800041710;2.0;7;0;0.0;2.0;2.0;21.0;B01
201800041711;1.0;7;0;0.0;1.0;3.0;1.0;A01
201800041712;1.0;7;0;0.0;2.0;8.0;15.0;A01
201800041712;2.0;34;0;0.0;2.0;1.0;17.0;B01
201800041713;1.0;10;0;0.0;2.0;1.0;15.0;A01
201800041713;1.0;33;0;0.0;2.0;1.0;1.0;B01
201800041714;1.0;7;0;7.0;0.0;1.0;6.0;A01
201800041715;1.0;31;0;0.0;2.0;1.0;2.0;A01