Num_Acc;senc;catv;occutc;obs;obsm;choc;manv;num_veh
201800042510;0.0;33;0;0.0;2.0;1.0;1.0;B01
201800042511;1.0;1;0;0.0;2.0;3.0;1.0;B01
201800042511;1.0;7;0;0.0;2.0;2.0;16.0;A01
201800042512;1.0;31;0;14.0;0.0;1.0;0.0;A01
201800042513;1.0;30;0;0.0;2.0;1.0;19.0;A01
201800042513;2.0;7;0;0.0;2.0;8.0;19.0;B01
201800042514;1.0;7;0;9.0;2.0;6.0;1.0;B01
201800042514;1.0;7;0;0.0;2.0;1.0;17.0;A01
201800042515;1.0;99;0;1.0;0.0;1.0;0.0;A01
201800042516;2.0;99;0;0.0;2.0;1.0;19.0;A01
201800042516;1.0;7;0;0.0;2.0;1.0;1.0;B01
201800042517;2.0;7;0;0.0;1.0;3.0;1.0;A01
201800042518;1.0;10;0;0.0;2.0;1.0;15.0;B01
201800042518;2.0;34;0;0.0;2.0;2.0;0.0;A01
201800042519;1.0;7;0;0.0;2.0;8.0;1.0;B01
201800042519;2.0;33;0;0.0;2.0;8.0;17.0;A01
201800042520;2.0;30;0;0.0;2.0;2.0;12.0;A01
201800042520;2.0;10;0;0.0;2.0;8.0;1.0;B01
201800042521;2.0;34;0;0.0;2.0;2.0;17.0;A01
201800042521;2.0;7;0;0.0;2.0;6.0;1.0;B01
201800042522;2.0;7;0;0.0;2.0;3.0;15.0;B01
201800042522;2.0;31;0;0.0;2.0;3.0;15.0;A01
201800042523;2.0;7;0;0.0;1.0;1.0;15.0;A01
201800042524;1.0;7;0;0.0;1.0;8.0;1.0;A01
201800042525;2.0;7;0;0.0;1.0;2.0;17.0;A01
201800042526;1.0;30;0;0.0;2.0;1.0;0.0;A01
201800042526;1.0;10;0;0.0;2.0;6.0;0.0;B01
201800042527;1.0;7;0;0.0;1.0;3.0;1.0;A01
201800042528;1.0;7;0;0.0;2.0;1.0;1.0;B01
201800042528;2.0;7;0;0.0;2.0;1.0;0.0;A01
201800042528;1.0;7;0;0.0;2.0;1.0;1.0;C01
201800042529;1.0;7;0;8.0;0.0;1.0;1.0;A01
201800042530;1.0;33;0;0.0;2.0;1.0;2.0;A01
201800042530;1.0;7;0;0.0;2.0;3.0;15.0;B01
201800042531;1.0;37;5;0.0;1.0;1.0;0.0;B01
201800042532;2.0;34;0;0.0;2.0;1.0;1.0;B01
201800042532;2.0;7;0;0.0;0.0;2.0;15.0;A01
201800042533;1.0;10;0;0.0;1.0;2.0;16.0;A01
201800042534;1.0;7;0;0.0;1.0;0.0;1.0;Z01
201800042535;1.0;7;0;0.0;1.0;1.0;16.0;A01
201800042536;1.0;7;0;0.0;2.0;1.0;1.0;A01
201800042536;2.0;7;0;0.0;2.0;3.0;1.0;B01
201800042537;2.0;30;0;12.0;2.0;8.0;21.0;A01
201800042537;2.0;10;0;0.0;2.0;7.0;14.0;Z01
201800042538;1.0;7;0;0.0;1.0;3.0;15.0;Z01
201800042539;2.0;31;0;12.0;0.0;7.0;1.0;A01
201800042540;2.0;7;0;0.0;1.0;2.0;2.0;A01
201800042541;1.0;7;0;0.0;2.0;7.0;9.0;B01
201800042541;2.0;7;0;0.0;2.0;1.0;9.0;A01
201800042542;1.0;33;0;0.0;2.0;1.0;15.0;A01
201800042542;2.0;7;0;0.0;2.0;1.0;1.0;B01
201800042543;2.0;31;0;0.0;2.0;3.0;8.0;B01
201800042543;1.0;7;0;0.0;2.0;2.0;15.0;A01
201800042544;2.0;7;0;0.0;2.0;3.0;19.0;A01
201800042544;1.0;7;0;0.0;2.0;1.0;19.0;B01
201800042545;2.0;7;0;0.0;1.0;1.0;1.0;A01
201800042546;1.0;1;0;0.0;2.0;5.0;1.0;B01
201800042546;1.0;7;0;0.0;2.0;7.0;1.0;A01
201800042547;1.0;7;0;12.0;2.0;1.0;1.0;A01
201800042547;1.0;31;0;9.0;2.0;3.0;1.0;B01
201800042548;1.0;7;0;0.0;2.0;6.0;2.0;B01
201800042548;1.0;32;0;0.0;2.0;2.0;2.0;A01
201800042549;0.0;10;0;0.0;1.0;1.0;15.0;A01
201800042550;1.0;7;0;0.0;1.0;2.0;1.0;A01
201800042551;1.0;7;0;0.0;1.0;1.0;1.0;A01
201800042552;1.0;33;0;0.0;2.0;1.0;17.0;A01
201800042552;1.0;10;0;0.0;2.0;6.0;15.0;B01
201800042553;2.0;31;0;0.0;2.0;8.0;2.0;A01
201800042553;2.0;7;0;0.0;2.0;5.0;2.0;B01
201800042554;1.0;7;0;0.0;2.0;1.0;2.0;A01
201800042554;1.0;31;0;0.0;2.0;4.0;2.0;B01
201800042555;1.0;10;0;0.0;1.0;2.0;16.0;A01
201800042556;2.0;33;0;0.0;2.0;1.0;1.0;B01
201800042556;1.0;7;0;0.0;2.0;3.0;15.0;A01
201800042557;1.0;32;0;14.0;0.0;1.0;1.0;A01
201800042558;2.0;7;0;0.0;2.0;8.0;22.0;Z01
201800042558;2.0;1;0;0.0;2.0;7.0;1.0;B01
201800042559;1.0;1;0;0.0;2.0;0.0;0.0;B01
201800042559;1.0;7;0;0.0;2.0;2.0;16.0;A01
201800042560;1.0;7;0;0.0;2.0;1.0;0.0;A01
201800042560;1.0;7;0;0.0;2.0;8.0;1.0;B01
201800042561;2.0;7;0;0.0;1.0;3.0;1.0;A01
201800042562;1.0;7;0;0.0;1.0;2.0;0.0;A01
201800042563;1.0;7;0;4.0;0.0;9.0;0.0;A01
201800042564;1.0;7;0;0.0;1.0;1.0;1.0;A01
201800042565;1.0;31;0;0.0;1.0;1.0;1.0;A01
201800042566;1.0;33;0;0.0;1.0;1.0;1.0;Z01
201800042567;2.0;2;0;2.0;0.0;1.0;1.0;A01
201800042567;1.0;10;0;2.0;0.0;1.0;15.0;B01
201800042568;1.0;30;0;12.0;0.0;1.0;15.0;A01
201800042569;2.0;10;0;0.0;2.0;8.0;18.0;Z01
201800042569;2.0;1;0;0.0;2.0;7.0;1.0;A01
201800042570;1.0;33;0;14.0;0.0;1.0;2.0;A01
201800042571;1.0;10;0;0.0;1.0;1.0;16.0;A01
201800042572;1.0;10;0;11.0;0.0;2.0;0.0;A01
201800042573;1.0;1;0;0.0;2.0;2.0;0.0;B01
201800042573;1.0;7;0;0.0;2.0;3.0;0.0;A01
201800042574;2.0;7;0;0.0;1.0;2.0;1.0;A01
201800042575;1.0;10;0;0.0;2.0;3.0;15.0;A01
201800042575;1.0;33;0;0.0;2.0;1.0;1.0;B01
201800042576;1.0;30;0;0.0;1.0;1.0;17.0;A01
201800042577;1.0;10;0;0.0;1.0;1.0;17.0;A01
201800042578;1.0;7;0;0.0;2.0;2.0;1.0;A01
201800042578;1.0;7;0;0.0;2.0;1.0;5.0;Z01
201800042579;2.0;30;0;0.0;2.0;1.0;16.0;A01
201800042579;2.0;7;0;0.0;2.0;5.0;11.0;B01
201800042580;1.0;7;0;0.0;1.0;1.0;1.0;A01
201800042581;1.0;10;0;0.0;1.0;2.0;2.0;A01
201800042582;2.0;1;0;14.0;0.0;1.0;0.0;A01
201800042583;1.0;10;0;0.0;2.0;3.0;13.0;Z01
201800042583;1.0;7;0;0.0;2.0;2.0;2.0;A01
201800042584;1.0;7;0;4.0;0.0;1.0;16.0;A01
201800042585;1.0;7;0;1.0;2.0;1.0;1.0;Z01
201800042585;1.0;7;0;16.0;0.0;8.0;19.0;A01
201800042586;2.0;7;0;0.0;1.0;2.0;0.0;A01
201800042587;2.0;7;0;0.0;2.0;1.0;15.0;A01
201800042587;1.0;7;0;0.0;2.0;1.0;19.0;B01
201800042588;1.0;7;0;0.0;2.0;1.0;1.0;B01
201800042588;2.0;30;0;0.0;2.0;7.0;1.0;A01
201800042589;2.0;7;0;0.0;2.0;2.0;1.0;A01
201800042589;2.0;30;0;0.0;2.0;3.0;15.0;B01
201800042590;1.0;7;0;0.0;2.0;1.0;1.0;Z01
201800042590;1.0;7;0;2.0;2.0;6.0;0.0;A01
201800042591;1.0;7;0;0.0;1.0;2.0;15.0;A01
201800042592;2.0;7;0;15.0;0.0;1.0;0.0;A01
201800042593;1.0;32;0;0.0;2.0;1.0;1.0;B01
201800042593;2.0;7;0;0.0;2.0;2.0;15.0;A01
201800042594;2.0;10;0;0.0;1.0;4.0;0.0;A01
201800042595;1.0;33;0;0.0;2.0;2.0;1.0;B01
201800042595;1.0;7;0;0.0;2.0;8.0;12.0;A01
201800042596;1.0;1;0;1.0;0.0;1.0;0.0;B01
201800042596;1.0;7;0;0.0;0.0;3.0;24.0;A01
201800042597;0.0;10;0;0.0;2.0;3.0;1.0;A01
201800042597;0.0;2;0;0.0;2.0;7.0;1.0;B01
201800042598;1.0;33;0;0.0;2.0;1.0;21.0;A01
201800042598;2.0;7;0;0.0;2.0;3.0;0.0;Z01
201800042599;1.0;37;2;0.0;1.0;7.0;1.0;A01
201800042600;2.0;7;0;0.0;2.0;2.0;16.0;Z01
201800042600;2.0;99;0;0.0;2.0;1.0;1.0;B01
201800042601;1.0;7;0;0.0;2.0;3.0;0.0;B01
201800042601;1.0;7;0;0.0;2.0;2.0;0.0;A01
201800042602;2.0;33;0;0.0;2.0;4.0;2.0;B01
201800042602;2.0;7;0;0.0;2.0;1.0;2.0;A01
201800042603;1.0;7;0;11.0;2.0;3.0;17.0;A01
201800042604;1.0;30;0;16.0;0.0;0.0;0.0;B01
201800042604;2.0;33;0;0.0;2.0;1.0;0.0;A01
201800042605;2.0;30;0;0.0;2.0;1.0;1.0;A01
201800042605;2.0;7;0;0.0;2.0;4.0;23.0;B01
201800042606;2.0;10;0;0.0;1.0;2.0;17.0;A01
201800042607;1.0;30;0;0.0;1.0;1.0;18.0;A01
201800042608;2.0;7;0;1.0;0.0;2.0;2.0;A01
201800042609;1.0;7;0;0.0;2.0;1.0;0.0;C01
201800042609;1.0;7;0;0.0;2.0;1.0;2.0;B01
201800042609;1.0;7;0;0.0;0.0;4.0;0.0;A01
201800042610;2.0;7;0;15.0;0.0;2.0;0.0;A01
201800042611;1.0;7;0;0.0;1.0;4.0;4.0;A01
201800042612;2.0;7;0;0.0;1.0;1.0;1.0;A01
201800042613;2.0;32;0;0.0;6.0;7.0;21.0;A01
201800042614;1.0;33;0;0.0;0.0;7.0;1.0;A01
201800042615;0.0;30;0;12.0;0.0;2.0;1.0;A01
201800042616;1.0;32;0;0.0;2.0;2.0;2.0;A01
201800042616;1.0;7;0;1.0;0.0;8.0;2.0;Z01
201800042617;2.0;7;0;1.0;0.0;2.0;0.0;A01
201800042618;1.0;7;0;12.0;0.0;1.0;1.0;A01
201800042619;1.0;7;0;0.0;2.0;6.0;23.0;B01
201800042619;1.0;10;0;1.0;0.0;6.0;0.0;A01
201800042620;1.0;32;0;0.0;2.0;2.0;17.0;A01
201800042620;1.0;10;0;0.0;2.0;3.0;0.0;B01
201800042621;1.0;31;0;0.0;2.0;7.0;19.0;A01
201800042622;1.0;1;0;0.0;2.0;1.0;20.0;A01
201800042622;1.0;7;0;0.0;2.0;1.0;20.0;B01
201800042623;1.0;34;0;0.0;2.0;0.0;0.0;B01
201800042623;1.0;7;0;0.0;6.0;3.0;15.0;A01
201800042624;2.0;99;0;0.0;1.0;2.0;16.0;Z01
201800042625;2.0;7;0;0.0;2.0;4.0;1.0;B01
201800042625;2.0;7;0;0.0;2.0;1.0;1.0;A01
201800042626;1.0;7;0;9.0;0.0;1.0;16.0;A01
201800042627;2.0;7;0;0.0;1.0;1.0;20.0;Z01
201800042628;1.0;7;0;0.0;1.0;1.0;1.0;A01
201800042629;2.0;1;0;0.0;2.0;4.0;2.0;B01
201800042629;2.0;30;0;0.0;2.0;1.0;2.0;Z01
201800042630;2.0;7;0;8.0;0.0;1.0;1.0;A01
201800042631;1.0;31;0;0.0;0.0;8.0;0.0;A01
201800042632;1.0;7;0;0.0;1.0;2.0;1.0;A01
201800042633;1.0;17;0;0.0;1.0;1.0;1.0;A01
201800042634;1.0;30;0;0.0;2.0;8.0;1.0;B01
201800042634;1.0;30;0;0.0;2.0;1.0;15.0;A01
201800042635;1.0;7;0;13.0;0.0;3.0;0.0;B01
201800042635;1.0;7;0;15.0;0.0;2.0;19.0;A01
201800042636;1.0;10;0;0.0;2.0;2.0;1.0;B01
201800042636;2.0;7;0;0.0;2.0;1.0;0.0;A01
201800042637;1.0;7;0;0.0;0.0;0.0;23.0;B01
201800042637;1.0;7;0;0.0;2.0;1.0;0.0;Z01
201800042638;1.0;7;0;0.0;1.0;2.0;0.0;Z01
201800042639;1.0;37;2;15.0;0.0;2.0;0.0;A01
201800042640;1.0;7;0;0.0;2.0;2.0;21.0;B01
201800042640;1.0;7;0;0.0;2.0;5.0;1.0;A01
201800042641;1.0;7;0;0.0;2.0;2.0;15.0;A01
201800042641;2.0;31;0;0.0;2.0;1.0;1.0;B01
201800042642;2.0;31;0;0.0;0.0;0.0;16.0;A01
201800042643;2.0;7;0;0.0;2.0;1.0;15.0;A01
201800042643;1.0;2;0;0.0;2.0;1.0;1.0;B01
201800042644;1.0;7;0;0.0;2.0;1.0;10.0;A01
201800042644;2.0;33;0;0.0;2.0;1.0;1.0;B01
201800042645;2.0;2;0;0.0;2.0;1.0;17.0;B01
201800042645;1.0;7;0;0.0;2.0;3.0;9.0;A01
201800042646;2.0;7;0;0.0;1.0;3.0;2.0;A01
201800042647;2.0;7;0;0.0;2.0;2.0;2.0;A01
201800042647;2.0;31;0;0.0;2.0;4.0;23.0;B01
201800042648;1.0;7;0;0.0;2.0;5.0;5.0;A01
201800042648;1.0;7;0;0.0;2.0;3.0;15.0;B01
201800042649;1.0;7;0;0.0;2.0;1.0;2.0;A01
201800042649;1.0;7;0;0.0;2.0;4.0;2.0;B01
201800042650;1.0;7;0;0.0;2.0;1.0;9.0;A01
201800042650;1.0;7;0;0.0;2.0;4.0;23.0;B01
201800042650;1.0;7;0;0.0;2.0;4.0;23.0;C01
201800042651;1.0;7;0;0.0;1.0;3.0;2.0;A01
201800042652;1.0;10;0;0.0;2.0;6.0;10.0;A01
201800042652;1.0;33;0;0.0;2.0;1.0;1.0;B01
201800042653;2.0;7;0;0.0;2.0;1.0;1.0;A01
201800042653;1.0;7;0;0.0;2.0;2.0;1.0;B01
201800042654;2.0;7;0;0.0;2.0;1.0;1.0;B01
201800042654;1.0;7;0;0.0;2.0;8.0;6.0;A01
201800042655;1.0;7;0;0.0;2.0;1.0;1.0;A01
201800042655;0.0;99;0;0.0;2.0;0.0;0.0;R01
201800042656;1.0;10;0;0.0;2.0;2.0;15.0;A01
201800042656;2.0;33;0;0.0;2.0;1.0;1.0;B01
201800042657;2.0;31;0;0.0;1.0;1.0;3.0;A01
201800042658;1.0;7;0;0.0;2.0;3.0;15.0;A01
201800042658;1.0;33;0;0.0;2.0;2.0;17.0;B01
201800042659;2.0;7;0;0.0;1.0;3.0;15.0;A01
201800042660;2.0;7;0;0.0;2.0;3.0;15.0;A01
201800042660;1.0;2;0;0.0;2.0;3.0;1.0;B01
201800042661;1.0;7;0;0.0;2.0;2.0;15.0;A01
201800042661;2.0;33;0;0.0;2.0;1.0;16.0;B01
201800042662;1.0;33;0;0.0;1.0;1.0;0.0;A01
201800042663;2.0;7;0;0.0;1.0;1.0;2.0;A01
201800042664;1.0;33;0;0.0;1.0;1.0;19.0;A01
201800042665;1.0;31;0;0.0;1.0;2.0;2.0;A01
201800042666;1.0;10;0;0.0;2.0;7.0;15.0;A01
201800042666;1.0;7;0;0.0;2.0;1.0;1.0;B01
201800042667;2.0;33;0;0.0;0.0;2.0;15.0;A01
201800042668;1.0;7;0;0.0;2.0;5.0;16.0;A01
201800042668;1.0;1;0;0.0;2.0;1.0;2.0;B01
201800042669;1.0;30;0;0.0;2.0;1.0;1.0;B01
201800042669;2.0;7;0;0.0;2.0;1.0;21.0;A01
201800042670;1.0;7;0;14.0;0.0;3.0;5.0;A01
201800042670;1.0;7;0;0.0;2.0;6.0;2.0;C01
201800042670;1.0;7;0;0.0;2.0;3.0;2.0;B01
201800042671;2.0;7;0;0.0;1.0;3.0;1.0;A01
201800042672;1.0;2;0;0.0;2.0;7.0;19.0;B01
201800042672;2.0;7;0;0.0;2.0;1.0;19.0;A01
201800042673;1.0;7;0;0.0;2.0;1.0;16.0;B01
201800042673;1.0;7;0;0.0;2.0;2.0;21.0;A01
201800042674;2.0;31;0;0.0;2.0;1.0;17.0;B01
201800042674;2.0;7;0;0.0;2.0;8.0;10.0;A01
201800042675;2.0;7;0;0.0;1.0;2.0;10.0;A01
201800042676;1.0;33;0;15.0;0.0;0.0;24.0;A01
201800042677;2.0;34;0;0.0;1.0;2.0;17.0;A01
201800042678;1.0;7;0;0.0;1.0;1.0;1.0;A01
201800042679;1.0;7;0;0.0;2.0;8.0;1.0;C01
201800042679;2.0;7;0;0.0;2.0;3.0;13.0;A01
201800042679;1.0;7;0;0.0;2.0;6.0;1.0;B01
201800042680;1.0;7;0;0.0;2.0;1.0;2.0;X01
201800042680;1.0;34;0;0.0;2.0;5.0;2.0;A01
201800042681;1.0;33;0;0.0;1.0;8.0;21.0;A01
201800042682;1.0;37;4;0.0;2.0;2.0;2.0;A01
201800042682;1.0;7;0;0.0;2.0;3.0;9.0;B01
201800042683;1.0;31;0;0.0;2.0;1.0;1.0;B01
201800042683;2.0;7;0;0.0;2.0;2.0;10.0;A01
201800042684;1.0;7;0;0.0;1.0;1.0;1.0;A01
201800042685;2.0;7;0;0.0;1.0;4.0;4.0;A01
201800042686;2.0;7;0;4.0;0.0;2.0;14.0;A01
201800042687;1.0;10;0;0.0;1.0;3.0;1.0;A01
201800042688;1.0;7;0;1.0;0.0;1.0;17.0;A01
201800042688;1.0;7;0;0.0;2.0;0.0;23.0;B01
201800042689;2.0;1;0;0.0;2.0;3.0;1.0;A01
201800042689;1.0;1;0;0.0;2.0;2.0;1.0;B01
201800042690;1.0;7;0;0.0;2.0;2.0;1.0;A01
201800042690;1.0;30;0;0.0;2.0;1.0;1.0;B01
201800042691;1.0;32;0;8.0;0.0;1.0;1.0;A01
201800042692;1.0;7;0;0.0;2.0;5.0;14.0;A01
201800042692;1.0;7;0;0.0;2.0;2.0;1.0;B01
201800042693;2.0;7;0;0.0;2.0;3.0;11.0;A01
201800042693;2.0;31;0;0.0;2.0;2.0;2.0;B01
201800042694;2.0;30;0;1.0;1.0;1.0;1.0;A01
201800042695;2.0;30;0;0.0;0.0;7.0;14.0;A01
201800042696;1.0;7;0;0.0;1.0;3.0;15.0;A01
201800042697;1.0;7;0;1.0;2.0;6.0;2.0;B01
201800042697;1.0;7;0;0.0;2.0;1.0;2.0;A01
201800042698;1.0;31;0;0.0;2.0;1.0;2.0;A01
201800042698;1.0;7;0;0.0;2.0;6.0;23.0;B01
201800042698;2.0;7;0;0.0;0.0;1.0;15.0;C01
201800042699;1.0;7;0;0.0;2.0;1.0;1.0;A01
201800042699;1.0;31;0;0.0;2.0;8.0;1.0;B01
201800042700;2.0;7;0;0.0;2.0;3.0;15.0;A01
201800042700;1.0;31;0;0.0;2.0;8.0;1.0;B01
201800042701;1.0;33;0;1.0;2.0;8.0;1.0;B01
201800042701;1.0;7;0;1.0;2.0;7.0;12.0;A01
201800042702;2.0;7;0;0.0;2.0;1.0;15.0;A01
201800042702;1.0;33;0;0.0;2.0;0.0;0.0;B01
201800042703;1.0;32;0;0.0;0.0;0.0;13.0;A01
201800042704;2.0;7;0;0.0;1.0;2.0;0.0;A01
201800042705;2.0;7;0;0.0;1.0;2.0;0.0;A01
201800042706;1.0;30;0;1.0;0.0;1.0;0.0;A01
201800042707;1.0;7;0;4.0;0.0;2.0;1.0;A01
201800042708;2.0;7;0;0.0;1.0;1.0;2.0;A01
201800042709;1.0;7;0;1.0;0.0;2.0;0.0;A01
201800042710;1.0;7;0;0.0;6.0;2.0;16.0;A01
201800042710;1.0;1;0;0.0;2.0;3.0;1.0;B01
201800042711;1.0;1;0;0.0;1.0;0.0;2.0;A01
201800042712;1.0;33;0;0.0;2.0;7.0;2.0;B01
201800042712;1.0;7;0;0.0;2.0;1.0;15.0;A01
201800042713;0.0;7;0;0.0;2.0;0.0;0.0;B01
201800042713;1.0;30;0;0.0;2.0;7.0;15.0;A01
201800042714;1.0;7;0;0.0;2.0;1.0;2.0;A01
201800042714;1.0;7;0;0.0;2.0;4.0;2.0;B01
201800042714;1.0;7;0;0.0;2.0;4.0;2.0;C01
201800042715;2.0;33;0;0.0;2.0;1.0;1.0;B01
201800042715;2.0;15;0;0.0;2.0;8.0;19.0;A01
201800042716;1.0;7;0;0.0;6.0;3.0;15.0;A01
201800042716;1.0;1;0;0.0;2.0;1.0;5.0;B01
201800042717;2.0;7;0;0.0;1.0;2.0;20.0;A01
201800042718;2.0;2;0;0.0;2.0;8.0;2.0;B01
201800042718;2.0;7;0;0.0;2.0;7.0;2.0;A01
201800042719;1.0;7;0;0.0;1.0;1.0;15.0;A01
201800042720;2.0;30;0;0.0;1.0;8.0;1.0;A01
201800042721;0.0;7;0;12.0;0.0;9.0;0.0;A01
201800042722;1.0;10;0;0.0;2.0;1.0;16.0;A01
201800042722;1.0;33;0;0.0;2.0;7.0;2.0;B01
201800042723;2.0;2;0;0.0;0.0;7.0;1.0;A01
201800042724;1.0;7;0;0.0;2.0;4.0;23.0;B01
201800042724;1.0;7;0;0.0;2.0;1.0;2.0;A01
201800042725;2.0;2;0;0.0;2.0;1.0;1.0;B01
201800042725;1.0;7;0;0.0;2.0;7.0;15.0;A01
201800042726;2.0;10;0;6.0;0.0;1.0;2.0;A01
201800042727;1.0;33;0;0.0;2.0;1.0;1.0;A01
201800042727;1.0;37;10;0.0;2.0;5.0;1.0;B01
201800042728;1.0;7;0;0.0;1.0;3.0;1.0;A01
201800042729;1.0;7;0;0.0;1.0;1.0;1.0;A01
201800042730;1.0;7;0;0.0;1.0;4.0;4.0;A01
201800042731;2.0;7;0;11.0;0.0;3.0;1.0;A01
201800042732;2.0;31;0;0.0;2.0;1.0;1.0;A01
201800042732;2.0;7;0;0.0;2.0;6.0;13.0;B01
201800042733;1.0;7;0;0.0;1.0;1.0;15.0;A01
201800042734;2.0;7;0;0.0;2.0;3.0;10.0;A01
201800042734;2.0;31;0;0.0;2.0;7.0;1.0;B01
201800042735;1.0;7;0;0.0;1.0;0.0;15.0;A01
201800042736;1.0;7;0;0.0;2.0;4.0;4.0;A01
201800042736;1.0;1;0;0.0;2.0;1.0;1.0;B01
201800042737;1.0;7;0;0.0;1.0;1.0;0.0;A01
201800042738;0.0;7;0;14.0;0.0;1.0;1.0;A01
201800042739;1.0;10;0;0.0;1.0;1.0;15.0;A01
201800042740;1.0;1;0;0.0;2.0;2.0;1.0;B01
201800042740;2.0;7;0;0.0;9.0;3.0;15.0;A01
201800042741;1.0;7;0;0.0;2.0;1.0;2.0;A01
201800042741;1.0;7;0;0.0;2.0;4.0;2.0;B01
201800042742;1.0;7;0;0.0;2.0;2.0;1.0;A01
201800042742;1.0;7;0;0.0;2.0;3.0;15.0;B01
201800042743;1.0;7;0;0.0;2.0;2.0;16.0;A01
201800042743;1.0;31;0;0.0;2.0;4.0;16.0;B01
201800042744;2.0;30;0;0.0;2.0;7.0;14.0;A01
201800042744;2.0;10;0;0.0;2.0;8.0;2.0;B01
201800042745;1.0;33;0;0.0;2.0;1.0;1.0;B01
201800042745;1.0;7;0;0.0;2.0;2.0;15.0;A01
201800042746;1.0;7;0;0.0;2.0;3.0;1.0;A01
201800042746;1.0;7;0;0.0;2.0;6.0;23.0;B01
201800042747;1.0;7;0;0.0;2.0;2.0;15.0;A01
201800042747;1.0;31;0;0.0;2.0;1.0;1.0;B01
201800042748;1.0;7;0;0.0;2.0;3.0;15.0;A01
201800042748;1.0;30;0;0.0;2.0;2.0;17.0;B01
201800042749;1.0;10;0;0.0;1.0;4.0;4.0;A01
201800042750;1.0;99;0;0.0;2.0;1.0;1.0;B01
201800042750;1.0;14;0;0.0;2.0;7.0;1.0;A01
201800042751;0.0;99;0;0.0;2.0;0.0;0.0;R01
201800042751;1.0;33;0;0.0;2.0;1.0;1.0;A01
201800042752;1.0;33;0;0.0;2.0;1.0;2.0;B01
201800042752;1.0;7;0;0.0;2.0;7.0;10.0;A01
201800042753;2.0;32;0;14.0;0.0;1.0;2.0;A01
201800042753;2.0;7;0;0.0;2.0;6.0;23.0;B01
201800042754;1.0;7;0;0.0;2.0;2.0;1.0;B01
201800042754;1.0;3;0;0.0;2.0;8.0;1.0;A01
201800042755;1.0;33;0;0.0;2.0;3.0;2.0;B01
201800042755;0.0;7;0;0.0;2.0;2.0;15.0;A01
201800042756;2.0;7;0;0.0;2.0;4.0;2.0;B01
201800042756;2.0;30;0;0.0;2.0;1.0;2.0;A01
201800042757;2.0;1;0;0.0;2.0;1.0;1.0;B01
201800042757;1.0;7;0;0.0;2.0;2.0;15.0;A01
201800042758;1.0;7;0;0.0;2.0;1.0;1.0;B01
201800042758;1.0;7;0;0.0;2.0;1.0;13.0;A01
201800042759;2.0;33;0;0.0;2.0;1.0;1.0;B01
201800042759;1.0;7;0;0.0;2.0;7.0;15.0;A01
201800042760;1.0;2;0;0.0;2.0;0.0;0.0;B01
201800042760;1.0;7;0;0.0;2.0;0.0;0.0;A01
201800042761;1.0;2;0;0.0;2.0;8.0;0.0;B01
201800042761;1.0;7;0;0.0;2.0;0.0;0.0;A01
201800042762;1.0;7;0;0.0;2.0;5.0;16.0;B01
201800042762;1.0;33;0;1.0;2.0;8.0;1.0;A01
201800042763;1.0;2;0;8.0;0.0;1.0;14.0;A01
201800042764;0.0;7;0;0.0;2.0;8.0;1.0;A01
201800042764;0.0;10;0;0.0;2.0;1.0;0.0;B01
201800042765;1.0;7;0;0.0;2.0;4.0;23.0;B01
201800042765;1.0;33;0;0.0;2.0;1.0;0.0;A01
201800042766;1.0;33;0;0.0;2.0;1.0;18.0;A01
201800042766;1.0;7;0;0.0;2.0;5.0;12.0;B01
201800042767;1.0;33;0;0.0;2.0;1.0;1.0;B01
201800042767;1.0;7;0;0.0;2.0;2.0;15.0;A01
201800042768;1.0;7;0;0.0;2.0;7.0;1.0;A01
201800042768;1.0;31;0;0.0;2.0;8.0;1.0;B01
201800042769;1.0;7;0;8.0;0.0;1.0;1.0;A01
201800042770;2.0;2;0;0.0;2.0;3.0;1.0;B01
201800042770;0.0;7;0;0.0;2.0;1.0;1.0;A01
201800042771;2.0;10;0;0.0;1.0;6.0;4.0;A01
201800042772;1.0;1;0;1.0;0.0;2.0;1.0;A01
201800042773;0.0;10;0;0.0;2.0;1.0;1.0;B01
201800042773;0.0;30;0;0.0;2.0;1.0;1.0;A01
201800042774;2.0;2;0;0.0;1.0;1.0;13.0;A01
201800042775;1.0;1;0;0.0;2.0;1.0;1.0;B01
201800042775;2.0;7;0;0.0;2.0;5.0;15.0;A01
201800042776;0.0;10;0;8.0;2.0;1.0;1.0;B01
201800042776;0.0;7;0;0.0;2.0;3.0;16.0;A01
201800042777;1.0;7;0;1.0;0.0;2.0;1.0;A01
201800042778;1.0;33;0;0.0;2.0;1.0;2.0;A01
201800042778;1.0;7;0;0.0;0.0;6.0;21.0;B01
201800042779;2.0;32;0;0.0;6.0;7.0;1.0;A01
201800042780;1.0;33;0;0.0;2.0;1.0;1.0;A01
201800042780;2.0;7;0;0.0;2.0;2.0;15.0;B01
201800042781;2.0;7;0;0.0;2.0;2.0;1.0;A01
201800042781;1.0;7;0;0.0;2.0;2.0;15.0;B01
201800042782;2.0;7;0;0.0;2.0;8.0;15.0;A01
201800042782;2.0;31;0;0.0;2.0;7.0;2.0;B01
201800042783;1.0;7;0;0.0;1.0;1.0;1.0;A01
201800042784;1.0;1;0;0.0;1.0;1.0;1.0;A01
201800042785;1.0;33;0;0.0;2.0;2.0;18.0;B01