Num_Acc;senc;catv;occutc;obs;obsm;choc;manv;num_veh
201800043049;1.0;7;0;0.0;1.0;2.0;1.0;A01
201800043050;1.0;99;0;0.0;1.0;1.0;0.0;Z01
201800043051;2.0;7;0;9.0;0.0;2.0;0.0;A01
201800043052;2.0;33;0;0.0;2.0;1.0;1.0;A01
201800043052;2.0;7;0;0.0;2.0;4.0;1.0;B01
201800043053;1.0;33;0;0.0;0.0;1.0;15.0;B01
201800043053;1.0;99;0;0.0;2.0;1.0;15.0;A01
201800043054;0.0;10;0;0.0;1.0;1.0;1.0;A01
201800043055;2.0;7;0;0.0;2.0;1.0;15.0;B01
201800043055;1.0;7;0;0.0;2.0;7.0;15.0;A01
201800043056;1.0;7;0;0.0;1.0;1.0;9.0;A01
201800043057;1.0;7;0;0.0;2.0;0.0;0.0;A01
201800043057;0.0;2;0;0.0;0.0;0.0;0.0;B01
201800043058;1.0;32;0;0.0;2.0;1.0;17.0;A01
201800043058;1.0;7;0;0.0;0.0;6.0;1.0;B01
201800043059;1.0;33;0;1.0;0.0;8.0;1.0;B01
201800043059;1.0;7;0;1.0;0.0;2.0;20.0;A01
201800043060;1.0;7;0;0.0;2.0;4.0;1.0;B01
201800043060;1.0;14;0;0.0;2.0;1.0;1.0;A01
201800043061;1.0;34;0;0.0;2.0;7.0;16.0;A01
201800043061;1.0;30;0;0.0;2.0;8.0;1.0;B01
201800043062;0.0;7;0;7.0;2.0;1.0;1.0;A01
201800043062;0.0;7;0;0.0;2.0;2.0;1.0;B01
201800043063;1.0;1;0;;;;;A01
201800043063;2.0;37;3;0.0;2.0;1.0;8.0;B01
201800043064;2.0;7;0;0.0;1.0;1.0;1.0;A01
201800043065;1.0;30;0;0.0;2.0;1.0;2.0;B01
201800043065;2.0;3;0;0.0;2.0;2.0;10.0;Z01
201800043066;1.0;7;0;0.0;2.0;4.0;23.0;B01
201800043066;1.0;7;0;0.0;2.0;4.0;0.0;C01
201800043066;1.0;7;0;0.0;2.0;4.0;0.0;D01
201800043066;1.0;7;0;0.0;2.0;1.0;2.0;Z01
201800043067;2.0;7;0;0.0;2.0;6.0;11.0;A01
201800043067;2.0;33;0;;;;;B01
201800043068;2.0;14;0;0.0;1.0;1.0;0.0;A01
201800043069;1.0;30;0;0.0;2.0;2.0;0.0;A01
201800043069;2.0;10;0;0.0;2.0;1.0;0.0;B01
201800043070;2.0;33;0;0.0;2.0;1.0;1.0;B01
201800043070;2.0;7;0;0.0;2.0;5.0;15.0;A01
201800043071;1.0;1;0;0.0;2.0;2.0;19.0;B01
201800043071;0.0;7;0;0.0;6.0;1.0;9.0;A01
201800043072;1.0;7;0;0.0;1.0;2.0;2.0;A01
201800043073;1.0;7;0;0.0;1.0;5.0;22.0;A01
201800043074;1.0;7;0;0.0;2.0;5.0;23.0;B01
201800043074;1.0;7;0;0.0;2.0;1.0;2.0;A01
201800043075;1.0;7;0;0.0;2.0;8.0;11.0;A01
201800043075;1.0;33;0;0.0;2.0;7.0;1.0;B01
201800043076;0.0;31;0;0.0;2.0;1.0;1.0;B01
201800043076;0.0;7;0;0.0;2.0;3.0;19.0;A01
201800043077;1.0;13;0;0.0;2.0;4.0;2.0;B01
201800043077;1.0;7;0;0.0;2.0;1.0;2.0;A01
201800043078;1.0;7;0;0.0;2.0;1.0;0.0;A01
201800043078;1.0;7;0;0.0;2.0;1.0;2.0;B01
201800043078;1.0;10;0;0.0;0.0;0.0;2.0;C01
201800043079;2.0;7;0;0.0;2.0;7.0;1.0;A01
201800043079;0.0;37;10;0.0;2.0;1.0;1.0;B01
201800043080;2.0;3;0;0.0;0.0;4.0;23.0;B01
201800043080;2.0;7;0;0.0;2.0;1.0;0.0;A01
201800043081;0.0;7;0;0.0;2.0;1.0;17.0;A01
201800043081;0.0;7;0;0.0;2.0;3.0;15.0;B01
201800043082;1.0;7;0;0.0;1.0;1.0;1.0;A01
201800043083;0.0;10;0;0.0;1.0;1.0;0.0;Z01
201800043084;1.0;7;0;0.0;2.0;5.0;23.0;B01
201800043084;1.0;7;0;14.0;2.0;1.0;2.0;A01
201800043084;1.0;7;0;0.0;2.0;4.0;23.0;C01
201800043085;1.0;7;0;0.0;2.0;4.0;2.0;B01
201800043085;1.0;2;0;0.0;2.0;1.0;2.0;A01
201800043086;1.0;7;0;0.0;1.0;2.0;1.0;A01
201800043087;0.0;2;0;0.0;2.0;0.0;1.0;B01
201800043087;0.0;7;0;0.0;2.0;0.0;0.0;A01
201800043088;1.0;7;0;0.0;2.0;1.0;15.0;A01
201800043088;2.0;30;0;0.0;2.0;0.0;0.0;B01
201800043089;1.0;7;0;0.0;2.0;4.0;23.0;C01
201800043089;1.0;7;0;0.0;2.0;4.0;23.0;D01
201800043089;1.0;7;0;4.0;2.0;1.0;2.0;A01
201800043089;1.0;7;0;0.0;2.0;4.0;23.0;B01
201800043090;1.0;7;0;0.0;2.0;3.0;0.0;B01
201800043090;2.0;7;0;0.0;2.0;3.0;11.0;A01
201800043091;1.0;7;0;0.0;2.0;3.0;19.0;B01
201800043091;2.0;30;0;0.0;2.0;1.0;21.0;A01
201800043092;2.0;7;0;0.0;1.0;0.0;1.0;Z01
201800043093;2.0;7;0;0.0;1.0;1.0;1.0;A01
201800043094;1.0;33;0;0.0;0.0;0.0;0.0;A01
201800043095;1.0;7;0;0.0;2.0;2.0;15.0;A01
201800043095;2.0;7;0;0.0;2.0;1.0;2.0;B01
201800043096;1.0;7;0;0.0;2.0;2.0;16.0;A01
201800043096;2.0;34;0;0.0;2.0;3.0;1.0;B01
201800043097;1.0;7;0;0.0;1.0;2.0;17.0;Z01
201800043098;2.0;10;0;0.0;2.0;1.0;1.0;A01
201800043098;1.0;7;0;0.0;2.0;3.0;15.0;B01
201800043099;0.0;7;0;0.0;2.0;3.0;0.0;A01
201800043099;0.0;7;0;0.0;2.0;3.0;0.0;B01
201800043100;2.0;7;0;0.0;2.0;1.0;1.0;A01
201800043100;2.0;7;0;0.0;0.0;4.0;1.0;B01
201800043101;2.0;7;0;0.0;1.0;2.0;0.0;A01
201800043102;1.0;7;0;0.0;2.0;3.0;19.0;A01
201800043102;1.0;33;0;0.0;2.0;1.0;5.0;B01
201800043103;2.0;31;0;0.0;0.0;0.0;21.0;A01
201800043104;2.0;37;2;0.0;1.0;2.0;15.0;A01
201800043105;1.0;7;0;0.0;2.0;2.0;19.0;A01
201800043105;1.0;10;0;0.0;2.0;3.0;19.0;B01
201800043106;1.0;7;0;0.0;1.0;2.0;1.0;A01
201800043107;1.0;7;0;0.0;2.0;3.0;15.0;A01
201800043107;1.0;34;0;14.0;2.0;2.0;17.0;B01
201800043108;2.0;7;0;0.0;1.0;1.0;15.0;A01
201800043109;1.0;7;0;0.0;2.0;1.0;1.0;A01
201800043109;1.0;10;0;0.0;2.0;5.0;1.0;B01
201800043110;1.0;34;0;0.0;0.0;0.0;21.0;A01
201800043111;1.0;33;0;0.0;2.0;1.0;1.0;A01
201800043111;1.0;33;0;0.0;2.0;4.0;1.0;B01
201800043112;2.0;33;0;0.0;1.0;2.0;11.0;A01
201800043113;2.0;7;0;0.0;2.0;7.0;15.0;A01
201800043113;1.0;33;0;15.0;1.0;6.0;2.0;B01
201800043114;1.0;7;0;0.0;1.0;6.0;21.0;A01
201800043115;2.0;7;0;0.0;2.0;3.0;13.0;A01
201800043115;2.0;1;0;11.0;2.0;2.0;17.0;B01
201800043116;1.0;7;0;0.0;1.0;3.0;2.0;A01
201800043117;1.0;7;0;0.0;2.0;3.0;13.0;A01
201800043117;1.0;33;0;0.0;2.0;2.0;1.0;B01
201800043118;2.0;7;0;7.0;0.0;8.0;1.0;B01
201800043118;2.0;7;0;0.0;2.0;1.0;1.0;A01
201800043119;1.0;31;0;0.0;0.0;0.0;1.0;A01
201800043120;2.0;7;0;0.0;2.0;1.0;2.0;A01
201800043120;2.0;10;0;0.0;2.0;4.0;2.0;B01
201800043120;2.0;7;0;0.0;0.0;4.0;9.0;C01
201800043121;1.0;7;0;0.0;2.0;1.0;2.0;A01
201800043121;1.0;31;0;0.0;2.0;4.0;2.0;B01
201800043122;2.0;31;0;0.0;2.0;1.0;1.0;A01
201800043122;1.0;7;0;0.0;2.0;3.0;15.0;B01
201800043123;1.0;7;0;0.0;1.0;2.0;1.0;A01
201800043124;1.0;33;0;0.0;2.0;7.0;17.0;A01
201800043124;1.0;7;0;0.0;2.0;3.0;15.0;B01
201800043125;1.0;99;0;0.0;5.0;1.0;19.0;A01
201800043126;2.0;7;0;0.0;2.0;7.0;19.0;A01
201800043126;1.0;7;0;0.0;2.0;1.0;19.0;B01
201800043127;1.0;7;0;0.0;9.0;5.0;16.0;B01
201800043127;1.0;37;12;0.0;2.0;3.0;19.0;A01
201800043128;1.0;33;0;0.0;2.0;1.0;17.0;B01
201800043128;1.0;7;0;0.0;2.0;3.0;15.0;A01
201800043129;1.0;31;0;14.0;0.0;7.0;17.0;A01
201800043130;1.0;7;0;0.0;2.0;4.0;23.0;A01
201800043130;1.0;7;0;0.0;2.0;1.0;0.0;B01
201800043131;0.0;7;0;0.0;0.0;6.0;2.0;B01
201800043131;0.0;7;0;1.0;0.0;2.0;2.0;A01
201800043132;2.0;7;0;0.0;2.0;3.0;0.0;B01
201800043132;1.0;7;0;0.0;2.0;3.0;15.0;A01
201800043133;2.0;7;0;0.0;2.0;3.0;15.0;A01
201800043133;2.0;33;0;0.0;2.0;7.0;1.0;B01
201800043134;1.0;7;0;0.0;2.0;4.0;2.0;B01
201800043134;1.0;34;0;0.0;2.0;1.0;2.0;A01
201800043135;1.0;7;0;0.0;2.0;1.0;1.0;A01
201800043135;2.0;7;0;0.0;2.0;3.0;15.0;B01
201800043136;1.0;7;0;1.0;2.0;9.0;2.0;B01
201800043136;1.0;7;0;1.0;2.0;1.0;9.0;A01
201800043137;2.0;7;0;0.0;1.0;3.0;9.0;A01
201800043138;1.0;1;0;1.0;0.0;1.0;2.0;B01
201800043138;1.0;7;0;0.0;2.0;8.0;24.0;A01
201800043139;1.0;7;0;0.0;2.0;2.0;15.0;A01
201800043139;2.0;33;0;0.0;2.0;1.0;19.0;B01
201800043140;1.0;31;0;0.0;1.0;1.0;1.0;A01
201800043141;1.0;34;0;0.0;2.0;1.0;1.0;B01
201800043141;2.0;32;0;0.0;0.0;2.0;11.0;A01
201800043142;1.0;99;0;0.0;1.0;0.0;2.0;A01
201800043143;1.0;7;0;0.0;2.0;0.0;0.0;Z01
201800043143;1.0;7;0;0.0;2.0;5.0;23.0;A01
201800043144;2.0;10;0;0.0;1.0;2.0;1.0;A01
201800043145;0.0;7;0;0.0;1.0;1.0;15.0;A01
201800043146;2.0;7;0;0.0;2.0;4.0;1.0;B01
201800043146;2.0;10;0;0.0;2.0;1.0;2.0;A01
201800043147;0.0;32;0;1.0;0.0;9.0;2.0;B01
201800043147;0.0;7;0;1.0;0.0;1.0;2.0;A01
201800043147;0.0;7;0;1.0;0.0;4.0;2.0;C01
201800043148;1.0;31;0;0.0;2.0;6.0;16.0;B01
201800043148;2.0;7;0;0.0;2.0;2.0;15.0;A01
201800043149;1.0;7;0;2.0;0.0;1.0;13.0;A01
201800043150;2.0;7;0;0.0;2.0;4.0;23.0;B01
201800043150;2.0;7;0;0.0;2.0;1.0;2.0;A01
201800043151;2.0;37;20;0.0;1.0;7.0;0.0;A01
201800043152;0.0;32;0;0.0;1.0;0.0;1.0;A01
201800043153;1.0;7;0;8.0;1.0;1.0;14.0;A01
201800043154;2.0;7;0;1.0;0.0;3.0;0.0;A01
201800043155;1.0;7;0;0.0;1.0;2.0;1.0;A01
201800043156;1.0;99;0;0.0;1.0;0.0;0.0;A01
201800043157;1.0;7;0;0.0;0.0;7.0;22.0;A01
201800043157;1.0;99;0;0.0;0.0;1.0;1.0;B01
201800043158;2.0;1;0;0.0;2.0;8.0;19.0;B01
201800043158;2.0;32;0;0.0;2.0;1.0;1.0;A01
201800043159;1.0;1;0;0.0;0.0;0.0;0.0;B01
201800043159;1.0;3;0;0.0;0.0;0.0;9.0;A01
201800043160;1.0;2;0;0.0;2.0;8.0;0.0;B01
201800043160;2.0;7;0;0.0;2.0;3.0;15.0;A01
201800043161;2.0;7;0;0.0;2.0;3.0;2.0;A01
201800043161;2.0;7;0;0.0;0.0;5.0;1.0;B01
201800043162;1.0;14;0;0.0;2.0;1.0;1.0;B01
201800043162;1.0;33;0;0.0;2.0;4.0;23.0;A01
201800043163;0.0;7;0;1.0;0.0;8.0;24.0;A01
201800043163;0.0;1;0;0.0;2.0;1.0;0.0;B01
201800043164;1.0;7;0;0.0;1.0;2.0;16.0;A01
201800043165;2.0;7;0;0.0;2.0;3.0;1.0;A01
201800043165;1.0;33;0;0.0;2.0;1.0;1.0;B01
201800043166;1.0;7;0;0.0;1.0;1.0;0.0;A01
201800043167;1.0;13;0;1.0;1.0;4.0;24.0;A01
201800043168;1.0;7;0;0.0;1.0;1.0;1.0;A01
201800043169;1.0;1;0;0.0;2.0;0.0;1.0;Y01
201800043169;1.0;37;1;0.0;2.0;5.0;9.0;A01
201800043170;1.0;10;0;0.0;1.0;2.0;15.0;A01
201800043171;1.0;10;0;0.0;2.0;3.0;9.0;A01
201800043171;2.0;1;0;0.0;2.0;1.0;1.0;B01
201800043172;1.0;7;0;0.0;2.0;2.0;15.0;A01
201800043172;1.0;1;0;0.0;2.0;1.0;8.0;B01
201800043173;1.0;7;0;0.0;2.0;3.0;9.0;A01
201800043173;1.0;7;0;0.0;2.0;2.0;1.0;B01
201800043174;0.0;7;0;0.0;2.0;1.0;1.0;A01
201800043174;1.0;7;0;0.0;2.0;4.0;23.0;B01
201800043175;1.0;7;0;0.0;1.0;3.0;1.0;A01
201800043176;1.0;37;1;0.0;2.0;7.0;13.0;B01
201800043176;1.0;7;0;0.0;2.0;1.0;21.0;A01
201800043177;1.0;37;1;0.0;1.0;1.0;1.0;A01
201800043178;1.0;7;0;0.0;1.0;4.0;4.0;A01
201800043179;1.0;7;0;0.0;1.0;3.0;1.0;A01
201800043180;1.0;31;0;0.0;1.0;1.0;1.0;A01
201800043181;2.0;7;0;0.0;1.0;1.0;1.0;A01
201800043182;1.0;7;0;0.0;2.0;8.0;16.0;B01
201800043182;1.0;10;0;0.0;2.0;1.0;1.0;A01
201800043183;1.0;7;0;0.0;2.0;2.0;1.0;B01
201800043183;1.0;7;0;0.0;2.0;3.0;9.0;A01
201800043184;1.0;7;0;0.0;2.0;3.0;0.0;A01
201800043184;1.0;7;0;0.0;2.0;3.0;1.0;B01
201800043185;1.0;33;0;0.0;1.0;1.0;1.0;Z01
201800043186;1.0;7;0;12.0;2.0;6.0;0.0;A01
201800043186;1.0;7;0;0.0;2.0;6.0;0.0;B01
201800043187;2.0;10;0;0.0;2.0;1.0;1.0;A01
201800043187;1.0;7;0;0.0;2.0;8.0;9.0;B01
201800043188;1.0;7;0;0.0;1.0;7.0;1.0;A01
201800043189;1.0;7;0;0.0;2.0;5.0;15.0;A01
201800043189;2.0;7;0;0.0;2.0;3.0;19.0;B01
201800043190;1.0;10;0;0.0;2.0;1.0;13.0;A01
201800043190;2.0;10;0;0.0;2.0;3.0;1.0;B01
201800043190;2.0;7;0;0.0;2.0;2.0;13.0;C01
201800043191;2.0;33;0;0.0;2.0;1.0;14.0;B01
201800043191;1.0;7;0;0.0;2.0;3.0;15.0;A01
201800043192;2.0;7;0;3.0;2.0;1.0;12.0;A01
201800043192;1.0;7;0;15.0;2.0;1.0;15.0;B01
201800043193;1.0;7;0;0.0;1.0;1.0;19.0;A01
201800043194;1.0;7;0;0.0;1.0;3.0;15.0;A01
201800043195;1.0;7;0;12.0;0.0;3.0;16.0;A01
201800043196;1.0;7;0;0.0;2.0;1.0;17.0;A01
201800043196;1.0;1;0;0.0;2.0;4.0;13.0;B01
201800043197;1.0;7;0;0.0;2.0;3.0;17.0;A01
201800043197;1.0;7;0;0.0;2.0;7.0;2.0;B01
201800043197;1.0;7;0;0.0;2.0;6.0;2.0;C01
201800043198;2.0;7;0;0.0;2.0;1.0;2.0;A01
201800043198;2.0;37;1;0.0;2.0;3.0;1.0;B01
201800043198;2.0;7;0;0.0;2.0;4.0;2.0;C01
201800043198;2.0;7;0;0.0;2.0;4.0;2.0;D01
201800043199;0.0;7;0;0.0;1.0;5.0;4.0;A01
201800043200;1.0;7;0;0.0;1.0;1.0;16.0;Z01
201800043201;1.0;7;0;0.0;1.0;0.0;0.0;Z01
201800043202;1.0;30;0;0.0;1.0;2.0;21.0;A01
201800043203;1.0;32;0;0.0;2.0;2.0;5.0;A01
201800043203;1.0;7;0;0.0;2.0;8.0;15.0;B01
201800043204;1.0;7;0;0.0;2.0;1.0;2.0;A01
201800043204;1.0;7;0;0.0;2.0;4.0;1.0;B01
201800043205;1.0;7;0;0.0;2.0;1.0;16.0;A01
201800043205;1.0;1;0;0.0;2.0;8.0;7.0;B01
201800043206;1.0;7;0;0.0;2.0;1.0;21.0;A01
201800043206;1.0;7;0;0.0;2.0;1.0;21.0;B01
201800043207;1.0;34;0;0.0;2.0;1.0;1.0;A01
201800043207;2.0;1;0;1.0;0.0;8.0;21.0;B01
201800043208;2.0;7;0;0.0;9.0;1.0;9.0;A01
201800043208;1.0;1;0;0.0;2.0;1.0;1.0;B01
201800043209;0.0;7;0;0.0;1.0;1.0;1.0;A01
201800043210;1.0;99;0;0.0;2.0;5.0;16.0;A01
201800043210;1.0;33;0;0.0;2.0;1.0;1.0;B01
201800043211;2.0;31;0;0.0;1.0;1.0;17.0;A01
201800043212;1.0;10;0;0.0;1.0;2.0;1.0;A01
201800043213;1.0;7;0;0.0;1.0;1.0;1.0;A01
201800043214;1.0;7;0;0.0;1.0;4.0;4.0;A01
201800043215;2.0;2;0;0.0;2.0;1.0;1.0;A01
201800043215;1.0;7;0;0.0;2.0;3.0;15.0;B01
201800043216;1.0;7;0;1.0;0.0;2.0;14.0;A01
201800043217;2.0;10;0;0.0;1.0;2.0;19.0;A01
201800043218;2.0;7;0;0.0;1.0;2.0;9.0;A01
201800043219;2.0;7;0;0.0;2.0;2.0;19.0;A01
201800043219;1.0;31;0;0.0;2.0;3.0;18.0;B01
201800043220;1.0;7;0;0.0;9.0;0.0;9.0;A01
201800043220;1.0;7;0;2.0;0.0;1.0;14.0;B01
201800043221;1.0;7;0;0.0;2.0;3.0;2.0;B01
201800043221;1.0;31;0;0.0;2.0;1.0;17.0;A01
201800043222;1.0;31;0;0.0;2.0;1.0;16.0;A01
201800043222;1.0;7;0;0.0;2.0;2.0;1.0;B01
201800043223;2.0;7;0;0.0;1.0;2.0;1.0;A01
201800043224;1.0;7;0;0.0;1.0;1.0;15.0;A01
201800043225;1.0;7;0;0.0;2.0;1.0;16.0;A01
201800043225;1.0;7;0;0.0;0.0;7.0;15.0;B01
201800043226;2.0;7;0;0.0;1.0;2.0;1.0;A01
201800043227;1.0;7;0;0.0;2.0;3.0;1.0;B01
201800043227;1.0;7;0;0.0;2.0;7.0;0.0;A01
201800043228;2.0;7;0;0.0;2.0;8.0;9.0;A01
201800043228;2.0;33;0;0.0;2.0;1.0;11.0;B01
201800043229;1.0;7;0;0.0;1.0;3.0;2.0;A01
201800043230;1.0;7;0;0.0;1.0;1.0;16.0;A01
201800043231;2.0;33;0;0.0;2.0;1.0;17.0;A01
201800043231;2.0;7;0;0.0;2.0;3.0;15.0;B01
201800043232;2.0;33;0;0.0;2.0;1.0;17.0;A01
201800043232;2.0;7;0;0.0;2.0;1.0;9.0;B01
201800043233;0.0;7;0;8.0;0.0;2.0;15.0;A01
201800043234;1.0;7;0;0.0;2.0;1.0;2.0;A01
201800043234;1.0;7;0;0.0;2.0;4.0;23.0;B01
201800043234;1.0;7;0;0.0;2.0;4.0;23.0;C01
201800043235;2.0;7;0;0.0;2.0;3.0;1.0;B01
201800043235;2.0;7;0;0.0;2.0;2.0;15.0;A01
201800043236;1.0;7;0;0.0;2.0;8.0;15.0;A01
201800043236;1.0;30;0;0.0;2.0;7.0;17.0;B01
201800043237;1.0;7;0;0.0;1.0;1.0;15.0;A01
201800043238;1.0;32;0;0.0;2.0;1.0;2.0;A01
201800043238;1.0;7;0;0.0;2.0;4.0;2.0;B01
201800043239;1.0;10;0;0.0;2.0;2.0;23.0;B01
201800043239;1.0;7;0;0.0;2.0;6.0;20.0;A01
201800043240;1.0;32;0;0.0;0.0;0.0;0.0;A01
201800043241;1.0;7;0;2.0;1.0;0.0;13.0;A01
201800043242;1.0;7;0;9.0;0.0;1.0;19.0;A01
201800043243;1.0;7;0;0.0;2.0;4.0;0.0;A01
201800043243;1.0;7;0;0.0;2.0;1.0;1.0;B01
201800043244;1.0;1;0;0.0;2.0;3.0;18.0;B01
201800043244;1.0;7;0;0.0;2.0;2.0;14.0;A01
201800043245;2.0;7;0;0.0;2.0;2.0;1.0;A01
201800043245;1.0;7;0;0.0;2.0;2.0;1.0;B01
201800043246;1.0;7;0;0.0;2.0;2.0;10.0;A01
201800043246;2.0;2;0;0.0;2.0;1.0;1.0;B01
201800043247;1.0;7;0;4.0;0.0;1.0;1.0;A01
201800043248;2.0;30;0;0.0;1.0;1.0;1.0;A01
201800043249;0.0;7;0;0.0;1.0;1.0;0.0;A01
201800043250;0.0;7;0;0.0;1.0;2.0;9.0;A01
201800043251;0.0;7;0;0.0;1.0;1.0;15.0;A01
201800043252;2.0;7;0;0.0;2.0;1.0;1.0;A01
201800043252;1.0;7;0;0.0;2.0;4.0;1.0;B01
201800043253;0.0;33;0;0.0;2.0;1.0;1.0;A01
201800043253;0.0;1;0;0.0;2.0;7.0;19.0;B01
201800043254;1.0;1;0;0.0;2.0;1.0;1.0;B01
201800043254;1.0;3;0;0.0;2.0;7.0;0.0;A01
201800043255;0.0;7;0;8.0;0.0;1.0;14.0;A01
201800043256;2.0;7;0;0.0;1.0;1.0;15.0;A01
201800043257;1.0;34;0;16.0;0.0;3.0;1.0;B01
201800043257;1.0;7;0;0.0;2.0;2.0;15.0;A01
201800043258;0.0;7;0;0.0;1.0;2.0;1.0;A01
201800043259;1.0;7;0;0.0;2.0;8.0;0.0;B01
201800043259;1.0;34;0;0.0;2.0;1.0;2.0;A01
201800043260;1.0;7;0;0.0;1.0;1.0;2.0;A01
201800043261;0.0;10;0;0.0;1.0;5.0;4.0;A01
201800043262;0.0;7;0;0.0;1.0;3.0;0.0;A01
201800043263;1.0;30;0;1.0;0.0;5.0;16.0;A01
201800043264;1.0;7;0;0.0;2.0;1.0;1.0;B01
201800043264;1.0;7;0;0.0;2.0;7.0;1.0;A01
201800043265;2.0;7;0;0.0;2.0;6.0;19.0;B01
201800043265;2.0;7;0;0.0;2.0;1.0;19.0;A01
201800043266;1.0;7;0;0.0;2.0;3.0;13.0;A01
201800043266;1.0;7;0;0.0;2.0;3.0;0.0;B01
201800043266;1.0;7;0;1.0;0.0;3.0;0.0;C01
201800043267;2.0;7;0;15.0;0.0;1.0;0.0;A01
201800043268;1.0;99;0;0.0;2.0;1.0;19.0;A01
201800043268;1.0;7;0;0.0;2.0;1.0;16.0;B01
201800043269;1.0;7;0;0.0;1.0;2.0;0.0;A01
201800043270;1.0;7;0;12.0;0.0;1.0;2.0;A01
201800043271;1.0;10;0;0.0;1.0;1.0;16.0;A01
201800043272;2.0;34;0;0.0;2.0;0.0;0.0;B01
201800043272;1.0;7;0;0.0;2.0;0.0;15.0;A01
201800043273;1.0;7;0;0.0;2.0;2.0;0.0;A01
201800043273;1.0;34;0;0.0;0.0;0.0;0.0;B01
201800043274;1.0;10;0;0.0;1.0;2.0;1.0;A01
201800043275;2.0;7;0;0.0;1.0;1.0;1.0;A01
201800043276;1.0;1;0;0.0;2.0;7.0;1.0;B01
201800043276;1.0;7;0;0.0;2.0;2.0;1.0;A01
201800043277;1.0;7;0;1.0;2.0;8.0;18.0;A01
201800043277;1.0;13;0;0.0;2.0;2.0;1.0;B01
201800043278;0.0;30;0;0.0;2.0;1.0;9.0;A01
201800043278;0.0;2;0;0.0;2.0;2.0;9.0;B01
201800043279;1.0;7;0;0.0;1.0;1.0;16.0;A01
201800043280;1.0;7;0;0.0;1.0;2.0;1.0;A01
201800043281;1.0;33;0;0.0;2.0;1.0;1.0;B01
201800043281;1.0;7;0;0.0;2.0;2.0;15.0;A01
201800043282;2.0;7;0;0.0;2.0;2.0;1.0;A01
201800043282;1.0;34;0;0.0;2.0;3.0;1.0;B01
201800043283;2.0;7;0;0.0;1.0;2.0;15.0;A01
201800043284;1.0;7;0;0.0;0.0;1.0;2.0;A01
201800043284;1.0;7;0;0.0;0.0;4.0;2.0;B01
201800043285;0.0;7;0;0.0;2.0;1.0;13.0;A01
201800043285;0.0;7;0;0.0;2.0;1.0;2.0;C01
201800043285;1.0;7;0;0.0;0.0;0.0;0.0;B01
201800043286;1.0;2;0;0.0;2.0;3.0;1.0;B01
201800043286;2.0;7;0;0.0;2.0;1.0;15.0;A01
201800043287;1.0;7;0;0.0;2.0;1.0;15.0;B01
201800043287;0.0;7;0;0.0;2.0;1.0;5.0;A01
201800043288;1.0;10;0;0.0;1.0;3.0;0.0;A01
201800043289;2.0;7;0;0.0;1.0;1.0;1.0;A01
201800043290;2.0;7;0;0.0;2.0;8.0;0.0;A01
201800043290;2.0;7;0;0.0;2.0;1.0;1.0;B01
201800043291;1.0;7;0;0.0;2.0;8.0;16.0;B01
201800043291;1.0;10;0;0.0;2.0;2.0;2.0;A01
201800043292;1.0;7;0;0.0;0.0;0.0;2.0;B01
201800043292;1.0;2;0;0.0;0.0;0.0;1.0;A01
201800043293;1.0;7;0;0.0;1.0;1.0;17.0;A01
201800043294;1.0;7;0;0.0;2.0;1.0;2.0;A01
201800043294;1.0;31;0;0.0;2.0;4.0;1.0;B01
201800043295;1.0;7;0;0.0;1.0;3.0;0.0;A01
201800043296;1.0;7;0;4.0;0.0;1.0;1.0;A01
201800043297;2.0;30;0;0.0;1.0;1.0;0.0;A01
201800043298;1.0;3;0;0.0;2.0;8.0;24.0;A01
201800043298;1.0;1;0;1.0;2.0;0.0;1.0;B01
201800043299;0.0;7;0;0.0;1.0;1.0;15.0;A01
201800043300;1.0;7;0;1.0;0.0;2.0;19.0;A01
201800043300;2.0;33;0;16.0;0.0;1.0;1.0;B01
201800043301;2.0;2;0;0.0;2.0;3.0;0.0;B01
201800043301;1.0;7;0;0.0;2.0;2.0;14.0;A01
201800043302;1.0;7;0;0.0;2.0;4.0;23.0;B01
201800043302;1.0;7;0;0.0;2.0;1.0;1.0;A01
201800043303;2.0;34;0;0.0;2.0;1.0;1.0;B01
201800043303;2.0;7;0;0.0;2.0;7.0;15.0;A01
201800043304;2.0;7;0;7.0;0.0;1.0;1.0;A01
201800043305;2.0;7;0;8.0;2.0;8.0;2.0;B01
201800043305;1.0;7;0;9.0;2.0;1.0;0.0;A01
201800043306;1.0;7;0;0.0;1.0;3.0;16.0;A01
201800043307;;34;0;8.0;0.0;7.0;14.0;A01
201800043308;0.0;7;0;15.0;0.0;9.0;16.0;A01
201800043309;2.0;1;0;0.0;2.0;1.0;1.0;A01
201800043309;1.0;7;0;0.0;2.0;1.0;11.0;Z01
201800043310;0.0;7;0;0.0;2.0;1.0;1.0;A01
201800043310;0.0;7;0;0.0;2.0;1.0;15.0;B01
201800043311;1.0;33;0;0.0;1.0;1.0;1.0;A01
201800043312;2.0;1;0;0.0;2.0;7.0;16.0;B01
201800043312;2.0;7;0;0.0;2.0;8.0;9.0;A01
201800043313;2.0;7;0;0.0;2.0;7.0;15.0;A01
201800043313;1.0;33;0;0.0;2.0;1.0;1.0;B01
201800043314;1.0;30;0;0.0;2.0;7.0;15.0;B01
201800043314;1.0;7;0;0.0;2.0;1.0;1.0;A01