Num_Acc;senc;catv;occutc;obs;obsm;choc;manv;num_veh
201800044637;1.0;10;0;0.0;2.0;1.0;2.0;B01
201800044637;1.0;7;0;0.0;2.0;6.0;2.0;C01
201800044637;1.0;7;0;0.0;2.0;1.0;2.0;A01
201800044638;2.0;7;0;4.0;0.0;1.0;1.0;A01
201800044639;1.0;7;0;0.0;2.0;4.0;2.0;B01
201800044639;1.0;7;0;0.0;2.0;1.0;2.0;A01
201800044640;2.0;7;0;0.0;2.0;4.0;2.0;B01
201800044640;2.0;33;0;0.0;2.0;1.0;3.0;A01
201800044641;1.0;7;0;3.0;0.0;2.0;14.0;A01
201800044642;1.0;7;0;14.0;0.0;1.0;13.0;A01
201800044643;2.0;7;0;4.0;0.0;1.0;2.0;A01
201800044644;1.0;7;0;4.0;0.0;1.0;21.0;A01
201800044645;2.0;14;0;0.0;2.0;2.0;12.0;A01
201800044645;2.0;7;0;0.0;2.0;8.0;1.0;B01
201800044646;1.0;7;0;0.0;2.0;4.0;2.0;B01
201800044646;1.0;7;0;0.0;2.0;1.0;2.0;A01
201800044647;2.0;10;0;0.0;2.0;1.0;9.0;A01
201800044647;2.0;7;0;0.0;2.0;4.0;2.0;B01
201800044647;2.0;7;0;0.0;2.0;4.0;2.0;C01
201800044648;2.0;7;0;0.0;2.0;4.0;2.0;B01
201800044648;2.0;33;0;0.0;2.0;1.0;2.0;A01
201800044649;1.0;7;0;3.0;0.0;1.0;1.0;A01
201800044650;1.0;34;0;0.0;2.0;3.0;9.0;A01
201800044650;1.0;7;0;0.0;2.0;2.0;1.0;B01
201800044651;2.0;7;0;4.0;0.0;1.0;1.0;A01
201800044652;2.0;7;0;4.0;0.0;1.0;1.0;A01
201800044653;1.0;7;0;4.0;2.0;3.0;21.0;B01
201800044653;1.0;7;0;4.0;2.0;1.0;21.0;C01
201800044653;1.0;7;0;4.0;0.0;1.0;2.0;A01
201800044654;2.0;7;0;4.0;0.0;1.0;14.0;A01
201800044655;2.0;7;0;4.0;0.0;2.0;14.0;A01
201800044656;2.0;7;0;0.0;2.0;4.0;1.0;C01
201800044656;2.0;7;0;0.0;2.0;3.0;1.0;B01
201800044656;2.0;17;0;0.0;2.0;2.0;12.0;A01
201800044657;1.0;7;0;0.0;2.0;1.0;1.0;A01
201800044657;1.0;7;0;0.0;2.0;4.0;2.0;B01
201800044658;1.0;7;0;0.0;2.0;1.0;1.0;A01
201800044658;1.0;7;0;0.0;2.0;4.0;1.0;C01
201800044658;1.0;7;0;0.0;2.0;4.0;2.0;B01
201800044659;1.0;33;0;16.0;2.0;8.0;1.0;A01
201800044660;1.0;7;0;0.0;2.0;6.0;11.0;A01
201800044660;1.0;33;0;0.0;2.0;2.0;3.0;B01
201800044660;1.0;7;0;0.0;2.0;2.0;2.0;C01
201800044661;2.0;7;0;13.0;0.0;7.0;14.0;A01
201800044662;1.0;7;0;0.0;2.0;4.0;2.0;D01
201800044662;1.0;7;0;0.0;2.0;4.0;2.0;C01
201800044662;1.0;7;0;0.0;2.0;4.0;2.0;B01
201800044662;1.0;7;0;0.0;2.0;1.0;2.0;A01
201800044663;1.0;7;0;;2.0;8.0;1.0;C01
201800044663;1.0;7;0;4.0;2.0;8.0;13.0;A01
201800044663;1.0;17;0;4.0;2.0;7.0;1.0;B01
201800044664;1.0;7;0;0.0;2.0;1.0;2.0;A01
201800044664;1.0;7;0;4.0;2.0;4.0;2.0;B01
201800044665;2.0;10;0;0.0;2.0;1.0;2.0;A01
201800044665;2.0;10;0;0.0;2.0;4.0;0.0;B01
201800044666;1.0;33;0;0.0;0.0;8.0;3.0;A01
201800044667;2.0;7;0;4.0;0.0;1.0;13.0;A01
201800044668;2.0;17;0;0.0;2.0;5.0;2.0;A01
201800044668;2.0;14;0;0.0;2.0;3.0;14.0;B01
201800044669;1.0;7;0;0.0;2.0;1.0;2.0;A01
201800044669;1.0;10;0;0.0;2.0;4.0;2.0;B01
201800044670;2.0;7;0;0.0;2.0;1.0;1.0;A01
201800044670;2.0;7;0;0.0;2.0;4.0;2.0;B01
201800044671;2.0;7;0;0.0;2.0;4.0;2.0;B01
201800044671;2.0;7;0;0.0;2.0;1.0;2.0;A01
201800044672;2.0;10;0;3.0;0.0;1.0;1.0;A01
201800044673;2.0;7;0;0.0;2.0;2.0;12.0;B01
201800044673;2.0;32;0;0.0;2.0;8.0;3.0;A01
201800044674;2.0;7;0;0.0;2.0;6.0;2.0;C01
201800044674;2.0;7;0;0.0;2.0;1.0;1.0;A01
201800044674;2.0;7;0;0.0;2.0;6.0;2.0;B01
201800044675;2.0;7;0;0.0;2.0;4.0;2.0;C01
201800044675;2.0;10;0;0.0;2.0;4.0;23.0;B01
201800044675;2.0;7;0;0.0;2.0;1.0;0.0;Z01
201800044676;1.0;10;0;4.0;0.0;3.0;13.0;A01
201800044677;2.0;7;0;0.0;2.0;4.0;23.0;Z01
201800044677;2.0;7;0;1.0;0.0;2.0;1.0;A01
201800044678;2.0;7;0;4.0;0.0;2.0;14.0;A01
201800044679;2.0;7;0;0.0;2.0;4.0;2.0;B01
201800044679;2.0;7;0;0.0;2.0;1.0;2.0;A01
201800044680;2.0;7;0;0.0;2.0;2.0;2.0;A01
201800044680;2.0;7;0;0.0;2.0;4.0;1.0;C01
201800044680;2.0;7;0;0.0;2.0;6.0;2.0;B01
201800044681;1.0;7;0;0.0;2.0;1.0;2.0;A01
201800044681;1.0;10;0;0.0;2.0;5.0;2.0;B01
201800044681;1.0;10;0;0.0;2.0;4.0;2.0;C01
201800044682;1.0;10;0;0.0;2.0;1.0;2.0;A01
201800044682;1.0;7;0;0.0;2.0;4.0;2.0;B01
201800044683;2.0;33;0;16.0;0.0;9.0;21.0;A01
201800044684;1.0;10;0;0.0;2.0;1.0;1.0;B01
201800044684;1.0;10;0;0.0;2.0;4.0;2.0;A01
201800044685;1.0;7;0;0.0;2.0;5.0;1.0;B01
201800044685;1.0;34;0;0.0;2.0;1.0;3.0;A01
201800044686;1.0;10;0;0.0;2.0;4.0;2.0;B01
201800044686;1.0;7;0;0.0;2.0;1.0;2.0;A01
201800044687;1.0;10;0;0.0;2.0;4.0;2.0;B01
201800044687;1.0;10;0;0.0;2.0;1.0;1.0;A01
201800044688;2.0;17;0;0.0;2.0;4.0;2.0;B01
201800044688;2.0;17;0;0.0;2.0;1.0;1.0;A01
201800044689;1.0;7;0;3.0;0.0;1.0;1.0;A01
201800044690;1.0;33;0;0.0;2.0;2.0;3.0;B01
201800044690;1.0;7;0;0.0;2.0;8.0;11.0;A01
201800044691;2.0;33;0;0.0;2.0;2.0;3.0;B01
201800044691;2.0;7;0;0.0;2.0;3.0;11.0;A01
201800044692;2.0;7;0;6.0;0.0;7.0;21.0;A01
201800044693;2.0;7;0;0.0;2.0;0.0;12.0;A01
201800044693;2.0;16;0;0.0;2.0;1.0;2.0;B01
201800044694;2.0;7;0;3.0;0.0;1.0;12.0;A01
201800044695;2.0;7;0;0.0;2.0;1.0;1.0;B01
201800044695;2.0;7;0;0.0;2.0;6.0;2.0;A01
201800044696;2.0;7;0;4.0;0.0;1.0;12.0;A01
201800044697;1.0;7;0;4.0;0.0;3.0;13.0;A01
201800044698;1.0;7;0;3.0;0.0;1.0;21.0;A01
201800044699;2.0;7;0;0.0;2.0;4.0;2.0;A01
201800044699;2.0;7;0;0.0;2.0;1.0;2.0;B01
201800044700;1.0;7;0;0.0;2.0;3.0;2.0;A01
201800044700;1.0;7;0;0.0;2.0;4.0;2.0;B01
201800044700;1.0;7;0;0.0;2.0;4.0;2.0;C01
201800044700;1.0;7;0;0.0;2.0;4.0;2.0;D01
201800044701;2.0;7;0;0.0;2.0;0.0;0.0;Z01
201800044701;2.0;7;0;4.0;2.0;4.0;1.0;B01
201800044701;2.0;7;0;4.0;2.0;1.0;13.0;A01
201800044702;2.0;7;0;3.0;0.0;1.0;12.0;A01
201800044703;1.0;7;0;4.0;0.0;4.0;14.0;A01
201800044704;1.0;7;0;0.0;2.0;1.0;5.0;A01
201800044704;1.0;7;0;0.0;2.0;1.0;1.0;B01
201800044705;2.0;7;0;4.0;2.0;3.0;11.0;A01
201800044705;2.0;15;0;0.0;2.0;2.0;1.0;B01
201800044706;2.0;7;0;0.0;2.0;5.0;2.0;B01
201800044706;2.0;7;0;0.0;2.0;1.0;1.0;A01
201800044707;1.0;7;0;0.0;2.0;4.0;2.0;B01
201800044707;1.0;7;0;0.0;2.0;1.0;2.0;C01
201800044707;1.0;14;0;0.0;2.0;4.0;2.0;A01
201800044708;1.0;7;0;4.0;0.0;1.0;14.0;A01
201800044709;2.0;32;0;0.0;2.0;5.0;3.0;A01
201800044710;2.0;7;0;0.0;2.0;4.0;2.0;C01
201800044710;2.0;7;0;0.0;2.0;4.0;2.0;B01
201800044710;2.0;7;0;0.0;2.0;1.0;2.0;A01
201800044711;1.0;7;0;0.0;2.0;1.0;2.0;A01
201800044711;1.0;7;0;0.0;2.0;4.0;2.0;B01
201800044712;2.0;7;0;13.0;0.0;9.0;1.0;A01
201800044713;2.0;7;0;0.0;2.0;1.0;14.0;A01
201800044713;2.0;7;0;0.0;2.0;4.0;2.0;B01
201800044714;2.0;10;0;0.0;2.0;1.0;1.0;A01
201800044714;2.0;7;0;0.0;2.0;4.0;23.0;B01
201800044715;1.0;7;0;0.0;2.0;4.0;23.0;A01
201800044715;1.0;7;0;14.0;2.0;3.0;1.0;C01
201800044715;1.0;7;0;;2.0;1.0;1.0;B01
201800044716;1.0;10;0;0.0;2.0;1.0;2.0;A01
201800044716;1.0;7;0;0.0;2.0;4.0;2.0;B01
201800044716;1.0;7;0;0.0;2.0;4.0;2.0;C01
201800044717;1.0;7;0;0.0;2.0;1.0;2.0;A01
201800044717;1.0;7;0;0.0;2.0;4.0;2.0;C01
201800044717;1.0;7;0;0.0;2.0;4.0;1.0;B01
201800044718;1.0;7;0;0.0;2.0;4.0;2.0;B01
201800044718;1.0;7;0;0.0;2.0;1.0;1.0;A01
201800044719;2.0;33;0;0.0;0.0;7.0;0.0;A01
201800044720;1.0;7;0;0.0;2.0;4.0;2.0;B01
201800044720;1.0;7;0;0.0;2.0;1.0;2.0;A01
201800044720;1.0;7;0;0.0;2.0;4.0;23.0;D01
201800044720;1.0;7;0;0.0;2.0;4.0;2.0;E01
201800044720;1.0;7;0;0.0;2.0;4.0;2.0;C01
201800044721;1.0;16;0;0.0;2.0;2.0;1.0;A01
201800044721;1.0;7;0;0.0;2.0;4.0;2.0;B01
201800044722;2.0;10;0;0.0;2.0;1.0;2.0;A01
201800044722;2.0;7;0;0.0;2.0;4.0;2.0;B01
201800044723;1.0;7;0;0.0;2.0;4.0;0.0;A01
201800044723;1.0;7;0;0.0;2.0;1.0;0.0;B01
201800044724;1.0;7;0;0.0;2.0;3.0;1.0;B01
201800044724;1.0;7;0;0.0;2.0;2.0;12.0;A01
201800044724;1.0;7;0;0.0;2.0;6.0;2.0;C01
201800044725;2.0;7;0;0.0;2.0;4.0;2.0;B01
201800044725;2.0;10;0;0.0;2.0;1.0;2.0;A01
201800044726;1.0;7;0;0.0;2.0;8.0;1.0;B01
201800044726;1.0;17;0;0.0;2.0;2.0;12.0;A01
201800044727;1.0;17;0;0.0;2.0;1.0;2.0;A01
201800044727;1.0;17;0;0.0;2.0;4.0;2.0;B01
201800044728;2.0;33;0;0.0;2.0;2.0;1.0;B01
201800044728;2.0;7;0;0.0;2.0;3.0;11.0;A01
201800044729;1.0;15;0;0.0;2.0;2.0;1.0;C01
201800044729;1.0;7;0;4.0;2.0;6.0;9.0;A01
201800044729;1.0;7;0;0.0;2.0;2.0;1.0;B01
201800044730;2.0;7;0;0.0;2.0;8.0;11.0;A01
201800044730;2.0;34;0;0.0;2.0;7.0;1.0;B01
201800044731;1.0;10;0;4.0;2.0;4.0;2.0;A01
201800044731;1.0;17;0;4.0;2.0;1.0;2.0;B01
201800044732;2.0;7;0;0.0;2.0;3.0;2.0;A01
201800044732;2.0;7;0;0.0;2.0;5.0;2.0;B01
201800044733;2.0;7;0;3.0;0.0;2.0;0.0;A01
201800044734;1.0;7;0;0.0;2.0;1.0;1.0;B01
201800044734;1.0;7;0;0.0;2.0;4.0;23.0;A01
201800044735;1.0;7;0;0.0;2.0;6.0;1.0;B01
201800044735;1.0;7;0;0.0;2.0;2.0;14.0;A01
201800044736;1.0;7;0;3.0;0.0;7.0;1.0;A01
201800044737;2.0;7;0;0.0;2.0;1.0;1.0;B01
201800044737;2.0;7;0;0.0;2.0;4.0;11.0;A01
201800044737;2.0;7;0;0.0;2.0;1.0;0.0;C01
201800044738;2.0;33;0;0.0;2.0;6.0;2.0;B01
201800044738;2.0;7;0;0.0;2.0;5.0;12.0;A01
201800044739;1.0;7;0;0.0;2.0;4.0;2.0;B01
201800044739;1.0;31;0;0.0;2.0;1.0;1.0;A01
201800044740;1.0;33;0;0.0;2.0;1.0;3.0;B01
201800044740;1.0;7;0;0.0;2.0;2.0;12.0;A01
201800044741;1.0;7;0;4.0;2.0;4.0;2.0;B01
201800044741;1.0;7;0;0.0;2.0;2.0;1.0;A01
201800044742;1.0;33;0;0.0;2.0;8.0;1.0;A01
201800044742;1.0;10;0;0.0;2.0;5.0;12.0;B01
201800044743;1.0;7;0;4.0;0.0;1.0;1.0;A01
201800044744;1.0;7;0;16.0;0.0;1.0;14.0;A01
201800044745;2.0;33;0;0.0;2.0;3.0;0.0;B01
201800044745;2.0;7;0;0.0;2.0;2.0;12.0;A01
201800044746;2.0;33;0;0.0;2.0;3.0;3.0;A01
201800044746;2.0;7;0;0.0;2.0;7.0;12.0;B01
201800044747;2.0;32;0;0.0;2.0;7.0;3.0;A01
201800044747;2.0;7;0;0.0;2.0;8.0;1.0;B01
201800044748;2.0;7;0;4.0;0.0;3.0;13.0;A01
201800044749;2.0;7;0;4.0;0.0;1.0;1.0;A01
201800044750;2.0;7;0;14.0;0.0;9.0;9.0;A01
201800044751;1.0;10;0;3.0;0.0;1.0;2.0;A01
201800044752;1.0;31;0;0.0;2.0;7.0;1.0;A01
201800044752;1.0;7;0;0.0;2.0;3.0;0.0;Z01
201800044753;2.0;7;0;0.0;2.0;3.0;11.0;A01
201800044753;2.0;33;0;0.0;2.0;1.0;1.0;B01
201800044754;2.0;7;0;4.0;2.0;1.0;13.0;A01
201800044754;2.0;17;0;0.0;2.0;7.0;1.0;B01
201800044755;1.0;7;0;0.0;2.0;1.0;2.0;A01
201800044755;1.0;7;0;0.0;2.0;4.0;2.0;B01
201800044756;2.0;33;0;0.0;0.0;7.0;21.0;A01
201800044757;2.0;7;0;0.0;2.0;2.0;1.0;A01
201800044757;2.0;7;0;0.0;2.0;6.0;2.0;B01
201800044758;1.0;7;0;0.0;2.0;1.0;2.0;A01
201800044758;1.0;7;0;0.0;2.0;4.0;2.0;B01
201800044759;1.0;10;0;0.0;2.0;1.0;2.0;A01
201800044759;1.0;7;0;0.0;2.0;4.0;2.0;B01
201800044759;1.0;7;0;0.0;2.0;4.0;2.0;C01
201800044760;2.0;7;0;3.0;0.0;2.0;14.0;A01
201800044761;1.0;7;0;0.0;2.0;3.0;11.0;A01
201800044761;1.0;15;0;0.0;2.0;2.0;1.0;B01
201800044762;2.0;7;0;0.0;2.0;4.0;2.0;B01
201800044762;2.0;10;0;0.0;2.0;3.0;2.0;A01
201800044763;2.0;14;0;0.0;2.0;6.0;2.0;C01
201800044763;2.0;7;0;0.0;2.0;7.0;14.0;A01
201800044763;2.0;34;0;0.0;2.0;8.0;3.0;B01
201800044764;2.0;34;0;0.0;0.0;7.0;2.0;A01
201800044765;1.0;33;0;0.0;0.0;7.0;3.0;A01
201800044766;1.0;7;0;3.0;0.0;1.0;12.0;A01
201800044767;1.0;99;0;0.0;2.0;2.0;1.0;C01
201800044767;1.0;17;0;0.0;2.0;2.0;12.0;B01
201800044767;1.0;7;0;0.0;2.0;1.0;2.0;D01
201800044767;1.0;7;0;0.0;2.0;3.0;21.0;A01
201800044768;1.0;7;0;0.0;2.0;4.0;2.0;A01
201800044768;1.0;10;0;0.0;2.0;1.0;2.0;B01
201800044769;1.0;7;0;0.0;2.0;4.0;2.0;A01
201800044769;1.0;10;0;0.0;2.0;1.0;2.0;B01
201800044770;1.0;7;0;4.0;0.0;1.0;1.0;A01
201800044771;1.0;7;0;6.0;0.0;2.0;0.0;A01
201800044772;2.0;7;0;0.0;2.0;4.0;2.0;A01
201800044772;2.0;10;0;0.0;2.0;1.0;2.0;C01
201800044772;2.0;7;0;0.0;2.0;4.0;2.0;B01
201800044773;1.0;7;0;4.0;0.0;2.0;14.0;A01
201800044774;1.0;7;0;0.0;0.0;9.0;14.0;A01
201800044775;1.0;7;0;4.0;0.0;1.0;21.0;A01
201800044776;2.0;7;0;0.0;2.0;4.0;23.0;B01
201800044776;2.0;10;0;0.0;2.0;1.0;2.0;A01
201800044777;1.0;7;0;0.0;2.0;1.0;2.0;A01
201800044777;1.0;7;0;0.0;2.0;4.0;2.0;B01
201800044778;2.0;14;0;0.0;2.0;2.0;2.0;A01
201800044778;2.0;7;0;0.0;2.0;3.0;2.0;B01
201800044779;2.0;7;0;0.0;2.0;1.0;0.0;Z01
201800044779;2.0;7;0;0.0;2.0;4.0;1.0;A01
201800044780;1.0;7;0;0.0;2.0;3.0;2.0;A01
201800044780;1.0;7;0;0.0;2.0;5.0;2.0;B01
201800044781;2.0;7;0;4.0;2.0;1.0;18.0;A01
201800044781;2.0;10;0;0.0;2.0;7.0;1.0;B01
201800044782;1.0;14;0;0.0;2.0;6.0;2.0;A01
201800044782;1.0;7;0;0.0;2.0;2.0;1.0;B01
201800044782;1.0;7;0;0.0;2.0;1.0;1.0;C01
201800044783;2.0;7;0;4.0;0.0;3.0;11.0;A01
201800044784;2.0;7;0;4.0;0.0;3.0;13.0;A01
201800044785;2.0;7;0;0.0;2.0;2.0;21.0;A01
201800044785;2.0;33;0;0.0;2.0;3.0;3.0;B01
201800044786;2.0;7;0;0.0;2.0;4.0;2.0;C01
201800044786;2.0;7;0;0.0;2.0;4.0;2.0;B01
201800044786;2.0;7;0;0.0;2.0;1.0;2.0;A01
201800044787;2.0;17;0;0.0;2.0;7.0;1.0;C01
201800044787;2.0;7;0;0.0;2.0;6.0;11.0;B01
201800044787;2.0;17;0;0.0;2.0;2.0;1.0;A01
201800044788;1.0;10;0;0.0;2.0;1.0;0.0;Z01
201800044788;1.0;10;0;0.0;2.0;4.0;1.0;A01
201800044789;1.0;7;0;0.0;2.0;5.0;2.0;C01
201800044789;1.0;10;0;0.0;2.0;1.0;1.0;A01
201800044789;1.0;7;0;0.0;2.0;4.0;2.0;B01
201800044790;1.0;33;0;0.0;2.0;0.0;0.0;A01
201800044790;1.0;7;0;0.0;2.0;0.0;0.0;Z01
201800044791;2.0;7;0;3.0;0.0;3.0;11.0;A01
201800044792;2.0;7;0;0.0;2.0;8.0;11.0;A01
201800044792;2.0;33;0;0.0;2.0;7.0;3.0;B01
201800044793;2.0;7;0;0.0;2.0;4.0;2.0;C01
201800044793;2.0;33;0;0.0;2.0;8.0;3.0;B01
201800044793;2.0;7;0;0.0;2.0;7.0;12.0;A01
201800044794;1.0;7;0;0.0;2.0;4.0;0.0;B01
201800044794;1.0;7;0;0.0;2.0;1.0;0.0;A01
201800044795;1.0;7;0;0.0;2.0;4.0;2.0;B01
201800044795;1.0;7;0;0.0;2.0;1.0;12.0;A01
201800044796;1.0;7;0;0.0;2.0;5.0;2.0;B01
201800044796;1.0;7;0;0.0;2.0;6.0;2.0;C01
201800044796;1.0;7;0;0.0;2.0;4.0;2.0;D01
201800044796;1.0;7;0;0.0;2.0;3.0;1.0;A01
201800044797;2.0;7;0;0.0;2.0;1.0;1.0;A01
201800044797;2.0;7;0;0.0;2.0;8.0;0.0;B01
201800044798;1.0;7;0;0.0;2.0;4.0;2.0;B01
201800044798;1.0;7;0;0.0;2.0;1.0;2.0;A01
201800044799;1.0;7;0;0.0;2.0;4.0;2.0;D01
201800044799;1.0;7;0;0.0;2.0;4.0;2.0;C01
201800044799;1.0;7;0;0.0;2.0;4.0;2.0;B01
201800044799;1.0;7;0;0.0;2.0;1.0;2.0;A01
201800044800;1.0;7;0;4.0;0.0;3.0;11.0;A01
201800044801;2.0;7;0;0.0;2.0;1.0;2.0;A01
201800044801;2.0;7;0;0.0;2.0;4.0;2.0;C01
201800044801;2.0;7;0;0.0;2.0;1.0;2.0;B01
201800044802;2.0;7;0;4.0;2.0;1.0;21.0;B01
201800044802;2.0;7;0;4.0;0.0;9.0;14.0;A01
201800044803;2.0;7;0;4.0;2.0;4.0;2.0;B01
201800044803;2.0;7;0;0.0;2.0;1.0;1.0;A01
201800044804;2.0;7;0;0.0;2.0;3.0;1.0;B01
201800044804;2.0;7;0;0.0;2.0;3.0;1.0;C01
201800044804;2.0;7;0;0.0;2.0;1.0;0.0;D01
201800044804;2.0;7;0;0.0;2.0;4.0;0.0;A01
201800044804;2.0;33;0;0.0;2.0;4.0;1.0;E01
201800044805;1.0;7;0;0.0;2.0;4.0;2.0;C01
201800044805;1.0;7;0;0.0;2.0;4.0;2.0;B01
201800044805;1.0;7;0;0.0;2.0;1.0;2.0;A01
201800044806;1.0;14;0;0.0;2.0;4.0;2.0;B01
201800044806;1.0;7;0;0.0;2.0;1.0;2.0;A01
201800044807;1.0;33;0;0.0;2.0;1.0;1.0;A01
201800044807;1.0;10;0;0.0;2.0;4.0;2.0;B01
201800044808;1.0;7;0;0.0;2.0;2.0;12.0;A01
201800044808;1.0;33;0;0.0;2.0;3.0;3.0;B01
201800044809;2.0;10;0;0.0;2.0;2.0;2.0;C01
201800044809;2.0;7;0;0.0;2.0;4.0;2.0;A01
201800044809;2.0;10;0;0.0;2.0;7.0;1.0;D01
201800044809;2.0;10;0;0.0;2.0;4.0;2.0;B01
201800044810;2.0;14;0;4.0;0.0;7.0;1.0;A01
201800044811;1.0;7;0;3.0;0.0;1.0;12.0;A01
201800044812;1.0;7;0;0.0;2.0;1.0;2.0;A01
201800044812;1.0;7;0;0.0;2.0;4.0;2.0;D01
201800044812;1.0;7;0;0.0;2.0;4.0;2.0;B01
201800044812;1.0;7;0;0.0;2.0;4.0;2.0;E01
201800044812;1.0;10;0;0.0;2.0;4.0;2.0;F01
201800044812;1.0;7;0;0.0;2.0;4.0;2.0;C01
201800044813;1.0;7;0;4.0;0.0;3.0;11.0;A01
201800044814;1.0;7;0;0.0;2.0;6.0;11.0;C01
201800044814;1.0;34;0;0.0;2.0;5.0;3.0;A01
201800044814;1.0;7;0;0.0;2.0;4.0;1.0;B01
201800044815;2.0;33;0;0.0;2.0;1.0;3.0;A01
201800044815;2.0;7;0;0.0;2.0;5.0;12.0;B01
201800044816;2.0;7;0;0.0;2.0;4.0;2.0;B01
201800044816;2.0;7;0;0.0;2.0;1.0;2.0;A01
201800044817;1.0;10;0;0.0;2.0;4.0;2.0;B01
201800044817;1.0;7;0;0.0;2.0;1.0;2.0;A01
201800044818;1.0;7;0;0.0;2.0;1.0;2.0;A01
201800044818;1.0;7;0;0.0;2.0;4.0;2.0;C01
201800044818;1.0;7;0;0.0;2.0;8.0;1.0;D01
201800044818;1.0;7;0;0.0;2.0;8.0;2.0;B01
201800044819;1.0;7;0;0.0;2.0;4.0;0.0;B01
201800044819;1.0;32;0;0.0;2.0;1.0;2.0;A01
201800044820;1.0;7;0;4.0;2.0;8.0;0.0;A01
201800044820;1.0;7;0;0.0;2.0;2.0;12.0;B01
201800044821;2.0;10;0;0.0;2.0;4.0;2.0;C01
201800044821;2.0;10;0;0.0;2.0;1.0;2.0;B01
201800044821;2.0;10;0;0.0;2.0;1.0;2.0;A01
201800044822;2.0;7;0;0.0;2.0;6.0;11.0;A01
201800044822;2.0;33;0;0.0;2.0;4.0;1.0;B01
201800044823;2.0;7;0;0.0;2.0;1.0;2.0;A01
201800044823;2.0;7;0;0.0;2.0;4.0;2.0;B01
201800044823;2.0;7;0;0.0;2.0;4.0;2.0;C01
201800044824;1.0;10;0;0.0;2.0;3.0;9.0;A01
201800044824;1.0;34;0;0.0;2.0;1.0;3.0;B01
201800044825;1.0;34;0;16.0;0.0;0.0;0.0;A01
201800044826;1.0;32;0;0.0;2.0;2.0;3.0;A01
201800044826;1.0;7;0;0.0;2.0;6.0;11.0;B01
201800044827;2.0;7;0;14.0;0.0;1.0;1.0;A01
201800044828;2.0;34;0;0.0;2.0;1.0;2.0;B01
201800044828;2.0;7;0;0.0;2.0;6.0;2.0;A01
201800044829;2.0;7;0;0.0;2.0;7.0;1.0;C01
201800044829;2.0;10;0;0.0;2.0;2.0;12.0;A01
201800044829;2.0;7;0;0.0;2.0;3.0;1.0;B01
201800044830;1.0;33;0;16.0;0.0;8.0;21.0;A01
201800044831;2.0;10;0;4.0;0.0;3.0;1.0;A01
201800044832;2.0;7;0;0.0;2.0;7.0;1.0;B01
201800044832;1.0;7;0;4.0;2.0;1.0;1.0;A01
201800044833;1.0;7;0;4.0;0.0;2.0;1.0;A01
201800044834;2.0;7;0;3.0;0.0;9.0;1.0;A01
201800044835;2.0;7;0;0.0;2.0;6.0;2.0;B01
201800044835;2.0;7;0;0.0;2.0;2.0;2.0;A01
201800044836;1.0;10;0;0.0;1.0;3.0;1.0;B01
201800044836;1.0;7;0;3.0;0.0;3.0;2.0;A01
201800044837;2.0;7;0;4.0;0.0;1.0;1.0;A01
201800044838;1.0;7;0;3.0;0.0;1.0;12.0;A01
201800044839;2.0;7;0;4.0;0.0;2.0;1.0;A01
201800044840;1.0;7;0;4.0;0.0;1.0;13.0;A01
201800044841;2.0;7;0;4.0;0.0;1.0;1.0;A01
201800044842;2.0;7;0;4.0;0.0;1.0;14.0;A01
201800044843;2.0;7;0;0.0;2.0;6.0;2.0;A01
201800044843;2.0;10;0;0.0;2.0;7.0;0.0;B01
201800044844;1.0;33;0;4.0;0.0;1.0;13.0;A01
201800044845;1.0;7;0;0.0;2.0;4.0;0.0;B01
201800044845;1.0;7;0;0.0;2.0;1.0;2.0;A01
201800044846;1.0;34;0;0.0;2.0;1.0;3.0;B01
201800044846;1.0;17;0;0.0;2.0;5.0;1.0;A01
201800044847;2.0;7;0;0.0;2.0;6.0;9.0;A01
201800044847;2.0;7;0;0.0;2.0;2.0;1.0;B01
201800044848;2.0;33;0;0.0;2.0;8.0;3.0;B01
201800044848;2.0;33;0;0.0;2.0;7.0;1.0;A01
201800044849;1.0;7;0;0.0;2.0;5.0;2.0;B01
201800044849;1.0;33;0;0.0;2.0;1.0;2.0;A01
201800044850;2.0;7;0;4.0;0.0;3.0;21.0;A01
201800044851;2.0;7;0;0.0;2.0;6.0;23.0;B01
201800044851;2.0;7;0;0.0;2.0;2.0;0.0;A01
201800044852;2.0;7;0;0.0;2.0;3.0;1.0;B01
201800044852;2.0;7;0;0.0;2.0;5.0;1.0;E01
201800044852;2.0;10;0;0.0;2.0;5.0;1.0;F01
201800044852;2.0;7;0;0.0;2.0;6.0;1.0;D01
201800044852;2.0;7;0;0.0;2.0;2.0;0.0;A01
201800044852;2.0;7;0;0.0;2.0;7.0;1.0;C01
201800044853;1.0;32;0;16.0;0.0;7.0;9.0;A01
201800044854;2.0;33;0;0.0;2.0;3.0;3.0;A01
201800044854;2.0;7;0;0.0;2.0;7.0;12.0;B01
201800044855;1.0;33;0;0.0;2.0;8.0;3.0;B01
201800044855;1.0;7;0;0.0;2.0;5.0;12.0;A01
201800044856;2.0;7;0;0.0;2.0;5.0;2.0;B01
201800044856;2.0;7;0;0.0;2.0;1.0;2.0;A01
201800044857;1.0;7;0;3.0;0.0;5.0;12.0;A01
201800044858;1.0;33;0;0.0;0.0;3.0;3.0;A01
201800044859;2.0;10;0;14.0;2.0;8.0;2.0;B01
201800044859;2.0;7;0;0.0;2.0;3.0;21.0;A01
201800044860;1.0;17;0;0.0;2.0;1.0;2.0;A01