Num_Acc;senc;catv;occutc;obs;obsm;choc;manv;num_veh
201800044860;1.0;10;0;0.0;2.0;7.0;2.0;B01
201800044861;1.0;33;0;0.0;2.0;1.0;3.0;A01
201800044861;1.0;7;0;0.0;2.0;5.0;1.0;B01
201800044862;1.0;7;0;0.0;2.0;3.0;11.0;Z01
201800044862;1.0;7;0;0.0;2.0;3.0;1.0;A01
201800044863;2.0;7;0;1.0;0.0;3.0;2.0;B01
201800044863;2.0;7;0;1.0;0.0;3.0;1.0;A01
201800044863;2.0;7;0;4.0;2.0;3.0;23.0;C01
201800044864;2.0;7;0;0.0;2.0;7.0;1.0;B01
201800044864;2.0;33;0;0.0;2.0;8.0;3.0;A01
201800044865;1.0;7;0;0.0;2.0;3.0;13.0;A01
201800044865;1.0;10;0;0.0;2.0;2.0;1.0;B01
201800044865;1.0;7;0;0.0;2.0;3.0;1.0;C01
201800044866;2.0;7;0;4.0;0.0;1.0;11.0;A01
201800044867;2.0;99;0;0.0;0.0;;0.0;Z01
201800044867;2.0;7;0;0.0;2.0;5.0;2.0;B01
201800044867;2.0;7;0;0.0;2.0;2.0;1.0;A01
201800044867;2.0;7;0;0.0;2.0;8.0;1.0;C01
201800044868;1.0;7;0;4.0;2.0;5.0;12.0;A01
201800044868;1.0;17;0;0.0;2.0;3.0;1.0;B01
201800044869;2.0;10;0;0.0;2.0;1.0;2.0;A01
201800044869;2.0;7;0;0.0;2.0;4.0;2.0;B01
201800044870;1.0;7;0;3.0;0.0;3.0;13.0;A01
201800044871;1.0;7;0;4.0;0.0;2.0;14.0;A01
201800044872;1.0;7;0;0.0;2.0;5.0;2.0;B01
201800044872;1.0;7;0;0.0;2.0;7.0;2.0;C01
201800044872;1.0;13;0;0.0;2.0;1.0;2.0;A01
201800044873;2.0;7;0;0.0;2.0;2.0;14.0;A01
201800044873;2.0;7;0;0.0;2.0;3.0;1.0;B01
201800044874;1.0;10;0;6.0;2.0;1.0;2.0;A01
201800044874;1.0;7;0;0.0;2.0;4.0;2.0;B01
201800044875;2.0;7;0;1.0;2.0;4.0;2.0;C01
201800044875;2.0;10;0;0.0;2.0;1.0;2.0;A01
201800044875;2.0;7;0;0.0;2.0;1.0;2.0;B01
201800044876;1.0;7;0;0.0;2.0;1.0;2.0;D01
201800044876;1.0;7;0;0.0;2.0;4.0;2.0;C01
201800044876;1.0;7;0;0.0;2.0;4.0;2.0;B01
201800044876;1.0;7;0;0.0;2.0;1.0;2.0;A01
201800044877;1.0;7;0;0.0;2.0;1.0;1.0;A01
201800044877;1.0;7;0;0.0;2.0;4.0;2.0;B01
201800044878;2.0;7;0;4.0;2.0;1.0;1.0;A01
201800044878;2.0;7;0;0.0;2.0;4.0;2.0;B01
201800044879;1.0;10;0;4.0;0.0;9.0;13.0;A01
201800044880;1.0;7;0;0.0;2.0;2.0;12.0;A01
201800044880;1.0;33;0;0.0;2.0;8.0;3.0;B01
201800044881;1.0;7;0;0.0;2.0;1.0;2.0;A01
201800044881;1.0;7;0;0.0;2.0;4.0;1.0;B01
201800044881;1.0;7;0;0.0;2.0;4.0;2.0;C01
201800044881;1.0;7;0;0.0;2.0;4.0;2.0;D01
201800044882;2.0;7;0;0.0;2.0;1.0;2.0;B01
201800044882;2.0;7;0;0.0;2.0;4.0;2.0;A01
201800044883;2.0;10;0;0.0;2.0;3.0;2.0;A01
201800044883;2.0;10;0;0.0;2.0;2.0;0.0;B01
201800044884;1.0;7;0;0.0;2.0;5.0;12.0;A01
201800044884;1.0;33;0;0.0;2.0;3.0;3.0;B01
201800044885;1.0;7;0;0.0;2.0;4.0;2.0;B01
201800044885;1.0;10;0;0.0;2.0;1.0;2.0;A01
201800044886;1.0;7;0;0.0;2.0;5.0;1.0;B01
201800044886;1.0;33;0;0.0;2.0;2.0;3.0;A01
201800044886;1.0;17;0;0.0;2.0;6.0;1.0;C01
201800044887;1.0;10;0;0.0;2.0;1.0;1.0;E01
201800044887;1.0;7;0;0.0;2.0;5.0;2.0;D01
201800044887;1.0;10;0;0.0;2.0;1.0;1.0;B01
201800044887;1.0;7;0;0.0;2.0;1.0;1.0;C01
201800044887;1.0;7;0;0.0;2.0;5.0;2.0;A01
201800044887;1.0;7;0;0.0;2.0;2.0;14.0;Z01
201800044888;2.0;7;0;0.0;2.0;4.0;2.0;B01
201800044888;2.0;7;0;0.0;2.0;4.0;2.0;C01
201800044888;2.0;7;0;0.0;2.0;1.0;2.0;A01
201800044889;1.0;7;0;3.0;0.0;3.0;13.0;A01
201800044890;1.0;38;32;0.0;2.0;4.0;2.0;B01
201800044890;1.0;7;0;0.0;2.0;4.0;2.0;C01
201800044890;1.0;7;0;0.0;2.0;1.0;2.0;A01
201800044891;2.0;10;0;0.0;2.0;4.0;1.0;B01
201800044891;2.0;33;0;0.0;2.0;1.0;3.0;A01
201800044892;1.0;7;0;0.0;2.0;1.0;1.0;A01
201800044892;1.0;7;0;0.0;2.0;4.0;2.0;B01
201800044893;2.0;7;0;0.0;2.0;3.0;11.0;B01
201800044893;2.0;33;0;0.0;2.0;2.0;3.0;A01
201800044894;1.0;10;0;0.0;2.0;1.0;1.0;A01
201800044894;1.0;7;0;0.0;2.0;4.0;2.0;C01
201800044894;1.0;7;0;0.0;2.0;4.0;2.0;B01
201800044895;2.0;7;0;0.0;2.0;0.0;0.0;Z01
201800044895;2.0;7;0;0.0;2.0;4.0;21.0;B01
201800044895;2.0;7;0;0.0;2.0;4.0;21.0;D01
201800044895;2.0;7;0;0.0;2.0;1.0;21.0;A01
201800044895;2.0;7;0;0.0;2.0;4.0;21.0;E01
201800044896;2.0;10;0;0.0;2.0;3.0;1.0;B01
201800044896;2.0;7;0;0.0;2.0;2.0;18.0;A01
201800044897;1.0;7;0;0.0;2.0;3.0;2.0;B01
201800044897;1.0;14;0;0.0;2.0;2.0;12.0;A01
201800044898;2.0;7;0;0.0;2.0;1.0;1.0;A01
201800044898;2.0;7;0;0.0;2.0;4.0;2.0;B01
201800044898;2.0;7;0;0.0;2.0;4.0;2.0;C01
201800044899;2.0;33;0;1.0;0.0;2.0;21.0;A01
201800044899;2.0;7;0;0.0;2.0;6.0;0.0;B01
201800044900;2.0;33;0;4.0;0.0;7.0;0.0;A01
201800044901;1.0;7;0;0.0;2.0;6.0;11.0;A01
201800044901;1.0;31;0;0.0;2.0;1.0;3.0;B01
201800044902;1.0;33;0;0.0;2.0;8.0;13.0;A01
201800044902;1.0;7;0;0.0;2.0;2.0;1.0;B01
201800044903;2.0;33;0;0.0;2.0;5.0;2.0;A01
201800044903;2.0;10;0;0.0;2.0;3.0;11.0;B01
201800044904;1.0;10;0;0.0;2.0;1.0;2.0;A01
201800044904;1.0;10;0;0.0;2.0;4.0;2.0;B01
201800044905;2.0;10;0;0.0;2.0;6.0;1.0;B01
201800044905;2.0;31;0;0.0;2.0;3.0;3.0;A01
201800044906;1.0;33;0;0.0;0.0;8.0;3.0;A01
201800044907;1.0;10;0;0.0;2.0;1.0;1.0;A01
201800044907;1.0;7;0;0.0;2.0;4.0;2.0;B01
201800044907;1.0;7;0;0.0;2.0;4.0;2.0;C01
201800044908;2.0;33;0;0.0;2.0;1.0;3.0;A01
201800044908;2.0;33;0;0.0;2.0;4.0;3.0;B01
201800044909;2.0;33;0;16.0;0.0;8.0;1.0;A01
201800044910;1.0;10;0;0.0;2.0;1.0;2.0;A01
201800044910;1.0;7;0;0.0;2.0;4.0;2.0;B01
201800044910;1.0;10;0;0.0;2.0;4.0;2.0;C01
201800044911;2.0;7;0;0.0;2.0;1.0;1.0;A01
201800044911;2.0;7;0;0.0;2.0;4.0;1.0;B01
201800044912;1.0;7;0;0.0;2.0;3.0;1.0;A01
201800044912;1.0;7;0;0.0;2.0;2.0;12.0;B01
201800044913;1.0;33;0;0.0;2.0;3.0;11.0;B01
201800044913;1.0;7;0;0.0;2.0;2.0;1.0;A01
201800044914;2.0;7;0;0.0;2.0;4.0;2.0;A01
201800044914;2.0;7;0;0.0;2.0;1.0;1.0;B01
201800044915;2.0;7;0;0.0;0.0;9.0;2.0;A01
201800044916;2.0;7;0;0.0;2.0;4.0;2.0;A01
201800044916;2.0;33;0;0.0;2.0;1.0;2.0;B01
201800044917;2.0;33;0;0.0;2.0;5.0;3.0;B01
201800044917;2.0;7;0;0.0;2.0;3.0;11.0;A01
201800044918;1.0;7;0;4.0;0.0;1.0;11.0;A01
201800044919;1.0;7;0;0.0;2.0;1.0;14.0;B01
201800044919;2.0;7;0;0.0;2.0;7.0;1.0;A01
201800044920;2.0;7;0;0.0;2.0;4.0;2.0;C01
201800044920;2.0;7;0;0.0;2.0;6.0;0.0;B01
201800044920;2.0;7;0;0.0;2.0;1.0;2.0;A01
201800044921;2.0;7;0;0.0;2.0;1.0;2.0;B01
201800044921;2.0;33;0;0.0;2.0;4.0;2.0;A01
201800044922;1.0;34;0;0.0;2.0;7.0;3.0;A01
201800044922;1.0;33;0;0.0;2.0;8.0;1.0;B01
201800044923;2.0;7;0;4.0;0.0;1.0;11.0;A01
201800044924;2.0;7;0;0.0;2.0;4.0;2.0;C01
201800044924;2.0;7;0;0.0;2.0;4.0;2.0;B01
201800044924;2.0;7;0;0.0;2.0;1.0;2.0;A01
201800044925;1.0;10;0;14.0;0.0;3.0;13.0;A01
201800044926;2.0;7;0;0.0;2.0;4.0;23.0;B01
201800044926;2.0;7;0;0.0;2.0;1.0;1.0;A01
201800044927;1.0;7;0;4.0;0.0;1.0;1.0;A01
201800044928;1.0;33;0;0.0;2.0;2.0;3.0;A01
201800044928;1.0;10;0;0.0;2.0;6.0;11.0;B01
201800044929;1.0;10;0;0.0;2.0;4.0;2.0;A01
201800044929;1.0;10;0;0.0;2.0;1.0;2.0;B01
201800044930;2.0;7;0;0.0;2.0;7.0;12.0;A01
201800044930;2.0;32;0;0.0;2.0;8.0;1.0;B01
201800044931;2.0;7;0;0.0;2.0;6.0;2.0;B01
201800044931;2.0;7;0;0.0;2.0;3.0;1.0;A01
201800044932;2.0;10;0;0.0;2.0;2.0;5.0;A01
201800044932;2.0;17;0;0.0;2.0;2.0;1.0;B01
201800044933;2.0;7;0;0.0;2.0;5.0;2.0;B01
201800044933;2.0;33;0;3.0;2.0;1.0;1.0;A01
201800044934;2.0;17;0;0.0;2.0;2.0;12.0;A01
201800044934;2.0;7;0;0.0;2.0;8.0;1.0;B01
201800044935;2.0;7;0;0.0;2.0;5.0;12.0;B01
201800044935;2.0;33;0;0.0;2.0;3.0;3.0;A01
201800044936;1.0;7;0;0.0;2.0;2.0;12.0;A01
201800044936;1.0;33;0;0.0;2.0;8.0;2.0;B01
201800044936;1.0;7;0;0.0;2.0;4.0;2.0;C01
201800044937;1.0;7;0;3.0;0.0;3.0;0.0;A01
201800044938;2.0;16;0;0.0;2.0;2.0;9.0;A01
201800044938;2.0;7;0;0.0;2.0;8.0;1.0;B01
201800044939;1.0;10;0;0.0;2.0;4.0;2.0;B01
201800044939;1.0;10;0;0.0;2.0;1.0;1.0;A01
201800044940;2.0;10;0;0.0;2.0;0.0;0.0;Z01
201800044940;2.0;33;0;0.0;2.0;3.0;1.0;A01
201800044941;1.0;7;0;4.0;0.0;1.0;13.0;A01
201800044942;2.0;7;0;1.0;0.0;2.0;21.0;B01
201800044942;2.0;7;0;0.0;2.0;6.0;23.0;A01
201800044943;2.0;7;0;0.0;2.0;4.0;24.0;A01
201800044943;2.0;7;0;0.0;2.0;8.0;24.0;D01
201800044943;2.0;7;0;1.0;1.0;2.0;21.0;C01
201800044943;2.0;7;0;0.0;2.0;6.0;24.0;B01
201800044943;2.0;7;0;0.0;2.0;6.0;24.0;E01
201800044944;2.0;33;0;0.0;2.0;2.0;12.0;B01
201800044944;2.0;7;0;0.0;2.0;6.0;2.0;A01
201800044945;2.0;7;0;0.0;2.0;4.0;1.0;B01
201800044945;2.0;7;0;0.0;2.0;4.0;1.0;C01
201800044945;2.0;7;0;0.0;2.0;1.0;2.0;A01
201800044946;1.0;10;0;0.0;2.0;5.0;12.0;A01
201800044946;1.0;7;0;0.0;2.0;3.0;1.0;B01
201800044947;1.0;7;0;0.0;2.0;1.0;21.0;A01
201800044947;1.0;7;0;0.0;2.0;4.0;2.0;B01
201800044948;2.0;7;0;0.0;2.0;5.0;1.0;D01
201800044948;2.0;7;0;0.0;2.0;8.0;1.0;B01
201800044948;2.0;34;0;0.0;2.0;1.0;21.0;A01
201800044948;2.0;7;0;0.0;2.0;7.0;1.0;C01
201800044949;2.0;34;0;0.0;2.0;1.0;3.0;B01
201800044949;2.0;10;0;0.0;2.0;8.0;11.0;A01
201800044950;2.0;7;0;0.0;2.0;1.0;1.0;A01
201800044950;2.0;7;0;0.0;2.0;4.0;2.0;B01
201800044951;2.0;7;0;0.0;2.0;6.0;11.0;B01
201800044951;2.0;31;0;0.0;2.0;1.0;3.0;A01
201800044952;1.0;10;0;0.0;2.0;4.0;2.0;A01
201800044952;1.0;10;0;0.0;2.0;1.0;2.0;B01
201800044953;1.0;7;0;0.0;2.0;3.0;2.0;A01
201800044953;1.0;33;0;0.0;2.0;2.0;2.0;B01
201800044953;1.0;7;0;0.0;2.0;4.0;2.0;C01
201800044954;2.0;7;0;3.0;0.0;1.0;0.0;A01
201800044955;2.0;7;0;0.0;2.0;5.0;2.0;A01
201800044955;2.0;7;0;0.0;2.0;3.0;2.0;B01
201800044956;2.0;7;0;0.0;2.0;5.0;12.0;B01
201800044956;2.0;33;0;0.0;2.0;1.0;9.0;A01
201800044957;2.0;33;0;0.0;2.0;7.0;3.0;A01
201800044957;2.0;7;0;0.0;2.0;8.0;11.0;B01
201800044958;2.0;17;0;0.0;2.0;1.0;1.0;A01
201800044958;2.0;7;0;0.0;2.0;4.0;23.0;B01
201800044959;1.0;7;0;0.0;2.0;6.0;1.0;B01
201800044959;1.0;33;0;0.0;2.0;8.0;3.0;A01
201800044960;1.0;33;0;0.0;2.0;1.0;0.0;A01
201800044961;2.0;32;0;0.0;2.0;1.0;2.0;B01
201800044961;2.0;7;0;0.0;2.0;4.0;1.0;A01
201800044962;1.0;7;0;0.0;2.0;5.0;1.0;B01
201800044962;1.0;33;0;0.0;2.0;1.0;13.0;A01
201800044963;2.0;33;0;0.0;2.0;1.0;2.0;A01
201800044963;2.0;10;0;0.0;2.0;6.0;2.0;B01
201800044964;2.0;7;0;4.0;0.0;1.0;0.0;A01
201800044965;2.0;7;0;0.0;2.0;1.0;12.0;Z01
201800044965;2.0;7;0;0.0;2.0;3.0;1.0;A01
201800044965;2.0;38;66;0.0;2.0;6.0;2.0;B01
201800044966;1.0;7;0;15.0;0.0;1.0;13.0;A01
201800044967;2.0;7;0;16.0;0.0;8.0;14.0;A01
201800044968;2.0;7;0;0.0;2.0;2.0;12.0;A01
201800044968;2.0;7;0;0.0;2.0;8.0;1.0;B01
201800044969;1.0;33;0;0.0;0.0;8.0;1.0;A01
201800044970;2.0;7;0;13.0;0.0;2.0;1.0;A01
201800044971;1.0;10;0;0.0;2.0;7.0;1.0;A01
201800044971;1.0;7;0;0.0;2.0;3.0;11.0;B01
201800044972;2.0;7;0;0.0;2.0;1.0;2.0;A01
201800044972;2.0;7;0;0.0;2.0;4.0;2.0;B01
201800044973;1.0;33;0;0.0;2.0;1.0;3.0;B01
201800044973;1.0;7;0;0.0;2.0;8.0;11.0;A01
201800044974;2.0;7;0;0.0;2.0;7.0;12.0;A01
201800044974;2.0;33;0;0.0;2.0;8.0;3.0;B01
201800044974;2.0;7;0;0.0;2.0;6.0;1.0;C01
201800044975;1.0;7;0;0.0;2.0;2.0;12.0;A01
201800044975;1.0;34;0;0.0;2.0;4.0;1.0;B01
201800044976;2.0;33;0;0.0;2.0;1.0;2.0;A01
201800044976;2.0;7;0;0.0;2.0;6.0;2.0;B01
201800044977;1.0;10;0;0.0;2.0;7.0;12.0;A01
201800044977;1.0;32;0;0.0;2.0;8.0;3.0;B01
201800044978;2.0;31;0;0.0;2.0;3.0;3.0;B01
201800044978;2.0;7;0;0.0;2.0;2.0;12.0;A01
201800044979;2.0;17;0;6.0;0.0;8.0;21.0;A01
201800044980;2.0;10;0;0.0;2.0;1.0;2.0;A01
201800044980;2.0;7;0;0.0;2.0;4.0;0.0;B01
201800044981;2.0;33;0;0.0;2.0;2.0;3.0;A01
201800044981;2.0;7;0;0.0;2.0;3.0;1.0;B01
201800044982;2.0;7;0;0.0;2.0;8.0;2.0;A01
201800044982;2.0;32;0;0.0;2.0;1.0;3.0;B01
201800044982;2.0;7;0;0.0;2.0;1.0;12.0;Z01
201800044983;1.0;7;0;0.0;2.0;6.0;11.0;B01
201800044983;1.0;33;0;0.0;2.0;2.0;1.0;A01
201800044984;1.0;33;0;0.0;2.0;1.0;3.0;A01
201800044984;1.0;7;0;0.0;2.0;6.0;1.0;B01
201800044984;1.0;17;0;0.0;2.0;6.0;23.0;C01
201800044984;1.0;7;0;0.0;2.0;5.0;1.0;D01
201800044984;1.0;33;0;0.0;6.0;7.0;3.0;E01
201800044984;1.0;33;0;0.0;6.0;4.0;1.0;F01
201800044985;2.0;7;0;0.0;2.0;2.0;1.0;B01
201800044985;2.0;7;0;0.0;2.0;3.0;18.0;A01
201800044986;1.0;7;0;3.0;0.0;2.0;14.0;A01
201800044987;1.0;7;0;4.0;0.0;1.0;1.0;A01
201800044988;2.0;7;0;0.0;2.0;1.0;2.0;A01
201800044988;2.0;7;0;0.0;2.0;1.0;2.0;B01
201800044988;2.0;7;0;0.0;2.0;4.0;2.0;C01
201800044989;2.0;7;0;0.0;2.0;4.0;2.0;C01
201800044989;2.0;7;0;0.0;2.0;1.0;2.0;A01
201800044989;2.0;7;0;0.0;2.0;4.0;2.0;B01
201800044990;2.0;7;0;0.0;2.0;6.0;2.0;B01
201800044990;2.0;17;0;0.0;2.0;2.0;1.0;A01
201800044990;2.0;7;0;0.0;2.0;1.0;2.0;C01
201800044991;2.0;7;0;0.0;2.0;5.0;23.0;B01
201800044991;2.0;7;0;0.0;2.0;3.0;9.0;A01
201800044992;1.0;7;0;0.0;2.0;2.0;12.0;A01
201800044992;1.0;33;0;0.0;2.0;3.0;3.0;C01
201800044992;1.0;7;0;0.0;2.0;4.0;2.0;B01
201800044993;2.0;7;0;0.0;2.0;5.0;23.0;B01
201800044993;2.0;7;0;0.0;2.0;7.0;23.0;C01
201800044993;2.0;34;0;0.0;2.0;1.0;3.0;A01
201800044993;2.0;17;0;0.0;6.0;3.0;0.0;D01
201800044994;2.0;7;0;3.0;0.0;7.0;1.0;A01
201800044995;1.0;14;0;0.0;2.0;1.0;1.0;A01
201800044995;1.0;7;0;0.0;2.0;4.0;2.0;C01
201800044995;1.0;10;0;0.0;2.0;4.0;23.0;B01
201800044996;2.0;7;0;0.0;2.0;1.0;1.0;A01
201800044996;2.0;7;0;0.0;2.0;4.0;2.0;B01
201800044997;1.0;7;0;4.0;0.0;9.0;1.0;A01
201800044998;2.0;7;0;4.0;0.0;1.0;0.0;A01
201800044999;1.0;34;0;14.0;0.0;1.0;12.0;A01
201800045000;2.0;34;0;0.0;2.0;8.0;1.0;B01
201800045000;2.0;7;0;0.0;2.0;7.0;12.0;A01
201800045001;1.0;33;0;0.0;2.0;1.0;3.0;A01
201800045001;1.0;7;0;0.0;2.0;4.0;1.0;B01
201800045002;1.0;7;0;0.0;2.0;6.0;1.0;B01
201800045002;1.0;7;0;0.0;2.0;4.0;1.0;C01
201800045002;1.0;33;0;0.0;2.0;7.0;3.0;A01
201800045003;1.0;7;0;0.0;2.0;6.0;11.0;A01
201800045003;1.0;34;0;0.0;2.0;1.0;2.0;B01
201800045004;2.0;7;0;0.0;2.0;8.0;1.0;B01
201800045004;2.0;14;0;0.0;2.0;2.0;12.0;A01
201800045004;2.0;10;0;0.0;2.0;3.0;1.0;C01
201800045005;1.0;7;0;0.0;2.0;2.0;14.0;A01
201800045005;1.0;7;0;0.0;2.0;3.0;1.0;B01
201800045006;2.0;7;0;0.0;2.0;6.0;23.0;A01
201800045006;2.0;14;0;0.0;2.0;2.0;1.0;B01
201800045007;2.0;7;0;0.0;2.0;1.0;2.0;A01
201800045007;2.0;10;0;0.0;2.0;4.0;1.0;C01
201800045007;2.0;7;0;0.0;2.0;4.0;2.0;B01
201800045008;2.0;7;0;4.0;0.0;0.0;0.0;A01
201800045009;2.0;10;0;0.0;2.0;4.0;1.0;B01
201800045009;2.0;7;0;0.0;2.0;1.0;21.0;A01
201800045010;2.0;7;0;0.0;6.0;1.0;1.0;A01
201800045010;2.0;7;0;0.0;2.0;4.0;2.0;Z01
201800045011;2.0;7;0;0.0;2.0;4.0;1.0;B01
201800045011;2.0;10;0;0.0;2.0;1.0;1.0;A01
201800045011;2.0;10;0;0.0;2.0;4.0;1.0;C01
201800045012;2.0;7;0;0.0;2.0;4.0;2.0;A01
201800045012;2.0;7;0;0.0;2.0;6.0;1.0;B01
201800045012;2.0;17;0;0.0;2.0;1.0;1.0;C01
201800045013;2.0;7;0;0.0;6.0;1.0;1.0;A01
201800045013;2.0;1;0;0.0;2.0;8.0;0.0;B01
201800045014;2.0;7;0;0.0;2.0;1.0;1.0;A01
201800045014;2.0;33;0;14.0;0.0;1.0;2.0;C01
201800045014;2.0;7;0;0.0;2.0;4.0;2.0;B01
201800045015;1.0;7;0;0.0;2.0;1.0;1.0;A01
201800045015;1.0;7;0;0.0;2.0;4.0;1.0;C01
201800045015;1.0;7;0;0.0;2.0;4.0;1.0;B01
201800045016;2.0;32;0;0.0;2.0;3.0;3.0;B01
201800045016;2.0;7;0;0.0;2.0;7.0;12.0;A01
201800045017;2.0;33;0;0.0;2.0;1.0;3.0;B01
201800045017;2.0;7;0;0.0;2.0;6.0;1.0;A01
201800045017;2.0;7;0;0.0;2.0;7.0;12.0;C01
201800045018;2.0;7;0;0.0;2.0;4.0;2.0;B01
201800045018;2.0;7;0;0.0;2.0;4.0;2.0;A01
201800045018;2.0;7;0;0.0;2.0;1.0;1.0;D01
201800045018;2.0;7;0;0.0;2.0;4.0;2.0;C01
201800045019;2.0;34;0;0.0;2.0;8.0;2.0;B01
201800045019;2.0;10;0;0.0;2.0;7.0;1.0;A01
201800045020;2.0;7;0;4.0;0.0;3.0;21.0;A01
201800045021;1.0;32;0;4.0;0.0;8.0;0.0;A01
201800045022;1.0;7;0;0.0;2.0;4.0;2.0;B01
201800045022;1.0;7;0;0.0;2.0;4.0;2.0;C01
201800045022;1.0;7;0;0.0;2.0;1.0;1.0;A01
201800045023;2.0;32;0;4.0;0.0;8.0;13.0;A01
201800045024;1.0;7;0;3.0;0.0;8.0;11.0;A01
201800045025;1.0;33;0;0.0;2.0;1.0;3.0;A01
201800045025;1.0;7;0;0.0;2.0;7.0;12.0;B01
201800045025;1.0;10;0;0.0;2.0;4.0;2.0;C01
201800045026;2.0;7;0;0.0;2.0;8.0;1.0;B01
201800045026;2.0;7;0;0.0;2.0;2.0;12.0;A01
201800045027;1.0;7;0;0.0;2.0;1.0;2.0;A01
201800045027;1.0;7;0;0.0;2.0;4.0;2.0;B01
201800045028;1.0;7;0;0.0;2.0;7.0;1.0;B01
201800045028;1.0;7;0;3.0;2.0;1.0;1.0;A01
201800045029;1.0;32;0;0.0;2.0;2.0;1.0;A01
201800045029;1.0;10;0;0.0;2.0;6.0;13.0;B01
201800045030;2.0;7;0;0.0;2.0;1.0;1.0;A01
201800045030;2.0;7;0;0.0;2.0;4.0;1.0;B01
201800045031;2.0;33;0;0.0;2.0;1.0;3.0;B01
201800045031;2.0;7;0;0.0;2.0;6.0;11.0;A01
201800045032;2.0;7;0;4.0;0.0;1.0;14.0;A01
201800045033;1.0;10;0;14.0;0.0;1.0;0.0;A01
201800045034;2.0;15;0;0.0;2.0;1.0;2.0;A01
201800045034;2.0;7;0;0.0;2.0;5.0;2.0;B01
201800045035;2.0;17;0;0.0;2.0;7.0;12.0;A01
201800045035;2.0;7;0;0.0;2.0;8.0;1.0;B01
201800045036;1.0;7;0;0.0;6.0;2.0;1.0;C01
201800045036;1.0;7;0;0.0;2.0;4.0;2.0;B01
201800045036;1.0;33;0;0.0;2.0;1.0;1.0;A01
201800045037;2.0;7;0;0.0;2.0;4.0;2.0;A01
201800045037;2.0;7;0;0.0;2.0;1.0;2.0;B01
201800045038;2.0;7;0;0.0;2.0;1.0;14.0;A01
201800045038;2.0;10;0;0.0;2.0;8.0;1.0;B01
201800045039;1.0;7;0;0.0;2.0;1.0;1.0;B01
201800045039;1.0;7;0;0.0;2.0;4.0;2.0;A01
201800045040;2.0;33;0;0.0;2.0;1.0;1.0;B01
201800045040;2.0;7;0;0.0;2.0;6.0;2.0;A01
201800045041;1.0;32;0;0.0;2.0;4.0;2.0;A01
201800045041;1.0;7;0;0.0;2.0;1.0;2.0;B01
201800045042;1.0;7;0;0.0;2.0;7.0;12.0;Z01
201800045042;1.0;33;0;0.0;2.0;8.0;3.0;A01
201800045043;1.0;33;0;0.0;2.0;3.0;3.0;A01
201800045043;1.0;7;0;0.0;2.0;5.0;1.0;B01
201800045044;2.0;7;0;0.0;2.0;1.0;1.0;A01
201800045044;2.0;7;0;0.0;2.0;4.0;1.0;B01
201800045045;2.0;15;0;0.0;2.0;1.0;1.0;B01
201800045045;2.0;7;0;0.0;2.0;4.0;2.0;A01
201800045046;1.0;7;0;0.0;2.0;5.0;2.0;B01
201800045046;1.0;7;0;0.0;2.0;7.0;2.0;C01
201800045046;1.0;7;0;0.0;2.0;1.0;2.0;A01
201800045047;1.0;7;0;0.0;2.0;4.0;23.0;A01
201800045047;1.0;7;0;0.0;2.0;1.0;1.0;B01
201800045048;2.0;7;0;0.0;2.0;1.0;2.0;A01
201800045048;2.0;10;0;0.0;2.0;4.0;2.0;B01
201800045049;1.0;7;0;4.0;0.0;3.0;13.0;A01
201800045050;2.0;7;0;0.0;2.0;1.0;0.0;A01
201800045050;2.0;10;0;0.0;2.0;4.0;0.0;B01
201800045050;2.0;31;0;0.0;2.0;4.0;0.0;C01
201800045051;1.0;7;0;0.0;2.0;1.0;1.0;B01
201800045051;1.0;7;0;0.0;2.0;4.0;1.0;A01
201800045051;1.0;7;0;0.0;2.0;1.0;1.0;C01
201800045051;1.0;7;0;0.0;2.0;1.0;1.0;D01
201800045052;2.0;33;0;0.0;2.0;4.0;0.0;B01
201800045052;2.0;33;0;0.0;2.0;1.0;3.0;A01
201800045053;2.0;7;0;0.0;2.0;1.0;1.0;B01
201800045053;2.0;7;0;0.0;2.0;9.0;2.0;A01
201800045054;2.0;7;0;0.0;2.0;6.0;2.0;B01
201800045054;2.0;7;0;1.0;2.0;1.0;2.0;A01
201800045055;1.0;7;0;0.0;2.0;1.0;2.0;A01
201800045055;1.0;7;0;0.0;2.0;1.0;2.0;B01
201800045055;1.0;7;0;0.0;2.0;4.0;2.0;C01
201800045056;2.0;7;0;0.0;2.0;4.0;2.0;B01
201800045056;2.0;33;0;0.0;2.0;1.0;9.0;A01
201800045057;1.0;7;0;4.0;0.0;3.0;11.0;A01
201800045058;1.0;7;0;4.0;0.0;9.0;0.0;A01
201800045059;1.0;34;0;0.0;2.0;7.0;0.0;B01
201800045059;1.0;7;0;0.0;2.0;0.0;0.0;Z01
201800045060;1.0;34;0;0.0;2.0;3.0;1.0;B01
201800045060;1.0;7;0;0.0;2.0;7.0;12.0;A01
201800045061;2.0;7;0;0.0;2.0;1.0;1.0;B01
201800045061;2.0;10;0;0.0;2.0;4.0;2.0;A01
201800045062;1.0;33;0;0.0;2.0;7.0;3.0;A01
201800045062;1.0;7;0;0.0;2.0;8.0;1.0;B01
201800045063;2.0;7;0;0.0;2.0;6.0;1.0;A01
201800045063;2.0;33;0;0.0;2.0;1.0;21.0;B01
201800045064;2.0;7;0;13.0;0.0;9.0;14.0;A01
201800045065;1.0;33;0;3.0;0.0;8.0;0.0;A01