Num_Acc;senc;catv;occutc;obs;obsm;choc;manv;num_veh
201800045066;1.0;7;0;4.0;0.0;1.0;13.0;A01
201800045067;2.0;7;0;0.0;2.0;1.0;1.0;A01
201800045067;2.0;10;0;0.0;2.0;4.0;2.0;B01
201800045068;2.0;7;0;0.0;2.0;3.0;11.0;B01
201800045068;2.0;33;0;0.0;2.0;1.0;2.0;A01
201800045069;2.0;33;0;14.0;0.0;3.0;21.0;A01
201800045070;1.0;7;0;4.0;0.0;1.0;21.0;A01
201800045071;2.0;7;0;0.0;2.0;1.0;1.0;A01
201800045071;2.0;7;0;0.0;2.0;4.0;1.0;B01
201800045072;1.0;10;0;0.0;2.0;6.0;2.0;A01
201800045072;1.0;33;0;0.0;2.0;1.0;3.0;B01
201800045073;1.0;7;0;0.0;2.0;4.0;2.0;A01
201800045073;1.0;7;0;0.0;2.0;1.0;1.0;B01
201800045074;1.0;7;0;0.0;2.0;4.0;12.0;B01
201800045074;1.0;32;0;0.0;2.0;1.0;3.0;A01
201800045075;2.0;32;0;0.0;0.0;0.0;1.0;A01
201800045076;2.0;7;0;4.0;0.0;3.0;1.0;A01
201800045077;2.0;7;0;4.0;0.0;1.0;14.0;A01
201800045078;1.0;7;0;0.0;2.0;1.0;1.0;Z01
201800045078;1.0;32;0;0.0;2.0;4.0;1.0;A01
201800045079;1.0;33;0;0.0;2.0;3.0;1.0;B01
201800045079;1.0;7;0;0.0;2.0;2.0;12.0;A01
201800045080;1.0;7;0;0.0;2.0;1.0;1.0;A01
201800045080;1.0;7;0;0.0;2.0;4.0;2.0;B01
201800045081;2.0;33;0;0.0;2.0;7.0;3.0;A01
201800045081;2.0;7;0;0.0;2.0;8.0;1.0;B01
201800045082;2.0;7;0;0.0;2.0;4.0;2.0;A01
201800045082;2.0;7;0;0.0;2.0;1.0;2.0;B01
201800045082;2.0;7;0;0.0;2.0;1.0;2.0;C01
201800045083;1.0;7;0;3.0;0.0;5.0;21.0;A01
201800045084;2.0;33;0;16.0;0.0;7.0;1.0;A01
201800045085;2.0;33;0;0.0;0.0;8.0;15.0;A01
201800045086;1.0;99;0;14.0;0.0;0.0;19.0;A01
201800045087;2.0;33;0;0.0;2.0;1.0;3.0;A01
201800045087;2.0;7;0;0.0;2.0;5.0;12.0;B01
201800045088;2.0;7;0;0.0;2.0;2.0;1.0;A01
201800045088;2.0;14;0;0.0;2.0;1.0;2.0;B01
201800045088;2.0;17;0;0.0;2.0;3.0;2.0;C01
201800045088;2.0;7;0;0.0;2.0;0.0;11.0;Z01
201800045089;2.0;7;0;0.0;2.0;8.0;11.0;A01
201800045089;2.0;34;0;0.0;2.0;7.0;3.0;B01
201800045090;2.0;33;0;0.0;2.0;8.0;13.0;A01
201800045090;2.0;7;0;0.0;2.0;2.0;1.0;B01
201800045091;1.0;10;0;0.0;2.0;2.0;12.0;A01
201800045091;1.0;7;0;0.0;2.0;6.0;1.0;B01
201800045092;1.0;33;0;0.0;2.0;1.0;3.0;A01
201800045092;1.0;10;0;0.0;2.0;6.0;11.0;B01
201800045093;1.0;10;0;0.0;2.0;4.0;2.0;A01
201800045093;1.0;10;0;0.0;2.0;1.0;1.0;B01
201800045094;1.0;7;0;4.0;0.0;2.0;1.0;A01
201800045095;1.0;7;0;1.0;2.0;7.0;1.0;C01
201800045095;1.0;10;0;0.0;2.0;0.0;24.0;A01
201800045095;1.0;7;0;1.0;2.0;2.0;1.0;B01
201800045095;1.0;7;0;1.0;2.0;1.0;1.0;E01
201800045095;1.0;7;0;1.0;2.0;1.0;1.0;D01
201800045096;2.0;7;0;0.0;2.0;6.0;1.0;A01
201800045096;2.0;7;0;0.0;2.0;2.0;12.0;B01
201800045097;1.0;32;0;0.0;2.0;8.0;13.0;A01
201800045097;1.0;7;0;0.0;2.0;7.0;1.0;B01
201800045098;1.0;7;0;0.0;2.0;2.0;0.0;A01
201800045098;1.0;17;0;0.0;2.0;8.0;2.0;B01
201800045098;1.0;10;0;0.0;2.0;1.0;2.0;C01
201800045099;1.0;10;0;0.0;2.0;1.0;1.0;A01
201800045099;1.0;15;0;0.0;2.0;4.0;1.0;B01
201800045100;1.0;7;0;4.0;0.0;3.0;13.0;A01
201800045101;1.0;7;0;4.0;0.0;9.0;13.0;A01
201800045102;1.0;7;0;0.0;2.0;1.0;2.0;A01
201800045102;1.0;7;0;0.0;2.0;5.0;0.0;B01
201800045103;1.0;33;0;4.0;0.0;7.0;1.0;A01
201800045104;1.0;7;0;0.0;2.0;4.0;2.0;B01
201800045104;1.0;7;0;0.0;2.0;1.0;1.0;A01
201800045104;1.0;7;0;0.0;2.0;4.0;2.0;C01
201800045104;1.0;10;0;0.0;2.0;4.0;2.0;D01
201800045105;1.0;34;0;0.0;0.0;9.0;3.0;A01
201800045106;2.0;10;0;4.0;0.0;1.0;0.0;A01
201800045107;1.0;7;0;0.0;2.0;4.0;2.0;A01
201800045107;1.0;10;0;0.0;2.0;1.0;1.0;B01
201800045108;1.0;7;0;4.0;2.0;1.0;1.0;A01
201800045108;1.0;7;0;0.0;2.0;4.0;2.0;B01
201800045109;2.0;10;0;0.0;2.0;3.0;11.0;B01
201800045109;2.0;33;0;0.0;2.0;1.0;3.0;A01
201800045110;2.0;33;0;4.0;0.0;2.0;15.0;A01
201800045111;2.0;34;0;0.0;2.0;3.0;3.0;A01
201800045111;2.0;7;0;0.0;2.0;7.0;2.0;B01
201800045112;2.0;33;0;16.0;0.0;3.0;13.0;A01
201800045113;1.0;7;0;0.0;2.0;1.0;1.0;A01
201800045113;1.0;7;0;0.0;2.0;4.0;2.0;B01
201800045113;1.0;7;0;0.0;2.0;4.0;2.0;C01
201800045114;1.0;10;0;0.0;2.0;6.0;1.0;A01
201800045114;1.0;33;0;0.0;2.0;1.0;3.0;B01
201800045115;2.0;7;0;0.0;2.0;8.0;11.0;A01
201800045115;2.0;33;0;0.0;2.0;7.0;3.0;B01
201800045116;2.0;33;0;0.0;2.0;7.0;3.0;B01
201800045116;2.0;7;0;0.0;2.0;8.0;11.0;A01
201800045117;1.0;7;0;0.0;2.0;4.0;2.0;A01
201800045117;1.0;7;0;0.0;2.0;1.0;2.0;B01
201800045118;1.0;7;0;0.0;2.0;4.0;0.0;B01
201800045118;1.0;17;0;0.0;2.0;2.0;0.0;A01
201800045119;2.0;38;11;0.0;2.0;8.0;1.0;C01
201800045119;2.0;7;0;0.0;2.0;6.0;1.0;B01
201800045119;2.0;10;0;0.0;2.0;2.0;17.0;A01
201800045120;1.0;7;0;0.0;2.0;4.0;2.0;C01
201800045120;1.0;7;0;0.0;2.0;4.0;2.0;B01
201800045120;1.0;10;0;0.0;2.0;1.0;2.0;A01
201800045121;1.0;7;0;0.0;2.0;4.0;2.0;B01
201800045121;1.0;7;0;0.0;2.0;1.0;1.0;A01
201800045122;2.0;7;0;4.0;2.0;4.0;1.0;A01
201800045122;2.0;7;0;0.0;2.0;1.0;2.0;B01
201800045123;2.0;2;0;0.0;2.0;4.0;1.0;A01
201800045123;2.0;7;0;0.0;2.0;1.0;1.0;C01
201800045123;2.0;7;0;4.0;0.0;3.0;1.0;B01
201800045124;2.0;7;0;0.0;2.0;5.0;1.0;B01
201800045124;2.0;7;0;0.0;2.0;3.0;11.0;A01
201800045125;2.0;7;0;4.0;0.0;1.0;1.0;A01
201800045126;1.0;7;0;4.0;0.0;1.0;21.0;A01
201800045127;1.0;31;0;0.0;0.0;0.0;21.0;A01
201800045128;1.0;7;0;0.0;2.0;4.0;2.0;C01
201800045128;1.0;7;0;0.0;2.0;1.0;2.0;A01
201800045128;1.0;7;0;0.0;2.0;4.0;2.0;B01
201800045128;1.0;7;0;0.0;2.0;4.0;2.0;D01
201800045129;2.0;7;0;0.0;2.0;8.0;0.0;A01
201800045129;2.0;15;0;0.0;2.0;1.0;0.0;B01
201800045130;2.0;32;0;0.0;0.0;7.0;0.0;A01
201800045131;2.0;7;0;0.0;2.0;2.0;1.0;A01
201800045131;2.0;33;0;0.0;2.0;1.0;5.0;B01
201800045132;1.0;7;0;0.0;2.0;4.0;2.0;A01
201800045132;1.0;10;0;0.0;2.0;4.0;2.0;B01
201800045132;1.0;7;0;0.0;2.0;1.0;2.0;D01
201800045132;1.0;7;0;0.0;2.0;4.0;2.0;C01
201800045133;2.0;7;0;0.0;2.0;4.0;1.0;A01
201800045133;2.0;14;0;0.0;2.0;1.0;2.0;Z01
201800045134;2.0;7;0;0.0;2.0;6.0;1.0;B01
201800045134;2.0;7;0;0.0;2.0;2.0;17.0;A01
201800045135;1.0;7;0;4.0;0.0;1.0;13.0;A01
201800045136;1.0;7;0;4.0;0.0;1.0;1.0;A01
201800045137;1.0;7;0;0.0;2.0;1.0;1.0;A01
201800045137;1.0;7;0;0.0;2.0;4.0;2.0;B01
201800045138;2.0;10;0;0.0;2.0;1.0;1.0;B01
201800045138;2.0;7;0;0.0;2.0;4.0;1.0;C01
201800045138;2.0;7;0;0.0;2.0;4.0;1.0;A01
201800045139;1.0;7;0;3.0;0.0;2.0;14.0;A01
201800045140;1.0;7;0;4.0;0.0;4.0;4.0;A01
201800045141;1.0;7;0;1.0;0.0;1.0;0.0;B01
201800045141;1.0;7;0;0.0;2.0;4.0;23.0;A01
201800045142;2.0;7;0;0.0;2.0;1.0;12.0;A01
201800045142;2.0;7;0;0.0;2.0;4.0;2.0;B01
201800045143;2.0;33;0;16.0;0.0;3.0;1.0;A01
201800045144;2.0;7;0;0.0;2.0;7.0;0.0;C01
201800045144;2.0;7;0;0.0;2.0;5.0;0.0;B01
201800045144;2.0;7;0;0.0;2.0;1.0;2.0;A01
201800045145;1.0;7;0;0.0;2.0;1.0;2.0;A01
201800045145;1.0;7;0;0.0;2.0;6.0;2.0;B01
201800045146;2.0;7;0;0.0;2.0;1.0;1.0;B01
201800045146;2.0;7;0;4.0;2.0;4.0;2.0;A01
201800045147;1.0;7;0;5.0;0.0;1.0;16.0;A01
201800045148;1.0;10;0;0.0;2.0;8.0;1.0;C01
201800045148;1.0;7;0;0.0;2.0;4.0;2.0;A01
201800045148;1.0;7;0;0.0;2.0;4.0;2.0;B01
201800045149;1.0;7;0;0.0;2.0;4.0;2.0;B01
201800045149;1.0;10;0;3.0;2.0;1.0;1.0;A01
201800045150;1.0;33;0;0.0;2.0;8.0;18.0;A01
201800045150;1.0;7;0;0.0;2.0;5.0;12.0;B01
201800045151;2.0;33;0;0.0;2.0;1.0;2.0;A01
201800045151;2.0;7;0;0.0;2.0;4.0;1.0;B01
201800045152;1.0;33;0;4.0;0.0;2.0;13.0;A01
201800045153;1.0;7;0;0.0;2.0;4.0;2.0;B01
201800045153;1.0;7;0;0.0;2.0;1.0;2.0;A01
201800045153;1.0;7;0;0.0;2.0;4.0;2.0;C01
201800045154;1.0;7;0;3.0;2.0;8.0;2.0;B01
201800045154;1.0;7;0;3.0;2.0;3.0;5.0;A01
201800045154;1.0;7;0;14.0;0.0;1.0;2.0;D01
201800045154;1.0;7;0;3.0;2.0;3.0;2.0;E01
201800045154;1.0;7;0;14.0;0.0;1.0;2.0;C01
201800045155;2.0;7;0;0.0;2.0;4.0;2.0;A01
201800045155;2.0;7;0;0.0;2.0;1.0;1.0;B01
201800045156;1.0;33;0;0.0;0.0;7.0;3.0;A01
201800045157;1.0;7;0;0.0;2.0;4.0;2.0;B01
201800045157;1.0;7;0;0.0;2.0;1.0;2.0;A01
201800045158;1.0;33;0;4.0;2.0;1.0;3.0;A01
201800045158;1.0;10;0;0.0;2.0;6.0;11.0;Z01
201800045159;1.0;17;0;0.0;1.0;1.0;21.0;A01
201800045160;2.0;34;0;0.0;2.0;1.0;21.0;A01
201800045160;2.0;7;0;0.0;2.0;5.0;23.0;B01
201800045161;2.0;7;0;4.0;0.0;1.0;14.0;A01
201800045162;2.0;7;0;0.0;2.0;6.0;2.0;B01
201800045162;2.0;7;0;0.0;2.0;2.0;1.0;A01
201800045163;2.0;7;0;4.0;0.0;3.0;13.0;A01
201800045164;1.0;7;0;0.0;2.0;1.0;0.0;A01
201800045164;1.0;7;0;0.0;2.0;4.0;0.0;B01
201800045165;2.0;10;0;0.0;2.0;8.0;9.0;A01
201800045165;2.0;7;0;0.0;2.0;2.0;1.0;B01
201800045166;1.0;17;0;0.0;2.0;6.0;1.0;B01
201800045166;1.0;7;0;0.0;2.0;2.0;14.0;A01
201800045167;2.0;34;0;0.0;2.0;3.0;2.0;A01
201800045167;2.0;7;0;0.0;2.0;5.0;2.0;B01
201800045168;2.0;7;0;0.0;2.0;4.0;2.0;B01
201800045168;2.0;7;0;0.0;2.0;1.0;1.0;A01
201800045169;1.0;7;0;0.0;2.0;8.0;1.0;Z01
201800045169;1.0;7;0;0.0;2.0;7.0;21.0;A01
201800045170;2.0;7;0;0.0;0.0;3.0;21.0;A01
201800045171;2.0;33;0;0.0;0.0;1.0;0.0;A01
201800045172;1.0;10;0;0.0;2.0;3.0;11.0;A01
201800045172;1.0;33;0;0.0;2.0;2.0;1.0;B01
201800045173;2.0;99;0;0.0;2.0;4.0;23.0;B01
201800045173;2.0;10;0;0.0;2.0;1.0;1.0;A01
201800045174;1.0;10;0;0.0;2.0;8.0;2.0;C01
201800045174;1.0;33;0;0.0;2.0;7.0;0.0;A01
201800045174;1.0;7;0;0.0;2.0;3.0;2.0;B01
201800045175;2.0;7;0;0.0;2.0;6.0;12.0;B01
201800045175;2.0;33;0;0.0;2.0;1.0;3.0;A01
201800045176;2.0;31;0;0.0;2.0;1.0;3.0;A01
201800045176;2.0;7;0;0.0;2.0;8.0;1.0;B01
201800045177;1.0;17;0;0.0;2.0;7.0;12.0;A01
201800045177;1.0;10;0;0.0;2.0;8.0;1.0;B01
201800045178;2.0;7;0;0.0;2.0;6.0;1.0;C01
201800045178;2.0;34;0;0.0;2.0;1.0;3.0;A01
201800045178;2.0;7;0;0.0;2.0;5.0;1.0;B01
201800045179;1.0;10;0;0.0;2.0;1.0;2.0;B01
201800045179;1.0;7;0;0.0;2.0;5.0;2.0;A01
201800045179;1.0;17;0;0.0;2.0;8.0;1.0;D01
201800045179;1.0;7;0;0.0;2.0;1.0;2.0;C01
201800045180;1.0;10;0;0.0;2.0;4.0;2.0;B01
201800045180;1.0;7;0;0.0;2.0;4.0;2.0;C01
201800045180;1.0;10;0;0.0;2.0;1.0;2.0;A01
201800045180;1.0;7;0;0.0;2.0;4.0;1.0;D01
201800045181;2.0;7;0;0.0;2.0;6.0;1.0;A01
201800045181;2.0;33;0;0.0;2.0;1.0;3.0;B01
201800045182;1.0;7;0;0.0;2.0;2.0;2.0;A01
201800045182;1.0;7;0;0.0;2.0;6.0;11.0;Z01
201800045183;1.0;7;0;0.0;2.0;4.0;2.0;B01
201800045183;1.0;7;0;4.0;2.0;2.0;12.0;A01
201800045184;1.0;10;0;1.0;0.0;2.0;21.0;A01
201800045184;1.0;7;0;0.0;2.0;4.0;23.0;B01
201800045185;2.0;7;0;0.0;2.0;4.0;2.0;A01
201800045185;2.0;7;0;0.0;2.0;1.0;2.0;C01
201800045185;2.0;7;0;0.0;2.0;4.0;2.0;B01
201800045186;1.0;7;0;0.0;2.0;4.0;1.0;B01
201800045186;1.0;10;0;0.0;2.0;1.0;11.0;A01
201800045187;2.0;7;0;0.0;2.0;2.0;1.0;C01
201800045187;2.0;34;0;0.0;2.0;2.0;3.0;A01
201800045187;2.0;10;0;0.0;2.0;6.0;1.0;B01
201800045188;1.0;33;0;4.0;0.0;2.0;9.0;A01
201800045189;1.0;7;0;0.0;2.0;4.0;2.0;B01
201800045189;1.0;17;0;0.0;2.0;1.0;2.0;A01
201800045190;2.0;33;0;0.0;2.0;3.0;17.0;B01
201800045190;2.0;7;0;0.0;2.0;4.0;2.0;A01
201800045191;2.0;7;0;0.0;2.0;6.0;13.0;A01
201800045191;2.0;14;0;0.0;2.0;7.0;1.0;B01
201800045192;1.0;7;0;0.0;2.0;4.0;2.0;C01
201800045192;1.0;7;0;0.0;2.0;2.0;1.0;B01
201800045192;1.0;10;0;0.0;2.0;8.0;11.0;A01
201800045193;1.0;31;0;0.0;0.0;0.0;0.0;A01
201800045194;2.0;34;0;4.0;2.0;3.0;0.0;A01
201800045194;2.0;7;0;0.0;2.0;6.0;13.0;Z01
201800045195;2.0;7;0;0.0;2.0;4.0;0.0;C01
201800045195;2.0;10;0;0.0;2.0;2.0;0.0;B01
201800045195;2.0;7;0;0.0;2.0;6.0;11.0;A01
201800045196;2.0;7;0;0.0;2.0;4.0;0.0;A01
201800045196;2.0;33;0;0.0;2.0;1.0;0.0;B01
201800045197;1.0;7;0;0.0;2.0;0.0;0.0;Z01
201800045197;1.0;7;0;0.0;2.0;3.0;1.0;A01
201800045198;1.0;14;0;0.0;2.0;3.0;11.0;A01
201800045198;1.0;7;0;0.0;2.0;7.0;1.0;B01
201800045199;2.0;7;0;0.0;2.0;4.0;2.0;A01
201800045199;2.0;33;0;0.0;2.0;1.0;2.0;B01
201800045200;2.0;7;0;0.0;2.0;1.0;1.0;A01
201800045200;2.0;7;0;0.0;2.0;4.0;1.0;B01
201800045201;1.0;7;0;4.0;2.0;9.0;1.0;A01
201800045201;1.0;7;0;0.0;2.0;1.0;1.0;B01
201800045202;2.0;7;0;0.0;2.0;2.0;0.0;Z01
201800045202;2.0;7;0;0.0;2.0;4.0;0.0;A01
201800045203;1.0;33;0;16.0;0.0;8.0;16.0;A01
201800045204;1.0;14;0;0.0;2.0;3.0;12.0;A01
201800045204;1.0;17;0;0.0;2.0;5.0;1.0;B01
201800045205;1.0;7;0;0.0;2.0;4.0;2.0;B01
201800045205;1.0;7;0;0.0;2.0;1.0;1.0;A01
201800045206;1.0;7;0;0.0;2.0;1.0;1.0;A01
201800045206;1.0;7;0;0.0;2.0;4.0;1.0;B01
201800045206;1.0;7;0;0.0;2.0;4.0;1.0;C01
201800045207;2.0;33;0;0.0;2.0;3.0;3.0;A01
201800045207;2.0;7;0;0.0;2.0;6.0;1.0;B01
201800045208;1.0;33;0;0.0;0.0;8.0;3.0;A01
201800045208;1.0;7;0;0.0;0.0;0.0;12.0;B01
201800045209;1.0;7;0;4.0;2.0;2.0;0.0;A01
201800045209;1.0;14;0;0.0;2.0;2.0;2.0;B01
201800045210;2.0;17;0;0.0;2.0;7.0;12.0;A01
201800045210;2.0;7;0;0.0;2.0;2.0;1.0;C01
201800045210;2.0;7;0;0.0;2.0;8.0;1.0;B01
201800045211;2.0;10;0;0.0;2.0;1.0;2.0;A01
201800045211;2.0;7;0;0.0;2.0;4.0;2.0;B01
201800045212;1.0;32;0;0.0;2.0;1.0;3.0;A01
201800045212;1.0;7;0;0.0;2.0;5.0;1.0;B01
201800045213;2.0;33;0;0.0;2.0;7.0;3.0;A01
201800045213;2.0;17;0;0.0;2.0;8.0;1.0;B01
201800045214;1.0;15;0;0.0;2.0;4.0;23.0;A01
201800045214;1.0;7;0;1.0;0.0;1.0;1.0;B01
201800045215;1.0;7;0;4.0;0.0;2.0;12.0;A01
201800045216;2.0;37;1;0.0;2.0;8.0;11.0;A01
201800045216;2.0;33;0;0.0;2.0;7.0;1.0;B01
201800045217;1.0;7;0;0.0;2.0;8.0;13.0;A01
201800045217;1.0;33;0;0.0;2.0;7.0;1.0;B01
201800045218;1.0;7;0;0.0;2.0;4.0;2.0;C01
201800045218;1.0;7;0;0.0;2.0;1.0;1.0;A01
201800045218;1.0;10;0;0.0;2.0;4.0;2.0;B01
201800045219;1.0;7;0;0.0;6.0;1.0;1.0;A01
201800045220;2.0;7;0;0.0;2.0;2.0;1.0;C01
201800045220;2.0;7;0;0.0;2.0;3.0;1.0;B01
201800045220;2.0;17;0;0.0;2.0;2.0;12.0;A01
201800045221;2.0;31;0;0.0;0.0;7.0;21.0;A01
201800045222;2.0;7;0;0.0;2.0;4.0;2.0;A01
201800045222;2.0;7;0;0.0;2.0;1.0;2.0;B01
201800045222;2.0;7;0;0.0;2.0;1.0;2.0;C01
201800045222;2.0;10;0;0.0;2.0;1.0;2.0;D01
201800045222;2.0;7;0;0.0;2.0;1.0;2.0;E01
201800045222;2.0;7;0;0.0;2.0;1.0;2.0;F01
201800045223;2.0;7;0;0.0;2.0;1.0;2.0;A01
201800045223;2.0;7;0;0.0;2.0;4.0;2.0;B01
201800045224;2.0;33;0;0.0;2.0;7.0;21.0;A01
201800045224;2.0;7;0;0.0;2.0;8.0;11.0;B01
201800045225;1.0;34;0;0.0;2.0;1.0;2.0;A01
201800045225;1.0;7;0;0.0;2.0;8.0;13.0;B01
201800045226;2.0;7;0;0.0;2.0;6.0;11.0;B01
201800045226;2.0;33;0;0.0;2.0;0.0;3.0;A01
201800045227;1.0;31;0;0.0;2.0;1.0;11.0;A01
201800045227;1.0;7;0;0.0;2.0;4.0;2.0;B01
201800045228;2.0;7;0;3.0;0.0;1.0;14.0;A01
201800045229;1.0;17;0;0.0;2.0;6.0;2.0;B01
201800045229;1.0;7;0;0.0;2.0;2.0;2.0;A01
201800045230;1.0;7;0;13.0;0.0;9.0;1.0;A01
201800045231;1.0;7;0;0.0;2.0;1.0;1.0;B01
201800045231;1.0;7;0;3.0;2.0;4.0;2.0;A01
201800045232;1.0;7;0;0.0;2.0;5.0;2.0;B01
201800045232;1.0;7;0;0.0;2.0;8.0;2.0;C01
201800045232;1.0;33;0;0.0;2.0;0.0;3.0;A01
201800045233;2.0;10;0;0.0;2.0;1.0;1.0;A01
201800045233;2.0;7;0;0.0;2.0;4.0;2.0;B01
201800045234;2.0;7;0;0.0;1.0;2.0;12.0;A01
201800045235;2.0;7;0;4.0;0.0;3.0;13.0;A01
201800045236;1.0;10;0;0.0;2.0;1.0;12.0;A01
201800045236;1.0;7;0;0.0;2.0;8.0;2.0;B01
201800045236;1.0;7;0;0.0;2.0;4.0;2.0;C01
201800045237;2.0;7;0;0.0;2.0;1.0;0.0;Z01
201800045237;2.0;10;0;4.0;0.0;2.0;21.0;C01
201800045237;2.0;10;0;0.0;2.0;8.0;1.0;B01
201800045238;2.0;7;0;0.0;2.0;1.0;2.0;A01
201800045238;2.0;7;0;0.0;2.0;4.0;2.0;B01
201800045238;2.0;7;0;0.0;2.0;4.0;2.0;C01
201800045239;1.0;7;0;3.0;0.0;9.0;0.0;A01
201800045240;1.0;10;0;0.0;2.0;4.0;2.0;B01
201800045240;1.0;7;0;0.0;2.0;1.0;1.0;A01
201800045241;2.0;7;0;1.0;0.0;2.0;2.0;A01
201800045241;2.0;7;0;0.0;2.0;6.0;2.0;B01
201800045242;2.0;7;0;0.0;2.0;1.0;2.0;A01
201800045242;2.0;7;0;0.0;2.0;4.0;2.0;B01
201800045243;2.0;34;0;0.0;2.0;1.0;3.0;A01
201800045243;2.0;7;0;0.0;2.0;4.0;2.0;C01
201800045243;2.0;33;0;0.0;2.0;4.0;3.0;B01
201800045244;1.0;7;0;4.0;0.0;3.0;11.0;A01
201800045245;1.0;7;0;4.0;0.0;1.0;21.0;A01
201800045246;1.0;16;0;0.0;2.0;2.0;12.0;A01
201800045246;1.0;7;0;0.0;2.0;3.0;1.0;B01
201800045247;1.0;7;0;0.0;2.0;3.0;13.0;A01
201800045247;1.0;7;0;0.0;2.0;4.0;23.0;C01
201800045247;1.0;7;0;0.0;2.0;6.0;23.0;B01
201800045248;1.0;7;0;0.0;2.0;4.0;1.0;A01
201800045248;1.0;33;0;0.0;2.0;1.0;3.0;B01
201800045249;2.0;31;0;0.0;2.0;8.0;3.0;B01
201800045249;2.0;7;0;0.0;2.0;7.0;12.0;A01
201800045250;2.0;7;0;0.0;2.0;6.0;11.0;B01
201800045250;2.0;33;0;0.0;2.0;2.0;3.0;A01
201800045251;1.0;17;0;0.0;2.0;2.0;12.0;A01
201800045251;1.0;7;0;0.0;2.0;3.0;2.0;B01
201800045252;1.0;7;0;3.0;0.0;9.0;2.0;A01
201800045253;2.0;7;0;4.0;0.0;1.0;11.0;A01
201800045254;1.0;7;0;0.0;2.0;3.0;21.0;B01
201800045254;1.0;7;0;0.0;2.0;5.0;2.0;A01
201800045255;2.0;7;0;0.0;2.0;4.0;1.0;B01
201800045255;2.0;7;0;0.0;2.0;1.0;1.0;A01
201800045256;2.0;7;0;0.0;2.0;2.0;1.0;B01
201800045256;2.0;7;0;0.0;2.0;3.0;11.0;A01
201800045257;2.0;10;0;0.0;2.0;8.0;11.0;A01
201800045257;2.0;33;0;0.0;2.0;7.0;1.0;B01
201800045258;1.0;17;0;0.0;2.0;1.0;1.0;A01
201800045258;1.0;14;0;0.0;2.0;4.0;2.0;C01
201800045258;1.0;14;0;0.0;2.0;4.0;2.0;B01
201800045258;1.0;7;0;0.0;2.0;4.0;2.0;D01
201800045259;2.0;34;0;0.0;2.0;1.0;3.0;A01
201800045259;2.0;7;0;0.0;2.0;7.0;12.0;B01
201800045260;1.0;7;0;0.0;2.0;8.0;11.0;B01
201800045260;1.0;14;0;0.0;2.0;2.0;1.0;A01
201800045261;1.0;34;0;16.0;0.0;7.0;14.0;A01
201800045262;1.0;7;0;0.0;2.0;5.0;12.0;A01
201800045262;1.0;31;0;0.0;2.0;3.0;2.0;B01
201800045263;2.0;7;0;1.0;0.0;1.0;2.0;A01
201800045263;2.0;7;0;0.0;2.0;4.0;23.0;B01
201800045264;2.0;15;0;0.0;2.0;4.0;0.0;B01
201800045264;2.0;7;0;1.0;0.0;1.0;1.0;A01
201800045265;2.0;32;0;0.0;2.0;7.0;1.0;A01
201800045265;2.0;7;0;0.0;2.0;8.0;11.0;B01
201800045266;2.0;33;0;0.0;2.0;8.0;3.0;A01
201800045266;2.0;7;0;0.0;2.0;6.0;1.0;C01
201800045266;2.0;7;0;0.0;2.0;7.0;12.0;B01
201800045267;2.0;38;50;0.0;2.0;5.0;1.0;C01
201800045267;2.0;7;0;0.0;2.0;8.0;9.0;B01
201800045267;2.0;17;0;0.0;2.0;7.0;1.0;A01
201800045268;2.0;7;0;0.0;2.0;5.0;2.0;C01
201800045268;2.0;34;0;0.0;2.0;2.0;3.0;A01
201800045268;2.0;7;0;0.0;2.0;3.0;11.0;B01
201800045269;2.0;34;0;0.0;2.0;7.0;3.0;A01
201800045269;2.0;7;0;0.0;2.0;3.0;11.0;B01
201800045270;2.0;7;0;0.0;2.0;4.0;2.0;D01
201800045270;2.0;7;0;0.0;2.0;4.0;2.0;C01
201800045270;2.0;7;0;0.0;2.0;1.0;2.0;A01
201800045270;2.0;7;0;0.0;2.0;4.0;2.0;B01
201800045271;2.0;10;0;0.0;1.0;1.0;0.0;A01
201800045272;1.0;7;0;4.0;2.0;4.0;2.0;A01
201800045272;1.0;10;0;0.0;2.0;1.0;1.0;B01
201800045273;2.0;7;0;0.0;2.0;6.0;11.0;A01
201800045273;2.0;32;0;0.0;2.0;2.0;3.0;B01
201800045274;2.0;10;0;0.0;2.0;4.0;1.0;C01
201800045274;2.0;7;0;0.0;2.0;1.0;2.0;A01
201800045274;2.0;7;0;0.0;2.0;4.0;2.0;B01
201800045275;2.0;32;0;0.0;2.0;3.0;3.0;A01
201800045275;2.0;7;0;0.0;2.0;2.0;12.0;B01
201800045276;2.0;7;0;4.0;0.0;2.0;2.0;A01
201800045277;1.0;7;0;0.0;2.0;1.0;1.0;A01
201800045277;1.0;7;0;0.0;2.0;4.0;2.0;B01
201800045278;2.0;7;0;0.0;2.0;5.0;1.0;C01
201800045278;2.0;33;0;0.0;2.0;4.0;3.0;B01
201800045278;2.0;32;0;0.0;2.0;3.0;3.0;A01
201800045279;2.0;7;0;0.0;2.0;4.0;23.0;A01
201800045279;2.0;7;0;0.0;2.0;1.0;2.0;B01
201800045279;2.0;7;0;0.0;2.0;4.0;2.0;C01
201800045280;1.0;10;0;0.0;2.0;4.0;2.0;C01
201800045280;1.0;7;0;0.0;2.0;4.0;2.0;B01
201800045280;1.0;10;0;0.0;2.0;1.0;2.0;A01