Num_Acc;senc;catv;occutc;obs;obsm;choc;manv;num_veh
201800046804;1.0;7;0;0.0;2.0;4.0;1.0;B01
201800046805;2.0;15;0;6.0;0.0;7.0;1.0;A01
201800046806;2.0;33;0;0.0;2.0;7.0;3.0;B01
201800046806;2.0;7;0;0.0;2.0;7.0;1.0;C01
201800046806;2.0;7;0;0.0;2.0;4.0;13.0;A01
201800046807;1.0;7;0;0.0;2.0;7.0;21.0;A01
201800046807;1.0;33;0;0.0;2.0;8.0;1.0;B01
201800046808;2.0;32;0;0.0;2.0;3.0;21.0;B01
201800046808;2.0;7;0;0.0;2.0;5.0;19.0;A01
201800046809;2.0;7;0;6.0;0.0;3.0;14.0;A01
201800046810;1.0;10;0;0.0;2.0;2.0;19.0;A01
201800046810;1.0;7;0;0.0;2.0;3.0;1.0;B01
201800046811;1.0;7;0;0.0;2.0;4.0;2.0;C01
201800046811;1.0;7;0;0.0;2.0;1.0;2.0;A01
201800046811;1.0;7;0;0.0;2.0;4.0;2.0;D01
201800046811;1.0;7;0;0.0;2.0;4.0;2.0;B01
201800046812;1.0;7;0;0.0;2.0;1.0;0.0;A01
201800046812;1.0;7;0;0.0;0.0;0.0;0.0;B01
201800046813;2.0;7;0;0.0;2.0;4.0;2.0;B01
201800046813;2.0;7;0;0.0;2.0;1.0;1.0;A01
201800046813;2.0;7;0;0.0;2.0;4.0;2.0;D01
201800046813;1.0;7;0;0.0;2.0;4.0;2.0;C01
201800046814;1.0;10;0;16.0;0.0;0.0;0.0;A01
201800046815;1.0;7;0;4.0;0.0;1.0;0.0;A01
201800046816;1.0;33;0;14.0;0.0;1.0;0.0;A01
201800046817;1.0;33;0;13.0;0.0;8.0;1.0;A01
201800046818;2.0;33;0;16.0;2.0;1.0;1.0;A01
201800046819;1.0;7;0;0.0;2.0;4.0;1.0;A01
201800046819;1.0;14;0;0.0;2.0;3.0;1.0;B01
201800046820;1.0;31;0;16.0;0.0;7.0;1.0;A01
201800046821;1.0;7;0;4.0;0.0;2.0;1.0;A01
201800046822;2.0;7;0;0.0;2.0;0.0;1.0;A01
201800046822;2.0;33;0;0.0;2.0;0.0;3.0;B01
201800046822;2.0;7;0;0.0;2.0;0.0;0.0;C01
201800046823;2.0;7;0;0.0;2.0;1.0;2.0;A01
201800046823;2.0;7;0;0.0;2.0;4.0;2.0;B01
201800046823;2.0;7;0;0.0;2.0;4.0;2.0;C01
201800046824;2.0;7;0;0.0;2.0;4.0;1.0;A01
201800046824;2.0;7;0;0.0;2.0;2.0;1.0;B01
201800046825;2.0;7;0;6.0;0.0;3.0;1.0;A01
201800046826;2.0;7;0;0.0;2.0;1.0;1.0;A01
201800046826;2.0;10;0;0.0;2.0;4.0;1.0;B01
201800046827;2.0;13;0;0.0;2.0;2.0;12.0;A01
201800046827;2.0;7;0;0.0;2.0;3.0;1.0;B01
201800046828;1.0;33;0;0.0;2.0;1.0;1.0;B01
201800046828;1.0;10;0;0.0;2.0;6.0;1.0;A01
201800046828;1.0;7;0;0.0;2.0;8.0;11.0;C01
201800046829;1.0;7;0;0.0;2.0;7.0;1.0;A01
201800046829;1.0;7;0;0.0;2.0;8.0;1.0;B01
201800046830;2.0;7;0;0.0;2.0;1.0;1.0;A01
201800046830;2.0;7;0;0.0;2.0;4.0;1.0;B01
201800046831;1.0;33;0;16.0;0.0;7.0;1.0;A01
201800046832;2.0;7;0;0.0;2.0;4.0;2.0;D01
201800046832;2.0;7;0;0.0;2.0;4.0;2.0;C01
201800046832;2.0;7;0;0.0;2.0;1.0;1.0;A01
201800046832;2.0;7;0;0.0;2.0;4.0;2.0;B01
201800046833;2.0;10;0;0.0;2.0;1.0;1.0;A01
201800046833;2.0;7;0;0.0;2.0;4.0;2.0;C01
201800046833;2.0;7;0;0.0;2.0;4.0;2.0;B01
201800046834;2.0;7;0;5.0;0.0;2.0;14.0;A01
201800046835;2.0;7;0;0.0;2.0;4.0;1.0;B01
201800046835;2.0;7;0;0.0;2.0;1.0;1.0;A01
201800046836;2.0;7;0;0.0;2.0;4.0;2.0;D01
201800046836;2.0;7;0;0.0;2.0;4.0;2.0;B01
201800046836;2.0;7;0;0.0;2.0;1.0;1.0;A01
201800046836;2.0;7;0;0.0;2.0;4.0;2.0;C01
201800046837;2.0;10;0;0.0;2.0;1.0;1.0;A01
201800046837;2.0;7;0;0.0;2.0;4.0;1.0;B01
201800046838;2.0;33;0;0.0;0.0;0.0;21.0;A01
201800046839;2.0;7;0;0.0;2.0;4.0;2.0;B01
201800046839;2.0;7;0;0.0;2.0;1.0;1.0;A01
201800046840;1.0;10;0;0.0;2.0;1.0;1.0;B01
201800046840;1.0;7;0;0.0;2.0;5.0;1.0;C01
201800046840;1.0;7;0;0.0;2.0;4.0;9.0;A01
201800046840;1.0;15;0;0.0;2.0;2.0;1.0;D01
201800046840;1.0;7;0;0.0;2.0;2.0;1.0;E01
201800046841;2.0;10;0;0.0;2.0;4.0;1.0;A01
201800046841;2.0;33;0;0.0;2.0;4.0;2.0;B01
201800046842;1.0;7;0;0.0;2.0;0.0;11.0;A01
201800046842;1.0;7;0;0.0;2.0;0.0;1.0;B01
201800046842;1.0;7;0;0.0;2.0;0.0;1.0;C01
201800046843;1.0;33;0;0.0;2.0;0.0;18.0;A01
201800046843;1.0;7;0;0.0;2.0;0.0;1.0;B01
201800046844;2.0;7;0;0.0;2.0;7.0;14.0;A01
201800046844;2.0;31;0;0.0;2.0;8.0;3.0;B01
201800046845;2.0;7;0;0.0;2.0;8.0;11.0;B01
201800046845;2.0;15;0;0.0;2.0;1.0;1.0;A01
201800046846;1.0;10;0;4.0;0.0;9.0;1.0;A01
201800046847;2.0;17;0;0.0;2.0;4.0;23.0;A01
201800046847;2.0;7;0;1.0;2.0;1.0;2.0;B01
201800046848;2.0;7;0;4.0;0.0;1.0;1.0;A01
201800046849;1.0;7;0;11.0;0.0;1.0;1.0;A01
201800046850;2.0;7;0;0.0;2.0;4.0;2.0;C01
201800046850;2.0;7;0;0.0;2.0;4.0;2.0;B01
201800046850;2.0;7;0;0.0;2.0;1.0;1.0;A01
201800046851;2.0;7;0;0.0;2.0;3.0;1.0;A01
201800046851;2.0;7;0;0.0;2.0;4.0;2.0;B01
201800046852;2.0;7;0;0.0;2.0;1.0;1.0;A01
201800046852;2.0;7;0;0.0;2.0;4.0;1.0;C01
201800046852;2.0;7;0;0.0;2.0;4.0;2.0;B01
201800046853;2.0;33;0;0.0;2.0;5.0;3.0;A01
201800046853;2.0;7;0;0.0;2.0;8.0;1.0;B01
201800046854;2.0;33;0;0.0;2.0;2.0;9.0;A01
201800046854;2.0;7;0;0.0;2.0;8.0;1.0;B01
201800046855;2.0;13;0;0.0;2.0;1.0;2.0;B01
201800046855;2.0;15;0;0.0;2.0;1.0;1.0;A01
201800046855;2.0;15;0;0.0;2.0;4.0;2.0;C01
201800046856;1.0;7;0;0.0;2.0;1.0;1.0;A01
201800046856;1.0;7;0;0.0;2.0;4.0;2.0;B01
201800046857;1.0;7;0;0.0;2.0;4.0;11.0;B01
201800046857;1.0;32;0;0.0;2.0;1.0;1.0;A01
201800046858;2.0;33;0;0.0;2.0;8.0;1.0;A01
201800046859;2.0;7;0;0.0;2.0;1.0;1.0;Z01
201800046859;2.0;7;0;0.0;2.0;4.0;1.0;A01
201800046860;2.0;32;0;0.0;2.0;7.0;11.0;B01
201800046860;2.0;7;0;0.0;2.0;2.0;12.0;A01
201800046861;2.0;7;0;0.0;2.0;3.0;1.0;B01
201800046861;2.0;7;0;0.0;2.0;3.0;1.0;C01
201800046861;2.0;7;0;0.0;2.0;9.0;11.0;A01
201800046862;1.0;13;0;0.0;2.0;4.0;23.0;B01
201800046862;1.0;7;0;0.0;2.0;1.0;9.0;A01
201800046863;2.0;7;0;0.0;2.0;5.0;3.0;B01
201800046863;2.0;33;0;0.0;2.0;8.0;12.0;A01
201800046864;1.0;7;0;6.0;0.0;6.0;14.0;A01
201800046864;1.0;7;0;1.0;0.0;6.0;23.0;B01
201800046865;2.0;7;0;0.0;2.0;4.0;9.0;A01
201800046865;2.0;15;0;0.0;2.0;1.0;1.0;B01
201800046866;1.0;10;0;0.0;2.0;1.0;1.0;A01
201800046866;1.0;10;0;0.0;0.0;4.0;1.0;B01
201800046867;1.0;38;1;0.0;2.0;1.0;2.0;B01
201800046867;1.0;7;0;0.0;2.0;4.0;1.0;A01
201800046868;2.0;7;0;0.0;2.0;4.0;12.0;A01
201800046868;2.0;33;0;0.0;2.0;1.0;3.0;B01
201800046869;2.0;7;0;0.0;2.0;8.0;1.0;A01
201800046869;2.0;33;0;0.0;2.0;1.0;17.0;B01
201800046870;2.0;7;0;0.0;2.0;1.0;1.0;A01
201800046870;1.0;7;0;0.0;2.0;4.0;1.0;B01
201800046871;2.0;7;0;0.0;2.0;4.0;2.0;B01
201800046871;2.0;7;0;0.0;2.0;4.0;2.0;C01
201800046871;2.0;10;0;0.0;2.0;1.0;1.0;A01
201800046872;2.0;7;0;16.0;0.0;1.0;13.0;A01
201800046873;2.0;7;0;0.0;2.0;8.0;1.0;E01
201800046873;2.0;7;0;0.0;2.0;3.0;2.0;C01
201800046873;2.0;7;0;0.0;2.0;4.0;2.0;F01
201800046873;2.0;7;0;3.0;2.0;2.0;7.0;A01
201800046873;2.0;7;0;0.0;2.0;6.0;11.0;B01
201800046873;2.0;7;0;0.0;2.0;3.0;2.0;D01
201800046874;1.0;7;0;0.0;0.0;1.0;1.0;A01
201800046875;1.0;33;0;0.0;2.0;8.0;1.0;B01
201800046875;1.0;7;0;0.0;2.0;5.0;1.0;A01
201800046876;1.0;7;0;0.0;2.0;1.0;1.0;C01
201800046876;1.0;7;0;0.0;2.0;3.0;11.0;B01
201800046876;1.0;14;0;0.0;2.0;2.0;1.0;A01
201800046877;2.0;15;0;0.0;2.0;2.0;9.0;B01
201800046877;2.0;7;0;0.0;2.0;4.0;1.0;A01
201800046878;1.0;14;0;0.0;2.0;6.0;1.0;B01
201800046878;1.0;7;0;3.0;2.0;1.0;1.0;A01
201800046879;1.0;33;0;0.0;2.0;8.0;3.0;B01
201800046879;1.0;7;0;0.0;2.0;7.0;12.0;A01
201800046879;1.0;17;0;0.0;2.0;1.0;2.0;C01
201800046880;1.0;7;0;0.0;2.0;5.0;12.0;A01
201800046880;1.0;33;0;0.0;2.0;3.0;1.0;B01
201800046881;1.0;15;0;0.0;2.0;6.0;1.0;B01
201800046881;1.0;10;0;0.0;2.0;1.0;1.0;A01
201800046882;2.0;13;0;0.0;2.0;1.0;17.0;B01
201800046882;2.0;7;0;0.0;2.0;4.0;1.0;A01
201800046883;2.0;31;0;16.0;0.0;8.0;21.0;A01
201800046884;1.0;7;0;3.0;0.0;1.0;1.0;A01
201800046885;2.0;7;0;0.0;2.0;2.0;12.0;B01
201800046885;2.0;31;0;0.0;2.0;7.0;3.0;A01
201800046885;2.0;7;0;0.0;2.0;6.0;2.0;C01
201800046886;2.0;31;0;0.0;2.0;7.0;14.0;B01
201800046886;2.0;7;0;0.0;2.0;1.0;2.0;A01
201800046887;2.0;33;0;0.0;2.0;1.0;3.0;B01
201800046887;2.0;7;0;0.0;2.0;6.0;11.0;A01
201800046888;2.0;7;0;0.0;2.0;5.0;1.0;B01
201800046888;2.0;7;0;0.0;2.0;4.0;1.0;C01
201800046888;2.0;33;0;0.0;2.0;1.0;21.0;A01
201800046889;1.0;7;0;0.0;2.0;4.0;1.0;B01
201800046889;2.0;7;0;0.0;2.0;1.0;1.0;A01
201800046890;1.0;7;0;0.0;2.0;6.0;1.0;A01
201800046890;1.0;33;0;0.0;2.0;7.0;1.0;B01
201800046891;1.0;31;0;16.0;0.0;8.0;0.0;A01
201800046892;1.0;7;0;0.0;2.0;2.0;12.0;A01
201800046892;1.0;7;0;0.0;2.0;3.0;1.0;B01
201800046892;1.0;7;0;0.0;2.0;7.0;1.0;C01
201800046893;1.0;15;0;0.0;2.0;6.0;1.0;B01
201800046893;1.0;7;0;0.0;2.0;2.0;1.0;A01
201800046894;2.0;10;0;4.0;0.0;3.0;1.0;A01
201800046895;2.0;7;0;0.0;2.0;8.0;1.0;B01
201800046895;2.0;7;0;0.0;2.0;8.0;2.0;C01
201800046895;2.0;7;0;0.0;2.0;1.0;11.0;A01
201800046896;2.0;10;0;0.0;2.0;4.0;2.0;C01
201800046896;2.0;7;0;0.0;2.0;4.0;1.0;A01
201800046896;2.0;10;0;0.0;2.0;4.0;2.0;B01
201800046896;2.0;7;0;0.0;2.0;1.0;2.0;D01
201800046897;2.0;7;0;0.0;2.0;8.0;11.0;B01
201800046897;2.0;31;0;0.0;2.0;7.0;3.0;A01
201800046898;1.0;34;0;0.0;2.0;3.0;3.0;B01
201800046898;1.0;7;0;0.0;2.0;7.0;1.0;A01
201800046899;1.0;7;0;0.0;2.0;5.0;2.0;B01
201800046899;1.0;31;0;0.0;2.0;3.0;1.0;A01
201800046900;2.0;33;0;0.0;2.0;2.0;3.0;B01
201800046900;2.0;10;0;0.0;2.0;8.0;11.0;A01
201800046901;1.0;7;0;0.0;2.0;4.0;2.0;B01
201800046901;1.0;7;0;0.0;2.0;4.0;2.0;C01
201800046901;1.0;7;0;0.0;2.0;1.0;1.0;A01
201800046902;2.0;33;0;0.0;2.0;2.0;1.0;B01
201800046902;2.0;7;0;0.0;2.0;6.0;11.0;A01
201800046903;1.0;7;0;0.0;2.0;2.0;14.0;A01
201800046903;1.0;7;0;0.0;2.0;6.0;1.0;B01
201800046904;1.0;7;0;0.0;2.0;7.0;1.0;B01
201800046904;1.0;7;0;0.0;2.0;1.0;21.0;A01
201800046905;1.0;7;0;0.0;2.0;3.0;12.0;A01
201800046905;1.0;7;0;0.0;2.0;5.0;1.0;B01
201800046906;1.0;10;0;0.0;2.0;1.0;1.0;A01
201800046906;1.0;7;0;0.0;2.0;4.0;1.0;B01
201800046907;2.0;7;0;0.0;2.0;1.0;2.0;C01
201800046907;2.0;7;0;0.0;2.0;4.0;2.0;D01
201800046907;2.0;7;0;0.0;2.0;1.0;1.0;A01
201800046907;2.0;7;0;0.0;2.0;4.0;2.0;B01
201800046908;1.0;10;0;0.0;2.0;5.0;1.0;C01
201800046908;1.0;32;0;0.0;2.0;2.0;3.0;A01
201800046908;1.0;7;0;0.0;2.0;3.0;11.0;B01
201800046909;2.0;32;0;0.0;0.0;1.0;1.0;A01
201800046910;2.0;7;0;0.0;2.0;4.0;1.0;B01
201800046910;2.0;10;0;0.0;2.0;1.0;1.0;A01
201800046910;2.0;15;0;0.0;2.0;6.0;1.0;C01
201800046911;1.0;7;0;0.0;2.0;1.0;1.0;A01
201800046911;1.0;7;0;0.0;0.0;0.0;0.0;B01
201800046912;2.0;7;0;0.0;2.0;1.0;14.0;A01
201800046912;2.0;33;0;0.0;2.0;4.0;1.0;C01
201800046912;2.0;10;0;0.0;2.0;8.0;1.0;D01
201800046912;2.0;10;0;0.0;2.0;4.0;1.0;B01
201800046913;1.0;7;0;0.0;2.0;5.0;1.0;B01
201800046913;1.0;33;0;0.0;2.0;1.0;1.0;A01
201800046914;1.0;7;0;0.0;2.0;3.0;1.0;A01
201800046914;1.0;7;0;0.0;2.0;4.0;2.0;C01
201800046914;1.0;7;0;0.0;2.0;5.0;2.0;B01
201800046915;1.0;7;0;0.0;2.0;1.0;1.0;A01
201800046915;1.0;7;0;0.0;2.0;4.0;2.0;C01
201800046915;1.0;7;0;0.0;2.0;4.0;2.0;B01
201800046916;2.0;33;0;0.0;2.0;4.0;3.0;B01
201800046916;2.0;32;0;0.0;2.0;1.0;3.0;A01
201800046917;2.0;7;0;0.0;2.0;1.0;1.0;A01
201800046917;2.0;7;0;0.0;2.0;4.0;2.0;D01
201800046917;2.0;7;0;0.0;2.0;4.0;2.0;B01
201800046917;2.0;7;0;0.0;2.0;5.0;2.0;C01
201800046918;2.0;7;0;0.0;2.0;2.0;14.0;A01
201800046918;2.0;17;0;0.0;2.0;8.0;24.0;B01
201800046919;2.0;33;0;0.0;0.0;3.0;3.0;A01
201800046920;2.0;7;0;0.0;2.0;3.0;1.0;B01
201800046920;2.0;33;0;0.0;2.0;2.0;3.0;A01
201800046921;2.0;7;0;0.0;2.0;8.0;11.0;A01
201800046921;2.0;33;0;0.0;2.0;1.0;1.0;B01
201800046922;0.0;7;0;4.0;0.0;3.0;16.0;A01
201800046923;2.0;31;0;0.0;2.0;3.0;3.0;D01
201800046923;2.0;7;0;0.0;2.0;4.0;1.0;B01
201800046923;2.0;7;0;0.0;2.0;2.0;14.0;C01
201800046923;2.0;32;0;0.0;2.0;1.0;3.0;A01
201800046924;2.0;7;0;0.0;2.0;4.0;2.0;B01
201800046924;2.0;32;0;0.0;2.0;1.0;1.0;A01
201800046925;2.0;33;0;0.0;0.0;3.0;3.0;A01
201800046926;1.0;7;0;0.0;2.0;1.0;2.0;A01
201800046926;1.0;10;0;0.0;2.0;5.0;2.0;B01
201800046926;1.0;7;0;0.0;2.0;5.0;2.0;D01
201800046926;1.0;7;0;0.0;2.0;5.0;2.0;C01
201800046927;2.0;7;0;0.0;2.0;7.0;14.0;A01
201800046927;2.0;33;0;0.0;2.0;3.0;3.0;B01
201800046928;2.0;7;0;0.0;2.0;2.0;12.0;A01
201800046928;2.0;33;0;0.0;2.0;3.0;3.0;B01
201800046928;2.0;7;0;0.0;2.0;3.0;1.0;C01
201800046929;1.0;10;0;0.0;2.0;2.0;12.0;A01
201800046929;1.0;33;0;0.0;2.0;3.0;3.0;B01
201800046930;2.0;7;0;0.0;2.0;1.0;1.0;A01
201800046930;2.0;7;0;0.0;2.0;4.0;2.0;B01
201800046931;2.0;7;0;0.0;2.0;4.0;2.0;B01
201800046931;2.0;10;0;0.0;2.0;1.0;1.0;A01
201800046932;2.0;33;0;16.0;0.0;1.0;3.0;A01
201800046933;2.0;10;0;0.0;2.0;4.0;2.0;B01
201800046933;2.0;34;0;0.0;2.0;1.0;1.0;A01
201800046934;1.0;7;0;0.0;2.0;1.0;1.0;A01
201800046934;1.0;10;0;0.0;2.0;4.0;2.0;B01
201800046935;2.0;7;0;0.0;2.0;3.0;3.0;A01
201800046935;2.0;33;0;0.0;2.0;1.0;11.0;B01
201800046936;2.0;7;0;0.0;2.0;4.0;2.0;B01
201800046936;2.0;7;0;0.0;2.0;1.0;1.0;A01
201800046937;2.0;7;0;0.0;2.0;1.0;1.0;A01
201800046937;2.0;7;0;0.0;2.0;4.0;2.0;B01
201800046938;2.0;7;0;0.0;2.0;1.0;1.0;A01
201800046938;2.0;7;0;0.0;2.0;4.0;2.0;B01
201800046939;1.0;7;0;0.0;2.0;4.0;2.0;B01
201800046939;1.0;7;0;0.0;2.0;4.0;2.0;C01
201800046939;1.0;7;0;0.0;2.0;1.0;2.0;A01
201800046939;1.0;7;0;0.0;2.0;4.0;2.0;D01
201800046940;1.0;7;0;0.0;2.0;1.0;1.0;A01
201800046940;1.0;7;0;0.0;2.0;4.0;2.0;B01
201800046941;2.0;10;0;0.0;2.0;1.0;1.0;A01
201800046941;2.0;7;0;0.0;2.0;4.0;2.0;C01
201800046941;2.0;7;0;0.0;2.0;4.0;2.0;B01
201800046942;2.0;32;0;0.0;2.0;3.0;1.0;A01
201800046942;2.0;7;0;0.0;2.0;5.0;12.0;Z01
201800046943;1.0;15;0;0.0;2.0;1.0;2.0;D01
201800046943;1.0;7;0;0.0;2.0;7.0;2.0;B01
201800046943;1.0;10;0;0.0;2.0;4.0;2.0;C01
201800046943;1.0;7;0;0.0;2.0;7.0;1.0;A01
201800046944;2.0;7;0;0.0;2.0;1.0;1.0;A01
201800046944;2.0;7;0;0.0;2.0;4.0;2.0;B01
201800046945;1.0;7;0;0.0;2.0;4.0;2.0;B01
201800046945;1.0;7;0;0.0;2.0;1.0;1.0;A01
201800046945;1.0;7;0;0.0;2.0;4.0;2.0;C01
201800046946;1.0;17;0;0.0;2.0;5.0;1.0;A01
201800046946;1.0;14;0;0.0;2.0;1.0;2.0;C01
201800046946;1.0;7;0;0.0;2.0;3.0;9.0;B01
201800046947;1.0;32;0;0.0;2.0;3.0;1.0;B01
201800046947;1.0;10;0;0.0;2.0;2.0;12.0;A01
201800046948;2.0;33;0;0.0;2.0;7.0;3.0;A01
201800046948;2.0;7;0;0.0;2.0;8.0;1.0;B01
201800046949;2.0;7;0;0.0;2.0;1.0;1.0;A01
201800046949;2.0;17;0;0.0;2.0;4.0;2.0;B01
201800046950;2.0;15;0;0.0;2.0;1.0;1.0;A01
201800046950;2.0;32;0;0.0;2.0;4.0;2.0;B01
201800046951;1.0;7;0;4.0;0.0;1.0;1.0;A01
201800046952;2.0;33;0;0.0;2.0;1.0;3.0;B01
201800046952;2.0;7;0;0.0;2.0;6.0;12.0;A01
201800046953;2.0;34;0;0.0;2.0;8.0;21.0;A01
201800046953;2.0;7;0;0.0;2.0;5.0;1.0;B01
201800046954;2.0;15;0;0.0;2.0;4.0;2.0;B01
201800046954;2.0;7;0;0.0;2.0;1.0;1.0;A01
201800046955;2.0;33;0;0.0;2.0;1.0;3.0;A01
201800046955;2.0;7;0;0.0;2.0;2.0;0.0;B01
201800046956;1.0;17;0;3.0;0.0;1.0;1.0;A01
201800046957;1.0;7;0;0.0;2.0;1.0;13.0;A01
201800046957;1.0;7;0;0.0;2.0;3.0;1.0;B01
201800046958;2.0;13;0;0.0;2.0;1.0;2.0;A01
201800046958;2.0;7;0;0.0;2.0;4.0;2.0;B01
201800046959;1.0;7;0;0.0;2.0;4.0;2.0;D01
201800046959;1.0;7;0;0.0;2.0;1.0;1.0;A01
201800046959;1.0;10;0;0.0;2.0;4.0;2.0;B01
201800046959;1.0;7;0;0.0;2.0;4.0;2.0;C01
201800046960;1.0;33;0;0.0;2.0;3.0;3.0;B01
201800046960;1.0;7;0;0.0;2.0;4.0;1.0;C01
201800046960;1.0;7;0;0.0;2.0;2.0;12.0;A01
201800046961;2.0;7;0;0.0;2.0;4.0;23.0;B01
201800046961;2.0;7;0;1.0;0.0;1.0;1.0;A01
201800046962;2.0;10;0;0.0;2.0;6.0;1.0;A01
201800046962;2.0;33;0;0.0;2.0;1.0;3.0;B01
201800046963;2.0;7;0;0.0;2.0;6.0;1.0;B01
201800046963;2.0;31;0;0.0;2.0;1.0;3.0;A01
201800046964;2.0;7;0;0.0;0.0;9.0;0.0;A01
201800046965;2.0;31;0;0.0;6.0;8.0;1.0;A01
201800046966;2.0;15;0;0.0;2.0;4.0;9.0;A01
201800046966;2.0;7;0;0.0;2.0;4.0;12.0;B01
201800046967;2.0;7;0;0.0;2.0;4.0;1.0;A01
201800046967;2.0;33;0;0.0;2.0;1.0;2.0;B01
201800046968;1.0;7;0;0.0;2.0;5.0;1.0;B01
201800046968;1.0;31;0;0.0;2.0;1.0;12.0;A01
201800046969;1.0;33;0;0.0;2.0;8.0;3.0;A01
201800046969;1.0;10;0;0.0;2.0;6.0;1.0;B01
201800046970;2.0;7;0;0.0;2.0;1.0;13.0;A01
201800046970;2.0;7;0;0.0;2.0;4.0;1.0;B01
201800046970;2.0;33;0;0.0;2.0;4.0;1.0;C01
201800046971;1.0;31;0;0.0;2.0;1.0;1.0;A01
201800046971;1.0;7;0;0.0;2.0;4.0;2.0;B01
201800046972;2.0;32;0;0.0;0.0;0.0;1.0;A01
201800046973;1.0;7;0;0.0;2.0;1.0;1.0;A01
201800046973;1.0;7;0;0.0;2.0;4.0;2.0;B01
201800046974;1.0;7;0;0.0;0.0;9.0;1.0;A01
201800046975;1.0;7;0;0.0;2.0;1.0;1.0;A01
201800046975;1.0;7;0;0.0;2.0;4.0;2.0;B01
201800046975;1.0;7;0;0.0;2.0;4.0;2.0;C01
201800046976;1.0;31;0;0.0;2.0;8.0;1.0;B01
201800046976;1.0;7;0;0.0;2.0;1.0;12.0;A01
201800046977;1.0;7;0;0.0;2.0;4.0;2.0;B01
201800046977;1.0;7;0;0.0;2.0;1.0;1.0;A01
201800046978;2.0;7;0;0.0;2.0;1.0;2.0;A01
201800046978;2.0;7;0;0.0;2.0;4.0;2.0;B01
201800046978;2.0;7;0;0.0;2.0;5.0;2.0;C01
201800046978;2.0;7;0;0.0;2.0;4.0;2.0;D01
201800046979;2.0;34;0;4.0;0.0;1.0;1.0;A01
201800046980;1.0;7;0;0.0;2.0;4.0;1.0;B01
201800046980;1.0;7;0;0.0;2.0;1.0;1.0;A01
201800046981;1.0;10;0;0.0;2.0;1.0;2.0;A01
201800046981;1.0;10;0;0.0;2.0;4.0;2.0;B01
201800046981;1.0;7;0;0.0;2.0;4.0;2.0;C01
201800046982;1.0;33;0;0.0;2.0;1.0;1.0;B01
201800046982;1.0;7;0;0.0;2.0;4.0;1.0;A01
201800046983;1.0;33;0;0.0;2.0;1.0;3.0;A01
201800046983;1.0;7;0;0.0;2.0;4.0;1.0;B01
201800046984;2.0;7;0;0.0;2.0;6.0;1.0;A01
201800046984;2.0;10;0;0.0;2.0;2.0;14.0;B01
201800046985;2.0;10;0;0.0;2.0;4.0;1.0;B01
201800046985;2.0;10;0;0.0;2.0;1.0;1.0;A01
201800046986;1.0;7;0;0.0;2.0;5.0;12.0;A01
201800046986;1.0;33;0;0.0;2.0;3.0;3.0;B01
201800046987;1.0;10;0;0.0;2.0;4.0;12.0;A01
201800046987;1.0;33;0;0.0;2.0;3.0;3.0;B01
201800046988;1.0;99;0;0.0;2.0;7.0;1.0;Z01
201800046988;1.0;7;0;0.0;2.0;8.0;9.0;A01
201800046989;2.0;7;0;0.0;2.0;1.0;1.0;A01
201800046989;2.0;7;0;0.0;2.0;4.0;2.0;B01
201800046989;2.0;7;0;0.0;2.0;4.0;2.0;D01
201800046989;2.0;7;0;0.0;2.0;4.0;2.0;C01
201800046990;1.0;7;0;0.0;2.0;1.0;14.0;A01
201800046990;1.0;37;1;0.0;2.0;3.0;1.0;C01
201800046990;1.0;7;0;0.0;2.0;4.0;1.0;B01
201800046991;2.0;7;0;0.0;2.0;1.0;2.0;A01
201800046991;2.0;7;0;0.0;2.0;4.0;2.0;C01
201800046991;2.0;7;0;0.0;2.0;4.0;2.0;B01
201800046992;2.0;7;0;0.0;2.0;4.0;2.0;C01
201800046992;2.0;10;0;0.0;2.0;4.0;2.0;B01
201800046992;2.0;10;0;0.0;2.0;4.0;2.0;E01
201800046992;2.0;7;0;0.0;2.0;4.0;2.0;D01
201800046992;2.0;7;0;0.0;2.0;1.0;1.0;A01
201800046993;2.0;7;0;0.0;2.0;1.0;1.0;A01
201800046993;2.0;7;0;0.0;2.0;4.0;2.0;B01
201800046994;1.0;7;0;0.0;2.0;3.0;11.0;A01
201800046994;1.0;33;0;0.0;2.0;2.0;3.0;B01
201800046995;1.0;7;0;5.0;0.0;2.0;1.0;A01
201800046996;1.0;7;0;0.0;2.0;4.0;1.0;C01
201800046996;1.0;7;0;0.0;2.0;5.0;1.0;B01
201800046996;1.0;34;0;0.0;2.0;1.0;3.0;A01
201800046997;1.0;7;0;3.0;2.0;6.0;23.0;B01
201800046997;1.0;7;0;0.0;2.0;1.0;21.0;A01
201800046998;2.0;7;0;16.0;0.0;1.0;1.0;A01
201800046999;1.0;17;0;3.0;0.0;2.0;14.0;A01
201800047000;1.0;7;0;0.0;2.0;1.0;13.0;A01
201800047000;1.0;7;0;0.0;2.0;1.0;1.0;B01
201800047001;1.0;7;0;0.0;1.0;2.0;1.0;A01
201800047002;1.0;7;0;0.0;2.0;1.0;1.0;Z01
201800047002;1.0;7;0;0.0;2.0;8.0;1.0;A01
201800047003;1.0;7;0;0.0;2.0;1.0;2.0;A01
201800047003;1.0;10;0;0.0;2.0;4.0;2.0;B01
201800047003;1.0;7;0;0.0;2.0;4.0;1.0;C01
201800047004;2.0;7;0;0.0;2.0;4.0;2.0;B01
201800047004;2.0;10;0;0.0;2.0;1.0;2.0;C01