Num_Acc;senc;catv;occutc;obs;obsm;choc;manv;num_veh
201800047232;1.0;7;0;0.0;2.0;4.0;1.0;C01
201800047233;1.0;7;0;0.0;2.0;1.0;2.0;A01
201800047233;1.0;7;0;0.0;2.0;4.0;2.0;B01
201800047233;1.0;7;0;0.0;2.0;4.0;2.0;C01
201800047234;1.0;7;0;0.0;2.0;2.0;2.0;A01
201800047234;1.0;2;0;0.0;2.0;4.0;2.0;B01
201800047235;1.0;10;0;5.0;2.0;3.0;1.0;A01
201800047235;1.0;7;0;0.0;2.0;4.0;1.0;B01
201800047236;1.0;7;0;0.0;1.0;1.0;2.0;A01
201800047237;1.0;7;0;0.0;2.0;0.0;15.0;A01
201800047237;0.0;31;0;0.0;2.0;0.0;1.0;B01
201800047238;1.0;7;0;0.0;2.0;7.0;15.0;A01
201800047238;2.0;32;0;0.0;2.0;1.0;1.0;B01
201800047239;1.0;30;0;0.0;0.0;0.0;1.0;A01
201800047240;2.0;7;0;6.0;0.0;1.0;0.0;A01
201800047241;2.0;7;0;0.0;2.0;1.0;0.0;A01
201800047241;2.0;7;0;0.0;2.0;4.0;2.0;B01
201800047242;1.0;7;0;0.0;2.0;2.0;15.0;A01
201800047242;2.0;1;0;0.0;2.0;2.0;0.0;B01
201800047243;2.0;7;0;0.0;2.0;3.0;1.0;A01
201800047243;1.0;7;0;0.0;2.0;3.0;1.0;B01
201800047244;2.0;7;0;0.0;2.0;1.0;1.0;A01
201800047244;2.0;7;0;0.0;2.0;5.0;1.0;B01
201800047245;0.0;7;0;0.0;2.0;3.0;1.0;A01
201800047245;0.0;7;0;0.0;2.0;4.0;1.0;B01
201800047246;1.0;7;0;0.0;2.0;1.0;2.0;A01
201800047246;1.0;7;0;0.0;2.0;4.0;2.0;B01
201800047247;2.0;10;0;0.0;5.0;1.0;1.0;A01
201800047248;0.0;7;0;0.0;2.0;1.0;2.0;A01
201800047248;0.0;7;0;0.0;2.0;4.0;15.0;B01
201800047248;0.0;7;0;0.0;2.0;3.0;2.0;C01
201800047248;0.0;7;0;0.0;6.0;1.0;14.0;D01
201800047249;2.0;10;0;12.0;0.0;1.0;14.0;A01
201800047250;1.0;7;0;0.0;2.0;1.0;2.0;A01
201800047250;1.0;7;0;0.0;2.0;9.0;2.0;B01
201800047250;1.0;7;0;0.0;2.0;4.0;2.0;C01
201800047251;1.0;7;0;0.0;2.0;1.0;2.0;A01
201800047251;1.0;10;0;0.0;6.0;4.0;2.0;B01
201800047252;2.0;7;0;0.0;2.0;3.0;9.0;A01
201800047252;2.0;33;0;0.0;2.0;2.0;1.0;B01
201800047253;2.0;2;0;0.0;2.0;7.0;1.0;B01
201800047253;2.0;7;0;0.0;0.0;0.0;0.0;Z01
201800047254;1.0;30;0;6.0;0.0;1.0;0.0;A01
201800047255;1.0;7;0;0.0;2.0;1.0;2.0;A01
201800047255;1.0;7;0;0.0;2.0;4.0;2.0;B01
201800047256;1.0;2;0;0.0;2.0;1.0;13.0;A01
201800047256;2.0;7;0;0.0;2.0;2.0;1.0;B01
201800047257;1.0;7;0;0.0;0.0;0.0;0.0;A01
201800047258;1.0;7;0;0.0;2.0;1.0;2.0;A01
201800047258;1.0;7;0;0.0;2.0;4.0;2.0;B01
201800047258;1.0;7;0;0.0;2.0;4.0;2.0;C01
201800047259;2.0;7;0;0.0;2.0;3.0;1.0;A01
201800047259;2.0;7;0;0.0;2.0;1.0;1.0;B01
201800047259;2.0;7;0;0.0;2.0;6.0;0.0;C01
201800047260;2.0;32;0;0.0;2.0;3.0;13.0;A01
201800047260;1.0;7;0;0.0;2.0;3.0;1.0;B01
201800047261;0.0;7;0;0.0;1.0;4.0;20.0;A01
201800047262;2.0;32;0;0.0;2.0;1.0;1.0;B01
201800047262;1.0;17;0;0.0;2.0;7.0;12.0;Z01
201800047263;1.0;10;0;0.0;2.0;1.0;1.0;A01
201800047263;1.0;7;0;0.0;2.0;8.0;16.0;B01
201800047264;0.0;7;0;1.0;1.0;2.0;21.0;A01
201800047265;1.0;7;0;8.0;0.0;1.0;1.0;A01
201800047266;2.0;14;0;0.0;2.0;4.0;4.0;A01
201800047266;2.0;7;0;0.0;2.0;1.0;1.0;B01
201800047267;1.0;7;0;0.0;2.0;6.0;11.0;A01
201800047267;1.0;7;0;4.0;2.0;2.0;0.0;B01
201800047268;2.0;33;0;0.0;2.0;3.0;13.0;A01
201800047268;1.0;7;0;0.0;2.0;1.0;15.0;B01
201800047269;2.0;10;0;13.0;0.0;1.0;1.0;A01
201800047270;0.0;33;0;0.0;2.0;4.0;2.0;A01
201800047270;0.0;7;0;0.0;2.0;0.0;0.0;Z01
201800047271;2.0;30;0;0.0;2.0;9.0;1.0;A01
201800047271;1.0;7;0;0.0;2.0;1.0;1.0;B01
201800047272;1.0;7;0;0.0;1.0;8.0;1.0;B01
201800047273;1.0;7;0;0.0;1.0;1.0;15.0;A01
201800047274;0.0;30;0;0.0;2.0;1.0;17.0;A01
201800047274;0.0;7;0;0.0;2.0;3.0;9.0;B01
201800047275;1.0;7;0;0.0;2.0;1.0;2.0;A01
201800047275;1.0;7;0;0.0;2.0;9.0;2.0;B01
201800047275;1.0;7;0;0.0;2.0;9.0;2.0;C01
201800047275;1.0;7;0;0.0;2.0;4.0;2.0;D01
201800047276;1.0;7;0;0.0;2.0;3.0;15.0;B01
201800047276;1.0;32;0;0.0;2.0;2.0;15.0;A01
201800047277;1.0;7;0;0.0;2.0;3.0;13.0;A01
201800047277;2.0;7;0;0.0;2.0;3.0;1.0;B01
201800047278;0.0;7;0;0.0;2.0;1.0;2.0;A01
201800047278;0.0;7;0;0.0;2.0;4.0;2.0;B01
201800047278;0.0;7;0;0.0;2.0;4.0;2.0;C01
201800047279;0.0;7;0;0.0;2.0;1.0;2.0;A01
201800047279;0.0;7;0;0.0;2.0;4.0;2.0;B01
201800047280;1.0;7;0;0.0;2.0;1.0;2.0;A01
201800047280;1.0;7;0;4.0;2.0;4.0;2.0;B01
201800047280;1.0;7;0;0.0;2.0;6.0;1.0;C01
201800047280;1.0;7;0;0.0;2.0;4.0;2.0;D01
201800047280;1.0;7;0;0.0;2.0;4.0;2.0;E01
201800047281;2.0;2;0;0.0;2.0;1.0;1.0;A01
201800047281;2.0;7;0;0.0;2.0;6.0;24.0;B01
201800047282;1.0;10;0;0.0;2.0;1.0;2.0;A01
201800047282;1.0;7;0;0.0;2.0;4.0;2.0;B01
201800047282;1.0;7;0;0.0;2.0;4.0;2.0;C01
201800047282;1.0;7;0;0.0;2.0;4.0;2.0;D01
201800047283;1.0;7;0;0.0;1.0;1.0;15.0;A01
201800047284;0.0;3;0;0.0;1.0;1.0;19.0;A01
201800047285;0.0;7;0;0.0;2.0;2.0;20.0;A01
201800047285;0.0;2;0;0.0;2.0;1.0;1.0;B01
201800047286;2.0;7;0;0.0;2.0;6.0;6.0;A01
201800047286;1.0;15;0;0.0;2.0;8.0;0.0;B01
201800047287;1.0;30;0;0.0;2.0;1.0;2.0;A01
201800047287;1.0;7;0;0.0;2.0;6.0;2.0;B01
201800047288;2.0;7;0;0.0;2.0;8.0;16.0;A01
201800047288;2.0;14;0;0.0;2.0;3.0;15.0;B01
201800047289;1.0;7;0;0.0;2.0;5.0;2.0;A01
201800047289;1.0;7;0;0.0;2.0;5.0;2.0;B01
201800047290;1.0;7;0;0.0;1.0;0.0;0.0;A01
201800047291;1.0;31;0;0.0;2.0;1.0;1.0;A01
201800047291;1.0;7;0;0.0;2.0;3.0;9.0;B01
201800047292;1.0;7;0;0.0;1.0;1.0;1.0;A01
201800047293;2.0;7;0;0.0;2.0;1.0;2.0;A01
201800047293;2.0;7;0;0.0;2.0;4.0;2.0;B01
201800047293;2.0;7;0;0.0;2.0;4.0;2.0;C01
201800047293;2.0;2;0;0.0;2.0;8.0;3.0;D01
201800047293;2.0;7;0;0.0;2.0;3.0;1.0;E01
201800047294;2.0;7;0;0.0;2.0;1.0;2.0;A01
201800047294;2.0;7;0;0.0;2.0;4.0;2.0;B01
201800047295;2.0;10;0;0.0;1.0;3.0;1.0;Z01
201800047296;1.0;7;0;0.0;2.0;2.0;15.0;A01
201800047296;2.0;34;0;0.0;2.0;1.0;1.0;B01
201800047297;2.0;7;0;12.0;0.0;2.0;15.0;A01
201800047298;1.0;7;0;4.0;2.0;3.0;1.0;A01
201800047298;1.0;7;0;0.0;2.0;6.0;11.0;Z01
201800047299;0.0;7;0;1.0;0.0;6.0;4.0;A01
201800047299;0.0;7;0;0.0;2.0;2.0;1.0;D01
201800047300;0.0;33;0;0.0;1.0;1.0;1.0;A01
201800047301;2.0;7;0;0.0;2.0;4.0;2.0;A01
201800047301;2.0;7;0;0.0;2.0;1.0;0.0;B01
201800047302;0.0;7;0;8.0;0.0;1.0;1.0;A01
201800047303;1.0;10;0;0.0;2.0;1.0;2.0;A01
201800047303;1.0;10;0;0.0;2.0;4.0;23.0;B01
201800047303;1.0;7;0;0.0;2.0;1.0;23.0;C01
201800047303;1.0;7;0;0.0;2.0;4.0;23.0;D01
201800047304;1.0;33;0;0.0;2.0;1.0;2.0;B01
201800047304;1.0;10;0;0.0;2.0;6.0;4.0;Z01
201800047305;2.0;31;0;8.0;0.0;0.0;14.0;A01
201800047306;1.0;7;0;0.0;2.0;1.0;2.0;A01
201800047306;1.0;7;0;0.0;2.0;4.0;2.0;B01
201800047307;2.0;7;0;0.0;2.0;1.0;1.0;A01
201800047307;2.0;7;0;0.0;2.0;6.0;1.0;B01
201800047308;1.0;7;0;0.0;2.0;4.0;23.0;D01
201800047308;1.0;7;0;0.0;2.0;4.0;2.0;B01
201800047308;1.0;7;0;0.0;2.0;1.0;2.0;A01
201800047308;1.0;7;0;0.0;2.0;4.0;2.0;C01
201800047309;2.0;33;0;11.0;2.0;1.0;18.0;A01
201800047310;2.0;7;0;0.0;1.0;7.0;0.0;A01
201800047311;1.0;7;0;0.0;2.0;1.0;19.0;A01
201800047311;1.0;7;0;0.0;2.0;7.0;19.0;B01
201800047312;2.0;7;0;0.0;1.0;1.0;1.0;A01
201800047313;1.0;7;0;0.0;2.0;1.0;5.0;A01
201800047313;2.0;7;0;0.0;2.0;1.0;1.0;B01
201800047314;1.0;7;0;0.0;1.0;2.0;0.0;A01
201800047315;2.0;31;0;0.0;2.0;8.0;1.0;B01
201800047315;2.0;7;0;0.0;2.0;7.0;15.0;A01
201800047316;1.0;34;0;0.0;1.0;8.0;14.0;A01
201800047317;1.0;7;0;0.0;1.0;1.0;1.0;A01
201800047318;1.0;1;0;0.0;2.0;1.0;7.0;B01
201800047318;1.0;7;0;0.0;9.0;8.0;10.0;A01
201800047319;2.0;7;0;0.0;1.0;2.0;1.0;A01
201800047320;2.0;7;0;9.0;0.0;0.0;7.0;A01
201800047321;1.0;33;0;0.0;2.0;7.0;1.0;A01
201800047321;2.0;7;0;0.0;2.0;1.0;1.0;B01
201800047322;1.0;7;0;0.0;2.0;6.0;11.0;A01
201800047322;1.0;34;0;0.0;2.0;2.0;11.0;B01
201800047323;2.0;7;0;0.0;2.0;1.0;15.0;A01
201800047323;1.0;33;0;0.0;2.0;1.0;1.0;B01
201800047324;1.0;13;0;0.0;2.0;3.0;17.0;A01
201800047324;1.0;13;0;0.0;2.0;3.0;15.0;B01
201800047325;1.0;7;0;0.0;1.0;2.0;1.0;A01
201800047326;1.0;1;0;0.0;2.0;7.0;1.0;B01
201800047326;1.0;7;0;0.0;9.0;3.0;9.0;A01
201800047327;1.0;33;0;0.0;0.0;0.0;1.0;A01
201800047328;1.0;7;0;0.0;1.0;1.0;1.0;A01
201800047329;1.0;7;0;0.0;9.0;2.0;15.0;A01
201800047329;2.0;1;0;0.0;2.0;5.0;2.0;B01
201800047330;2.0;7;0;0.0;1.0;3.0;1.0;A01
201800047331;1.0;7;0;1.0;0.0;1.0;14.0;A01
201800047332;1.0;7;0;0.0;2.0;1.0;19.0;A01
201800047332;0.0;99;0;0.0;2.0;0.0;0.0;R01
201800047333;2.0;2;0;0.0;0.0;7.0;0.0;A01
201800047334;1.0;7;0;0.0;2.0;4.0;2.0;B01
201800047334;1.0;7;0;0.0;2.0;4.0;2.0;C01
201800047334;1.0;7;0;0.0;2.0;1.0;2.0;A01
201800047335;1.0;7;0;0.0;1.0;2.0;16.0;A01
201800047336;1.0;7;0;6.0;0.0;1.0;16.0;A01
201800047337;2.0;30;0;0.0;2.0;7.0;1.0;B01
201800047337;2.0;7;0;0.0;2.0;8.0;13.0;A01
201800047338;1.0;7;0;0.0;1.0;1.0;1.0;A01
201800047339;1.0;34;0;0.0;1.0;1.0;21.0;A01
201800047340;2.0;7;0;0.0;2.0;2.0;2.0;B01
201800047340;1.0;7;0;0.0;2.0;1.0;2.0;A01
201800047341;2.0;7;0;0.0;2.0;3.0;15.0;A01
201800047341;1.0;31;0;0.0;2.0;1.0;1.0;B01
201800047342;1.0;7;0;0.0;1.0;1.0;1.0;A01
201800047343;1.0;33;0;0.0;2.0;1.0;1.0;A01
201800047343;2.0;7;0;0.0;2.0;6.0;10.0;B01
201800047344;2.0;1;0;0.0;0.0;0.0;1.0;A01
201800047345;1.0;7;0;0.0;1.0;1.0;1.0;A01
201800047346;1.0;7;0;0.0;1.0;2.0;1.0;A01
201800047347;2.0;7;0;0.0;2.0;5.0;1.0;B01
201800047347;2.0;34;0;0.0;2.0;1.0;2.0;A01
201800047348;1.0;32;0;0.0;0.0;0.0;15.0;A01
201800047349;2.0;13;0;0.0;1.0;2.0;13.0;A01
201800047350;2.0;7;0;0.0;2.0;1.0;5.0;A01
201800047350;1.0;7;0;0.0;2.0;1.0;1.0;B01
201800047351;1.0;37;0;0.0;1.0;2.0;17.0;A01
201800047352;2.0;7;0;0.0;2.0;1.0;15.0;B01
201800047352;1.0;31;0;0.0;2.0;3.0;1.0;A01
201800047353;1.0;1;0;0.0;1.0;1.0;1.0;A01
201800047354;1.0;33;0;0.0;2.0;7.0;1.0;B01
201800047354;2.0;7;0;0.0;2.0;1.0;15.0;A01
201800047355;1.0;7;0;14.0;2.0;2.0;9.0;A01
201800047355;1.0;13;0;0.0;2.0;2.0;21.0;B01
201800047356;2.0;7;0;4.0;0.0;3.0;16.0;A01
201800047357;1.0;7;0;0.0;1.0;3.0;15.0;A01
201800047358;1.0;7;0;0.0;2.0;3.0;2.0;B01
201800047358;1.0;2;0;0.0;2.0;7.0;17.0;A01
201800047359;2.0;7;0;0.0;2.0;2.0;15.0;A01
201800047359;1.0;34;0;0.0;2.0;1.0;1.0;B01
201800047360;2.0;7;0;0.0;2.0;1.0;1.0;A01
201800047360;2.0;7;0;0.0;2.0;4.0;23.0;B01
201800047361;2.0;1;0;0.0;0.0;0.0;1.0;A01
201800047362;1.0;7;0;6.0;0.0;2.0;14.0;A01
201800047363;1.0;2;0;4.0;0.0;2.0;14.0;A01
201800047364;2.0;7;0;6.0;0.0;1.0;16.0;A01
201800047365;2.0;31;0;0.0;0.0;1.0;21.0;A01
201800047366;1.0;7;0;0.0;2.0;1.0;1.0;A01
201800047366;1.0;7;0;0.0;2.0;1.0;15.0;B01
201800047367;2.0;7;0;0.0;1.0;2.0;1.0;A01
201800047368;1.0;7;0;0.0;2.0;2.0;15.0;A01
201800047368;2.0;33;0;0.0;2.0;1.0;21.0;B01
201800047369;1.0;7;0;3.0;0.0;1.0;2.0;B01
201800047369;1.0;7;0;0.0;2.0;1.0;15.0;A01
201800047370;1.0;10;0;0.0;2.0;5.0;1.0;B01
201800047370;1.0;33;0;0.0;2.0;1.0;1.0;A01
201800047371;2.0;7;0;0.0;2.0;1.0;1.0;A01
201800047371;1.0;31;0;0.0;2.0;2.0;19.0;B01
201800047372;2.0;7;0;0.0;1.0;4.0;4.0;A01
201800047373;1.0;10;0;0.0;2.0;2.0;1.0;A01
201800047373;2.0;7;0;0.0;2.0;3.0;1.0;B01
201800047374;1.0;7;0;4.0;0.0;8.0;21.0;A01
201800047375;1.0;7;0;1.0;0.0;3.0;13.0;A01
201800047376;1.0;7;0;0.0;2.0;8.0;19.0;A01
201800047376;2.0;33;0;0.0;2.0;1.0;21.0;B01
201800047377;2.0;7;0;0.0;2.0;3.0;15.0;A01
201800047377;1.0;7;0;0.0;2.0;3.0;23.0;B01
201800047378;1.0;7;0;0.0;2.0;5.0;24.0;A01
201800047379;1.0;7;0;0.0;2.0;1.0;14.0;A01
201800047379;1.0;7;0;0.0;2.0;4.0;16.0;B01
201800047380;2.0;10;0;0.0;2.0;8.0;10.0;Z01
201800047380;2.0;31;0;0.0;2.0;2.0;17.0;B01
201800047381;2.0;7;0;0.0;2.0;6.0;2.0;B01
201800047381;2.0;33;0;0.0;2.0;1.0;2.0;A01
201800047382;1.0;7;0;0.0;2.0;8.0;10.0;B01
201800047382;2.0;34;0;0.0;2.0;1.0;1.0;A01
201800047383;2.0;7;0;0.0;2.0;3.0;21.0;A01
201800047383;2.0;7;0;0.0;2.0;4.0;15.0;B01
201800047384;1.0;7;0;0.0;2.0;4.0;2.0;B01
201800047384;1.0;7;0;0.0;2.0;1.0;2.0;A01
201800047384;1.0;7;0;0.0;9.0;4.0;2.0;C01
201800047385;1.0;7;0;0.0;9.0;1.0;1.0;B01
201800047385;2.0;1;0;0.0;2.0;7.0;19.0;A01
201800047386;1.0;33;0;8.0;0.0;1.0;14.0;A01
201800047387;1.0;7;0;0.0;1.0;2.0;16.0;A01
201800047388;1.0;7;0;0.0;2.0;8.0;9.0;B01
201800047388;2.0;7;0;0.0;2.0;3.0;1.0;A01
201800047389;2.0;31;0;0.0;2.0;8.0;21.0;A01
201800047389;2.0;7;0;0.0;0.0;0.0;2.0;B01
201800047390;1.0;7;0;0.0;1.0;6.0;15.0;A01
201800047391;1.0;7;0;12.0;0.0;1.0;1.0;A01
201800047392;2.0;10;0;0.0;2.0;8.0;15.0;A01
201800047392;2.0;7;0;15.0;2.0;2.0;1.0;B01
201800047393;1.0;7;0;0.0;2.0;1.0;1.0;A01
201800047393;2.0;7;0;3.0;0.0;2.0;13.0;B01
201800047394;1.0;32;0;0.0;0.0;0.0;1.0;A01
201800047395;1.0;34;0;0.0;0.0;8.0;15.0;A01
201800047396;2.0;7;0;0.0;2.0;3.0;15.0;A01
201800047396;2.0;7;0;0.0;2.0;3.0;1.0;B01
201800047397;1.0;31;0;0.0;0.0;9.0;1.0;A01
201800047398;1.0;34;0;0.0;2.0;1.0;2.0;Z01
201800047398;1.0;7;0;0.0;2.0;3.0;16.0;A01
201800047399;2.0;31;0;0.0;2.0;0.0;0.0;B01
201800047399;2.0;7;0;0.0;2.0;0.0;15.0;A01
201800047400;1.0;7;0;0.0;0.0;7.0;1.0;A01
201800047401;2.0;7;0;0.0;2.0;7.0;1.0;B01
201800047401;2.0;7;0;0.0;2.0;3.0;1.0;A01
201800047402;2.0;31;0;0.0;0.0;0.0;2.0;A01
201800047403;2.0;7;0;0.0;1.0;3.0;1.0;A01
201800047404;2.0;7;0;0.0;1.0;1.0;2.0;A01
201800047405;1.0;1;0;0.0;2.0;1.0;18.0;B01
201800047405;1.0;7;0;0.0;2.0;7.0;23.0;A01
201800047406;1.0;33;0;0.0;2.0;1.0;1.0;B01
201800047406;2.0;7;0;0.0;2.0;3.0;15.0;A01
201800047407;2.0;7;0;0.0;2.0;4.0;2.0;B01
201800047407;2.0;33;0;0.0;2.0;1.0;2.0;A01
201800047408;2.0;34;0;0.0;0.0;7.0;1.0;A01
201800047409;2.0;7;0;0.0;2.0;9.0;11.0;B01
201800047409;2.0;7;0;0.0;2.0;4.0;15.0;C01
201800047409;2.0;7;0;0.0;2.0;1.0;11.0;A01
201800047410;2.0;1;0;11.0;0.0;1.0;19.0;A01
201800047411;1.0;7;0;0.0;0.0;1.0;0.0;A01
201800047412;2.0;7;0;0.0;2.0;2.0;15.0;A01
201800047412;2.0;1;0;0.0;2.0;8.0;15.0;Y01
201800047413;2.0;33;0;0.0;2.0;7.0;1.0;B01
201800047413;2.0;7;0;0.0;2.0;3.0;13.0;A01
201800047414;2.0;7;0;0.0;1.0;3.0;1.0;A01
201800047415;1.0;7;0;0.0;2.0;3.0;2.0;A01
201800047415;1.0;7;0;0.0;2.0;5.0;2.0;B01
201800047416;1.0;7;0;0.0;2.0;8.0;11.0;A01
201800047416;1.0;7;0;0.0;2.0;2.0;2.0;B01
201800047417;2.0;7;0;0.0;2.0;6.0;15.0;A01
201800047417;1.0;7;0;0.0;2.0;1.0;1.0;B01
201800047418;2.0;7;0;1.0;0.0;1.0;13.0;A01
201800047419;1.0;7;0;9.0;0.0;3.0;13.0;A01
201800047420;1.0;7;0;0.0;1.0;7.0;2.0;A01
201800047421;1.0;7;0;0.0;1.0;3.0;15.0;A01
201800047422;0.0;7;0;0.0;1.0;4.0;20.0;A01
201800047423;1.0;7;0;0.0;1.0;1.0;0.0;A01
201800047424;1.0;7;0;0.0;1.0;1.0;1.0;A01
201800047425;2.0;7;0;8.0;0.0;7.0;0.0;A01
201800047426;2.0;7;0;0.0;2.0;3.0;15.0;B01
201800047426;2.0;31;0;8.0;2.0;1.0;17.0;A01
201800047427;1.0;7;0;1.0;2.0;4.0;15.0;B01
201800047427;1.0;7;0;0.0;2.0;1.0;15.0;A01
201800047428;1.0;10;0;0.0;2.0;2.0;19.0;A01
201800047428;1.0;7;0;0.0;2.0;8.0;1.0;B01
201800047429;2.0;7;0;0.0;1.0;2.0;17.0;A01
201800047430;0.0;31;0;12.0;0.0;1.0;15.0;A01
201800047431;1.0;7;0;0.0;2.0;2.0;15.0;A01
201800047431;2.0;31;0;0.0;2.0;1.0;21.0;B01
201800047432;2.0;34;0;12.0;0.0;7.0;16.0;A01
201800047433;2.0;7;0;0.0;1.0;2.0;1.0;A01
201800047434;1.0;7;0;0.0;2.0;8.0;24.0;A01
201800047434;1.0;1;0;1.0;0.0;1.0;17.0;B01
201800047435;2.0;7;0;0.0;1.0;3.0;1.0;A01
201800047436;1.0;7;0;0.0;2.0;1.0;2.0;B01
201800047436;1.0;7;0;0.0;2.0;1.0;2.0;C01
201800047436;1.0;7;0;0.0;2.0;4.0;23.0;A01
201800047437;2.0;7;0;0.0;2.0;1.0;1.0;B01
201800047437;1.0;7;0;0.0;2.0;1.0;13.0;A01
201800047438;2.0;7;0;0.0;1.0;1.0;0.0;A01
201800047439;0.0;7;0;0.0;2.0;3.0;15.0;A01
201800047439;0.0;1;0;0.0;2.0;0.0;0.0;B01
201800047440;1.0;7;0;14.0;2.0;1.0;0.0;Z01
201800047440;1.0;7;0;0.0;2.0;4.0;23.0;B01
201800047441;1.0;7;0;0.0;1.0;1.0;1.0;A01
201800047442;1.0;33;0;0.0;2.0;1.0;1.0;B01
201800047442;0.0;7;0;0.0;2.0;6.0;15.0;A01
201800047443;1.0;7;0;0.0;2.0;1.0;1.0;A01
201800047443;1.0;7;0;0.0;2.0;4.0;1.0;B01
201800047444;1.0;7;0;0.0;6.0;1.0;15.0;A01
201800047444;2.0;32;0;0.0;2.0;0.0;1.0;B01
201800047445;2.0;7;0;0.0;2.0;3.0;11.0;B01
201800047445;2.0;10;0;15.0;2.0;5.0;1.0;A01
201800047446;2.0;37;30;0.0;2.0;4.0;0.0;A01
201800047446;2.0;1;0;1.0;0.0;0.0;0.0;B01
201800047447;1.0;7;0;0.0;2.0;1.0;15.0;A01
201800047447;1.0;7;0;0.0;2.0;3.0;1.0;B01
201800047448;2.0;7;0;0.0;1.0;1.0;2.0;A01
201800047449;0.0;2;0;15.0;0.0;1.0;0.0;A01
201800047450;1.0;1;0;0.0;1.0;1.0;0.0;A01
201800047451;1.0;14;0;0.0;2.0;3.0;0.0;C01
201800047451;1.0;7;0;0.0;2.0;2.0;16.0;B01
201800047451;1.0;7;0;0.0;2.0;6.0;0.0;A01
201800047451;1.0;7;0;0.0;2.0;2.0;0.0;D01
201800047452;0.0;1;0;0.0;2.0;1.0;19.0;A01
201800047452;1.0;7;0;0.0;2.0;2.0;1.0;B01
201800047453;1.0;10;0;0.0;2.0;1.0;2.0;A01
201800047453;1.0;10;0;0.0;2.0;4.0;2.0;B01
201800047454;1.0;7;0;0.0;2.0;1.0;2.0;A01
201800047454;1.0;7;0;0.0;2.0;4.0;1.0;B01
201800047455;1.0;33;0;0.0;2.0;1.0;1.0;B01
201800047455;2.0;7;0;0.0;2.0;3.0;15.0;A01
201800047456;1.0;1;0;0.0;2.0;7.0;19.0;B01
201800047456;1.0;7;0;0.0;2.0;1.0;0.0;A01
201800047457;0.0;7;0;2.0;0.0;2.0;1.0;A01
201800047458;1.0;7;0;0.0;2.0;3.0;17.0;A01
201800047458;2.0;7;0;0.0;2.0;3.0;9.0;B01
201800047459;2.0;7;0;11.0;1.0;1.0;19.0;A01
201800047460;2.0;10;0;14.0;0.0;9.0;21.0;A01
201800047460;1.0;10;0;0.0;0.0;1.0;1.0;C01
201800047460;2.0;10;0;0.0;0.0;6.0;11.0;B01
201800047461;1.0;7;0;0.0;2.0;1.0;8.0;A01
201800047461;2.0;1;0;0.0;2.0;7.0;1.0;B01
201800047462;1.0;7;0;0.0;2.0;8.0;20.0;A01
201800047462;1.0;32;0;0.0;2.0;2.0;0.0;B01
201800047463;2.0;33;0;0.0;0.0;0.0;1.0;A01
201800047464;1.0;33;0;0.0;0.0;1.0;17.0;A01
201800047465;1.0;7;0;0.0;2.0;4.0;9.0;A01
201800047465;1.0;37;30;0.0;2.0;0.0;0.0;B01
201800047466;2.0;7;0;0.0;1.0;2.0;1.0;A01
201800047467;2.0;7;0;0.0;2.0;3.0;15.0;A01
201800047467;2.0;31;0;0.0;2.0;1.0;3.0;B01
201800047468;1.0;7;0;8.0;0.0;3.0;0.0;A01
201800047469;2.0;7;0;0.0;2.0;1.0;1.0;B01
201800047469;1.0;7;0;0.0;2.0;2.0;13.0;A01
201800047470;1.0;7;0;1.0;0.0;7.0;14.0;A01
201800047471;1.0;31;0;4.0;0.0;1.0;13.0;A01
201800047472;2.0;34;0;0.0;2.0;8.0;1.0;B01
201800047472;2.0;10;0;0.0;2.0;3.0;1.0;A01
201800047473;1.0;34;0;0.0;2.0;1.0;21.0;A01
201800047473;1.0;33;0;0.0;0.0;6.0;23.0;B01
201800047474;1.0;7;0;0.0;2.0;5.0;15.0;A01
201800047474;2.0;1;0;0.0;2.0;1.0;1.0;B01
201800047475;2.0;7;0;15.0;0.0;2.0;14.0;A01
201800047476;0.0;1;0;0.0;6.0;1.0;0.0;A01
201800047476;1.0;1;0;0.0;6.0;1.0;0.0;B01
201800047477;1.0;7;0;0.0;2.0;6.0;1.0;B01
201800047477;1.0;7;0;0.0;2.0;1.0;2.0;A01
201800047478;2.0;7;0;0.0;2.0;3.0;13.0;A01
201800047478;1.0;10;0;0.0;2.0;3.0;0.0;B01
201800047479;2.0;7;0;0.0;2.0;1.0;19.0;A01
201800047479;2.0;34;0;0.0;2.0;8.0;1.0;B01
201800047480;1.0;30;0;0.0;2.0;1.0;1.0;A01
201800047480;1.0;37;1;0.0;2.0;2.0;15.0;B01
201800047481;1.0;33;0;0.0;2.0;7.0;17.0;A01
201800047481;1.0;10;0;0.0;2.0;3.0;15.0;B01
201800047482;2.0;33;0;0.0;2.0;1.0;2.0;A01
201800047482;2.0;10;0;0.0;0.0;5.0;23.0;B01
201800047483;0.0;7;0;0.0;2.0;1.0;2.0;A01
201800047483;0.0;7;0;0.0;2.0;4.0;1.0;B01
201800047484;1.0;1;0;0.0;2.0;0.0;0.0;B01
201800047484;2.0;7;0;0.0;2.0;3.0;15.0;A01
201800047485;2.0;7;0;0.0;1.0;7.0;1.0;B01
201800047486;0.0;30;0;0.0;0.0;7.0;0.0;A01
201800047487;1.0;30;0;0.0;2.0;1.0;1.0;A01
201800047487;0.0;7;0;0.0;2.0;3.0;15.0;B01