Num_Acc;senc;catv;occutc;obs;obsm;choc;manv;num_veh
201800047488;0.0;7;0;1.0;0.0;3.0;13.0;A01
201800047489;2.0;30;0;6.0;2.0;1.0;1.0;A01
201800047490;1.0;2;0;0.0;2.0;7.0;1.0;B01
201800047490;1.0;7;0;0.0;2.0;2.0;19.0;A01
201800047491;2.0;7;0;2.0;2.0;3.0;1.0;A01
201800047491;1.0;7;0;1.0;0.0;8.0;13.0;B01
201800047492;2.0;7;0;0.0;1.0;2.0;0.0;A01
201800047493;1.0;7;0;0.0;2.0;1.0;0.0;A01
201800047493;2.0;7;0;0.0;2.0;7.0;1.0;B01
201800047494;0.0;7;0;0.0;1.0;1.0;1.0;A01
201800047495;2.0;99;0;0.0;2.0;2.0;21.0;A01
201800047495;2.0;3;0;0.0;2.0;5.0;2.0;B01
201800047496;0.0;10;0;0.0;2.0;6.0;10.0;A01
201800047496;0.0;34;0;0.0;2.0;1.0;0.0;B01
201800047497;2.0;7;0;0.0;2.0;3.0;2.0;B01
201800047497;2.0;10;0;0.0;2.0;2.0;17.0;A01
201800047498;1.0;7;0;0.0;0.0;4.0;2.0;B01
201800047498;1.0;10;0;0.0;2.0;1.0;0.0;A01
201800047499;1.0;7;0;0.0;1.0;8.0;1.0;A01
201800047500;1.0;33;0;0.0;2.0;8.0;1.0;B01
201800047500;1.0;7;0;0.0;2.0;5.0;14.0;A01
201800047501;2.0;1;0;1.0;0.0;0.0;0.0;B01
201800047501;2.0;7;0;0.0;6.0;8.0;24.0;A01
201800047502;0.0;7;0;0.0;1.0;0.0;0.0;Z01
201800047503;0.0;7;0;0.0;1.0;6.0;4.0;A01
201800047504;2.0;33;0;0.0;2.0;1.0;1.0;B01
201800047504;1.0;32;0;12.0;2.0;1.0;13.0;A01
201800047505;1.0;30;0;0.0;2.0;3.0;16.0;B01
201800047505;1.0;10;0;0.0;2.0;7.0;16.0;A01
201800047506;2.0;30;0;1.0;0.0;1.0;15.0;A01
201800047507;1.0;7;0;0.0;1.0;2.0;19.0;A01
201800047508;1.0;7;0;0.0;2.0;7.0;16.0;B01
201800047508;1.0;30;0;0.0;2.0;8.0;18.0;Z01
201800047509;2.0;7;0;0.0;2.0;4.0;2.0;C01
201800047509;2.0;7;0;0.0;2.0;1.0;2.0;A01
201800047509;2.0;7;0;0.0;2.0;4.0;2.0;B01
201800047510;2.0;7;0;0.0;1.0;3.0;15.0;A01
201800047511;1.0;7;0;0.0;2.0;7.0;21.0;A01
201800047511;1.0;1;0;0.0;2.0;8.0;2.0;B01
201800047512;2.0;7;0;0.0;2.0;8.0;10.0;A01
201800047512;2.0;34;0;0.0;2.0;1.0;17.0;B01
201800047513;1.0;7;0;0.0;1.0;2.0;1.0;A01
201800047514;1.0;7;0;0.0;2.0;1.0;2.0;A01
201800047514;2.0;7;0;0.0;2.0;1.0;15.0;B01
201800047515;1.0;33;0;0.0;1.0;2.0;0.0;A01
201800047516;1.0;1;0;0.0;2.0;2.0;0.0;B01
201800047516;1.0;7;0;7.0;2.0;3.0;19.0;A01
201800047517;2.0;7;0;0.0;1.0;3.0;1.0;A01
201800047518;2.0;7;0;8.0;0.0;3.0;1.0;A01
201800047519;1.0;7;0;0.0;2.0;6.0;20.0;A01
201800047519;1.0;7;0;0.0;2.0;2.0;2.0;B01
201800047520;2.0;7;0;0.0;2.0;1.0;1.0;B01
201800047520;1.0;7;0;0.0;2.0;1.0;13.0;A01
201800047521;0.0;7;0;0.0;1.0;1.0;16.0;A01
201800047522;1.0;33;0;0.0;2.0;0.0;2.0;A01
201800047522;1.0;7;0;0.0;2.0;4.0;23.0;B01
201800047523;1.0;30;0;0.0;1.0;1.0;17.0;A01
201800047524;1.0;1;0;0.0;2.0;8.0;19.0;B01
201800047524;1.0;7;0;6.0;6.0;1.0;15.0;A01
201800047525;2.0;7;0;0.0;2.0;3.0;15.0;B01
201800047525;2.0;33;0;0.0;2.0;7.0;3.0;A01
201800047526;1.0;7;0;0.0;2.0;4.0;23.0;B01
201800047526;1.0;7;0;0.0;2.0;1.0;1.0;A01
201800047527;2.0;2;0;0.0;2.0;2.0;1.0;B01
201800047527;2.0;7;0;0.0;2.0;6.0;16.0;A01
201800047528;1.0;1;0;0.0;0.0;0.0;1.0;A01
201800047529;0.0;1;0;0.0;2.0;7.0;1.0;B01
201800047529;1.0;7;0;0.0;2.0;1.0;9.0;A01
201800047530;1.0;7;0;0.0;2.0;1.0;0.0;A01
201800047530;1.0;10;0;0.0;2.0;4.0;0.0;B01
201800047531;2.0;30;0;0.0;2.0;0.0;0.0;A01
201800047531;1.0;7;0;0.0;2.0;8.0;1.0;B01
201800047532;1.0;10;0;0.0;1.0;3.0;1.0;A01
201800047533;2.0;10;0;0.0;2.0;1.0;1.0;A01
201800047533;2.0;7;0;0.0;2.0;1.0;1.0;C01
201800047533;2.0;7;0;0.0;2.0;4.0;1.0;D01
201800047533;2.0;7;0;0.0;2.0;1.0;1.0;B01
201800047534;0.0;7;0;4.0;0.0;9.0;0.0;A01
201800047535;2.0;7;0;0.0;6.0;5.0;17.0;A01
201800047535;2.0;1;0;0.0;2.0;8.0;1.0;B01
201800047536;0.0;10;0;0.0;2.0;3.0;13.0;A01
201800047536;0.0;34;0;0.0;2.0;1.0;2.0;B01
201800047537;2.0;7;0;0.0;2.0;1.0;0.0;A01
201800047537;2.0;7;0;0.0;2.0;4.0;23.0;B01
201800047538;2.0;7;0;0.0;2.0;1.0;1.0;A01
201800047538;0.0;7;0;0.0;2.0;4.0;0.0;Z01
201800047539;2.0;1;0;0.0;1.0;8.0;21.0;A01
201800047540;1.0;7;0;0.0;2.0;8.0;15.0;A01
201800047540;1.0;31;0;0.0;2.0;1.0;1.0;B01
201800047541;2.0;33;0;0.0;0.0;0.0;0.0;B01
201800047541;1.0;10;0;0.0;0.0;0.0;17.0;A01
201800047542;2.0;7;0;0.0;2.0;1.0;1.0;B01
201800047542;2.0;31;0;0.0;2.0;8.0;15.0;A01
201800047543;1.0;7;0;0.0;6.0;8.0;23.0;A01
201800047543;1.0;1;0;1.0;0.0;2.0;1.0;B01
201800047544;2.0;31;0;0.0;1.0;1.0;0.0;A01
201800047545;1.0;7;0;0.0;2.0;2.0;1.0;A01
201800047545;1.0;7;0;0.0;2.0;1.0;15.0;B01
201800047546;1.0;7;0;0.0;0.0;0.0;1.0;A01
201800047547;1.0;7;0;0.0;2.0;4.0;23.0;B01
201800047547;1.0;7;0;0.0;2.0;1.0;2.0;A01
201800047548;1.0;33;0;0.0;2.0;1.0;1.0;B01
201800047548;2.0;7;0;0.0;2.0;3.0;15.0;A01
201800047549;2.0;7;0;0.0;2.0;7.0;1.0;B01
201800047549;0.0;7;0;0.0;2.0;1.0;16.0;A01
201800047549;2.0;7;0;0.0;2.0;7.0;23.0;C01
201800047550;0.0;1;0;0.0;1.0;7.0;17.0;A01
201800047551;1.0;33;0;0.0;2.0;1.0;17.0;B01
201800047551;1.0;7;0;0.0;6.0;3.0;15.0;A01
201800047552;0.0;10;0;0.0;1.0;1.0;1.0;A01
201800047553;1.0;10;0;0.0;2.0;3.0;13.0;A01
201800047554;2.0;7;0;0.0;2.0;0.0;0.0;A01
201800047554;2.0;1;0;0.0;2.0;0.0;0.0;B01
201800047555;2.0;7;0;0.0;1.0;3.0;15.0;A01
201800047555;2.0;1;0;0.0;1.0;1.0;19.0;Y01
201800047556;2.0;7;0;0.0;2.0;3.0;1.0;B01
201800047556;1.0;7;0;0.0;2.0;3.0;15.0;A01
201800047557;1.0;7;0;0.0;2.0;5.0;20.0;A01
201800047557;1.0;1;0;0.0;2.0;1.0;1.0;B01
201800047558;2.0;10;0;8.0;0.0;1.0;1.0;A01
201800047559;1.0;7;0;0.0;1.0;5.0;8.0;A01
201800047560;0.0;1;0;0.0;0.0;0.0;0.0;A01
201800047561;0.0;30;0;0.0;1.0;1.0;0.0;A01
201800047562;2.0;33;0;0.0;2.0;1.0;18.0;A01
201800047562;2.0;10;0;0.0;2.0;7.0;16.0;B01
201800047563;2.0;7;0;0.0;1.0;3.0;1.0;A01
201800047564;0.0;33;0;0.0;6.0;2.0;17.0;A01
201800047565;1.0;10;0;0.0;1.0;4.0;4.0;A01
201800047566;2.0;7;0;0.0;1.0;2.0;1.0;A01
201800047567;0.0;34;0;15.0;0.0;1.0;12.0;A01
201800047568;2.0;7;0;0.0;2.0;8.0;9.0;A01
201800047568;2.0;7;0;0.0;2.0;2.0;1.0;B01
201800047569;1.0;7;0;0.0;2.0;4.0;0.0;A01
201800047569;1.0;7;0;0.0;2.0;4.0;0.0;B01
201800047569;1.0;7;0;0.0;2.0;4.0;0.0;C01
201800047570;1.0;31;0;0.0;2.0;1.0;1.0;A01
201800047570;2.0;7;0;0.0;2.0;1.0;15.0;B01
201800047571;2.0;33;0;0.0;0.0;0.0;1.0;A01
201800047572;1.0;7;0;0.0;1.0;2.0;16.0;A01
201800047573;0.0;30;0;0.0;2.0;1.0;19.0;A01
201800047573;1.0;20;0;0.0;2.0;1.0;1.0;B01
201800047574;2.0;10;0;0.0;1.0;1.0;1.0;A01
201800047575;0.0;30;0;0.0;2.0;2.0;17.0;A01
201800047575;0.0;7;0;0.0;0.0;0.0;0.0;B01
201800047576;1.0;10;0;0.0;1.0;2.0;16.0;A01
201800047577;1.0;7;0;1.0;2.0;8.0;22.0;A01
201800047577;1.0;1;0;1.0;0.0;8.0;1.0;B01
201800047578;2.0;10;0;0.0;1.0;1.0;1.0;A01
201800047579;2.0;7;0;0.0;1.0;6.0;1.0;A01
201800047580;0.0;7;0;0.0;2.0;8.0;15.0;B01
201800047580;0.0;32;0;0.0;2.0;1.0;2.0;A01
201800047581;0.0;7;0;0.0;6.0;2.0;15.0;A01
201800047581;0.0;1;0;0.0;2.0;8.0;1.0;B01
201800047582;1.0;32;0;0.0;2.0;1.0;18.0;A01
201800047582;1.0;1;0;0.0;2.0;4.0;2.0;B01
201800047583;1.0;7;0;0.0;1.0;3.0;15.0;A01
201800047584;2.0;1;0;0.0;2.0;8.0;1.0;A01
201800047584;2.0;7;0;0.0;2.0;3.0;1.0;B01
201800047585;2.0;10;0;0.0;2.0;2.0;15.0;A01
201800047585;1.0;33;0;0.0;2.0;1.0;1.0;B01
201800047586;0.0;7;0;0.0;2.0;4.0;23.0;B01
201800047586;0.0;7;0;0.0;2.0;1.0;2.0;A01
201800047587;2.0;10;0;0.0;2.0;6.0;1.0;A01
201800047587;1.0;33;0;0.0;2.0;1.0;1.0;B01
201800047588;2.0;7;0;0.0;2.0;1.0;15.0;A01
201800047588;1.0;30;0;0.0;2.0;3.0;1.0;B01
201800047589;2.0;7;0;0.0;6.0;1.0;1.0;A01
201800047589;0.0;1;0;0.0;2.0;8.0;1.0;B01
201800047590;1.0;7;0;0.0;6.0;7.0;12.0;A01
201800047590;0.0;1;0;0.0;2.0;1.0;18.0;B01
201800047591;1.0;7;0;0.0;1.0;2.0;1.0;A01
201800047592;2.0;32;0;0.0;2.0;4.0;23.0;B01
201800047592;2.0;99;0;0.0;2.0;1.0;2.0;Z01
201800047593;1.0;30;0;0.0;2.0;2.0;17.0;A01
201800047593;2.0;20;0;0.0;2.0;2.0;0.0;B01
201800047594;2.0;1;0;0.0;2.0;7.0;19.0;A01
201800047594;2.0;10;0;0.0;2.0;1.0;1.0;Z01
201800047595;2.0;1;0;0.0;2.0;1.0;21.0;B01
201800047595;2.0;7;0;0.0;6.0;2.0;16.0;A01
201800047596;2.0;31;0;0.0;0.0;0.0;21.0;B01
201800047596;2.0;7;0;0.0;0.0;0.0;17.0;A01
201800047597;2.0;10;0;0.0;2.0;4.0;2.0;B01
201800047597;2.0;10;0;0.0;2.0;1.0;2.0;A01
201800047598;1.0;7;0;0.0;2.0;2.0;16.0;A01
201800047598;1.0;2;0;0.0;2.0;3.0;18.0;B01
201800047599;1.0;30;0;0.0;2.0;3.0;3.0;A01
201800047599;1.0;7;0;0.0;0.0;0.0;15.0;B01
201800047600;0.0;7;0;11.0;0.0;2.0;0.0;A01
201800047601;0.0;7;0;0.0;2.0;1.0;2.0;A01
201800047601;0.0;7;0;0.0;2.0;4.0;1.0;B01
201800047602;1.0;7;0;0.0;1.0;3.0;16.0;A01
201800047603;1.0;32;0;0.0;2.0;1.0;1.0;B01
201800047603;1.0;99;0;0.0;2.0;8.0;15.0;A01
201800047604;1.0;7;0;0.0;2.0;6.0;9.0;A01
201800047604;1.0;2;0;0.0;2.0;7.0;2.0;B01
201800047605;2.0;30;0;1.0;0.0;2.0;14.0;A01
201800047606;1.0;10;0;0.0;1.0;4.0;4.0;A01
201800047607;0.0;33;0;0.0;0.0;0.0;0.0;A01
201800047608;2.0;30;0;12.0;2.0;1.0;1.0;A01
201800047609;1.0;10;0;0.0;2.0;8.0;15.0;B01
201800047609;1.0;3;0;2.0;0.0;1.0;1.0;A01
201800047610;0.0;10;0;0.0;2.0;4.0;1.0;B01
201800047610;0.0;10;0;0.0;2.0;1.0;24.0;A01
201800047611;2.0;7;0;0.0;2.0;3.0;0.0;A01
201800047611;2.0;2;0;0.0;2.0;1.0;2.0;B01
201800047612;0.0;7;0;0.0;2.0;6.0;1.0;B01
201800047612;1.0;7;0;0.0;2.0;3.0;15.0;A01
201800047613;0.0;10;0;0.0;1.0;2.0;12.0;A01
201800047614;1.0;7;0;0.0;2.0;4.0;23.0;B01
201800047614;2.0;10;0;0.0;2.0;1.0;1.0;A01
201800047615;2.0;7;0;0.0;2.0;4.0;2.0;C01
201800047615;2.0;7;0;0.0;2.0;4.0;2.0;D01
201800047615;2.0;7;0;0.0;2.0;4.0;2.0;B01
201800047615;2.0;7;0;0.0;2.0;1.0;2.0;A01
201800047616;2.0;33;0;0.0;2.0;7.0;17.0;A01
201800047616;2.0;7;0;0.0;2.0;8.0;1.0;B01
201800047617;2.0;7;0;0.0;1.0;1.0;1.0;A01
201800047618;1.0;33;0;0.0;2.0;4.0;23.0;A01
201800047618;1.0;7;0;0.0;2.0;1.0;1.0;B01
201800047619;0.0;7;0;12.0;0.0;3.0;1.0;A01
201800047620;2.0;30;0;0.0;0.0;1.0;15.0;A01
201800047621;1.0;10;0;0.0;2.0;4.0;1.0;A01
201800047621;1.0;15;0;0.0;2.0;1.0;1.0;B01
201800047622;2.0;1;0;1.0;0.0;2.0;3.0;A01
201800047622;2.0;7;0;0.0;2.0;8.0;23.0;B01
201800047622;2.0;7;0;0.0;2.0;2.0;23.0;C01
201800047622;2.0;7;0;0.0;2.0;6.0;23.0;D01
201800047623;2.0;33;0;0.0;2.0;1.0;2.0;A01
201800047623;2.0;7;0;0.0;2.0;4.0;23.0;B01
201800047624;1.0;7;0;0.0;2.0;3.0;22.0;A01
201800047624;1.0;7;0;0.0;2.0;2.0;1.0;B01
201800047625;2.0;7;0;0.0;2.0;3.0;10.0;A01
201800047625;2.0;2;0;0.0;2.0;1.0;1.0;B01
201800047626;0.0;7;0;0.0;2.0;7.0;0.0;A01
201800047626;0.0;7;0;0.0;2.0;0.0;0.0;B01
201800047627;1.0;10;0;9.0;0.0;1.0;1.0;A01
201800047628;2.0;7;0;0.0;2.0;4.0;2.0;C01
201800047628;2.0;7;0;0.0;2.0;4.0;2.0;B01
201800047628;2.0;7;0;0.0;2.0;1.0;2.0;A01
201800047629;1.0;10;0;0.0;1.0;7.0;1.0;A01
201800047630;0.0;7;0;0.0;2.0;1.0;15.0;A01
201800047630;0.0;7;0;0.0;2.0;2.0;1.0;B01
201800047631;0.0;7;0;8.0;2.0;2.0;0.0;B01
201800047631;0.0;7;0;0.0;2.0;0.0;0.0;A01
201800047632;1.0;7;0;0.0;2.0;2.0;21.0;A01
201800047632;1.0;7;0;1.0;0.0;4.0;0.0;B01
201800047633;1.0;10;0;1.0;0.0;1.0;19.0;A01
201800047634;2.0;30;0;0.0;0.0;7.0;1.0;A01
201800047635;1.0;33;0;0.0;1.0;1.0;21.0;A01
201800047636;2.0;10;0;0.0;1.0;1.0;1.0;A01
201800047637;0.0;37;1;0.0;1.0;5.0;0.0;A01
201800047638;1.0;3;0;0.0;2.0;4.0;1.0;A01
201800047638;1.0;3;0;0.0;2.0;1.0;2.0;B01
201800047638;1.0;3;0;0.0;2.0;1.0;2.0;C01
201800047639;0.0;3;0;0.0;2.0;2.0;17.0;A01
201800047639;0.0;3;0;0.0;2.0;6.0;12.0;B01
201800047640;1.0;34;0;0.0;2.0;1.0;19.0;A01
201800047640;1.0;7;0;0.0;2.0;2.0;2.0;B01
201800047641;1.0;32;0;0.0;0.0;8.0;0.0;A01
201800047642;2.0;7;0;0.0;1.0;6.0;4.0;A01
201800047643;0.0;7;0;0.0;0.0;9.0;15.0;A01
201800047644;1.0;7;0;0.0;2.0;2.0;16.0;A01
201800047644;1.0;7;0;0.0;2.0;5.0;19.0;B01
201800047645;1.0;10;0;0.0;0.0;0.0;13.0;A01
201800047645;1.0;33;0;0.0;0.0;0.0;17.0;B01
201800047646;2.0;7;0;0.0;2.0;1.0;1.0;A01
201800047646;2.0;7;0;0.0;2.0;4.0;2.0;B01
201800047647;2.0;30;0;0.0;2.0;7.0;1.0;A01
201800047647;2.0;7;0;1.0;0.0;3.0;21.0;B01
201800047647;2.0;7;0;0.0;2.0;8.0;18.0;Z01
201800047648;2.0;10;0;0.0;2.0;1.0;5.0;A01
201800047648;1.0;10;0;0.0;2.0;1.0;1.0;B01
201800047649;1.0;7;0;0.0;2.0;1.0;2.0;A01
201800047649;1.0;7;0;4.0;0.0;4.0;2.0;B01
201800047650;2.0;7;0;0.0;1.0;5.0;0.0;A01
201800047651;2.0;7;0;0.0;2.0;1.0;1.0;B01
201800047651;1.0;7;0;0.0;2.0;5.0;13.0;A01
201800047652;1.0;7;0;1.0;0.0;3.0;1.0;A01
201800047653;2.0;7;0;1.0;2.0;3.0;13.0;A01
201800047653;0.0;7;0;0.0;2.0;4.0;24.0;D01
201800047653;1.0;7;0;0.0;2.0;8.0;1.0;B01
201800047653;1.0;7;0;0.0;2.0;3.0;1.0;C01
201800047654;2.0;34;0;0.0;2.0;1.0;1.0;A01
201800047654;2.0;7;0;0.0;2.0;4.0;1.0;B01
201800047655;1.0;10;0;0.0;2.0;1.0;2.0;A01
201800047655;1.0;7;0;0.0;2.0;4.0;2.0;B01
201800047655;1.0;7;0;0.0;2.0;4.0;2.0;C01
201800047656;1.0;7;0;0.0;2.0;1.0;1.0;A01
201800047656;1.0;7;0;0.0;2.0;4.0;23.0;B01
201800047657;0.0;7;0;0.0;2.0;1.0;2.0;A01
201800047657;0.0;7;0;0.0;2.0;4.0;2.0;B01
201800047658;1.0;7;0;0.0;2.0;3.0;1.0;A01
201800047658;2.0;7;0;0.0;2.0;3.0;1.0;B01
201800047659;1.0;33;0;0.0;2.0;3.0;9.0;A01
201800047659;1.0;7;0;0.0;2.0;2.0;1.0;B01
201800047660;2.0;31;0;0.0;0.0;4.0;23.0;A01
201800047660;2.0;31;0;0.0;2.0;1.0;1.0;B01
201800047661;1.0;7;0;0.0;1.0;1.0;1.0;A01
201800047662;1.0;2;0;0.0;0.0;7.0;1.0;A01
201800047663;1.0;7;0;0.0;1.0;1.0;15.0;A01
201800047664;1.0;7;0;0.0;2.0;2.0;20.0;A01
201800047664;2.0;31;0;0.0;2.0;5.0;21.0;B01
201800047665;1.0;7;0;0.0;1.0;2.0;1.0;A01
201800047666;1.0;7;0;3.0;0.0;2.0;14.0;A01
201800047667;1.0;15;0;0.0;1.0;2.0;1.0;A01
201800047668;2.0;7;0;0.0;2.0;3.0;15.0;A01
201800047668;1.0;33;0;0.0;2.0;8.0;21.0;B01
201800047669;1.0;7;0;2.0;2.0;8.0;0.0;A01
201800047670;0.0;32;0;0.0;0.0;0.0;21.0;B01
201800047670;2.0;7;0;0.0;0.0;0.0;1.0;A01
201800047671;0.0;32;0;0.0;1.0;0.0;0.0;A01
201800047672;2.0;1;0;14.0;2.0;5.0;2.0;A01
201800047672;2.0;7;0;0.0;0.0;5.0;1.0;B01
201800047673;2.0;30;0;0.0;0.0;0.0;1.0;A01
201800047674;1.0;7;0;0.0;1.0;2.0;15.0;A01
201800047675;2.0;7;0;0.0;2.0;2.0;16.0;A01
201800047675;1.0;99;0;0.0;2.0;1.0;2.0;B01
201800047676;2.0;33;0;8.0;0.0;0.0;2.0;A01
201800047677;1.0;7;0;0.0;2.0;2.0;0.0;A01
201800047677;1.0;7;0;0.0;2.0;4.0;0.0;B01
201800047678;1.0;1;0;0.0;2.0;1.0;10.0;Y01
201800047678;2.0;7;0;0.0;2.0;1.0;1.0;A01
201800047679;2.0;7;0;0.0;2.0;1.0;2.0;A01
201800047679;2.0;7;0;0.0;2.0;4.0;2.0;B01
201800047680;0.0;7;0;0.0;2.0;3.0;15.0;A01
201800047680;0.0;33;0;0.0;2.0;1.0;14.0;B01
201800047681;0.0;2;0;0.0;1.0;1.0;16.0;Z01
201800047682;1.0;10;0;0.0;1.0;6.0;1.0;A01
201800047683;1.0;1;0;0.0;0.0;1.0;1.0;A01
201800047684;1.0;30;0;0.0;2.0;6.0;19.0;A01
201800047685;0.0;7;0;0.0;1.0;4.0;20.0;A01
201800047686;2.0;37;21;6.0;0.0;2.0;14.0;A01
201800047687;2.0;7;0;0.0;2.0;1.0;5.0;A01
201800047687;1.0;7;0;0.0;2.0;1.0;1.0;B01
201800047688;1.0;33;0;0.0;2.0;1.0;13.0;A01
201800047688;2.0;7;0;0.0;2.0;3.0;1.0;B01
201800047689;1.0;20;0;0.0;2.0;1.0;1.0;B01
201800047689;2.0;20;0;0.0;2.0;6.0;1.0;A01
201800047690;2.0;7;0;0.0;2.0;2.0;2.0;A01
201800047690;2.0;7;0;0.0;2.0;6.0;2.0;B01
201800047690;2.0;7;0;12.0;2.0;4.0;24.0;C01
201800047691;2.0;7;0;0.0;2.0;1.0;1.0;A01
201800047691;2.0;7;0;0.0;2.0;4.0;15.0;B01
201800047692;2.0;37;3;0.0;1.0;1.0;1.0;A01
201800047693;0.0;1;0;0.0;2.0;8.0;19.0;B01
201800047693;1.0;31;0;0.0;6.0;1.0;1.0;A01
201800047694;2.0;31;0;0.0;2.0;2.0;1.0;A01
201800047694;1.0;7;0;0.0;2.0;2.0;15.0;B01
201800047695;1.0;7;0;0.0;2.0;7.0;2.0;A01
201800047695;1.0;31;0;0.0;2.0;8.0;11.0;B01
201800047696;2.0;10;0;0.0;1.0;5.0;1.0;A01
201800047697;2.0;7;0;15.0;0.0;2.0;1.0;A01
201800047698;1.0;30;0;0.0;2.0;0.0;0.0;A01
201800047698;1.0;7;0;0.0;2.0;3.0;1.0;B01
201800047699;1.0;7;0;0.0;0.0;2.0;1.0;A01
201800047699;1.0;2;0;0.0;0.0;6.0;1.0;B01
201800047699;1.0;7;0;0.0;2.0;4.0;1.0;C01
201800047700;1.0;7;0;0.0;2.0;2.0;15.0;A01
201800047700;2.0;30;0;0.0;2.0;1.0;1.0;B01
201800047701;1.0;7;0;0.0;2.0;1.0;2.0;A01
201800047701;1.0;7;0;0.0;2.0;2.0;1.0;B01
201800047702;0.0;33;0;0.0;0.0;0.0;2.0;A01
201800047703;0.0;7;0;0.0;2.0;3.0;15.0;A01
201800047703;0.0;7;0;0.0;2.0;1.0;16.0;B01
201800047704;2.0;10;0;0.0;2.0;8.0;18.0;A01
201800047704;2.0;10;0;0.0;2.0;2.0;16.0;B01
201800047705;0.0;10;0;0.0;2.0;1.0;5.0;A01
201800047705;0.0;33;0;0.0;2.0;1.0;1.0;B01
201800047706;1.0;7;0;0.0;2.0;2.0;1.0;A01
201800047706;1.0;1;0;0.0;2.0;8.0;15.0;B01
201800047707;1.0;7;0;0.0;2.0;1.0;2.0;A01
201800047707;1.0;7;0;0.0;2.0;4.0;2.0;B01
201800047707;1.0;7;0;0.0;2.0;4.0;2.0;C01
201800047708;0.0;7;0;0.0;2.0;1.0;1.0;A01
201800047708;0.0;7;0;0.0;2.0;8.0;1.0;B01
201800047709;1.0;30;0;0.0;2.0;8.0;13.0;A01
201800047709;1.0;7;0;0.0;2.0;2.0;21.0;B01
201800047710;1.0;7;0;0.0;2.0;5.0;12.0;A01
201800047710;1.0;34;0;0.0;2.0;8.0;1.0;B01
201800047711;1.0;7;0;0.0;2.0;1.0;2.0;A01
201800047711;1.0;7;0;0.0;2.0;4.0;2.0;B01
201800047712;1.0;2;0;0.0;2.0;2.0;2.0;B01
201800047712;1.0;7;0;0.0;2.0;3.0;15.0;A01
201800047713;1.0;7;0;0.0;2.0;3.0;1.0;A01
201800047713;2.0;2;0;0.0;2.0;6.0;1.0;B01
201800047714;2.0;7;0;1.0;1.0;2.0;17.0;A01
201800047715;0.0;7;0;0.0;1.0;4.0;24.0;A01
201800047716;1.0;7;0;0.0;2.0;1.0;2.0;A01
201800047716;1.0;7;0;0.0;2.0;4.0;2.0;B01
201800047717;1.0;7;0;0.0;2.0;1.0;2.0;A01
201800047717;1.0;7;0;0.0;2.0;4.0;2.0;B01
201800047718;0.0;3;0;0.0;2.0;2.0;15.0;A01
201800047718;0.0;32;0;0.0;2.0;1.0;21.0;B01
201800047719;2.0;2;0;0.0;1.0;3.0;3.0;A01
201800047720;2.0;7;0;0.0;1.0;1.0;15.0;A01
201800047721;2.0;7;0;0.0;1.0;2.0;1.0;A01
201800047722;1.0;37;50;0.0;1.0;1.0;1.0;A01
201800047723;1.0;32;0;0.0;2.0;1.0;1.0;B01
201800047723;1.0;7;0;0.0;2.0;6.0;16.0;A01
201800047724;1.0;7;0;0.0;2.0;3.0;1.0;B01
201800047724;2.0;7;0;0.0;2.0;1.0;15.0;A01
201800047725;2.0;33;0;0.0;2.0;2.0;17.0;A01
201800047725;2.0;7;0;0.0;2.0;8.0;15.0;B01
201800047726;1.0;10;0;15.0;2.0;1.0;1.0;A01
201800047727;1.0;33;0;0.0;2.0;1.0;1.0;A01
201800047728;1.0;31;0;0.0;2.0;3.0;1.0;B01
201800047728;2.0;7;0;0.0;2.0;6.0;15.0;Z01
201800047729;1.0;32;0;0.0;2.0;6.0;19.0;A01
201800047729;1.0;13;0;0.0;2.0;6.0;15.0;B01
201800047730;1.0;33;0;0.0;2.0;2.0;14.0;A01
201800047730;1.0;37;1;0.0;0.0;0.0;15.0;B01
201800047731;2.0;7;0;14.0;0.0;3.0;0.0;A01
201800047732;2.0;7;0;0.0;2.0;4.0;23.0;B01
201800047732;1.0;1;0;0.0;2.0;1.0;1.0;C01
201800047732;1.0;7;0;0.0;2.0;1.0;1.0;A01
201800047733;1.0;7;0;0.0;2.0;0.0;0.0;B01
201800047733;1.0;7;0;0.0;2.0;8.0;1.0;A01
201800047734;2.0;30;0;0.0;0.0;7.0;0.0;A01
201800047735;2.0;33;0;8.0;0.0;2.0;1.0;A01
201800047736;2.0;10;0;0.0;2.0;1.0;9.0;A01
201800047736;2.0;10;0;0.0;2.0;4.0;23.0;B01
201800047737;2.0;32;0;0.0;0.0;7.0;1.0;A01
201800047738;2.0;32;0;0.0;0.0;7.0;1.0;A01
201800047739;2.0;7;0;0.0;2.0;3.0;0.0;B01
201800047739;2.0;33;0;0.0;2.0;1.0;21.0;A01
201800047740;0.0;3;0;1.0;0.0;2.0;0.0;A01
201800047741;1.0;1;0;0.0;2.0;3.0;8.0;B01
201800047741;1.0;7;0;0.0;2.0;3.0;24.0;A01
201800047742;0.0;7;0;0.0;1.0;1.0;1.0;A01
201800047743;2.0;10;0;0.0;2.0;1.0;1.0;A01
201800047743;2.0;10;0;0.0;2.0;4.0;23.0;B01
201800047743;2.0;10;0;0.0;2.0;4.0;23.0;C01
201800047744;1.0;3;0;0.0;2.0;6.0;1.0;B01
201800047744;1.0;3;0;0.0;2.0;2.0;9.0;A01