Num_Acc;senc;catv;occutc;obs;obsm;choc;manv;num_veh
201800047745;1.0;7;0;0.0;1.0;3.0;1.0;A01
201800047746;2.0;30;0;0.0;0.0;0.0;1.0;A01
201800047747;1.0;99;0;0.0;1.0;1.0;17.0;A01
201800047748;2.0;32;0;0.0;2.0;1.0;1.0;B01
201800047748;2.0;7;0;0.0;2.0;3.0;9.0;A01
201800047749;2.0;7;0;0.0;1.0;3.0;11.0;A01
201800047750;2.0;33;0;0.0;2.0;8.0;1.0;B01
201800047750;0.0;10;0;0.0;2.0;3.0;15.0;A01
201800047751;2.0;7;0;0.0;1.0;1.0;1.0;A01
201800047752;0.0;10;0;0.0;1.0;0.0;0.0;Z01
201800047753;2.0;7;0;0.0;2.0;3.0;0.0;A01
201800047753;1.0;7;0;0.0;2.0;3.0;0.0;B01
201800047753;2.0;7;0;0.0;2.0;5.0;15.0;C01
201800047754;1.0;10;0;9.0;0.0;8.0;1.0;B01
201800047754;2.0;10;0;0.0;2.0;1.0;1.0;A01
201800047755;2.0;7;0;0.0;1.0;1.0;0.0;A01
201800047756;1.0;7;0;0.0;2.0;4.0;23.0;B01
201800047756;1.0;7;0;0.0;2.0;4.0;23.0;C01
201800047756;1.0;7;0;1.0;0.0;1.0;2.0;A01
201800047757;2.0;7;0;0.0;1.0;1.0;1.0;A01
201800047758;0.0;1;0;0.0;2.0;1.0;21.0;A01
201800047759;0.0;1;0;0.0;0.0;0.0;0.0;A01
201800047760;0.0;7;0;0.0;2.0;7.0;2.0;A01
201800047760;0.0;7;0;0.0;2.0;1.0;23.0;B01
201800047761;2.0;10;0;0.0;2.0;5.0;2.0;C01
201800047761;1.0;10;0;0.0;2.0;3.0;2.0;B01
201800047761;2.0;10;0;0.0;2.0;8.0;2.0;D01
201800047761;2.0;10;0;0.0;2.0;2.0;15.0;A01
201800047762;0.0;2;0;0.0;2.0;1.0;0.0;B01
201800047762;0.0;7;0;0.0;2.0;6.0;1.0;A01
201800047763;0.0;7;0;8.0;0.0;1.0;0.0;A01
201800047764;1.0;7;0;0.0;2.0;1.0;2.0;A01
201800047764;1.0;7;0;0.0;2.0;4.0;0.0;C01
201800047764;1.0;7;0;0.0;2.0;1.0;0.0;B01
201800047765;2.0;7;0;0.0;1.0;4.0;0.0;A01
201800047766;1.0;7;0;0.0;2.0;4.0;23.0;A01
201800047766;1.0;7;0;0.0;2.0;1.0;2.0;B01
201800047767;2.0;7;0;0.0;2.0;1.0;1.0;A01
201800047767;2.0;7;0;0.0;2.0;4.0;1.0;B01
201800047768;0.0;7;0;0.0;2.0;3.0;1.0;B01
201800047768;0.0;7;0;0.0;2.0;5.0;15.0;A01
201800047769;1.0;7;0;14.0;0.0;0.0;0.0;C01
201800047769;1.0;7;0;0.0;2.0;1.0;0.0;A01
201800047769;1.0;7;0;14.0;0.0;0.0;0.0;D01
201800047769;1.0;7;0;14.0;0.0;0.0;0.0;B01
201800047770;1.0;7;0;0.0;2.0;3.0;1.0;B01
201800047770;2.0;7;0;0.0;2.0;3.0;15.0;A01
201800047771;1.0;1;0;0.0;2.0;4.0;1.0;B01
201800047771;1.0;7;0;0.0;6.0;2.0;1.0;A01
201800047772;1.0;99;0;0.0;1.0;3.0;15.0;A01
201800047773;0.0;7;0;0.0;2.0;2.0;15.0;A01
201800047773;2.0;7;0;0.0;2.0;3.0;1.0;B01
201800047774;1.0;7;0;0.0;1.0;2.0;1.0;A01
201800047775;2.0;7;0;0.0;2.0;1.0;15.0;A01
201800047775;1.0;7;0;0.0;2.0;1.0;1.0;B01
201800047776;2.0;10;0;0.0;1.0;3.0;1.0;A01
201800047777;1.0;7;0;3.0;0.0;1.0;9.0;A01
201800047778;1.0;7;0;0.0;2.0;3.0;15.0;A01
201800047778;2.0;33;0;0.0;2.0;8.0;21.0;B01
201800047779;1.0;10;0;0.0;2.0;1.0;2.0;A01
201800047779;1.0;10;0;0.0;2.0;4.0;2.0;B01
201800047780;2.0;7;0;0.0;1.0;1.0;1.0;A01
201800047781;1.0;10;0;0.0;1.0;1.0;15.0;A01
201800047782;1.0;7;0;0.0;1.0;1.0;2.0;A01
201800047783;2.0;7;0;0.0;1.0;1.0;1.0;A01
201800047784;2.0;7;0;0.0;1.0;1.0;19.0;A01
201800047785;1.0;7;0;0.0;2.0;4.0;2.0;B01
201800047785;1.0;7;0;0.0;2.0;1.0;0.0;A01
201800047786;0.0;7;0;8.0;0.0;3.0;2.0;A01
201800047787;0.0;32;0;0.0;0.0;7.0;16.0;A01
201800047788;0.0;7;0;2.0;2.0;1.0;13.0;A01
201800047788;0.0;7;0;0.0;2.0;3.0;21.0;B01
201800047789;1.0;7;0;0.0;2.0;6.0;1.0;B01
201800047789;1.0;7;0;4.0;2.0;2.0;17.0;A01
201800047790;2.0;7;0;0.0;1.0;1.0;2.0;A01
201800047791;1.0;30;0;0.0;1.0;2.0;13.0;A01
201800047792;1.0;31;0;0.0;2.0;2.0;14.0;A01
201800047792;1.0;7;0;0.0;2.0;8.0;18.0;Z01
201800047793;1.0;32;0;0.0;2.0;1.0;1.0;A01
201800047793;1.0;7;0;0.0;2.0;3.0;1.0;B01
201800047794;2.0;30;0;0.0;1.0;1.0;7.0;A01
201800047795;1.0;7;0;0.0;1.0;3.0;7.0;A01
201800047796;1.0;7;0;0.0;2.0;4.0;2.0;B01
201800047796;1.0;7;0;0.0;2.0;1.0;1.0;A01
201800047797;1.0;7;0;6.0;0.0;2.0;24.0;A01
201800047798;1.0;7;0;0.0;2.0;4.0;1.0;B01
201800047798;1.0;7;0;0.0;2.0;1.0;2.0;A01
201800047799;1.0;7;0;0.0;2.0;1.0;2.0;A01
201800047799;1.0;7;0;0.0;2.0;4.0;23.0;B01
201800047800;2.0;7;0;0.0;2.0;1.0;2.0;A01
201800047800;2.0;7;0;0.0;2.0;4.0;1.0;B01
201800047801;0.0;13;0;9.0;0.0;2.0;9.0;A01
201800047801;1.0;7;0;0.0;0.0;7.0;2.0;B01
201800047802;1.0;7;0;9.0;0.0;3.0;0.0;B01
201800047802;0.0;1;0;1.0;0.0;1.0;0.0;A01
201800047803;1.0;7;0;0.0;2.0;3.0;1.0;A01
201800047803;0.0;7;0;0.0;2.0;3.0;1.0;B01
201800047804;1.0;37;30;0.0;1.0;5.0;16.0;A01
201800047805;0.0;7;0;0.0;2.0;3.0;1.0;B01
201800047805;0.0;7;0;0.0;2.0;3.0;15.0;A01
201800047806;2.0;7;0;0.0;2.0;1.0;1.0;A01
201800047806;1.0;7;0;0.0;2.0;4.0;23.0;B01
201800047807;2.0;7;0;0.0;1.0;2.0;15.0;A01
201800047808;2.0;7;0;4.0;0.0;1.0;0.0;A01
201800047809;0.0;7;0;0.0;1.0;1.0;15.0;A01
201800047810;1.0;10;0;0.0;2.0;6.0;1.0;B01
201800047810;2.0;10;0;0.0;1.0;1.0;2.0;A01
201800047811;1.0;30;0;8.0;0.0;1.0;0.0;A01
201800047812;1.0;7;0;9.0;2.0;2.0;1.0;B01
201800047812;1.0;7;0;0.0;2.0;3.0;15.0;A01
201800047813;1.0;7;0;0.0;2.0;1.0;1.0;B01
201800047813;2.0;7;0;0.0;2.0;1.0;1.0;A01
201800047814;2.0;7;0;0.0;1.0;2.0;1.0;A01
201800047815;1.0;30;0;0.0;1.0;1.0;1.0;Z01
201800047816;1.0;7;0;4.0;0.0;1.0;1.0;A01
201800047817;1.0;7;0;0.0;2.0;3.0;1.0;A01
201800047817;2.0;7;0;0.0;2.0;3.0;15.0;B01
201800047818;2.0;7;0;0.0;1.0;3.0;15.0;A01
201800047819;1.0;7;0;0.0;1.0;2.0;1.0;A01
201800047820;1.0;1;0;0.0;2.0;6.0;0.0;B01
201800047820;2.0;7;0;0.0;2.0;1.0;15.0;A01
201800047821;1.0;7;0;0.0;2.0;1.0;9.0;A01
201800047821;2.0;34;0;0.0;0.0;0.0;1.0;B01
201800047822;1.0;30;0;0.0;1.0;2.0;19.0;A01
201800047823;2.0;7;0;0.0;2.0;1.0;1.0;A01
201800047823;2.0;7;0;0.0;2.0;8.0;20.0;B01
201800047824;1.0;7;0;0.0;2.0;1.0;2.0;B01
201800047824;1.0;7;0;0.0;2.0;6.0;2.0;A01
201800047825;1.0;7;0;0.0;2.0;3.0;15.0;A01
201800047825;1.0;99;0;0.0;2.0;3.0;1.0;B01
201800047826;1.0;3;0;0.0;2.0;2.0;15.0;A01
201800047826;2.0;7;0;0.0;2.0;3.0;1.0;B01
201800047827;0.0;7;0;0.0;2.0;4.0;2.0;A01
201800047827;0.0;7;0;0.0;2.0;4.0;2.0;B01
201800047827;0.0;7;0;0.0;2.0;4.0;2.0;C01
201800047828;2.0;7;0;0.0;2.0;1.0;0.0;A01
201800047828;1.0;7;0;0.0;2.0;1.0;0.0;B01
201800047829;2.0;7;0;0.0;2.0;6.0;2.0;A01
201800047829;2.0;33;0;0.0;2.0;1.0;2.0;B01
201800047830;1.0;30;0;6.0;0.0;1.0;2.0;A01
201800047831;1.0;7;0;0.0;0.0;0.0;9.0;A01
201800047832;1.0;7;0;0.0;1.0;2.0;15.0;A01
201800047833;1.0;30;0;0.0;0.0;0.0;0.0;A01
201800047834;2.0;10;0;0.0;2.0;4.0;1.0;B01
201800047834;2.0;10;0;0.0;2.0;1.0;1.0;A01
201800047835;2.0;7;0;0.0;2.0;6.0;15.0;A01
201800047835;2.0;32;0;0.0;2.0;1.0;3.0;B01
201800047836;2.0;7;0;0.0;2.0;2.0;9.0;A01
201800047836;2.0;7;0;0.0;2.0;9.0;2.0;B01
201800047836;1.0;7;0;0.0;2.0;8.0;2.0;C01
201800047836;1.0;7;0;0.0;2.0;9.0;2.0;D01
201800047836;1.0;7;0;0.0;2.0;9.0;2.0;E01
201800047836;0.0;7;0;0.0;2.0;9.0;2.0;F01
201800047837;2.0;7;0;0.0;1.0;3.0;15.0;A01
201800047838;2.0;7;0;0.0;0.0;1.0;1.0;A01
201800047839;1.0;7;0;0.0;1.0;1.0;2.0;A01
201800047840;2.0;7;0;0.0;2.0;3.0;0.0;A01
201800047840;2.0;7;0;0.0;2.0;3.0;1.0;B01
201800047841;0.0;7;0;0.0;1.0;4.0;24.0;A01
201800047842;2.0;7;0;0.0;1.0;1.0;1.0;A01
201800047843;0.0;7;0;0.0;2.0;3.0;1.0;A01
201800047843;0.0;7;0;0.0;0.0;4.0;2.0;B01
201800047844;1.0;33;0;14.0;0.0;1.0;1.0;A01
201800047845;0.0;7;0;0.0;1.0;6.0;20.0;A01
201800047846;2.0;7;0;0.0;2.0;5.0;23.0;A01
201800047846;2.0;7;0;0.0;2.0;1.0;2.0;B01
201800047847;2.0;7;0;0.0;1.0;1.0;1.0;A01
201800047848;2.0;1;0;0.0;1.0;1.0;1.0;A01
201800047849;1.0;7;0;0.0;2.0;8.0;15.0;A01
201800047849;1.0;7;0;0.0;2.0;1.0;1.0;B01
201800047850;2.0;10;0;0.0;1.0;3.0;15.0;A01
201800047851;1.0;7;0;0.0;2.0;2.0;15.0;A01
201800047851;2.0;32;0;0.0;2.0;1.0;1.0;B01
201800047852;1.0;33;0;0.0;2.0;1.0;18.0;A01
201800047852;2.0;7;0;0.0;2.0;3.0;0.0;B01
201800047853;2.0;34;0;0.0;2.0;1.0;1.0;B01
201800047853;2.0;99;0;0.0;2.0;1.0;1.0;A01
201800047854;1.0;7;0;0.0;1.0;1.0;1.0;A01
201800047855;1.0;7;0;0.0;1.0;1.0;1.0;A01
201800047856;2.0;7;0;0.0;2.0;1.0;1.0;A01
201800047856;2.0;7;0;0.0;2.0;4.0;1.0;B01
201800047856;2.0;7;0;0.0;2.0;4.0;0.0;C01
201800047856;2.0;7;0;0.0;2.0;4.0;1.0;D01
201800047857;1.0;32;0;0.0;2.0;1.0;18.0;A01
201800047857;1.0;7;0;0.0;2.0;5.0;0.0;B01
201800047858;0.0;7;0;0.0;2.0;8.0;10.0;A01
201800047858;0.0;10;0;0.0;2.0;2.0;2.0;B01
201800047859;1.0;2;0;0.0;2.0;2.0;1.0;A01
201800047859;1.0;7;0;0.0;2.0;3.0;11.0;B01
201800047860;1.0;10;0;0.0;1.0;1.0;15.0;A01
201800047861;1.0;33;0;0.0;2.0;1.0;1.0;A01
201800047861;1.0;7;0;0.0;2.0;1.0;19.0;B01
201800047862;2.0;7;0;0.0;1.0;2.0;1.0;A01
201800047863;1.0;30;0;0.0;2.0;1.0;2.0;A01
201800047863;1.0;7;0;0.0;2.0;6.0;2.0;B01
201800047864;1.0;7;0;0.0;2.0;2.0;15.0;B01
201800047864;1.0;7;0;0.0;2.0;1.0;1.0;A01
201800047865;2.0;7;0;8.0;0.0;1.0;1.0;A01
201800047866;2.0;10;0;8.0;0.0;1.0;2.0;A01
201800047867;2.0;7;0;0.0;1.0;3.0;15.0;A01
201800047868;1.0;7;0;0.0;1.0;1.0;13.0;A01
201800047869;1.0;31;0;0.0;1.0;1.0;1.0;A01
201800047870;2.0;30;0;0.0;2.0;8.0;1.0;B01
201800047870;2.0;7;0;0.0;2.0;1.0;5.0;A01
201800047871;0.0;7;0;0.0;1.0;1.0;1.0;A01
201800047872;2.0;7;0;0.0;0.0;3.0;1.0;A01
201800047873;0.0;7;0;8.0;2.0;1.0;21.0;A01
201800047874;1.0;10;0;0.0;1.0;3.0;1.0;A01
201800047875;0.0;7;0;0.0;1.0;0.0;1.0;A01
201800047876;2.0;10;0;0.0;2.0;2.0;15.0;A01
201800047876;1.0;33;0;0.0;2.0;1.0;1.0;B01
201800047877;2.0;7;0;8.0;6.0;1.0;1.0;A01
201800047877;1.0;7;0;0.0;2.0;2.0;15.0;B01
201800047878;0.0;10;0;0.0;1.0;4.0;0.0;A01
201800047879;1.0;7;0;6.0;0.0;1.0;14.0;A01
201800047880;0.0;7;0;0.0;1.0;2.0;0.0;A01
201800047881;2.0;7;0;0.0;2.0;1.0;1.0;A01
201800047881;2.0;7;0;0.0;2.0;8.0;9.0;B01
201800047882;1.0;7;0;0.0;2.0;1.0;19.0;A01
201800047882;1.0;33;0;8.0;2.0;0.0;1.0;B01
201800047883;1.0;7;0;0.0;2.0;1.0;2.0;A01
201800047883;1.0;7;0;0.0;2.0;4.0;16.0;B01
201800047884;1.0;7;0;0.0;2.0;4.0;1.0;B01
201800047884;1.0;32;0;0.0;2.0;1.0;1.0;A01
201800047885;0.0;7;0;0.0;2.0;1.0;2.0;A01
201800047885;0.0;7;0;0.0;2.0;4.0;2.0;B01
201800047886;1.0;7;0;0.0;2.0;1.0;2.0;A01
201800047886;1.0;31;0;0.0;2.0;4.0;1.0;B01
201800047887;1.0;7;0;3.0;0.0;0.0;0.0;A01
201800047888;1.0;7;0;1.0;0.0;1.0;2.0;B01
201800047888;1.0;7;0;0.0;2.0;4.0;23.0;A01
201800047889;2.0;7;0;0.0;2.0;1.0;1.0;A01
201800047889;2.0;7;0;0.0;2.0;4.0;1.0;B01
201800047890;2.0;10;0;4.0;0.0;1.0;1.0;A01
201800047891;2.0;7;0;0.0;2.0;0.0;1.0;B01
201800047891;2.0;33;0;0.0;2.0;0.0;0.0;A01
201800047892;0.0;7;0;0.0;2.0;0.0;0.0;A01
201800047892;0.0;7;0;0.0;2.0;0.0;0.0;B01
201800047892;0.0;7;0;0.0;2.0;0.0;0.0;C01
201800047893;1.0;7;0;0.0;0.0;3.0;0.0;A01
201800047894;0.0;7;0;0.0;0.0;0.0;0.0;A01
201800047895;2.0;16;0;0.0;0.0;8.0;23.0;B01
201800047895;2.0;17;0;1.0;0.0;2.0;14.0;A01
201800047896;1.0;7;0;0.0;2.0;1.0;9.0;A01
201800047896;1.0;17;0;0.0;2.0;5.0;1.0;B01
201800047897;1.0;10;0;0.0;0.0;0.0;0.0;B01
201800047897;1.0;7;0;0.0;0.0;0.0;0.0;A01
201800047898;1.0;10;0;0.0;2.0;1.0;2.0;A01
201800047898;1.0;7;0;0.0;2.0;4.0;2.0;B01
201800047898;1.0;7;0;0.0;2.0;4.0;2.0;C01
201800047899;1.0;7;0;0.0;0.0;0.0;0.0;B01
201800047899;1.0;7;0;0.0;0.0;0.0;0.0;A01
201800047900;1.0;7;0;0.0;0.0;0.0;0.0;B01
201800047900;1.0;7;0;0.0;1.0;1.0;0.0;A01
201800047901;0.0;7;0;0.0;0.0;0.0;0.0;A01
201800047902;0.0;15;0;0.0;2.0;1.0;0.0;B01
201800047902;0.0;7;0;0.0;2.0;4.0;0.0;A01
201800047903;0.0;17;0;0.0;0.0;0.0;0.0;A01
201800047904;2.0;7;0;0.0;0.0;0.0;0.0;A01
201800047904;2.0;7;0;0.0;0.0;0.0;0.0;B01
201800047904;2.0;7;0;0.0;0.0;0.0;0.0;C01
201800047905;1.0;10;0;1.0;0.0;2.0;0.0;A01
201800047905;1.0;37;52;0.0;2.0;6.0;24.0;B01
201800047906;1.0;10;0;1.0;0.0;1.0;1.0;C01
201800047906;1.0;14;0;1.0;0.0;1.0;1.0;B01
201800047906;1.0;7;0;0.0;0.0;4.0;23.0;A01
201800047907;1.0;33;0;0.0;0.0;0.0;0.0;A01
201800047908;1.0;7;0;0.0;0.0;0.0;1.0;A01
201800047909;1.0;33;0;0.0;2.0;1.0;1.0;A01
201800047909;1.0;7;0;0.0;2.0;4.0;1.0;B01
201800047910;2.0;33;0;0.0;0.0;1.0;1.0;A01
201800047911;2.0;33;0;0.0;0.0;0.0;19.0;B01
201800047911;2.0;33;0;0.0;0.0;1.0;1.0;A01
201800047912;1.0;7;0;0.0;2.0;1.0;1.0;A01
201800047912;1.0;7;0;0.0;0.0;4.0;1.0;B01
201800047913;1.0;7;0;0.0;2.0;1.0;1.0;C01
201800047913;1.0;37;9;0.0;2.0;4.0;1.0;A01
201800047913;1.0;37;9;0.0;2.0;1.0;1.0;B01
201800047914;1.0;7;0;0.0;6.0;1.0;17.0;A01
201800047915;1.0;17;0;0.0;0.0;0.0;1.0;A01
201800047915;1.0;7;0;0.0;0.0;1.0;1.0;B01
201800047916;1.0;7;0;0.0;2.0;8.0;11.0;B01
201800047916;2.0;15;0;0.0;2.0;5.0;12.0;A01
201800047917;2.0;7;0;0.0;2.0;6.0;12.0;B01
201800047917;2.0;33;0;0.0;2.0;1.0;1.0;A01
201800047918;1.0;33;0;0.0;2.0;1.0;3.0;A01
201800047918;1.0;7;0;0.0;2.0;4.0;1.0;B01
201800047919;1.0;7;0;0.0;2.0;4.0;1.0;B01
201800047919;1.0;7;0;0.0;2.0;1.0;1.0;A01
201800047920;1.0;7;0;0.0;0.0;0.0;0.0;A01
201800047920;1.0;7;0;0.0;2.0;1.0;1.0;B01
201800047921;2.0;7;0;0.0;0.0;0.0;0.0;A01
201800047921;2.0;7;0;0.0;0.0;0.0;0.0;B01
201800047922;1.0;15;0;0.0;2.0;1.0;1.0;A01
201800047922;1.0;7;0;0.0;0.0;4.0;2.0;B01
201800047923;2.0;7;0;0.0;2.0;8.0;11.0;A01
201800047923;2.0;33;0;0.0;2.0;7.0;1.0;B01
201800047924;0.0;7;0;0.0;2.0;1.0;1.0;B01
201800047924;0.0;7;0;0.0;2.0;1.0;5.0;A01
201800047925;2.0;15;0;0.0;2.0;1.0;1.0;A01
201800047925;2.0;7;0;0.0;2.0;4.0;1.0;B01
201800047926;1.0;7;0;0.0;2.0;1.0;1.0;A01
201800047926;1.0;7;0;0.0;2.0;4.0;1.0;B01
201800047927;1.0;7;0;0.0;2.0;0.0;11.0;A01
201800047928;1.0;7;0;0.0;2.0;4.0;1.0;B01
201800047928;1.0;7;0;0.0;2.0;1.0;1.0;A01
201800047928;1.0;7;0;0.0;0.0;0.0;0.0;D01
201800047928;1.0;7;0;0.0;2.0;4.0;1.0;C01
201800047929;2.0;33;0;0.0;2.0;1.0;3.0;A01
201800047929;2.0;7;0;0.0;2.0;4.0;1.0;B01
201800047930;1.0;33;0;0.0;2.0;7.0;3.0;A01
201800047930;1.0;7;0;0.0;2.0;0.0;1.0;B01
201800047930;1.0;7;0;0.0;2.0;4.0;1.0;C01
201800047931;2.0;7;0;0.0;2.0;4.0;1.0;B01
201800047931;2.0;33;0;0.0;2.0;1.0;1.0;A01
201800047932;1.0;7;0;0.0;2.0;4.0;1.0;A01
201800047932;1.0;7;0;0.0;2.0;1.0;1.0;B01
201800047933;2.0;14;0;16.0;0.0;7.0;1.0;A01
201800047934;2.0;7;0;0.0;2.0;8.0;1.0;B01
201800047934;0.0;33;0;0.0;2.0;1.0;1.0;C01
201800047934;2.0;15;0;0.0;2.0;7.0;12.0;A01
201800047935;2.0;33;0;14.0;0.0;1.0;1.0;A01
201800047936;1.0;7;0;0.0;2.0;1.0;17.0;B01
201800047936;1.0;7;0;0.0;2.0;1.0;5.0;A01
201800047937;1.0;7;0;0.0;2.0;5.0;12.0;A01
201800047937;1.0;33;0;0.0;2.0;8.0;1.0;B01
201800047938;1.0;33;0;0.0;2.0;1.0;1.0;A01
201800047938;1.0;7;0;0.0;2.0;4.0;1.0;B01
201800047939;2.0;33;0;0.0;2.0;8.0;1.0;B01
201800047939;2.0;7;0;0.0;2.0;7.0;12.0;A01
201800047940;2.0;99;0;0.0;1.0;0.0;0.0;A01
201800047941;2.0;33;0;0.0;2.0;1.0;1.0;A01
201800047941;2.0;7;0;0.0;2.0;4.0;1.0;B01
201800047942;1.0;7;0;0.0;0.0;0.0;1.0;A01
201800047943;2.0;7;0;0.0;0.0;2.0;0.0;A01
201800047943;2.0;13;0;0.0;0.0;6.0;0.0;B01
201800047944;1.0;31;0;0.0;0.0;0.0;0.0;G01
201800047944;1.0;7;0;0.0;0.0;0.0;0.0;B01
201800047944;1.0;31;0;0.0;0.0;0.0;0.0;E01
201800047944;1.0;31;0;0.0;0.0;0.0;0.0;F01
201800047944;1.0;31;0;0.0;0.0;0.0;0.0;C01
201800047944;1.0;7;0;0.0;0.0;0.0;0.0;A01
201800047944;1.0;31;0;0.0;0.0;0.0;0.0;D01
201800047945;1.0;31;0;0.0;0.0;0.0;0.0;A01
201800047945;1.0;7;0;0.0;0.0;0.0;0.0;B01
201800047946;0.0;7;0;3.0;0.0;1.0;1.0;A01
201800047947;1.0;7;0;0.0;0.0;0.0;0.0;A01
201800047947;1.0;31;0;0.0;0.0;0.0;0.0;B01
201800047948;0.0;20;0;0.0;0.0;0.0;0.0;A01
201800047949;0.0;7;0;0.0;0.0;0.0;0.0;B01
201800047949;0.0;99;0;0.0;0.0;0.0;0.0;C01
201800047949;0.0;7;0;0.0;0.0;0.0;0.0;A01
201800047950;0.0;7;0;0.0;0.0;0.0;0.0;A01
201800047950;0.0;7;0;0.0;0.0;0.0;0.0;C01
201800047950;0.0;7;0;0.0;0.0;0.0;0.0;B01
201800047951;1.0;7;0;0.0;2.0;4.0;1.0;A01
201800047951;1.0;7;0;0.0;2.0;1.0;1.0;B01
201800047952;2.0;10;0;0.0;2.0;7.0;12.0;A01
201800047952;2.0;15;0;0.0;2.0;8.0;1.0;B01
201800047953;1.0;33;0;0.0;0.0;0.0;1.0;A01
201800047954;2.0;7;0;0.0;2.0;1.0;1.0;A01
201800047954;2.0;7;0;0.0;2.0;4.0;1.0;B01
201800047955;1.0;7;0;0.0;2.0;1.0;0.0;A01
201800047955;1.0;7;0;0.0;2.0;4.0;1.0;B01
201800047956;1.0;7;0;0.0;2.0;9.0;17.0;A01
201800047957;1.0;7;0;0.0;2.0;1.0;1.0;A01
201800047957;1.0;7;0;0.0;2.0;4.0;1.0;B01
201800047958;0.0;7;0;0.0;2.0;1.0;1.0;A01
201800047958;0.0;7;0;0.0;2.0;4.0;1.0;B01
201800047959;2.0;10;0;0.0;2.0;1.0;1.0;A01
201800047959;2.0;7;0;0.0;2.0;4.0;1.0;B01
201800047959;2.0;7;0;0.0;2.0;4.0;1.0;C01
201800047959;2.0;10;0;0.0;2.0;4.0;1.0;D01
201800047960;1.0;7;0;0.0;2.0;1.0;12.0;A01
201800047960;1.0;33;0;0.0;2.0;4.0;1.0;B01
201800047961;1.0;7;0;0.0;2.0;4.0;1.0;C01
201800047961;1.0;7;0;0.0;2.0;4.0;1.0;B01
201800047961;1.0;7;0;0.0;2.0;1.0;1.0;A01
201800047962;1.0;7;0;0.0;2.0;4.0;1.0;B01
201800047962;1.0;33;0;0.0;2.0;1.0;1.0;A01
201800047963;2.0;7;0;0.0;2.0;4.0;1.0;B01
201800047963;2.0;33;0;0.0;2.0;1.0;1.0;A01
201800047964;1.0;7;0;0.0;2.0;1.0;1.0;A01
201800047964;1.0;7;0;0.0;2.0;4.0;1.0;B01
201800047965;1.0;7;0;0.0;2.0;1.0;1.0;A01
201800047965;1.0;7;0;0.0;2.0;4.0;1.0;B01
201800047966;2.0;7;0;13.0;0.0;7.0;1.0;A01
201800047967;1.0;7;0;4.0;0.0;8.0;0.0;A01
201800047968;2.0;17;0;0.0;2.0;4.0;1.0;A01
201800047968;2.0;7;0;0.0;2.0;1.0;1.0;D01
201800047968;2.0;7;0;0.0;2.0;1.0;1.0;E01
201800047968;2.0;17;0;0.0;2.0;1.0;1.0;C01
201800047968;2.0;7;0;0.0;2.0;4.0;1.0;B01
201800047969;2.0;7;0;0.0;2.0;1.0;1.0;B01
201800047969;2.0;7;0;0.0;2.0;4.0;11.0;A01
201800047970;1.0;7;0;0.0;2.0;1.0;11.0;A01
201800047970;1.0;7;0;0.0;2.0;4.0;1.0;B01
201800047971;2.0;7;0;0.0;2.0;0.0;1.0;A01
201800047971;2.0;7;0;0.0;2.0;0.0;1.0;B01
201800047971;2.0;7;0;0.0;2.0;0.0;1.0;C01
201800047971;2.0;7;0;0.0;2.0;0.0;1.0;D01
201800047972;1.0;17;0;3.0;0.0;1.0;1.0;A01
201800047973;1.0;7;0;4.0;0.0;1.0;1.0;A01
201800047974;2.0;7;0;0.0;2.0;4.0;1.0;B01
201800047974;2.0;7;0;0.0;2.0;4.0;1.0;C01
201800047974;2.0;7;0;0.0;2.0;4.0;1.0;E01
201800047974;2.0;7;0;3.0;0.0;1.0;1.0;A01
201800047974;2.0;7;0;0.0;2.0;4.0;1.0;F01
201800047974;2.0;7;0;0.0;2.0;4.0;1.0;G01
201800047974;2.0;7;0;0.0;2.0;4.0;1.0;D01
201800047975;1.0;7;0;0.0;2.0;4.0;1.0;B01
201800047975;1.0;7;0;0.0;2.0;4.0;1.0;C01
201800047975;1.0;7;0;0.0;2.0;1.0;1.0;A01
201800047976;2.0;17;0;0.0;2.0;7.0;14.0;B01
201800047976;2.0;7;0;0.0;2.0;8.0;1.0;A01
201800047977;1.0;7;0;0.0;2.0;1.0;1.0;A01
201800047977;1.0;32;0;0.0;2.0;4.0;1.0;B01
201800047978;2.0;7;0;3.0;0.0;8.0;1.0;A01
201800047979;1.0;34;0;0.0;2.0;1.0;1.0;A01
201800047979;1.0;7;0;0.0;2.0;4.0;1.0;B01
201800047979;1.0;7;0;0.0;2.0;4.0;1.0;C01
201800047980;2.0;7;0;0.0;1.0;1.0;1.0;A01
201800047981;1.0;7;0;0.0;2.0;1.0;1.0;A01
201800047981;1.0;7;0;0.0;2.0;4.0;1.0;B01
201800047982;1.0;7;0;0.0;0.0;9.0;1.0;A01
201800047983;1.0;7;0;3.0;0.0;1.0;1.0;A01
201800047984;1.0;7;0;0.0;2.0;1.0;1.0;B01
201800047984;1.0;7;0;0.0;2.0;1.0;1.0;C01
201800047984;1.0;33;0;0.0;2.0;1.0;3.0;A01
201800047985;0.0;7;0;3.0;0.0;1.0;1.0;A01
201800047986;1.0;7;0;6.0;0.0;1.0;1.0;A01
201800047987;1.0;33;0;5.0;0.0;1.0;1.0;A01
201800047988;2.0;7;0;0.0;2.0;1.0;1.0;A01
201800047988;2.0;7;0;0.0;2.0;4.0;1.0;B01
201800047989;1.0;7;0;0.0;2.0;1.0;1.0;Z01
201800047989;1.0;7;0;0.0;2.0;4.0;1.0;B01
201800047989;1.0;7;0;0.0;2.0;4.0;1.0;A01
201800047990;2.0;7;0;0.0;1.0;1.0;1.0;Z01