Num_Acc;senc;catv;occutc;obs;obsm;choc;manv;num_veh
201800047991;1.0;7;0;0.0;1.0;1.0;1.0;A01
201800047992;1.0;15;0;0.0;2.0;1.0;1.0;A01
201800047992;1.0;37;1;0.0;2.0;4.0;1.0;C01
201800047992;1.0;7;0;0.0;2.0;4.0;1.0;D01
201800047992;1.0;7;0;0.0;2.0;4.0;1.0;B01
201800047993;1.0;7;0;11.0;0.0;7.0;1.0;A01
201800047994;2.0;7;0;0.0;2.0;4.0;1.0;B01
201800047994;2.0;17;0;0.0;2.0;1.0;1.0;A01
201800047994;2.0;7;0;0.0;2.0;4.0;1.0;C01
201800047995;1.0;7;0;0.0;1.0;1.0;1.0;A01
201800047995;1.0;7;0;0.0;1.0;1.0;1.0;B01
201800047995;1.0;7;0;0.0;1.0;1.0;1.0;C01
201800047996;1.0;3;0;0.0;2.0;4.0;1.0;A01
201800047996;1.0;7;0;0.0;2.0;0.0;1.0;B01
201800047996;1.0;17;0;0.0;2.0;1.0;1.0;C01
201800047997;2.0;7;0;0.0;2.0;4.0;0.0;C01
201800047997;2.0;7;0;0.0;2.0;8.0;13.0;B01
201800047997;2.0;33;0;0.0;2.0;7.0;1.0;A01
201800047998;0.0;31;0;0.0;2.0;4.0;2.0;B01
201800047998;0.0;10;0;0.0;2.0;2.0;2.0;A01
201800047999;0.0;7;0;0.0;0.0;9.0;1.0;A01
201800048000;0.0;7;0;0.0;0.0;9.0;2.0;A01
201800048001;1.0;7;0;0.0;2.0;1.0;2.0;A01
201800048001;1.0;7;0;0.0;9.0;4.0;2.0;B01
201800048002;1.0;34;0;0.0;0.0;1.0;2.0;A01
201800048003;2.0;7;0;15.0;0.0;1.0;17.0;A01
201800048004;1.0;31;0;0.0;2.0;8.0;1.0;B01
201800048004;2.0;7;0;0.0;2.0;1.0;15.0;Z01
201800048005;2.0;37;45;0.0;2.0;2.0;15.0;B01
201800048005;1.0;7;0;0.0;2.0;1.0;9.0;A01
201800048006;2.0;7;0;0.0;1.0;1.0;15.0;A01
201800048007;2.0;7;0;12.0;2.0;1.0;23.0;A01
201800048007;2.0;7;0;12.0;2.0;4.0;23.0;B01
201800048008;2.0;7;0;8.0;2.0;5.0;15.0;B01
201800048008;1.0;7;0;0.0;2.0;2.0;19.0;A01
201800048009;1.0;7;0;0.0;2.0;2.0;2.0;B01
201800048009;2.0;7;0;0.0;2.0;1.0;16.0;A01
201800048010;1.0;10;0;0.0;2.0;6.0;23.0;B01
201800048010;1.0;7;0;0.0;2.0;2.0;13.0;Z01
201800048011;2.0;7;0;0.0;1.0;7.0;2.0;A01
201800048012;1.0;7;0;0.0;1.0;1.0;15.0;A01
201800048013;2.0;7;0;0.0;0.0;8.0;24.0;A01
201800048013;2.0;1;0;1.0;0.0;1.0;1.0;B01
201800048014;1.0;7;0;0.0;1.0;1.0;15.0;A01
201800048015;2.0;7;0;0.0;2.0;3.0;1.0;B01
201800048015;2.0;7;0;0.0;2.0;2.0;15.0;A01
201800048015;1.0;7;0;0.0;2.0;1.0;23.0;C01
201800048016;2.0;10;0;0.0;1.0;2.0;15.0;A01
201800048017;2.0;7;0;0.0;1.0;1.0;1.0;A01
201800048018;1.0;1;0;0.0;1.0;8.0;7.0;A01
201800048019;1.0;7;0;0.0;1.0;1.0;15.0;A01
201800048020;1.0;37;0;0.0;1.0;2.0;7.0;A01
201800048021;1.0;7;0;0.0;2.0;2.0;7.0;B01
201800048021;1.0;1;0;0.0;2.0;1.0;9.0;A01
201800048022;1.0;7;0;0.0;2.0;8.0;19.0;B01
201800048022;1.0;7;0;0.0;2.0;1.0;19.0;A01
201800048023;1.0;7;0;0.0;2.0;4.0;23.0;B01
201800048023;1.0;7;0;0.0;2.0;1.0;1.0;A01
201800048024;1.0;33;0;0.0;2.0;1.0;1.0;B01
201800048024;1.0;7;0;0.0;2.0;3.0;15.0;A01
201800048025;1.0;7;0;0.0;9.0;0.0;23.0;A01
201800048025;1.0;1;0;0.0;2.0;2.0;22.0;B01
201800048026;1.0;7;0;2.0;0.0;1.0;9.0;A01
201800048027;2.0;33;0;0.0;0.0;0.0;1.0;A01
201800048028;1.0;7;0;0.0;1.0;1.0;2.0;A01
201800048029;2.0;34;0;0.0;2.0;1.0;1.0;B01
201800048029;1.0;7;0;0.0;2.0;3.0;15.0;A01
201800048030;1.0;7;0;6.0;2.0;8.0;1.0;B01
201800048030;2.0;7;0;9.0;2.0;3.0;5.0;A01
201800048031;1.0;7;0;0.0;9.0;1.0;16.0;A01
201800048031;1.0;1;0;0.0;2.0;4.0;16.0;B01
201800048032;1.0;33;0;0.0;2.0;1.0;1.0;B01
201800048032;2.0;7;0;0.0;2.0;7.0;1.0;A01
201800048033;2.0;10;0;0.0;2.0;2.0;1.0;B01
201800048033;1.0;10;0;8.0;2.0;7.0;15.0;A01
201800048034;1.0;7;0;1.0;0.0;2.0;1.0;A01
201800048035;1.0;7;0;0.0;2.0;1.0;11.0;A01
201800048035;1.0;33;0;0.0;2.0;1.0;23.0;B01
201800048036;2.0;7;0;0.0;1.0;3.0;15.0;A01
201800048037;1.0;7;0;0.0;2.0;1.0;0.0;Z01
201800048037;1.0;7;0;0.0;2.0;4.0;23.0;B01
201800048038;1.0;30;0;0.0;2.0;2.0;1.0;B01
201800048038;1.0;7;0;0.0;2.0;5.0;4.0;A01
201800048039;2.0;7;0;0.0;2.0;2.0;17.0;B01
201800048039;2.0;7;0;2.0;2.0;6.0;13.0;A01
201800048040;1.0;7;0;8.0;0.0;1.0;1.0;A01
201800048041;0.0;99;0;0.0;2.0;0.0;0.0;R01
201800048041;1.0;7;0;0.0;2.0;3.0;0.0;A01
201800048042;2.0;7;0;0.0;2.0;7.0;15.0;A01
201800048042;2.0;7;0;0.0;2.0;1.0;2.0;B01
201800048043;2.0;7;0;0.0;1.0;3.0;2.0;A01
201800048044;2.0;7;0;0.0;2.0;4.0;15.0;B01
201800048044;2.0;34;0;0.0;2.0;1.0;1.0;A01
201800048045;2.0;33;0;0.0;2.0;1.0;19.0;A01
201800048045;2.0;7;0;0.0;2.0;3.0;19.0;B01
201800048046;1.0;10;0;0.0;4.0;8.0;15.0;A01
201800048046;1.0;40;60;0.0;2.0;1.0;1.0;B01
201800048047;1.0;7;0;0.0;2.0;1.0;1.0;A01
201800048047;1.0;7;0;0.0;9.0;8.0;1.0;B01
201800048048;1.0;7;0;0.0;1.0;7.0;1.0;A01
201800048049;2.0;7;0;0.0;1.0;3.0;1.0;A01
201800048050;2.0;1;0;0.0;2.0;8.0;19.0;B01
201800048050;2.0;7;0;0.0;2.0;2.0;16.0;A01
201800048051;2.0;7;0;0.0;2.0;8.0;1.0;A01
201800048051;1.0;33;0;0.0;2.0;8.0;17.0;B01
201800048052;0.0;99;0;0.0;2.0;0.0;0.0;R01
201800048052;1.0;7;0;0.0;2.0;3.0;1.0;A01
201800048053;1.0;7;0;0.0;1.0;3.0;15.0;A01
201800048054;1.0;7;0;0.0;2.0;4.0;23.0;B01
201800048054;1.0;7;0;0.0;2.0;1.0;2.0;A01
201800048055;1.0;7;0;0.0;1.0;2.0;1.0;A01
201800048056;2.0;7;0;0.0;2.0;2.0;1.0;A01
201800048056;2.0;34;0;0.0;2.0;4.0;2.0;B01
201800048057;1.0;31;0;0.0;2.0;1.0;2.0;A01
201800048057;1.0;7;0;0.0;2.0;5.0;2.0;B01
201800048058;1.0;7;0;0.0;1.0;0.0;7.0;A01
201800048059;1.0;1;0;0.0;2.0;1.0;8.0;B01
201800048059;2.0;7;0;0.0;2.0;3.0;15.0;A01
201800048060;2.0;7;0;0.0;0.0;0.0;13.0;A01
201800048060;2.0;33;0;0.0;0.0;0.0;17.0;B01
201800048061;0.0;99;0;0.0;2.0;0.0;0.0;R01
201800048061;1.0;10;0;0.0;2.0;2.0;1.0;A01
201800048062;1.0;7;0;0.0;2.0;9.0;2.0;A01
201800048062;1.0;7;0;0.0;2.0;4.0;2.0;B01
201800048063;2.0;34;0;0.0;2.0;1.0;1.0;A01
201800048063;1.0;7;0;0.0;2.0;8.0;1.0;B01
201800048064;2.0;7;0;0.0;2.0;4.0;4.0;A01
201800048064;1.0;1;0;0.0;2.0;1.0;9.0;B01
201800048065;2.0;7;0;0.0;2.0;1.0;19.0;Z01
201800048065;2.0;7;0;0.0;2.0;8.0;19.0;B01
201800048066;1.0;7;0;0.0;2.0;4.0;20.0;A01
201800048066;1.0;7;0;0.0;2.0;1.0;21.0;B01
201800048067;2.0;7;0;0.0;2.0;1.0;2.0;A01
201800048067;2.0;7;0;0.0;2.0;4.0;2.0;B01
201800048068;1.0;1;0;8.0;0.0;1.0;0.0;A01
201800048069;1.0;7;0;0.0;1.0;0.0;15.0;A01
201800048070;2.0;31;0;0.0;2.0;1.0;1.0;A01
201800048070;2.0;7;0;0.0;2.0;8.0;1.0;B01
201800048071;2.0;13;0;0.0;2.0;2.0;19.0;B01
201800048071;2.0;7;0;0.0;2.0;8.0;16.0;A01
201800048072;1.0;7;0;0.0;1.0;2.0;15.0;A01
201800048073;1.0;40;60;0.0;1.0;0.0;0.0;A01
201800048074;2.0;7;0;1.0;2.0;2.0;21.0;A01
201800048074;1.0;7;0;0.0;2.0;8.0;16.0;B01
201800048075;1.0;7;0;0.0;2.0;2.0;15.0;A01
201800048075;0.0;99;0;0.0;2.0;0.0;0.0;R01
201800048076;1.0;30;0;0.0;2.0;8.0;18.0;A01
201800048076;1.0;7;0;0.0;2.0;7.0;2.0;B01
201800048077;2.0;31;0;0.0;1.0;1.0;21.0;A01
201800048078;1.0;40;0;0.0;1.0;1.0;19.0;A01
201800048079;1.0;7;0;0.0;2.0;7.0;22.0;A01
201800048079;1.0;1;0;1.0;0.0;1.0;1.0;B01
201800048080;2.0;7;0;0.0;1.0;1.0;1.0;A01
201800048081;1.0;34;0;0.0;0.0;0.0;15.0;A01
201800048082;1.0;7;0;8.0;0.0;1.0;15.0;A01
201800048083;1.0;7;0;0.0;2.0;3.0;1.0;B01
201800048083;2.0;7;0;1.0;2.0;3.0;1.0;A01
201800048084;1.0;1;0;0.0;2.0;8.0;5.0;B01
201800048084;1.0;7;0;0.0;9.0;1.0;15.0;A01
201800048085;2.0;7;0;0.0;1.0;1.0;15.0;A01
201800048086;1.0;7;0;0.0;9.0;8.0;1.0;B01
201800048086;1.0;1;0;0.0;2.0;1.0;1.0;A01
201800048087;2.0;33;0;0.0;4.0;1.0;9.0;A01
201800048087;1.0;40;60;0.0;2.0;1.0;2.0;B01
201800048088;1.0;33;0;0.0;2.0;1.0;1.0;B01
201800048088;1.0;7;0;0.0;2.0;3.0;1.0;A01
201800048089;2.0;7;0;0.0;9.0;2.0;9.0;A01
201800048089;1.0;1;0;0.0;2.0;1.0;1.0;B01
201800048090;2.0;7;0;0.0;1.0;2.0;16.0;A01
201800048091;2.0;7;0;0.0;2.0;1.0;2.0;A01
201800048091;2.0;7;0;0.0;2.0;4.0;23.0;C01
201800048091;2.0;7;0;0.0;2.0;4.0;23.0;B01
201800048092;1.0;7;0;0.0;1.0;3.0;15.0;A01
201800048093;2.0;31;0;0.0;2.0;1.0;1.0;A01
201800048093;2.0;7;0;0.0;2.0;4.0;15.0;B01
201800048094;2.0;33;0;0.0;2.0;1.0;3.0;A01
201800048094;2.0;7;0;0.0;2.0;3.0;15.0;B01
201800048095;1.0;7;0;6.0;0.0;1.0;2.0;A01
201800048096;1.0;7;0;0.0;1.0;1.0;1.0;A01
201800048097;1.0;7;0;0.0;2.0;3.0;9.0;A01
201800048097;1.0;33;0;0.0;2.0;7.0;1.0;B01
201800048098;1.0;7;0;16.0;0.0;1.0;19.0;A01
201800048098;1.0;1;0;0.0;2.0;8.0;1.0;B01
201800048099;2.0;1;0;0.0;0.0;0.0;1.0;A01
201800048100;1.0;7;0;0.0;2.0;1.0;1.0;B01
201800048100;1.0;30;0;0.0;2.0;7.0;1.0;A01
201800048101;1.0;33;0;0.0;0.0;0.0;0.0;A01
201800048102;1.0;13;0;0.0;2.0;0.0;17.0;A01
201800048102;1.0;7;0;0.0;2.0;3.0;23.0;B01
201800048103;2.0;7;0;0.0;2.0;6.0;1.0;B01
201800048103;1.0;7;0;0.0;2.0;1.0;1.0;A01
201800048104;1.0;7;0;0.0;1.0;2.0;1.0;A01
201800048105;1.0;7;0;0.0;2.0;1.0;2.0;A01
201800048105;1.0;7;0;0.0;2.0;4.0;2.0;B01
201800048105;1.0;7;0;0.0;2.0;4.0;2.0;C01
201800048106;1.0;31;0;8.0;1.0;1.0;1.0;B01
201800048106;2.0;7;0;0.0;2.0;3.0;15.0;A01
201800048107;1.0;31;0;0.0;2.0;7.0;17.0;B01
201800048107;1.0;7;0;0.0;2.0;7.0;16.0;A01
201800048108;2.0;7;0;0.0;2.0;7.0;10.0;A01
201800048108;2.0;3;0;0.0;2.0;1.0;1.0;B01
201800048109;2.0;1;0;0.0;2.0;1.0;2.0;B01
201800048109;2.0;10;0;0.0;9.0;2.0;16.0;A01
201800048110;1.0;7;0;1.0;0.0;9.0;12.0;B01
201800048110;1.0;7;0;1.0;0.0;1.0;12.0;C01
201800048110;1.0;7;0;12.0;2.0;8.0;23.0;A01
201800048111;1.0;7;0;0.0;1.0;1.0;19.0;A01
201800048112;1.0;7;0;0.0;2.0;8.0;11.0;A01
201800048112;1.0;33;0;8.0;2.0;5.0;1.0;B01
201800048113;1.0;30;0;0.0;2.0;1.0;1.0;B01
201800048113;2.0;7;0;0.0;2.0;2.0;15.0;A01
201800048114;1.0;7;0;12.0;2.0;5.0;1.0;A01
201800048114;2.0;7;0;0.0;2.0;1.0;2.0;Z01
201800048115;1.0;7;0;0.0;1.0;1.0;17.0;A01
201800048116;1.0;7;0;0.0;2.0;3.0;13.0;A01
201800048116;1.0;7;0;0.0;2.0;2.0;1.0;B01
201800048117;2.0;10;0;0.0;1.0;4.0;4.0;A01
201800048118;1.0;7;0;0.0;1.0;1.0;1.0;A01
201800048119;1.0;7;0;0.0;1.0;3.0;19.0;A01
201800048120;1.0;34;0;0.0;2.0;1.0;1.0;A01
201800048120;1.0;7;0;0.0;9.0;3.0;12.0;B01
201800048121;0.0;1;0;0.0;1.0;1.0;1.0;Z01
201800048122;1.0;7;0;9.0;0.0;0.0;0.0;A01
201800048123;1.0;7;0;0.0;2.0;1.0;2.0;A01
201800048123;1.0;7;0;0.0;2.0;4.0;2.0;B01
201800048124;2.0;7;0;0.0;2.0;8.0;22.0;A01
201800048124;2.0;1;0;0.0;2.0;6.0;2.0;B01
201800048125;1.0;7;0;0.0;2.0;1.0;1.0;A01
201800048125;2.0;30;0;0.0;2.0;5.0;9.0;B01
201800048126;1.0;7;0;0.0;2.0;3.0;19.0;B01
201800048126;1.0;7;0;8.0;2.0;2.0;19.0;A01
201800048127;1.0;7;0;0.0;2.0;8.0;1.0;A01
201800048127;1.0;7;0;0.0;2.0;1.0;1.0;B01
201800048128;2.0;7;0;0.0;1.0;2.0;1.0;A01
201800048129;1.0;7;0;0.0;2.0;2.0;1.0;B01
201800048129;1.0;7;0;0.0;2.0;3.0;16.0;A01
201800048130;1.0;7;0;0.0;1.0;3.0;1.0;A01
201800048131;2.0;40;1;0.0;1.0;2.0;19.0;A01
201800048132;1.0;7;0;0.0;2.0;7.0;19.0;A01
201800048132;1.0;7;0;0.0;2.0;1.0;19.0;B01
201800048133;1.0;31;0;0.0;2.0;7.0;19.0;A01
201800048133;2.0;20;0;0.0;2.0;1.0;19.0;B01
201800048134;1.0;30;0;0.0;2.0;1.0;1.0;A01
201800048134;1.0;1;0;0.0;2.0;7.0;19.0;B01
201800048135;1.0;1;0;0.0;2.0;8.0;19.0;B01
201800048135;1.0;1;0;0.0;2.0;1.0;1.0;A01
201800048136;1.0;7;0;0.0;2.0;8.0;15.0;A01
201800048136;1.0;7;0;0.0;2.0;1.0;1.0;B01
201800048137;1.0;31;0;0.0;1.0;1.0;0.0;Z01
201800048138;0.0;99;0;0.0;2.0;0.0;0.0;R01
201800048138;1.0;7;0;0.0;2.0;7.0;2.0;A01
201800048139;1.0;7;0;0.0;2.0;7.0;15.0;A01
201800048139;1.0;32;0;0.0;2.0;1.0;2.0;B01
201800048140;1.0;40;55;0.0;1.0;5.0;19.0;A01
201800048141;2.0;7;0;0.0;2.0;1.0;15.0;A01
201800048141;1.0;33;0;0.0;2.0;1.0;1.0;B01
201800048142;1.0;7;0;1.0;0.0;1.0;9.0;A01
201800048143;1.0;34;0;0.0;1.0;1.0;2.0;A01
201800048144;1.0;14;0;0.0;1.0;6.0;19.0;A01
201800048145;1.0;10;0;0.0;1.0;0.0;20.0;A01
201800048146;1.0;7;0;0.0;2.0;3.0;15.0;A01
201800048146;1.0;33;0;0.0;2.0;1.0;1.0;B01
201800048147;2.0;7;0;0.0;2.0;7.0;13.0;A01
201800048147;1.0;7;0;0.0;2.0;3.0;15.0;B01
201800048148;1.0;7;0;0.0;2.0;4.0;4.0;A01
201800048148;0.0;99;0;0.0;2.0;0.0;0.0;R01
201800048149;1.0;7;0;0.0;1.0;0.0;16.0;A01
201800048150;2.0;1;0;0.0;2.0;1.0;19.0;A01
201800048150;1.0;7;0;0.0;9.0;6.0;1.0;B01
201800048151;2.0;7;0;0.0;2.0;1.0;1.0;A01
201800048151;1.0;7;0;0.0;2.0;3.0;1.0;B01
201800048152;2.0;17;0;0.0;0.0;0.0;1.0;A01
201800048152;1.0;7;0;0.0;0.0;0.0;24.0;B01
201800048153;2.0;1;0;0.0;1.0;1.0;8.0;A01
201800048154;2.0;33;0;0.0;2.0;1.0;2.0;B01
201800048154;2.0;7;0;0.0;2.0;6.0;24.0;A01
201800048155;1.0;7;0;0.0;1.0;5.0;4.0;A01
201800048156;1.0;1;0;1.0;0.0;1.0;17.0;B01
201800048156;1.0;7;0;0.0;0.0;8.0;24.0;A01
201800048157;1.0;7;0;0.0;2.0;0.0;2.0;A01
201800048157;1.0;31;0;0.0;2.0;1.0;1.0;B01
201800048158;1.0;10;0;0.0;2.0;6.0;2.0;B01
201800048158;1.0;7;0;0.0;2.0;1.0;2.0;A01
201800048158;1.0;7;0;0.0;2.0;9.0;1.0;C01
201800048159;0.0;34;0;0.0;2.0;8.0;1.0;A01
201800048159;0.0;7;0;0.0;2.0;0.0;15.0;B01
201800048160;0.0;30;0;15.0;0.0;1.0;0.0;A01
201800048161;2.0;7;0;0.0;2.0;2.0;16.0;A01
201800048161;2.0;37;1;0.0;2.0;3.0;7.0;B01
201800048162;2.0;7;0;0.0;2.0;4.0;2.0;B01
201800048162;2.0;7;0;0.0;2.0;1.0;0.0;A01
201800048163;1.0;7;0;0.0;2.0;6.0;1.0;B01
201800048163;1.0;7;0;1.0;0.0;7.0;0.0;C01
201800048163;1.0;7;0;0.0;2.0;2.0;1.0;A01
201800048164;1.0;7;0;2.0;0.0;1.0;15.0;A01
201800048165;1.0;7;0;16.0;0.0;1.0;0.0;A01
201800048166;1.0;14;0;0.0;2.0;2.0;15.0;A01
201800048166;1.0;7;0;12.0;0.0;6.0;0.0;B01
201800048167;1.0;7;0;1.0;2.0;1.0;1.0;B01
201800048167;1.0;7;0;8.0;2.0;7.0;1.0;A01
201800048168;1.0;10;0;0.0;1.0;1.0;0.0;Z01
201800048169;2.0;7;0;0.0;2.0;7.0;2.0;B01
201800048169;1.0;32;0;0.0;2.0;1.0;2.0;A01
201800048170;1.0;7;0;0.0;1.0;2.0;1.0;A01
201800048171;1.0;7;0;8.0;0.0;1.0;19.0;A01
201800048171;2.0;1;0;0.0;2.0;7.0;1.0;B01
201800048172;0.0;40;99;0.0;1.0;7.0;0.0;A01
201800048173;2.0;33;0;12.0;0.0;1.0;2.0;A01
201800048174;1.0;33;0;0.0;0.0;1.0;1.0;A01
201800048175;2.0;10;0;0.0;1.0;1.0;15.0;A01
201800048176;2.0;1;0;1.0;0.0;1.0;1.0;A01
201800048176;2.0;10;0;0.0;2.0;0.0;0.0;B01
201800048177;0.0;7;0;0.0;2.0;3.0;5.0;B01
201800048177;0.0;34;0;0.0;2.0;1.0;1.0;A01
201800048178;0.0;10;0;0.0;1.0;5.0;20.0;A01
201800048179;2.0;7;0;0.0;2.0;3.0;15.0;A01
201800048179;2.0;33;0;0.0;2.0;2.0;1.0;B01
201800048180;2.0;7;0;0.0;2.0;1.0;0.0;A01
201800048180;2.0;7;0;0.0;2.0;4.0;0.0;B01
201800048181;1.0;10;0;3.0;2.0;1.0;21.0;A01
201800048181;1.0;7;0;0.0;2.0;0.0;0.0;B01
201800048182;2.0;1;0;0.0;1.0;7.0;1.0;B01
201800048183;0.0;32;0;0.0;1.0;2.0;21.0;A01
201800048184;1.0;7;0;0.0;2.0;1.0;1.0;A01
201800048184;1.0;7;0;0.0;2.0;0.0;0.0;B01
201800048184;1.0;7;0;0.0;2.0;0.0;0.0;C01
201800048185;1.0;7;0;0.0;1.0;4.0;0.0;A01
201800048186;2.0;7;0;0.0;2.0;0.0;15.0;A01
201800048186;1.0;1;0;0.0;2.0;0.0;8.0;B01
201800048187;2.0;7;0;0.0;2.0;1.0;2.0;A01
201800048187;2.0;7;0;0.0;2.0;4.0;23.0;B01
201800048188;2.0;7;0;1.0;0.0;3.0;24.0;A01
201800048188;2.0;1;0;1.0;0.0;1.0;22.0;B01
201800048189;1.0;7;0;0.0;2.0;5.0;1.0;B01
201800048189;1.0;7;0;0.0;2.0;8.0;1.0;A01
201800048190;1.0;32;0;0.0;1.0;1.0;13.0;A01
201800048191;1.0;7;0;0.0;1.0;1.0;21.0;A01
201800048192;2.0;1;0;0.0;2.0;1.0;1.0;B01
201800048192;1.0;30;0;0.0;6.0;1.0;0.0;A01
201800048193;1.0;7;0;0.0;6.0;1.0;0.0;A01
201800048193;2.0;1;0;0.0;2.0;1.0;5.0;B01
201800048194;2.0;7;0;0.0;1.0;1.0;17.0;A01
201800048194;2.0;7;0;0.0;2.0;3.0;2.0;B01
201800048195;2.0;7;0;0.0;1.0;1.0;19.0;A01
201800048196;1.0;7;0;0.0;2.0;1.0;2.0;A01
201800048196;1.0;7;0;0.0;2.0;4.0;1.0;B01
201800048197;1.0;7;0;0.0;2.0;1.0;1.0;B01
201800048197;2.0;7;0;0.0;2.0;3.0;19.0;A01
201800048198;1.0;3;0;0.0;2.0;2.0;17.0;A01
201800048198;1.0;10;0;0.0;2.0;3.0;13.0;B01
201800048199;2.0;7;0;0.0;2.0;2.0;1.0;B01
201800048199;1.0;7;0;0.0;2.0;3.0;1.0;A01
201800048200;2.0;7;0;0.0;2.0;3.0;1.0;B01
201800048200;2.0;99;0;0.0;2.0;1.0;19.0;A01
201800048201;1.0;7;0;0.0;1.0;2.0;0.0;A01
201800048202;0.0;10;0;0.0;1.0;4.0;4.0;A01
201800048202;0.0;10;0;0.0;2.0;1.0;0.0;B01
201800048202;0.0;10;0;0.0;2.0;1.0;0.0;C01
201800048203;0.0;7;0;0.0;2.0;1.0;9.0;B01
201800048203;1.0;7;0;0.0;2.0;3.0;1.0;A01
201800048204;1.0;10;0;0.0;1.0;1.0;0.0;A01
201800048205;0.0;1;0;0.0;2.0;1.0;0.0;A01
201800048205;1.0;1;0;0.0;2.0;1.0;1.0;B01
201800048206;0.0;7;0;0.0;2.0;2.0;1.0;A01
201800048206;0.0;2;0;0.0;2.0;8.0;1.0;B01
201800048207;1.0;7;0;0.0;2.0;6.0;1.0;B01
201800048207;1.0;32;0;0.0;2.0;1.0;1.0;A01
201800048208;1.0;37;50;0.0;1.0;5.0;1.0;A01
201800048209;1.0;34;0;0.0;2.0;1.0;17.0;A01
201800048209;1.0;10;0;0.0;2.0;8.0;15.0;B01
201800048210;0.0;7;0;0.0;2.0;1.0;1.0;B01
201800048210;0.0;7;0;0.0;2.0;7.0;1.0;A01
201800048211;0.0;7;0;0.0;1.0;0.0;0.0;A01
201800048212;1.0;7;0;0.0;1.0;3.0;15.0;A01
201800048213;0.0;10;0;0.0;1.0;2.0;16.0;A01
201800048214;2.0;7;0;0.0;2.0;1.0;1.0;A01
201800048214;1.0;30;0;0.0;2.0;2.0;1.0;B01
201800048215;1.0;7;0;0.0;2.0;2.0;9.0;A01
201800048215;1.0;2;0;0.0;2.0;3.0;19.0;B01
201800048216;2.0;32;0;0.0;2.0;0.0;0.0;A01
201800048216;2.0;7;0;0.0;6.0;4.0;2.0;B01
201800048217;1.0;30;0;0.0;0.0;1.0;1.0;A01
201800048218;1.0;33;0;0.0;1.0;1.0;1.0;A01
201800048219;1.0;3;0;0.0;1.0;1.0;1.0;A01
201800048220;1.0;7;0;15.0;0.0;2.0;9.0;A01
201800048221;1.0;10;0;14.0;0.0;3.0;1.0;A01
201800048222;1.0;7;0;0.0;2.0;1.0;2.0;A01
201800048222;1.0;7;0;0.0;2.0;4.0;2.0;B01
201800048223;0.0;30;0;9.0;0.0;1.0;1.0;A01
201800048224;2.0;2;0;0.0;2.0;1.0;1.0;A01
201800048224;2.0;7;0;0.0;2.0;8.0;23.0;B01
201800048225;2.0;7;0;0.0;1.0;1.0;1.0;A01
201800048226;0.0;32;0;0.0;2.0;2.0;17.0;B01
201800048226;2.0;7;0;0.0;2.0;6.0;15.0;A01
201800048227;1.0;1;0;0.0;2.0;6.0;7.0;B01
201800048227;1.0;7;0;0.0;2.0;6.0;1.0;A01
201800048228;1.0;7;0;0.0;1.0;1.0;1.0;A01
201800048229;0.0;7;0;0.0;2.0;8.0;15.0;A01
201800048229;0.0;33;0;0.0;2.0;1.0;2.0;B01
201800048230;2.0;7;0;0.0;1.0;1.0;0.0;A01
201800048231;0.0;10;0;6.0;0.0;1.0;2.0;A01
201800048232;2.0;7;0;0.0;2.0;4.0;2.0;C01
201800048232;2.0;7;0;0.0;2.0;4.0;2.0;B01
201800048232;2.0;7;0;0.0;2.0;1.0;1.0;A01
201800048233;1.0;7;0;0.0;1.0;1.0;19.0;A01
201800048234;2.0;1;0;0.0;2.0;1.0;1.0;B01
201800048234;2.0;7;0;0.0;6.0;2.0;0.0;A01
201800048235;1.0;7;0;0.0;1.0;4.0;0.0;A01
201800048236;0.0;32;0;0.0;1.0;1.0;0.0;A01
201800048237;1.0;7;0;0.0;2.0;1.0;0.0;A01
201800048237;1.0;7;0;0.0;2.0;0.0;0.0;B01
201800048238;1.0;10;0;0.0;2.0;4.0;2.0;B01
201800048238;1.0;10;0;1.0;0.0;1.0;2.0;A01
201800048239;2.0;30;0;0.0;2.0;5.0;1.0;A01
201800048239;2.0;7;0;0.0;2.0;3.0;10.0;B01
201800048240;1.0;33;0;8.0;0.0;0.0;0.0;A01
201800048241;2.0;33;0;0.0;2.0;7.0;17.0;A01
201800048241;1.0;7;0;0.0;2.0;3.0;15.0;B01
201800048242;1.0;99;0;0.0;2.0;7.0;1.0;B01
201800048242;1.0;99;0;0.0;2.0;1.0;1.0;A01
201800048243;1.0;7;0;0.0;2.0;3.0;9.0;A01
201800048243;2.0;1;0;0.0;2.0;1.0;1.0;B01
201800048244;2.0;30;0;0.0;6.0;1.0;1.0;A01
201800048244;2.0;7;0;0.0;2.0;6.0;1.0;B01
201800048245;1.0;7;0;0.0;2.0;1.0;13.0;A01
201800048245;1.0;7;0;0.0;2.0;6.0;14.0;B01
201800048246;1.0;7;0;0.0;1.0;7.0;19.0;A01
201800048247;2.0;37;30;0.0;1.0;2.0;1.0;A01
201800048248;2.0;7;0;0.0;2.0;0.0;8.0;A01
201800048248;1.0;2;0;0.0;2.0;0.0;0.0;B01
201800048249;1.0;32;0;0.0;2.0;2.0;15.0;B01
201800048249;1.0;10;0;0.0;2.0;6.0;15.0;A01
201800048250;0.0;7;0;0.0;1.0;1.0;2.0;A01
201800048251;1.0;33;0;0.0;2.0;3.0;23.0;C01
201800048251;1.0;3;0;0.0;2.0;3.0;21.0;A01