Num_Acc;senc;catv;occutc;obs;obsm;choc;manv;num_veh
201800048251;1.0;32;0;0.0;2.0;2.0;23.0;B01
201800048252;1.0;2;0;0.0;2.0;1.0;18.0;A01
201800048252;1.0;7;0;0.0;2.0;7.0;16.0;B01
201800048253;0.0;7;0;0.0;2.0;2.0;2.0;A01
201800048253;0.0;7;0;0.0;2.0;3.0;1.0;B01
201800048254;0.0;33;0;0.0;1.0;0.0;0.0;A01
201800048254;0.0;7;0;0.0;2.0;3.0;1.0;C01
201800048255;2.0;7;0;0.0;1.0;2.0;1.0;A01
201800048256;1.0;34;0;0.0;2.0;1.0;1.0;B01
201800048256;1.0;7;0;0.0;2.0;4.0;1.0;A01
201800048257;1.0;7;0;0.0;6.0;7.0;16.0;B01
201800048257;1.0;7;0;0.0;2.0;2.0;21.0;A01
201800048258;0.0;7;0;0.0;2.0;1.0;1.0;A01
201800048258;0.0;7;0;0.0;2.0;7.0;15.0;B01
201800048259;2.0;7;0;0.0;2.0;3.0;10.0;A01
201800048259;2.0;30;0;0.0;2.0;1.0;5.0;B01
201800048260;2.0;7;0;0.0;2.0;1.0;19.0;B01
201800048260;2.0;7;0;0.0;2.0;8.0;19.0;A01
201800048261;2.0;32;0;0.0;2.0;5.0;1.0;B01
201800048261;2.0;7;0;0.0;2.0;1.0;19.0;A01
201800048262;2.0;7;0;0.0;2.0;1.0;15.0;A01
201800048262;0.0;1;0;0.0;2.0;6.0;1.0;B01
201800048263;0.0;1;0;0.0;2.0;1.0;1.0;B01
201800048263;0.0;7;0;0.0;2.0;8.0;15.0;A01
201800048264;1.0;7;0;0.0;2.0;7.0;1.0;A01
201800048264;1.0;10;0;0.0;2.0;2.0;1.0;B01
201800048265;2.0;30;0;0.0;2.0;6.0;7.0;A01
201800048265;2.0;7;0;0.0;2.0;2.0;16.0;B01
201800048266;1.0;7;0;8.0;2.0;7.0;1.0;A01
201800048266;1.0;7;0;0.0;2.0;1.0;1.0;B01
201800048267;2.0;7;0;0.0;2.0;1.0;1.0;A01
201800048267;2.0;7;0;0.0;0.0;4.0;23.0;B01
201800048268;1.0;7;0;0.0;2.0;1.0;1.0;B01
201800048268;2.0;10;0;0.0;2.0;1.0;15.0;A01
201800048269;1.0;7;0;0.0;2.0;3.0;15.0;B01
201800048269;2.0;33;0;0.0;2.0;8.0;1.0;A01
201800048270;2.0;32;0;0.0;1.0;1.0;1.0;A01
201800048271;0.0;33;0;0.0;2.0;3.0;1.0;B01
201800048271;2.0;7;0;0.0;2.0;3.0;15.0;A01
201800048272;2.0;7;0;0.0;2.0;4.0;1.0;A01
201800048272;2.0;7;0;0.0;2.0;4.0;1.0;B01
201800048273;0.0;1;0;0.0;2.0;1.0;2.0;A01
201800048273;0.0;7;0;0.0;2.0;3.0;20.0;B01
201800048274;2.0;10;0;0.0;2.0;1.0;2.0;A01
201800048274;2.0;7;0;0.0;2.0;4.0;2.0;B01
201800048275;1.0;7;0;0.0;2.0;4.0;23.0;B01
201800048275;1.0;7;0;0.0;2.0;5.0;23.0;A01
201800048275;1.0;7;0;0.0;2.0;1.0;1.0;D01
201800048275;1.0;7;0;0.0;2.0;5.0;23.0;C01
201800048276;1.0;7;0;0.0;4.0;8.0;10.0;A01
201800048276;1.0;40;1;0.0;2.0;1.0;1.0;B01
201800048277;1.0;30;0;0.0;2.0;3.0;13.0;A01
201800048277;1.0;7;0;0.0;2.0;2.0;1.0;B01
201800048278;1.0;1;0;0.0;2.0;1.0;1.0;B01
201800048278;1.0;7;0;0.0;2.0;3.0;1.0;A01
201800048279;2.0;14;0;1.0;0.0;4.0;0.0;B01
201800048279;2.0;33;0;0.0;2.0;1.0;14.0;A01
201800048280;2.0;10;0;1.0;1.0;5.0;20.0;A01
201800048280;0.0;10;0;0.0;2.0;6.0;0.0;B01
201800048281;0.0;7;0;0.0;2.0;1.0;2.0;A01
201800048281;0.0;7;0;0.0;2.0;4.0;1.0;B01
201800048282;2.0;7;0;0.0;2.0;1.0;2.0;A01
201800048282;2.0;7;0;0.0;2.0;4.0;2.0;B01
201800048282;2.0;7;0;0.0;0.0;4.0;2.0;C01
201800048283;1.0;32;0;0.0;2.0;1.0;1.0;B01
201800048283;1.0;7;0;0.0;2.0;1.0;1.0;A01
201800048284;2.0;1;0;0.0;2.0;7.0;0.0;A01
201800048285;1.0;1;0;0.0;2.0;1.0;1.0;A01
201800048285;1.0;10;0;0.0;2.0;4.0;23.0;B01
201800048286;2.0;10;0;0.0;1.0;7.0;16.0;A01
201800048287;1.0;7;0;0.0;2.0;1.0;1.0;B01
201800048287;1.0;7;0;0.0;2.0;2.0;15.0;A01
201800048288;0.0;7;0;6.0;0.0;1.0;1.0;A01
201800048289;1.0;13;0;0.0;1.0;0.0;0.0;A01
201800048290;1.0;7;0;0.0;2.0;1.0;1.0;A01
201800048290;1.0;1;0;0.0;2.0;7.0;1.0;B01
201800048291;1.0;2;0;0.0;2.0;2.0;1.0;B01
201800048291;1.0;7;0;0.0;2.0;3.0;1.0;A01
201800048292;1.0;2;0;0.0;2.0;0.0;11.0;B01
201800048292;2.0;7;0;0.0;2.0;2.0;15.0;A01
201800048293;1.0;7;0;0.0;1.0;4.0;20.0;A01
201800048294;2.0;7;0;0.0;2.0;1.0;1.0;A01
201800048294;2.0;7;0;0.0;2.0;7.0;1.0;B01
201800048295;2.0;33;0;0.0;1.0;1.0;1.0;A01
201800048296;2.0;37;2;0.0;0.0;0.0;21.0;A01
201800048297;2.0;7;0;0.0;2.0;4.0;0.0;C01
201800048297;2.0;7;0;0.0;2.0;4.0;0.0;A01
201800048297;2.0;7;0;0.0;2.0;4.0;0.0;B01
201800048298;0.0;32;0;0.0;2.0;2.0;17.0;A01
201800048298;0.0;7;0;0.0;2.0;3.0;15.0;B01
201800048299;1.0;7;0;0.0;2.0;6.0;19.0;B01
201800048299;2.0;7;0;0.0;2.0;1.0;19.0;A01
201800048300;1.0;7;0;8.0;2.0;1.0;1.0;B01
201800048300;2.0;7;0;0.0;2.0;2.0;2.0;A01
201800048301;2.0;7;0;1.0;2.0;3.0;19.0;B01
201800048301;1.0;30;0;0.0;2.0;1.0;0.0;A01
201800048302;1.0;1;0;0.0;2.0;4.0;15.0;B01
201800048302;1.0;7;0;0.0;2.0;3.0;1.0;A01
201800048303;1.0;10;0;0.0;2.0;1.0;1.0;A01
201800048303;2.0;13;0;0.0;2.0;3.0;1.0;B01
201800048304;0.0;30;0;0.0;2.0;8.0;11.0;A01
201800048304;0.0;7;0;0.0;2.0;7.0;1.0;B01
201800048305;1.0;32;0;0.0;2.0;2.0;11.0;A01
201800048305;1.0;7;0;0.0;2.0;6.0;15.0;B01
201800048306;1.0;7;0;0.0;2.0;2.0;16.0;A01
201800048306;1.0;1;0;0.0;2.0;0.0;0.0;B01
201800048307;0.0;99;0;1.0;1.0;1.0;15.0;A01
201800048308;1.0;99;0;0.0;1.0;3.0;1.0;A01
201800048309;2.0;1;0;1.0;0.0;0.0;2.0;B01
201800048309;2.0;7;0;0.0;2.0;0.0;2.0;A01
201800048310;2.0;33;0;0.0;2.0;2.0;21.0;A01
201800048310;2.0;1;0;0.0;2.0;3.0;14.0;B01
201800048311;2.0;1;0;0.0;1.0;1.0;1.0;A01
201800048312;1.0;7;0;0.0;2.0;1.0;1.0;A01
201800048312;1.0;7;0;0.0;2.0;4.0;1.0;B01
201800048312;1.0;7;0;0.0;2.0;4.0;1.0;C01
201800048313;2.0;2;0;0.0;2.0;1.0;17.0;A01
201800048313;2.0;7;0;0.0;2.0;3.0;15.0;B01
201800048314;0.0;99;0;9.0;0.0;0.0;0.0;A01
201800048315;2.0;7;0;0.0;2.0;2.0;15.0;A01
201800048315;0.0;1;0;0.0;2.0;3.0;19.0;B01
201800048316;1.0;10;0;0.0;2.0;4.0;1.0;B01
201800048316;1.0;30;0;0.0;2.0;1.0;0.0;A01
201800048317;1.0;7;0;0.0;2.0;1.0;1.0;A01
201800048317;1.0;7;0;0.0;2.0;4.0;0.0;B01
201800048318;2.0;7;0;0.0;1.0;1.0;1.0;A01
201800048319;2.0;7;0;0.0;6.0;3.0;1.0;B01
201800048319;1.0;1;0;0.0;2.0;1.0;19.0;A01
201800048320;1.0;7;0;0.0;2.0;2.0;15.0;A01
201800048320;1.0;7;0;0.0;2.0;3.0;15.0;B01
201800048321;0.0;7;0;0.0;2.0;4.0;2.0;B01
201800048321;0.0;7;0;0.0;2.0;1.0;2.0;A01
201800048321;0.0;7;0;0.0;2.0;4.0;23.0;C01
201800048322;0.0;30;0;9.0;1.0;1.0;5.0;A01
201800048323;1.0;10;0;9.0;0.0;1.0;0.0;A01
201800048324;2.0;7;0;0.0;2.0;1.0;1.0;B01
201800048324;1.0;7;0;0.0;2.0;6.0;1.0;A01
201800048325;1.0;33;0;0.0;2.0;1.0;2.0;A01
201800048325;1.0;7;0;0.0;2.0;6.0;11.0;B01
201800048326;1.0;33;0;0.0;1.0;8.0;1.0;A01
201800048327;2.0;7;0;1.0;1.0;9.0;1.0;A01
201800048328;2.0;40;1;0.0;2.0;1.0;1.0;B01
201800048328;0.0;30;0;0.0;4.0;6.0;15.0;A01
201800048329;1.0;99;0;0.0;0.0;0.0;0.0;A01
201800048330;0.0;7;0;8.0;0.0;1.0;0.0;A01
201800048331;1.0;7;0;0.0;2.0;3.0;1.0;B01
201800048331;2.0;7;0;0.0;2.0;2.0;19.0;A01
201800048332;1.0;32;0;0.0;2.0;0.0;2.0;A01
201800048333;0.0;33;0;0.0;2.0;1.0;0.0;A01
201800048333;0.0;7;0;0.0;2.0;4.0;1.0;B01
201800048334;1.0;7;0;0.0;2.0;2.0;1.0;A01
201800048334;2.0;33;0;0.0;2.0;1.0;1.0;B01
201800048335;0.0;1;0;0.0;2.0;1.0;15.0;A01
201800048335;0.0;7;0;0.0;2.0;8.0;1.0;B01
201800048336;1.0;1;0;0.0;4.0;1.0;19.0;B01
201800048336;2.0;40;1;0.0;2.0;3.0;1.0;A01
201800048337;2.0;7;0;0.0;2.0;1.0;2.0;A01
201800048337;2.0;7;0;0.0;2.0;4.0;2.0;B01
201800048338;0.0;7;0;0.0;2.0;2.0;1.0;A01
201800048338;0.0;33;0;0.0;2.0;1.0;1.0;B01
201800048339;2.0;7;0;0.0;2.0;1.0;1.0;B01
201800048339;1.0;7;0;0.0;2.0;3.0;1.0;A01
201800048340;1.0;7;0;0.0;2.0;6.0;4.0;A01
201800048340;1.0;1;0;0.0;2.0;3.0;19.0;B01
201800048341;0.0;1;0;0.0;2.0;4.0;1.0;B01
201800048341;0.0;7;0;0.0;2.0;2.0;0.0;A01
201800048342;0.0;10;0;0.0;1.0;1.0;1.0;A01
201800048343;1.0;7;0;0.0;2.0;2.0;1.0;A01
201800048343;2.0;30;0;0.0;2.0;0.0;0.0;B01
201800048344;2.0;33;0;0.0;2.0;3.0;19.0;A01
201800048344;1.0;7;0;0.0;2.0;1.0;15.0;B01
201800048345;1.0;7;0;0.0;1.0;3.0;16.0;A01
201800048346;2.0;7;0;0.0;4.0;6.0;10.0;A01
201800048346;2.0;40;1;0.0;2.0;1.0;1.0;B01
201800048347;1.0;1;0;0.0;2.0;8.0;1.0;B01
201800048347;1.0;7;0;0.0;6.0;7.0;16.0;A01
201800048348;1.0;32;0;0.0;2.0;1.0;1.0;A01
201800048348;1.0;7;0;0.0;2.0;2.0;16.0;B01
201800048349;2.0;1;0;0.0;6.0;8.0;1.0;B01
201800048349;1.0;1;0;0.0;6.0;1.0;7.0;A01
201800048350;1.0;7;0;0.0;2.0;1.0;1.0;A01
201800048350;1.0;31;0;0.0;2.0;4.0;1.0;B01
201800048351;2.0;1;0;0.0;2.0;8.0;1.0;B01
201800048351;1.0;7;0;0.0;6.0;3.0;15.0;A01
201800048352;2.0;7;0;0.0;2.0;4.0;1.0;B01
201800048352;2.0;7;0;0.0;2.0;1.0;2.0;A01
201800048352;2.0;7;0;0.0;2.0;4.0;23.0;C01
201800048353;1.0;99;0;0.0;2.0;1.0;1.0;B01
201800048353;1.0;99;0;0.0;2.0;9.0;1.0;A01
201800048354;1.0;14;0;0.0;2.0;8.0;15.0;A01
201800048354;1.0;33;0;0.0;2.0;1.0;2.0;B01
201800048355;2.0;33;0;0.0;2.0;2.0;0.0;A01
201800048355;0.0;7;0;0.0;2.0;1.0;16.0;B01
201800048356;2.0;10;0;1.0;1.0;1.0;15.0;Z01
201800048357;1.0;7;0;1.0;0.0;1.0;2.0;A01
201800048358;0.0;7;0;12.0;0.0;0.0;1.0;A01
201800048359;0.0;7;0;12.0;0.0;0.0;0.0;A01
201800048360;2.0;1;0;0.0;2.0;3.0;19.0;A01
201800048360;2.0;7;0;0.0;6.0;3.0;1.0;B01
201800048361;2.0;7;0;0.0;2.0;2.0;12.0;A01
201800048361;2.0;33;0;0.0;2.0;1.0;1.0;B01
201800048362;2.0;7;0;0.0;2.0;2.0;19.0;B01
201800048362;2.0;7;0;0.0;2.0;3.0;1.0;A01
201800048363;2.0;7;0;0.0;1.0;1.0;1.0;A01
201800048364;1.0;1;0;0.0;2.0;1.0;1.0;B01
201800048364;1.0;14;0;0.0;2.0;1.0;1.0;A01
201800048365;1.0;7;0;0.0;2.0;3.0;1.0;B01
201800048365;1.0;7;0;0.0;2.0;2.0;1.0;A01
201800048366;1.0;31;0;0.0;2.0;8.0;18.0;A01
201800048366;1.0;7;0;0.0;2.0;2.0;16.0;B01
201800048367;0.0;7;0;0.0;2.0;7.0;19.0;A01
201800048367;0.0;10;0;0.0;2.0;1.0;19.0;B01
201800048368;2.0;30;0;9.0;0.0;0.0;13.0;A01
201800048369;0.0;7;0;0.0;1.0;1.0;16.0;A01
201800048369;0.0;7;0;0.0;2.0;1.0;16.0;B01
201800048370;0.0;7;0;0.0;2.0;8.0;1.0;A01
201800048370;0.0;32;0;0.0;2.0;1.0;1.0;B01
201800048371;1.0;7;0;0.0;2.0;1.0;1.0;A01
201800048371;2.0;7;0;0.0;2.0;3.0;1.0;B01
201800048372;2.0;7;0;0.0;1.0;4.0;20.0;A01
201800048373;1.0;7;0;0.0;2.0;2.0;16.0;A01
201800048373;1.0;7;0;0.0;2.0;6.0;8.0;B01
201800048374;1.0;7;0;0.0;2.0;2.0;24.0;B01
201800048374;2.0;30;0;0.0;2.0;5.0;1.0;A01
201800048375;1.0;7;0;0.0;1.0;4.0;4.0;A01
201800048376;1.0;7;0;0.0;2.0;3.0;15.0;A01
201800048376;2.0;7;0;0.0;2.0;1.0;1.0;B01
201800048377;0.0;7;0;0.0;2.0;8.0;15.0;A01
201800048377;0.0;2;0;0.0;2.0;2.0;5.0;B01
201800048378;1.0;7;0;0.0;2.0;3.0;1.0;B01
201800048378;2.0;31;0;0.0;2.0;1.0;1.0;A01
201800048379;2.0;7;0;0.0;2.0;8.0;1.0;B01
201800048379;1.0;7;0;0.0;2.0;3.0;13.0;A01
201800048380;2.0;7;0;0.0;2.0;1.0;0.0;A01
201800048380;2.0;7;0;0.0;2.0;4.0;2.0;B01
201800048381;1.0;7;0;0.0;2.0;1.0;1.0;B01
201800048381;2.0;7;0;0.0;2.0;8.0;1.0;A01
201800048382;2.0;7;0;16.0;0.0;0.0;9.0;B01
201800048382;1.0;34;0;15.0;0.0;2.0;13.0;A01
201800048383;1.0;7;0;0.0;2.0;3.0;1.0;A01
201800048383;1.0;7;0;0.0;2.0;7.0;19.0;B01
201800048384;2.0;7;0;0.0;0.0;0.0;15.0;A01
201800048384;1.0;33;0;9.0;0.0;7.0;1.0;B01
201800048385;2.0;10;0;0.0;2.0;1.0;15.0;A01
201800048385;1.0;32;0;0.0;2.0;4.0;23.0;B01
201800048386;1.0;33;0;0.0;2.0;3.0;21.0;A01
201800048386;1.0;7;0;0.0;2.0;3.0;23.0;B01
201800048387;2.0;7;0;0.0;2.0;2.0;9.0;A01
201800048387;1.0;7;0;0.0;2.0;2.0;1.0;B01
201800048388;2.0;7;0;0.0;2.0;7.0;21.0;A01
201800048388;2.0;33;0;0.0;2.0;3.0;1.0;B01
201800048389;2.0;7;0;0.0;2.0;7.0;1.0;A01
201800048389;2.0;7;0;0.0;2.0;3.0;13.0;B01
201800048390;2.0;37;50;0.0;2.0;3.0;15.0;A01
201800048390;1.0;1;0;0.0;2.0;8.0;8.0;B01
201800048391;2.0;7;0;0.0;2.0;8.0;1.0;B01
201800048391;2.0;7;0;0.0;2.0;3.0;15.0;A01
201800048392;1.0;2;0;0.0;2.0;1.0;0.0;A01
201800048393;1.0;7;0;0.0;1.0;1.0;0.0;A01
201800048394;1.0;7;0;0.0;2.0;3.0;2.0;A01
201800048394;1.0;7;0;0.0;2.0;2.0;1.0;B01
201800048395;2.0;7;0;0.0;1.0;1.0;2.0;A01
201800048396;1.0;7;0;0.0;1.0;1.0;1.0;A01
201800048397;1.0;7;0;12.0;0.0;1.0;16.0;A01
201800048398;1.0;99;0;0.0;2.0;1.0;13.0;A01
201800048398;2.0;31;0;0.0;2.0;1.0;1.0;B01
201800048399;0.0;30;0;0.0;2.0;2.0;17.0;A01
201800048400;0.0;7;0;0.0;1.0;2.0;1.0;A01
201800048401;2.0;7;0;0.0;1.0;2.0;1.0;A01
201800048402;2.0;7;0;0.0;1.0;1.0;15.0;A01
201800048403;0.0;7;0;0.0;2.0;2.0;15.0;A01
201800048403;1.0;7;0;0.0;2.0;3.0;1.0;B01
201800048404;1.0;7;0;0.0;2.0;8.0;1.0;A01
201800048404;1.0;7;0;0.0;2.0;1.0;1.0;B01
201800048405;1.0;7;0;0.0;1.0;3.0;13.0;A01
201800048406;1.0;7;0;0.0;2.0;3.0;1.0;B01
201800048406;2.0;7;0;0.0;2.0;2.0;15.0;A01
201800048407;2.0;10;0;0.0;2.0;3.0;15.0;B01
201800048407;2.0;10;0;6.0;2.0;1.0;17.0;A01
201800048408;2.0;7;0;0.0;1.0;2.0;16.0;A01
201800048409;2.0;30;0;0.0;2.0;1.0;13.0;A01
201800048409;2.0;7;0;0.0;2.0;6.0;15.0;B01
201800048410;1.0;7;0;0.0;2.0;4.0;1.0;B01
201800048410;1.0;7;0;0.0;2.0;1.0;1.0;A01
201800048411;1.0;10;0;0.0;2.0;8.0;15.0;A01
201800048411;0.0;33;0;0.0;2.0;0.0;0.0;B01
201800048412;1.0;7;0;12.0;2.0;7.0;1.0;B01
201800048412;1.0;7;0;0.0;1.0;2.0;9.0;A01
201800048413;1.0;7;0;0.0;1.0;1.0;1.0;A01
201800048414;1.0;37;30;0.0;2.0;8.0;1.0;A01
201800048414;1.0;7;0;0.0;2.0;0.0;1.0;B01
201800048414;1.0;99;0;0.0;2.0;0.0;1.0;C01
201800048415;1.0;7;0;0.0;2.0;2.0;1.0;A01
201800048415;2.0;7;0;0.0;2.0;1.0;1.0;B01
201800048416;0.0;1;0;0.0;2.0;2.0;19.0;A01
201800048416;1.0;33;0;0.0;6.0;1.0;1.0;B01
201800048417;0.0;7;0;0.0;2.0;1.0;23.0;B01
201800048417;0.0;7;0;0.0;2.0;1.0;15.0;A01
201800048418;1.0;7;0;0.0;2.0;5.0;1.0;B01
201800048418;2.0;7;0;0.0;2.0;1.0;19.0;A01
201800048419;2.0;7;0;0.0;1.0;2.0;1.0;A01
201800048420;2.0;7;0;0.0;2.0;1.0;1.0;A01
201800048420;1.0;7;0;0.0;2.0;7.0;0.0;B01
201800048421;1.0;7;0;8.0;0.0;1.0;1.0;A01
201800048422;0.0;7;0;0.0;1.0;2.0;9.0;A01
201800048423;1.0;7;0;0.0;1.0;6.0;0.0;A01
201800048424;0.0;34;0;15.0;2.0;1.0;17.0;A01
201800048424;0.0;7;0;0.0;2.0;6.0;0.0;B01
201800048425;1.0;30;0;0.0;2.0;1.0;1.0;A01
201800048425;2.0;7;0;0.0;2.0;3.0;15.0;B01
201800048426;1.0;7;0;0.0;1.0;3.0;8.0;A01
201800048427;1.0;7;0;0.0;2.0;4.0;2.0;B01
201800048427;1.0;33;0;0.0;0.0;0.0;0.0;A01
201800048428;1.0;2;0;0.0;2.0;8.0;1.0;B01
201800048428;2.0;7;0;0.0;2.0;1.0;1.0;A01
201800048429;1.0;1;0;0.0;2.0;5.0;1.0;A01
201800048429;1.0;10;0;0.0;6.0;3.0;11.0;B01
201800048430;1.0;7;0;0.0;2.0;1.0;15.0;A01
201800048430;1.0;7;0;8.0;2.0;3.0;1.0;B01
201800048431;1.0;7;0;3.0;2.0;4.0;18.0;A01
201800048431;1.0;7;0;3.0;2.0;1.0;1.0;B01
201800048431;1.0;7;0;0.0;2.0;1.0;1.0;C01
201800048432;0.0;32;0;0.0;0.0;0.0;2.0;A01
201800048433;2.0;7;0;0.0;1.0;1.0;1.0;A01
201800048434;1.0;7;0;0.0;2.0;1.0;15.0;B01
201800048434;2.0;32;0;0.0;2.0;1.0;18.0;A01
201800048435;1.0;3;0;0.0;2.0;1.0;1.0;A01
201800048436;1.0;7;0;0.0;1.0;2.0;19.0;B01
201800048437;1.0;7;0;0.0;2.0;7.0;1.0;B01
201800048437;2.0;7;0;0.0;2.0;1.0;1.0;A01
201800048438;2.0;7;0;0.0;2.0;8.0;1.0;B01
201800048438;0.0;7;0;0.0;2.0;1.0;19.0;A01
201800048439;1.0;7;0;0.0;2.0;2.0;2.0;A01
201800048439;2.0;32;0;0.0;2.0;1.0;1.0;B01
201800048440;1.0;10;0;0.0;1.0;2.0;15.0;A01
201800048441;2.0;7;0;0.0;0.0;0.0;22.0;A01
201800048441;2.0;1;0;1.0;0.0;1.0;2.0;B01
201800048442;0.0;10;0;0.0;2.0;5.0;0.0;A01
201800048442;1.0;1;0;0.0;2.0;4.0;0.0;B01
201800048443;1.0;3;0;0.0;2.0;3.0;15.0;A01
201800048443;2.0;1;0;0.0;2.0;1.0;1.0;B01
201800048444;0.0;10;0;0.0;2.0;1.0;2.0;A01
201800048444;0.0;7;0;0.0;2.0;4.0;0.0;B01
201800048445;2.0;7;0;0.0;2.0;2.0;15.0;A01
201800048445;2.0;7;0;0.0;2.0;0.0;0.0;B01
201800048446;1.0;33;0;0.0;2.0;1.0;2.0;B01
201800048446;1.0;7;0;0.0;2.0;8.0;10.0;A01
201800048447;1.0;99;0;0.0;2.0;8.0;19.0;B01
201800048447;2.0;7;0;0.0;2.0;2.0;16.0;A01
201800048448;0.0;31;0;0.0;0.0;2.0;0.0;A01
201800048449;1.0;7;0;0.0;2.0;1.0;19.0;A01
201800048449;2.0;7;0;0.0;2.0;7.0;1.0;B01
201800048450;2.0;99;0;0.0;0.0;0.0;1.0;A01
201800048451;2.0;32;0;1.0;0.0;7.0;19.0;A01
201800048451;1.0;99;0;1.0;0.0;0.0;0.0;B01
201800048452;0.0;99;0;0.0;2.0;1.0;2.0;A01
201800048452;0.0;7;0;0.0;2.0;1.0;2.0;B01
201800048452;0.0;7;0;0.0;2.0;4.0;23.0;C01
201800048453;2.0;32;0;0.0;2.0;2.0;1.0;A01
201800048453;1.0;13;0;0.0;2.0;8.0;19.0;B01
201800048454;1.0;7;0;0.0;2.0;6.0;20.0;B01
201800048454;1.0;33;0;1.0;2.0;1.0;1.0;A01
201800048454;1.0;7;0;0.0;2.0;7.0;0.0;C01
201800048455;1.0;1;0;0.0;2.0;1.0;2.0;B01
201800048455;0.0;7;0;0.0;2.0;8.0;2.0;A01
201800048456;2.0;32;0;1.0;1.0;8.0;1.0;A01
201800048457;1.0;7;0;0.0;2.0;1.0;0.0;B01
201800048457;2.0;7;0;0.0;2.0;1.0;9.0;A01
201800048458;1.0;7;0;0.0;2.0;2.0;1.0;B01
201800048458;2.0;7;0;0.0;2.0;1.0;1.0;A01
201800048459;1.0;7;0;0.0;2.0;1.0;15.0;A01
201800048459;1.0;7;0;0.0;2.0;1.0;1.0;B01
201800048460;1.0;7;0;0.0;1.0;7.0;2.0;A01
201800048461;0.0;10;0;0.0;2.0;2.0;16.0;A01
201800048461;1.0;1;0;0.0;2.0;1.0;1.0;B01
201800048462;2.0;7;0;0.0;2.0;3.0;15.0;A01
201800048462;1.0;32;0;0.0;2.0;1.0;1.0;B01
201800048463;2.0;7;0;8.0;0.0;1.0;15.0;A01
201800048464;2.0;7;0;7.0;2.0;3.0;15.0;A01
201800048464;2.0;7;0;8.0;2.0;2.0;2.0;B01
201800048465;2.0;34;0;14.0;0.0;1.0;1.0;A01
201800048466;1.0;7;0;0.0;2.0;7.0;16.0;A01
201800048466;1.0;1;0;0.0;2.0;1.0;1.0;B01
201800048467;1.0;32;0;0.0;2.0;4.0;23.0;A01
201800048467;1.0;7;0;0.0;2.0;3.0;2.0;B01
201800048468;1.0;31;0;12.0;0.0;6.0;16.0;A01
201800048469;2.0;7;0;0.0;2.0;1.0;2.0;A01
201800048469;1.0;1;0;0.0;2.0;7.0;2.0;B01
201800048470;2.0;7;0;0.0;2.0;7.0;1.0;B01
201800048470;1.0;7;0;0.0;2.0;1.0;16.0;A01
201800048471;2.0;7;0;0.0;2.0;8.0;1.0;A01
201800048471;2.0;31;0;0.0;2.0;7.0;1.0;B01
201800048472;1.0;7;0;0.0;1.0;2.0;1.0;A01
201800048473;2.0;31;0;0.0;2.0;2.0;17.0;A01
201800048473;2.0;7;0;0.0;2.0;3.0;15.0;B01
201800048474;1.0;30;0;0.0;2.0;1.0;1.0;A01
201800048474;1.0;7;0;0.0;2.0;2.0;15.0;B01
201800048475;1.0;7;0;0.0;2.0;1.0;24.0;A01
201800048475;1.0;7;0;0.0;2.0;4.0;23.0;B01
201800048476;0.0;7;0;0.0;2.0;3.0;1.0;A01
201800048476;1.0;37;35;0.0;2.0;2.0;1.0;B01
201800048477;2.0;3;0;0.0;2.0;3.0;1.0;B01
201800048477;1.0;1;0;0.0;2.0;7.0;1.0;A01
201800048478;2.0;1;0;0.0;2.0;1.0;0.0;B01
201800048478;1.0;3;0;0.0;2.0;3.0;1.0;A01
201800048479;2.0;1;0;0.0;2.0;1.0;2.0;A01
201800048479;1.0;7;0;0.0;6.0;4.0;2.0;B01
201800048480;2.0;32;0;0.0;1.0;8.0;8.0;Z01
201800048481;2.0;7;0;0.0;2.0;1.0;1.0;B01
201800048481;0.0;7;0;0.0;2.0;3.0;16.0;A01
201800048482;1.0;7;0;0.0;2.0;8.0;15.0;A01
201800048482;1.0;32;0;0.0;2.0;7.0;1.0;B01
201800048483;1.0;7;0;1.0;0.0;3.0;1.0;A01
201800048483;1.0;7;0;0.0;2.0;8.0;0.0;B01
201800048484;0.0;7;0;0.0;2.0;5.0;0.0;A01
201800048484;0.0;7;0;0.0;2.0;5.0;23.0;B01
201800048485;1.0;32;0;0.0;2.0;3.0;18.0;A01
201800048485;2.0;7;0;0.0;2.0;0.0;0.0;B01
201800048486;2.0;10;0;0.0;2.0;8.0;1.0;B01
201800048486;1.0;10;0;0.0;2.0;1.0;15.0;A01
201800048487;2.0;33;0;0.0;2.0;1.0;3.0;A01
201800048487;2.0;7;0;0.0;2.0;8.0;15.0;B01
201800048488;2.0;30;0;0.0;2.0;1.0;1.0;A01
201800048488;2.0;7;0;0.0;2.0;5.0;20.0;B01
201800048489;0.0;30;0;0.0;2.0;1.0;0.0;A01
201800048489;0.0;7;0;0.0;2.0;1.0;0.0;B01
201800048490;1.0;7;0;2.0;0.0;2.0;2.0;A01
201800048491;2.0;3;0;0.0;2.0;4.0;24.0;A01
201800048491;2.0;1;0;1.0;0.0;1.0;2.0;B01
201800048492;1.0;7;0;0.0;1.0;3.0;1.0;A01
201800048493;1.0;99;0;0.0;4.0;0.0;0.0;A01
201800048493;1.0;40;1;0.0;0.0;0.0;0.0;B01
201800048494;2.0;7;0;0.0;1.0;1.0;15.0;A01
201800048495;1.0;7;0;0.0;2.0;1.0;1.0;A01
201800048495;2.0;1;0;0.0;2.0;7.0;0.0;B01