Num_Acc;senc;catv;occutc;obs;obsm;choc;manv;num_veh
201800048954;1.0;7;0;0.0;2.0;4.0;23.0;C01
201800048954;1.0;7;0;0.0;2.0;4.0;23.0;B01
201800048955;2.0;7;0;14.0;0.0;1.0;1.0;B01
201800048955;2.0;7;0;;0.0;0.0;1.0;A01
201800048956;1.0;7;0;16.0;0.0;0.0;14.0;A01
201800048957;2.0;7;0;0.0;2.0;1.0;9.0;A01
201800048957;2.0;33;0;0.0;2.0;4.0;1.0;B01
201800048958;1.0;7;0;0.0;2.0;1.0;1.0;B01
201800048958;1.0;7;0;0.0;2.0;4.0;23.0;A01
201800048959;2.0;7;0;0.0;2.0;6.0;1.0;B01
201800048959;2.0;7;0;3.0;2.0;1.0;2.0;A01
201800048960;1.0;7;0;0.0;2.0;4.0;2.0;C01
201800048960;1.0;10;0;0.0;2.0;5.0;1.0;B01
201800048960;1.0;7;0;0.0;2.0;1.0;2.0;A01
201800048961;1.0;10;0;0.0;2.0;1.0;2.0;A01
201800048961;1.0;7;0;0.0;2.0;4.0;23.0;B01
201800048961;1.0;7;0;0.0;2.0;4.0;23.0;C01
201800048962;1.0;7;0;0.0;2.0;1.0;2.0;A01
201800048962;1.0;7;0;0.0;2.0;4.0;2.0;C01
201800048962;1.0;7;0;0.0;2.0;4.0;2.0;D01
201800048962;1.0;7;0;0.0;2.0;4.0;2.0;B01
201800048963;2.0;7;0;0.0;2.0;4.0;1.0;C01
201800048963;2.0;7;0;0.0;2.0;4.0;1.0;B01
201800048963;2.0;7;0;0.0;2.0;1.0;2.0;A01
201800048964;1.0;14;0;0.0;2.0;5.0;23.0;B01
201800048964;1.0;10;0;0.0;2.0;3.0;21.0;A01
201800048965;2.0;7;0;0.0;2.0;1.0;2.0;A01
201800048965;2.0;7;0;0.0;2.0;4.0;23.0;B01
201800048965;2.0;10;0;0.0;2.0;4.0;23.0;C01
201800048966;1.0;17;0;0.0;2.0;1.0;2.0;A01
201800048966;1.0;7;0;0.0;2.0;4.0;12.0;B01
201800048966;1.0;17;0;0.0;2.0;4.0;2.0;C01
201800048967;1.0;10;0;0.0;2.0;4.0;0.0;B01
201800048967;1.0;33;0;0.0;2.0;1.0;1.0;A01
201800048968;2.0;7;0;4.0;2.0;6.0;1.0;B01
201800048968;2.0;14;0;0.0;2.0;2.0;12.0;A01
201800048969;2.0;33;0;0.0;2.0;1.0;3.0;A01
201800048969;2.0;10;0;0.0;2.0;6.0;1.0;B01
201800048970;1.0;7;0;0.0;2.0;4.0;1.0;B01
201800048970;1.0;7;0;0.0;2.0;1.0;2.0;A01
201800048970;1.0;7;0;0.0;2.0;4.0;1.0;C01
201800048971;1.0;33;0;0.0;2.0;6.0;23.0;B01
201800048971;1.0;7;0;0.0;2.0;1.0;2.0;A01
201800048972;1.0;7;0;3.0;2.0;5.0;1.0;B01
201800048972;1.0;7;0;0.0;2.0;1.0;2.0;A01
201800048973;1.0;15;0;0.0;2.0;4.0;23.0;B01
201800048973;1.0;7;0;0.0;2.0;1.0;2.0;A01
201800048974;1.0;7;0;0.0;2.0;1.0;12.0;A01
201800048974;1.0;7;0;0.0;2.0;4.0;1.0;B01
201800048974;1.0;7;0;0.0;2.0;4.0;1.0;D01
201800048974;1.0;7;0;0.0;2.0;4.0;1.0;C01
201800048975;2.0;7;0;0.0;2.0;1.0;2.0;A01
201800048975;2.0;7;0;0.0;2.0;4.0;1.0;B01
201800048976;1.0;33;0;4.0;0.0;3.0;13.0;A01
201800048977;2.0;33;0;0.0;0.0;0.0;1.0;A01
201800048978;2.0;7;0;4.0;0.0;1.0;14.0;A01
201800048979;1.0;7;0;0.0;2.0;6.0;9.0;A01
201800048979;1.0;14;0;0.0;2.0;0.0;1.0;B01
201800048980;1.0;7;0;0.0;2.0;6.0;1.0;B01
201800048980;1.0;33;0;3.0;2.0;1.0;17.0;A01
201800048981;1.0;7;0;0.0;2.0;5.0;23.0;B01
201800048981;1.0;33;0;0.0;2.0;1.0;3.0;A01
201800048982;1.0;99;0;;1.0;;;Z01
201800048983;2.0;7;0;0.0;2.0;4.0;23.0;B01
201800048983;2.0;7;0;0.0;2.0;1.0;2.0;A01
201800048984;2.0;17;0;0.0;2.0;5.0;1.0;B01
201800048984;2.0;7;0;0.0;2.0;8.0;13.0;A01
201800048985;1.0;7;0;0.0;2.0;3.0;0.0;B01
201800048985;1.0;7;0;4.0;2.0;3.0;21.0;A01
201800048985;1.0;7;0;0.0;0.0;0.0;12.0;Z01
201800048986;2.0;33;0;14.0;0.0;7.0;3.0;A01
201800048987;2.0;33;0;0.0;2.0;8.0;3.0;B01
201800048987;2.0;7;0;0.0;2.0;7.0;12.0;A01
201800048988;2.0;7;0;0.0;2.0;1.0;2.0;A01
201800048988;2.0;10;0;0.0;2.0;4.0;2.0;B01
201800048988;2.0;7;0;0.0;2.0;4.0;2.0;C01
201800048989;1.0;7;0;13.0;0.0;1.0;13.0;A01
201800048990;2.0;7;0;0.0;2.0;2.0;12.0;A01
201800048990;2.0;7;0;0.0;2.0;6.0;1.0;B01
201800048991;1.0;33;0;0.0;2.0;1.0;1.0;A01
201800048991;1.0;7;0;0.0;2.0;6.0;11.0;B01
201800048992;2.0;10;0;0.0;2.0;1.0;2.0;A01
201800048992;2.0;7;0;0.0;2.0;4.0;2.0;B01
201800048993;2.0;7;0;0.0;9.0;7.0;1.0;C01
201800048993;2.0;17;0;0.0;2.0;4.0;2.0;B01
201800048993;2.0;7;0;0.0;2.0;1.0;2.0;A01
201800048994;2.0;17;0;0.0;2.0;1.0;2.0;A01
201800048994;2.0;17;0;0.0;2.0;4.0;23.0;B01
201800048994;2.0;17;0;0.0;2.0;4.0;23.0;C01
201800048995;2.0;33;0;0.0;2.0;7.0;9.0;A01
201800048995;2.0;17;0;0.0;2.0;6.0;1.0;B01
201800048996;2.0;7;0;3.0;0.0;2.0;14.0;A01
201800048997;1.0;31;0;0.0;2.0;8.0;1.0;B01
201800048997;1.0;7;0;0.0;2.0;7.0;12.0;Z01
201800048998;1.0;33;0;0.0;2.0;8.0;3.0;A01
201800048998;1.0;7;0;0.0;2.0;7.0;12.0;B01
201800048999;2.0;33;0;0.0;2.0;1.0;21.0;A01
201800048999;2.0;7;0;0.0;2.0;4.0;23.0;B01
201800049000;2.0;7;0;3.0;0.0;0.0;14.0;A01
201800049001;2.0;14;0;0.0;2.0;2.0;1.0;B01
201800049001;2.0;7;0;0.0;2.0;4.0;1.0;A01
201800049002;1.0;33;0;0.0;2.0;1.0;3.0;A01
201800049002;1.0;10;0;0.0;2.0;5.0;1.0;B01
201800049003;2.0;7;0;0.0;2.0;1.0;2.0;A01
201800049003;2.0;7;0;0.0;2.0;4.0;1.0;B01
201800049004;2.0;10;0;0.0;2.0;4.0;23.0;B01
201800049004;2.0;7;0;0.0;2.0;1.0;2.0;A01
201800049004;2.0;10;0;0.0;2.0;4.0;23.0;C01
201800049005;1.0;7;0;4.0;0.0;2.0;14.0;A01
201800049006;1.0;7;0;0.0;2.0;4.0;23.0;B01
201800049006;1.0;7;0;0.0;2.0;4.0;23.0;C01
201800049006;1.0;7;0;0.0;2.0;1.0;2.0;A01
201800049007;2.0;7;0;0.0;2.0;6.0;11.0;A01
201800049007;2.0;34;0;0.0;2.0;2.0;1.0;B01
201800049008;1.0;33;0;0.0;2.0;1.0;2.0;A01
201800049008;1.0;7;0;0.0;2.0;4.0;1.0;B01
201800049009;2.0;32;0;0.0;2.0;8.0;3.0;B01
201800049009;2.0;7;0;0.0;2.0;2.0;12.0;A01
201800049010;2.0;7;0;0.0;2.0;5.0;12.0;A01
201800049010;2.0;32;0;0.0;2.0;1.0;3.0;B01
201800049011;1.0;7;0;0.0;2.0;1.0;2.0;A01
201800049011;1.0;17;0;0.0;2.0;4.0;1.0;B01
201800049012;2.0;10;0;0.0;2.0;1.0;2.0;A01
201800049012;2.0;10;0;0.0;2.0;4.0;2.0;B01
201800049013;2.0;10;0;0.0;0.0;0.0;1.0;B01
201800049013;2.0;33;0;0.0;0.0;7.0;21.0;A01
201800049014;2.0;7;0;0.0;2.0;2.0;12.0;A01
201800049014;2.0;33;0;0.0;2.0;6.0;3.0;B01
201800049015;2.0;31;0;0.0;0.0;7.0;0.0;A01
201800049016;1.0;7;0;4.0;2.0;6.0;11.0;A01
201800049016;1.0;7;0;0.0;2.0;2.0;2.0;B01
201800049017;2.0;7;0;0.0;2.0;7.0;12.0;B01
201800049017;2.0;33;0;0.0;2.0;1.0;3.0;A01
201800049018;2.0;10;0;1.0;2.0;2.0;1.0;A01
201800049018;2.0;17;0;0.0;2.0;6.0;23.0;B01
201800049019;2.0;33;0;0.0;2.0;7.0;1.0;B01
201800049019;2.0;7;0;0.0;2.0;8.0;11.0;A01
201800049020;2.0;7;0;0.0;2.0;4.0;1.0;B01
201800049020;2.0;7;0;0.0;2.0;1.0;2.0;A01
201800049021;2.0;7;0;0.0;2.0;8.0;1.0;C01
201800049021;2.0;7;0;0.0;2.0;7.0;1.0;B01
201800049021;2.0;7;0;0.0;2.0;8.0;11.0;A01
201800049022;2.0;7;0;0.0;2.0;6.0;9.0;A01
201800049022;2.0;10;0;0.0;2.0;2.0;1.0;B01
201800049023;2.0;7;0;;2.0;2.0;2.0;B02
201800049023;2.0;7;0;0.0;2.0;6.0;1.0;A01
201800049024;1.0;31;0;0.0;0.0;7.0;3.0;A01
201800049025;1.0;33;0;0.0;2.0;2.0;3.0;B01
201800049025;1.0;7;0;0.0;2.0;3.0;11.0;A01
201800049026;1.0;17;0;0.0;2.0;2.0;14.0;B01
201800049026;1.0;7;0;4.0;2.0;6.0;1.0;A01
201800049027;2.0;7;0;0.0;2.0;4.0;23.0;B01
201800049027;2.0;7;0;0.0;2.0;4.0;23.0;D01
201800049027;2.0;7;0;0.0;2.0;4.0;23.0;C01
201800049027;2.0;10;0;0.0;2.0;1.0;1.0;A01
201800049028;1.0;7;0;0.0;2.0;7.0;12.0;A01
201800049028;1.0;33;0;0.0;2.0;8.0;1.0;B01
201800049029;2.0;7;0;0.0;2.0;1.0;2.0;A01
201800049029;2.0;7;0;0.0;2.0;4.0;1.0;C01
201800049029;2.0;7;0;0.0;2.0;4.0;1.0;B01
201800049030;2.0;7;0;4.0;0.0;2.0;14.0;A01
201800049031;2.0;7;0;0.0;2.0;5.0;1.0;B01
201800049031;2.0;17;0;0.0;2.0;3.0;1.0;C01
201800049031;2.0;34;0;0.0;2.0;1.0;3.0;A01
201800049032;2.0;7;0;0.0;2.0;6.0;1.0;B01
201800049032;2.0;7;0;0.0;2.0;2.0;1.0;C01
201800049032;2.0;17;0;0.0;2.0;2.0;12.0;A01
201800049033;1.0;10;0;0.0;2.0;4.0;1.0;B01
201800049033;1.0;10;0;0.0;2.0;4.0;1.0;A01
201800049033;1.0;10;0;0.0;2.0;1.0;1.0;C01
201800049034;2.0;7;0;0.0;2.0;1.0;2.0;A01
201800049034;2.0;10;0;0.0;2.0;4.0;1.0;B01
201800049035;1.0;7;0;3.0;0.0;1.0;13.0;A01
201800049036;1.0;7;0;4.0;0.0;2.0;14.0;A01
201800049037;2.0;7;0;0.0;2.0;1.0;2.0;A01
201800049037;2.0;7;0;0.0;2.0;4.0;1.0;B01
201800049038;1.0;7;0;4.0;0.0;8.0;13.0;A01
201800049039;1.0;7;0;0.0;2.0;4.0;1.0;B01
201800049039;1.0;7;0;0.0;2.0;1.0;2.0;A01
201800049040;2.0;7;0;0.0;2.0;2.0;13.0;A01
201800049040;2.0;7;0;0.0;2.0;6.0;1.0;B01
201800049041;2.0;7;0;;2.0;4.0;;Z02
201800049041;2.0;7;0;0.0;2.0;1.0;2.0;A01
201800049042;1.0;7;0;0.0;2.0;1.0;1.0;C01
201800049042;1.0;7;0;0.0;2.0;4.0;1.0;B01
201800049042;1.0;7;0;0.0;2.0;3.0;13.0;A01
201800049043;2.0;14;0;0.0;2.0;1.0;2.0;B01
201800049043;2.0;7;0;0.0;2.0;4.0;1.0;A01
201800049044;1.0;33;0;0.0;2.0;8.0;1.0;A01
201800049044;1.0;7;0;;2.0;;;Z02
201800049045;2.0;31;0;0.0;2.0;0.0;3.0;B01
201800049045;2.0;7;0;0.0;2.0;5.0;14.0;A01
201800049046;1.0;7;0;0.0;2.0;6.0;9.0;B01
201800049046;1.0;15;0;0.0;2.0;1.0;1.0;A01
201800049047;2.0;10;0;0.0;2.0;1.0;1.0;C01
201800049047;2.0;17;0;0.0;2.0;4.0;20.0;B01
201800049047;2.0;7;0;0.0;2.0;8.0;0.0;A01
201800049048;1.0;34;0;0.0;2.0;6.0;3.0;B01
201800049048;1.0;7;0;0.0;2.0;6.0;13.0;A01
201800049049;2.0;7;0;0.0;1.0;1.0;1.0;A01
201800049050;1.0;7;0;0.0;2.0;6.0;0.0;B01
201800049050;1.0;31;0;0.0;2.0;1.0;3.0;A01
201800049051;1.0;17;0;3.0;2.0;1.0;6.0;A01
201800049051;2.0;17;0;3.0;0.0;8.0;21.0;C01
201800049051;2.0;7;0;0.0;2.0;8.0;1.0;B01
201800049052;2.0;31;0;0.0;2.0;4.0;1.0;B01
201800049052;2.0;7;0;0.0;2.0;1.0;2.0;A01
201800049053;2.0;7;0;4.0;0.0;1.0;13.0;A01
201800049054;2.0;17;0;0.0;2.0;8.0;12.0;B01
201800049054;2.0;7;0;0.0;2.0;8.0;1.0;A01
201800049055;2.0;7;0;0.0;2.0;5.0;1.0;B01
201800049055;2.0;32;0;0.0;2.0;3.0;2.0;A01
201800049056;2.0;17;0;0.0;2.0;8.0;23.0;C01
201800049056;2.0;7;0;0.0;2.0;4.0;1.0;B01
201800049056;2.0;17;0;0.0;2.0;6.0;23.0;D01
201800049056;2.0;7;0;0.0;2.0;1.0;2.0;A01
201800049057;1.0;10;0;0.0;2.0;4.0;1.0;B01
201800049057;1.0;7;0;0.0;2.0;1.0;2.0;A01
201800049058;2.0;7;0;0.0;2.0;7.0;12.0;B01
201800049058;2.0;33;0;0.0;2.0;6.0;3.0;A01
201800049059;1.0;7;0;0.0;2.0;4.0;1.0;B01
201800049059;1.0;32;0;0.0;2.0;1.0;14.0;A01
201800049060;1.0;7;0;0.0;2.0;8.0;9.0;A01
201800049060;1.0;17;0;0.0;2.0;2.0;1.0;B01
201800049061;2.0;7;0;0.0;2.0;8.0;11.0;A01
201800049061;2.0;33;0;0.0;2.0;7.0;1.0;B01
201800049062;2.0;7;0;0.0;2.0;2.0;2.0;A01
201800049062;2.0;33;0;0.0;2.0;4.0;2.0;B01
201800049063;2.0;7;0;0.0;2.0;4.0;24.0;B01
201800049063;2.0;7;0;1.0;0.0;1.0;14.0;A01
201800049064;1.0;7;0;0.0;2.0;0.0;13.0;A01
201800049064;1.0;33;0;0.0;2.0;0.0;3.0;B01
201800049065;2.0;17;0;0.0;2.0;1.0;2.0;A01
201800049065;2.0;17;0;0.0;2.0;4.0;1.0;B01
201800049066;2.0;33;0;0.0;0.0;7.0;0.0;A01
201800049067;2.0;7;0;0.0;2.0;4.0;0.0;A01
201800049067;2.0;17;0;0.0;2.0;2.0;1.0;B01
201800049068;1.0;17;0;0.0;2.0;1.0;2.0;A01
201800049068;1.0;7;0;0.0;2.0;8.0;23.0;C01
201800049068;1.0;10;0;0.0;2.0;4.0;1.0;D01
201800049068;1.0;17;0;0.0;2.0;4.0;23.0;F01
201800049068;1.0;7;0;0.0;2.0;4.0;23.0;B01
201800049068;1.0;10;0;0.0;2.0;6.0;23.0;E01
201800049069;2.0;17;0;0.0;2.0;4.0;2.0;B01
201800049069;2.0;17;0;0.0;2.0;4.0;2.0;C01
201800049069;2.0;17;0;0.0;2.0;1.0;2.0;A01
201800049070;2.0;7;0;0.0;2.0;5.0;23.0;C01
201800049070;2.0;7;0;3.0;2.0;4.0;1.0;B01
201800049070;2.0;7;0;0.0;2.0;1.0;2.0;A01
201800049071;2.0;7;0;3.0;2.0;5.0;12.0;A01
201800049071;2.0;17;0;0.0;2.0;3.0;1.0;B01
201800049071;2.0;17;0;0.0;2.0;2.0;1.0;C01
201800049072;1.0;10;0;4.0;0.0;0.0;21.0;A01
201800049073;2.0;7;0;3.0;0.0;1.0;13.0;A01
201800049074;2.0;7;0;0.0;2.0;1.0;0.0;A01
201800049074;2.0;7;0;0.0;2.0;4.0;23.0;B01
201800049075;1.0;7;0;0.0;2.0;2.0;14.0;A01
201800049075;1.0;17;0;0.0;2.0;4.0;24.0;B01
201800049076;2.0;7;0;0.0;2.0;4.0;2.0;B01
201800049076;2.0;7;0;0.0;2.0;1.0;2.0;A01
201800049076;2.0;7;0;0.0;2.0;4.0;2.0;C01
201800049077;2.0;7;0;4.0;0.0;1.0;13.0;A01
201800049077;2.0;7;0;0.0;2.0;4.0;13.0;B01
201800049077;2.0;7;0;0.0;2.0;1.0;2.0;C01
201800049078;1.0;31;0;0.0;0.0;7.0;0.0;B01
201800049078;1.0;7;0;0.0;0.0;0.0;11.0;A01
201800049079;1.0;17;0;0.0;2.0;6.0;1.0;B01
201800049079;1.0;7;0;0.0;2.0;1.0;2.0;A01
201800049080;1.0;31;0;0.0;0.0;8.0;0.0;A01
201800049081;2.0;7;0;0.0;2.0;1.0;2.0;A01
201800049081;2.0;7;0;0.0;2.0;4.0;23.0;B01
201800049082;2.0;7;0;0.0;2.0;4.0;2.0;B01
201800049082;2.0;7;0;0.0;2.0;4.0;23.0;D01
201800049082;2.0;7;0;0.0;2.0;4.0;23.0;C01
201800049082;2.0;7;0;0.0;2.0;4.0;23.0;E01
201800049082;2.0;10;0;0.0;2.0;1.0;2.0;A01
201800049083;1.0;7;0;0.0;2.0;1.0;2.0;A01
201800049083;1.0;7;0;0.0;2.0;4.0;2.0;B01
201800049083;1.0;10;0;0.0;2.0;4.0;23.0;C01
201800049084;2.0;7;0;0.0;2.0;4.0;23.0;B01
201800049084;2.0;7;0;0.0;2.0;4.0;23.0;C01
201800049084;2.0;7;0;0.0;2.0;1.0;2.0;A01
201800049085;2.0;10;0;0.0;2.0;4.0;1.0;B01
201800049085;2.0;7;0;0.0;2.0;1.0;2.0;A01
201800049086;1.0;17;0;0.0;2.0;4.0;23.0;D01
201800049086;1.0;14;0;0.0;2.0;1.0;2.0;A01
201800049086;1.0;10;0;0.0;2.0;4.0;2.0;B01
201800049086;1.0;7;0;0.0;2.0;4.0;23.0;C01
201800049087;1.0;17;0;0.0;2.0;3.0;1.0;C01
201800049087;1.0;33;0;0.0;2.0;1.0;0.0;B01
201800049087;1.0;10;0;0.0;2.0;4.0;12.0;A01
201800049088;2.0;7;0;0.0;2.0;6.0;0.0;B01
201800049088;2.0;7;0;0.0;2.0;3.0;13.0;A01
201800049089;1.0;7;0;0.0;2.0;3.0;2.0;A01
201800049089;1.0;7;0;0.0;2.0;5.0;1.0;B01
201800049090;1.0;17;0;0.0;2.0;3.0;0.0;A01
201800049090;1.0;7;0;4.0;2.0;4.0;0.0;B01
201800049091;1.0;17;0;0.0;2.0;2.0;0.0;A01
201800049091;1.0;7;0;4.0;2.0;3.0;0.0;B01
201800049091;1.0;7;0;0.0;2.0;1.0;1.0;C01
201800049092;2.0;7;0;0.0;2.0;4.0;2.0;C01
201800049092;2.0;7;0;0.0;2.0;4.0;2.0;B01
201800049092;2.0;7;0;0.0;2.0;1.0;2.0;A01
201800049093;2.0;7;0;4.0;2.0;1.0;13.0;A01
201800049093;2.0;7;0;4.0;2.0;4.0;1.0;B01
201800049094;1.0;7;0;3.0;0.0;0.0;19.0;A01
201800049095;2.0;7;0;0.0;2.0;4.0;1.0;B01
201800049095;2.0;7;0;0.0;2.0;1.0;2.0;A01
201800049096;1.0;10;0;0.0;2.0;2.0;14.0;A01
201800049096;1.0;7;0;4.0;2.0;3.0;1.0;B01
201800049097;2.0;7;0;0.0;0.0;0.0;0.0;Z01
201800049097;2.0;7;0;0.0;2.0;4.0;1.0;B01
201800049097;2.0;17;0;0.0;2.0;6.0;0.0;C01
201800049098;1.0;7;0;0.0;2.0;6.0;1.0;B01
201800049098;1.0;7;0;0.0;2.0;2.0;14.0;A01
201800049098;1.0;7;0;0.0;2.0;6.0;1.0;C01
201800049099;2.0;7;0;3.0;2.0;8.0;1.0;B01
201800049099;2.0;10;0;0.0;2.0;0.0;0.0;A01
201800049100;1.0;7;0;4.0;0.0;2.0;1.0;A01
201800049101;1.0;7;0;3.0;0.0;1.0;14.0;A01
201800049102;1.0;17;0;0.0;2.0;8.0;1.0;B01
201800049102;1.0;31;0;0.0;2.0;8.0;3.0;A01
201800049103;1.0;10;0;0.0;2.0;4.0;2.0;B01
201800049103;1.0;7;0;0.0;2.0;1.0;2.0;A01
201800049104;1.0;17;0;0.0;2.0;4.0;2.0;B01
201800049104;1.0;7;0;0.0;2.0;1.0;2.0;A01
201800049105;1.0;10;0;4.0;2.0;6.0;1.0;B01
201800049105;1.0;17;0;0.0;2.0;2.0;12.0;A01
201800049106;1.0;33;0;0.0;2.0;1.0;3.0;A01
201800049106;1.0;7;0;0.0;2.0;6.0;11.0;B01
201800049107;2.0;7;0;0.0;2.0;1.0;2.0;A01
201800049107;2.0;7;0;0.0;2.0;4.0;2.0;C01
201800049107;2.0;10;0;0.0;2.0;1.0;2.0;B01
201800049108;2.0;17;0;0.0;2.0;1.0;2.0;A01
201800049108;2.0;7;0;0.0;2.0;4.0;2.0;B01
201800049109;2.0;33;0;0.0;2.0;1.0;3.0;A01
201800049109;2.0;7;0;0.0;2.0;5.0;1.0;D01
201800049109;2.0;7;0;0.0;2.0;8.0;1.0;C01
201800049109;2.0;7;0;0.0;2.0;6.0;1.0;B01
201800049110;1.0;7;0;4.0;0.0;0.0;0.0;A01
201800049111;2.0;7;0;4.0;0.0;0.0;14.0;A01
201800049112;2.0;7;0;4.0;2.0;5.0;12.0;A01
201800049112;2.0;17;0;0.0;2.0;3.0;1.0;B01
201800049113;1.0;7;0;0.0;2.0;4.0;2.0;B01
201800049113;1.0;7;0;0.0;2.0;1.0;2.0;A01
201800049114;2.0;7;0;0.0;2.0;6.0;0.0;A01
201800049114;2.0;10;0;4.0;2.0;2.0;0.0;B01
201800049115;1.0;7;0;4.0;0.0;2.0;14.0;A01
201800049116;2.0;7;0;0.0;2.0;4.0;2.0;A01
201800049116;2.0;31;0;0.0;2.0;1.0;2.0;B01
201800049117;2.0;10;0;0.0;2.0;7.0;1.0;C01
201800049117;2.0;17;0;0.0;2.0;2.0;12.0;B01
201800049117;2.0;7;0;0.0;2.0;6.0;1.0;A01
201800049118;2.0;7;0;0.0;2.0;4.0;23.0;A01
201800049118;2.0;7;0;0.0;2.0;4.0;23.0;B01
201800049118;2.0;7;0;0.0;2.0;4.0;23.0;C01
201800049118;2.0;7;0;0.0;2.0;4.0;2.0;D01
201800049118;2.0;7;0;0.0;2.0;1.0;2.0;E01
201800049118;2.0;7;0;0.0;2.0;1.0;2.0;F01
201800049119;1.0;7;0;0.0;2.0;4.0;23.0;A01
201800049119;1.0;7;0;0.0;2.0;1.0;1.0;B01
201800049120;2.0;7;0;0.0;2.0;1.0;2.0;A01
201800049120;2.0;7;0;0.0;2.0;4.0;2.0;B01
201800049121;2.0;33;0;0.0;2.0;1.0;18.0;C01
201800049121;2.0;17;0;0.0;2.0;4.0;23.0;A01
201800049121;2.0;7;0;0.0;2.0;2.0;12.0;B01
201800049122;2.0;13;0;0.0;2.0;2.0;12.0;B01
201800049122;2.0;7;0;0.0;2.0;6.0;1.0;A01
201800049123;2.0;15;0;0.0;2.0;2.0;12.0;B01
201800049123;2.0;7;0;0.0;2.0;6.0;1.0;A01
201800049124;1.0;7;0;0.0;2.0;6.0;1.0;B01
201800049124;1.0;7;0;0.0;2.0;1.0;1.0;C01
201800049124;1.0;17;0;0.0;2.0;2.0;12.0;A01
201800049125;0.0;7;0;3.0;0.0;3.0;13.0;A01
201800049126;2.0;10;0;0.0;2.0;1.0;2.0;B01
201800049126;2.0;17;0;0.0;2.0;4.0;1.0;A01
201800049127;0.0;7;0;0.0;0.0;0.0;13.0;A01
201800049128;2.0;7;0;0.0;2.0;4.0;23.0;B01
201800049128;2.0;7;0;0.0;2.0;4.0;23.0;C01
201800049128;2.0;10;0;0.0;2.0;1.0;2.0;D01
201800049128;2.0;10;0;0.0;2.0;6.0;23.0;A01
201800049129;1.0;15;0;0.0;2.0;1.0;2.0;B01
201800049129;1.0;7;0;0.0;2.0;4.0;2.0;A01
201800049130;1.0;7;0;3.0;0.0;3.0;21.0;A01
201800049131;2.0;33;0;0.0;0.0;0.0;0.0;A01
201800049132;1.0;7;0;0.0;2.0;1.0;2.0;B01
201800049132;1.0;10;0;0.0;2.0;1.0;2.0;C01
201800049132;1.0;7;0;0.0;2.0;4.0;23.0;A01
201800049133;1.0;7;0;0.0;2.0;4.0;2.0;A01
201800049133;1.0;10;0;0.0;2.0;1.0;2.0;C01
201800049133;1.0;10;0;0.0;2.0;4.0;2.0;B01
201800049134;2.0;7;0;0.0;2.0;1.0;1.0;C01
201800049134;2.0;7;0;0.0;2.0;8.0;1.0;A01
201800049134;2.0;14;0;0.0;2.0;2.0;12.0;B01
201800049135;1.0;7;0;0.0;2.0;1.0;2.0;C01
201800049135;1.0;7;0;0.0;2.0;3.0;23.0;A01
201800049135;1.0;7;0;0.0;2.0;4.0;23.0;B01
201800049136;1.0;7;0;0.0;2.0;6.0;23.0;A01
201800049136;1.0;7;0;0.0;2.0;2.0;21.0;B01
201800049137;0.0;7;0;0.0;2.0;4.0;23.0;A01
201800049137;0.0;7;0;0.0;2.0;1.0;2.0;B01
201800049138;1.0;7;0;0.0;2.0;3.0;11.0;B01
201800049138;1.0;33;0;4.0;2.0;7.0;17.0;A01
201800049139;2.0;10;0;0.0;2.0;4.0;2.0;B01
201800049139;2.0;7;0;0.0;2.0;1.0;2.0;C01
201800049139;2.0;7;0;0.0;2.0;4.0;2.0;A01
201800049140;2.0;7;0;5.0;0.0;3.0;1.0;A01
201800049141;2.0;7;0;0.0;2.0;2.0;1.0;C01
201800049141;2.0;17;0;0.0;2.0;2.0;12.0;B01
201800049141;2.0;7;0;0.0;2.0;6.0;11.0;A01
201800049141;2.0;17;0;0.0;2.0;1.0;1.0;D01
201800049142;2.0;10;0;0.0;2.0;1.0;0.0;B01
201800049142;2.0;10;0;0.0;2.0;4.0;23.0;A01
201800049143;2.0;7;0;0.0;2.0;6.0;2.0;B01
201800049143;2.0;17;0;0.0;2.0;2.0;12.0;A01
201800049143;2.0;7;0;0.0;2.0;1.0;2.0;C01
201800049144;0.0;10;0;0.0;2.0;6.0;10.0;B01
201800049144;0.0;33;0;0.0;2.0;1.0;17.0;A01
201800049145;0.0;31;0;0.0;2.0;1.0;1.0;B01
201800049145;0.0;7;0;0.0;2.0;5.0;23.0;A01
201800049146;1.0;10;0;0.0;2.0;5.0;1.0;B01
201800049146;1.0;7;0;3.0;2.0;1.0;14.0;A01
201800049147;0.0;10;0;3.0;0.0;2.0;0.0;A01
201800049148;1.0;33;0;0.0;0.0;7.0;16.0;A01
201800049149;2.0;7;0;0.0;5.0;3.0;13.0;A01
201800049149;2.0;7;0;4.0;2.0;7.0;13.0;B01
201800049149;2.0;10;0;0.0;2.0;1.0;2.0;C01
201800049150;2.0;33;0;0.0;2.0;1.0;21.0;A01
201800049150;2.0;7;0;0.0;2.0;5.0;23.0;B01
201800049151;1.0;7;0;0.0;2.0;1.0;2.0;C01
201800049151;1.0;7;0;0.0;2.0;4.0;23.0;B01
201800049151;1.0;7;0;0.0;2.0;4.0;23.0;A01
201800049152;1.0;16;0;0.0;2.0;7.0;2.0;A01
201800049152;1.0;33;0;0.0;2.0;8.0;2.0;B01
201800049153;2.0;7;0;0.0;2.0;4.0;23.0;A01