Num_Acc;senc;catv;occutc;obs;obsm;choc;manv;num_veh
201800050181;2.0;10;0;0.0;2.0;1.0;2.0;B01
201800050181;2.0;10;0;0.0;2.0;4.0;2.0;A01
201800050182;2.0;7;0;0.0;0.0;0.0;0.0;B01
201800050182;2.0;7;0;0.0;0.0;0.0;0.0;A01
201800050183;2.0;7;0;0.0;2.0;4.0;0.0;A01
201800050183;2.0;7;0;0.0;2.0;1.0;2.0;B01
201800050184;1.0;7;0;0.0;2.0;4.0;1.0;A01
201800050184;1.0;7;0;0.0;2.0;1.0;1.0;C01
201800050184;1.0;7;0;0.0;2.0;4.0;1.0;B01
201800050185;1.0;13;0;0.0;2.0;8.0;2.0;B01
201800050185;1.0;7;0;4.0;2.0;8.0;2.0;A01
201800050186;1.0;7;0;0.0;2.0;4.0;1.0;B01
201800050186;1.0;13;0;0.0;2.0;1.0;1.0;C01
201800050186;1.0;7;0;0.0;2.0;4.0;23.0;A01
201800050187;1.0;7;0;0.0;2.0;4.0;0.0;A01
201800050187;1.0;10;0;0.0;2.0;1.0;1.0;B01
201800050188;;99;0;;;;;Z01
201800050188;2.0;99;0;0.0;2.0;4.0;2.0;A01
201800050189;2.0;7;0;13.0;0.0;0.0;13.0;A01
201800050190;2.0;10;0;0.0;2.0;5.0;2.0;A01
201800050190;2.0;32;0;0.0;2.0;4.0;0.0;B01
201800050191;2.0;10;0;0.0;2.0;5.0;2.0;A01
201800050191;2.0;10;0;0.0;2.0;2.0;12.0;B01
201800050192;;7;0;;;;;A01
201800050193;1.0;7;0;0.0;2.0;4.0;2.0;D01
201800050193;1.0;7;0;0.0;2.0;4.0;2.0;C01
201800050193;1.0;7;0;0.0;2.0;1.0;2.0;A01
201800050193;1.0;7;0;0.0;2.0;4.0;2.0;B01
201800050194;1.0;7;0;0.0;2.0;1.0;1.0;A01
201800050194;1.0;7;0;0.0;2.0;4.0;1.0;B01
201800050195;2.0;7;0;0.0;2.0;1.0;2.0;B01
201800050195;2.0;7;0;0.0;2.0;6.0;2.0;A01
201800050196;1.0;7;0;0.0;2.0;2.0;17.0;B01
201800050196;1.0;33;0;0.0;2.0;6.0;2.0;A01
201800050197;2.0;7;0;0.0;2.0;1.0;0.0;B01
201800050197;2.0;7;0;0.0;2.0;4.0;1.0;A01
201800050197;2.0;7;0;0.0;2.0;1.0;0.0;E01
201800050197;2.0;7;0;0.0;2.0;6.0;0.0;D01
201800050197;2.0;7;0;0.0;2.0;6.0;0.0;C01
201800050198;1.0;7;0;0.0;0.0;9.0;1.0;A01
201800050199;1.0;7;0;0.0;2.0;1.0;11.0;A01
201800050199;1.0;7;0;0.0;2.0;4.0;1.0;B01
201800050200;1.0;7;0;0.0;2.0;1.0;1.0;C01
201800050200;1.0;17;0;4.0;2.0;2.0;21.0;B01
201800050200;1.0;7;0;4.0;2.0;6.0;0.0;A01
201800050201;2.0;7;0;0.0;2.0;2.0;1.0;A01
201800050201;2.0;7;0;0.0;2.0;3.0;14.0;B01
201800050201;2.0;7;0;0.0;2.0;7.0;1.0;C01
201800050202;2.0;7;0;3.0;0.0;1.0;0.0;A01
201800050203;2.0;7;0;0.0;2.0;1.0;2.0;B01
201800050203;2.0;7;0;0.0;2.0;4.0;0.0;A01
201800050204;1.0;7;0;0.0;2.0;4.0;1.0;B01
201800050204;1.0;7;0;0.0;2.0;4.0;1.0;A01
201800050204;1.0;7;0;0.0;2.0;4.0;1.0;C01
201800050204;1.0;7;0;0.0;2.0;1.0;1.0;D01
201800050205;2.0;7;0;0.0;2.0;8.0;1.0;A01
201800050205;2.0;7;0;0.0;2.0;7.0;14.0;B01
201800050206;1.0;10;0;0.0;1.0;2.0;1.0;A01
201800050207;1.0;10;0;0.0;2.0;8.0;18.0;A01
201800050207;1.0;7;0;0.0;2.0;7.0;1.0;B01
201800050208;1.0;34;0;0.0;2.0;4.0;23.0;B01
201800050208;1.0;7;0;0.0;2.0;3.0;2.0;A01
201800050209;1.0;2;0;0.0;2.0;0.0;1.0;B01
201800050209;1.0;7;0;0.0;2.0;0.0;1.0;A01
201800050210;1.0;7;0;0.0;2.0;5.0;23.0;B01
201800050210;1.0;30;0;0.0;2.0;1.0;1.0;A01
201800050211;0.0;32;0;0.0;2.0;0.0;7.0;A01
201800050211;2.0;7;0;0.0;2.0;5.0;16.0;B01
201800050212;1.0;32;0;16.0;0.0;1.0;1.0;A01
201800050213;2.0;1;0;0.0;2.0;3.0;7.0;B01
201800050213;2.0;7;0;0.0;9.0;2.0;16.0;Z01
201800050214;1.0;2;0;0.0;2.0;8.0;1.0;B01
201800050214;0.0;7;0;0.0;2.0;0.0;1.0;Z01
201800050215;1.0;14;0;6.0;0.0;3.0;1.0;A01
201800050216;2.0;7;0;0.0;2.0;0.0;22.0;A01
201800050216;2.0;32;0;1.0;2.0;1.0;1.0;B01
201800050217;1.0;33;0;0.0;2.0;1.0;1.0;A01
201800050217;1.0;1;0;0.0;2.0;4.0;1.0;B01
201800050218;2.0;10;0;0.0;1.0;4.0;20.0;A01
201800050219;2.0;33;0;11.0;0.0;1.0;14.0;A01
201800050220;1.0;34;0;0.0;1.0;1.0;15.0;A01
201800050221;2.0;7;0;0.0;1.0;1.0;1.0;A01
201800050222;1.0;7;0;0.0;2.0;3.0;15.0;B01
201800050222;1.0;10;0;0.0;2.0;2.0;17.0;A01
201800050223;1.0;31;0;0.0;2.0;1.0;1.0;A01
201800050223;0.0;7;0;0.0;2.0;3.0;1.0;B01
201800050224;0.0;33;0;0.0;0.0;0.0;1.0;A01
201800050225;1.0;1;0;0.0;1.0;1.0;1.0;A01
201800050226;1.0;32;0;0.0;2.0;2.0;1.0;B01
201800050226;1.0;7;0;0.0;2.0;3.0;15.0;A01
201800050227;2.0;33;0;1.0;0.0;7.0;5.0;A01
201800050228;1.0;32;0;0.0;1.0;1.0;1.0;A01
201800050229;2.0;34;0;0.0;1.0;3.0;1.0;A01
201800050230;1.0;7;0;0.0;2.0;2.0;1.0;A01
201800050230;1.0;34;0;0.0;2.0;1.0;1.0;B01
201800050231;1.0;31;0;0.0;1.0;1.0;1.0;A01
201800050232;1.0;34;0;0.0;2.0;1.0;2.0;A01
201800050232;1.0;30;0;0.0;2.0;4.0;2.0;B01
201800050233;1.0;32;0;0.0;2.0;1.0;1.0;A01
201800050233;2.0;37;0;0.0;2.0;2.0;1.0;B01
201800050234;1.0;2;0;0.0;2.0;1.0;1.0;A01
201800050234;1.0;7;0;0.0;2.0;5.0;23.0;B01
201800050235;1.0;33;0;0.0;2.0;2.0;1.0;A01
201800050235;1.0;7;0;0.0;2.0;1.0;15.0;B01
201800050236;1.0;32;0;0.0;1.0;2.0;1.0;A01
201800050237;1.0;10;0;0.0;1.0;2.0;2.0;A01
201800050238;1.0;7;0;0.0;1.0;3.0;15.0;A01
201800050239;2.0;7;0;0.0;2.0;3.0;1.0;B01
201800050239;2.0;7;0;0.0;2.0;1.0;11.0;A01
201800050240;1.0;7;0;0.0;2.0;3.0;16.0;A01
201800050240;1.0;1;0;0.0;2.0;4.0;7.0;B01
201800050241;2.0;1;0;0.0;1.0;1.0;1.0;A01
201800050242;1.0;7;0;0.0;1.0;3.0;1.0;A01
201800050243;2.0;30;0;0.0;2.0;8.0;1.0;A01
201800050243;2.0;7;0;0.0;2.0;2.0;16.0;Z01
201800050244;2.0;2;0;0.0;2.0;1.0;2.0;A01
201800050244;2.0;7;0;0.0;2.0;4.0;23.0;B01
201800050245;1.0;7;0;0.0;1.0;5.0;4.0;A01
201800050246;1.0;31;0;0.0;2.0;2.0;22.0;B01
201800050246;1.0;7;0;0.0;2.0;3.0;1.0;A01
201800050247;1.0;33;0;0.0;1.0;1.0;1.0;A01
201800050248;1.0;7;0;0.0;1.0;1.0;15.0;A01
201800050249;1.0;7;0;0.0;2.0;1.0;1.0;A01
201800050249;1.0;7;0;0.0;2.0;4.0;23.0;B01
201800050250;1.0;33;0;0.0;2.0;2.0;17.0;A01
201800050250;1.0;7;0;0.0;2.0;3.0;13.0;B01
201800050251;2.0;7;0;0.0;2.0;2.0;16.0;A01
201800050251;2.0;34;0;0.0;2.0;3.0;1.0;B01
201800050252;1.0;1;0;0.0;2.0;1.0;1.0;B01
201800050252;1.0;10;0;0.0;2.0;3.0;1.0;A01
201800050253;1.0;7;0;0.0;2.0;1.0;11.0;A01
201800050253;1.0;2;0;0.0;2.0;4.0;23.0;B01
201800050254;1.0;7;0;5.0;2.0;8.0;11.0;A01
201800050254;1.0;33;0;5.0;2.0;7.0;1.0;B01
201800050255;1.0;34;0;0.0;2.0;1.0;1.0;B01
201800050255;1.0;1;0;0.0;2.0;3.0;15.0;A01
201800050256;1.0;33;0;0.0;2.0;3.0;9.0;A01
201800050256;1.0;7;0;0.0;2.0;2.0;1.0;B01
201800050257;1.0;1;0;0.0;2.0;8.0;1.0;A01
201800050257;1.0;38;0;0.0;2.0;2.0;16.0;B01
201800050258;1.0;1;0;0.0;2.0;1.0;7.0;B01
201800050258;1.0;2;0;0.0;2.0;4.0;16.0;A01
201800050259;1.0;1;0;0.0;0.0;1.0;7.0;A01
201800050260;2.0;31;0;0.0;2.0;1.0;17.0;B01
201800050260;2.0;34;0;0.0;2.0;8.0;15.0;A01
201800050261;1.0;7;0;0.0;1.0;2.0;1.0;A01
201800050262;2.0;31;0;0.0;1.0;3.0;1.0;A01
201800050263;1.0;17;0;0.0;1.0;3.0;15.0;A01
201800050264;1.0;7;0;0.0;2.0;2.0;1.0;B01
201800050264;1.0;7;0;0.0;2.0;1.0;1.0;A01
201800050265;2.0;33;0;0.0;2.0;8.0;11.0;A01
201800050265;2.0;32;0;0.0;2.0;7.0;12.0;B01
201800050266;1.0;7;0;0.0;2.0;2.0;15.0;A01
201800050266;1.0;37;0;0.0;2.0;8.0;8.0;B01
201800050267;1.0;34;0;0.0;1.0;1.0;7.0;A01
201800050268;1.0;7;0;0.0;1.0;2.0;1.0;A01
201800050269;1.0;33;0;0.0;0.0;2.0;1.0;A01
201800050270;1.0;31;0;0.0;1.0;1.0;1.0;A01
201800050271;1.0;1;0;0.0;1.0;1.0;7.0;A01
201800050272;2.0;30;0;0.0;0.0;0.0;21.0;A01
201800050273;1.0;33;0;0.0;2.0;2.0;17.0;A01
201800050273;1.0;7;0;0.0;2.0;3.0;15.0;B01
201800050274;2.0;1;0;0.0;1.0;2.0;5.0;A01
201800050275;1.0;2;0;0.0;1.0;7.0;1.0;Z01
201800050276;2.0;32;0;0.0;2.0;1.0;1.0;A01
201800050276;0.0;10;0;0.0;2.0;0.0;1.0;Z01
201800050277;1.0;7;0;0.0;2.0;3.0;13.0;Z01
201800050277;1.0;30;0;0.0;2.0;2.0;1.0;A01
201800050278;1.0;1;0;0.0;2.0;1.0;15.0;A01
201800050278;1.0;7;0;0.0;2.0;3.0;1.0;B01
201800050279;1.0;37;0;0.0;2.0;1.0;1.0;A01
201800050279;1.0;7;0;0.0;2.0;4.0;1.0;Z01
201800050280;1.0;31;0;0.0;2.0;3.0;1.0;A01
201800050280;1.0;7;0;0.0;2.0;3.0;15.0;B01
201800050281;1.0;33;0;0.0;1.0;1.0;7.0;A01
201800050282;1.0;10;0;0.0;2.0;2.0;2.0;A01
201800050282;1.0;33;0;0.0;2.0;8.0;2.0;B01
201800050283;2.0;2;0;1.0;0.0;2.0;14.0;A01
201800050284;1.0;7;0;0.0;1.0;3.0;1.0;A01
201800050285;1.0;7;0;0.0;2.0;2.0;2.0;A01
201800050285;1.0;1;0;0.0;2.0;4.0;23.0;B01
201800050286;1.0;7;0;0.0;2.0;5.0;22.0;A01
201800050286;1.0;1;0;1.0;2.0;3.0;1.0;B01
201800050287;1.0;33;0;0.0;2.0;1.0;23.0;B01
201800050287;1.0;7;0;0.0;2.0;4.0;23.0;C01
201800050287;1.0;2;0;0.0;2.0;1.0;1.0;A01
201800050288;1.0;7;0;0.0;1.0;2.0;15.0;A01
201800050289;1.0;1;0;0.0;1.0;2.0;1.0;A01
201800050290;1.0;10;0;0.0;1.0;2.0;16.0;A01
201800050291;1.0;7;0;14.0;2.0;5.0;22.0;A01
201800050291;1.0;1;0;14.0;2.0;2.0;1.0;B01
201800050292;1.0;10;0;0.0;2.0;1.0;1.0;A01
201800050292;1.0;7;0;0.0;2.0;4.0;23.0;B01
201800050293;1.0;30;0;16.0;1.0;1.0;1.0;A01
201800050294;2.0;7;0;0.0;2.0;1.0;1.0;A01
201800050294;2.0;7;0;0.0;2.0;4.0;23.0;B01
201800050295;1.0;1;0;0.0;2.0;6.0;7.0;B01
201800050295;1.0;10;0;0.0;2.0;2.0;16.0;A01
201800050296;0.0;2;0;0.0;2.0;3.0;3.0;A01
201800050296;0.0;10;0;0.0;2.0;5.0;1.0;B01
201800050296;0.0;7;0;0.0;2.0;3.0;1.0;C01
201800050297;1.0;7;0;0.0;1.0;1.0;1.0;A01
201800050298;1.0;33;0;0.0;1.0;1.0;1.0;B01
201800050299;0.0;1;0;0.0;1.0;1.0;1.0;A01
201800050300;0.0;7;0;12.0;0.0;1.0;1.0;B01
201800050300;0.0;7;0;0.0;0.0;0.0;15.0;A01
201800050301;2.0;34;0;0.0;1.0;1.0;3.0;A01
201800050302;0.0;1;0;0.0;2.0;7.0;1.0;A01
201800050302;0.0;30;0;0.0;2.0;1.0;1.0;B01
201800050303;0.0;1;0;0.0;2.0;0.0;19.0;Z01
201800050303;2.0;33;0;0.0;6.0;8.0;17.0;A01
201800050304;0.0;10;0;0.0;2.0;4.0;23.0;A01
201800050304;0.0;32;0;0.0;2.0;1.0;1.0;B01
201800050305;2.0;31;0;0.0;2.0;2.0;15.0;A01
201800050305;1.0;30;0;0.0;2.0;3.0;1.0;B01
201800050306;2.0;1;0;0.0;1.0;2.0;1.0;A01
201800050307;1.0;30;0;0.0;2.0;8.0;11.0;B01
201800050307;1.0;32;0;0.0;2.0;7.0;1.0;A01
201800050308;1.0;30;0;0.0;2.0;3.0;18.0;A01
201800050308;1.0;7;0;0.0;2.0;2.0;16.0;B01
201800050309;1.0;30;0;1.0;0.0;3.0;1.0;B01
201800050309;1.0;7;0;0.0;2.0;5.0;23.0;A01
201800050310;1.0;33;0;0.0;2.0;1.0;1.0;A01
201800050310;1.0;33;0;0.0;2.0;4.0;23.0;B01
201800050311;2.0;33;0;1.0;2.0;1.0;1.0;B01
201800050311;2.0;30;0;0.0;2.0;1.0;13.0;A01
201800050311;2.0;10;0;0.0;2.0;5.0;1.0;C01
201800050312;0.0;30;0;0.0;2.0;8.0;1.0;A01
201800050312;0.0;7;0;0.0;2.0;3.0;1.0;B01
201800050313;1.0;33;0;0.0;2.0;1.0;1.0;A01
201800050313;1.0;1;0;0.0;2.0;8.0;1.0;B01
201800050314;1.0;30;0;0.0;2.0;8.0;18.0;A01
201800050314;1.0;7;0;0.0;2.0;7.0;16.0;B01
201800050315;2.0;10;0;0.0;2.0;3.0;9.0;A01
201800050315;2.0;1;0;0.0;2.0;1.0;1.0;B01
201800050316;1.0;7;0;0.0;1.0;1.0;7.0;A01
201800050317;1.0;33;0;0.0;2.0;3.0;1.0;B01
201800050317;2.0;7;0;0.0;2.0;1.0;1.0;A01
201800050318;1.0;7;0;0.0;2.0;2.0;1.0;A01
201800050318;1.0;7;0;0.0;2.0;1.0;1.0;B01
201800050319;1.0;30;0;0.0;1.0;1.0;1.0;A01
201800050320;1.0;32;0;0.0;2.0;3.0;18.0;A01
201800050320;1.0;7;0;0.0;2.0;5.0;22.0;B01
201800050321;1.0;33;0;0.0;2.0;1.0;1.0;B01
201800050321;1.0;10;0;0.0;2.0;8.0;10.0;A01
201800050322;1.0;10;0;0.0;1.0;4.0;4.0;A01
201800050323;1.0;1;0;0.0;2.0;3.0;18.0;B01
201800050323;1.0;7;0;0.0;2.0;5.0;22.0;A01
201800050324;1.0;7;0;0.0;2.0;7.0;1.0;B01
201800050324;1.0;1;0;0.0;2.0;8.0;1.0;A01
201800050325;1.0;7;0;0.0;2.0;3.0;15.0;B01
201800050325;1.0;32;0;0.0;2.0;2.0;17.0;A01
201800050326;2.0;33;0;0.0;2.0;2.0;21.0;A01
201800050326;1.0;7;0;0.0;2.0;3.0;1.0;B01
201800050327;1.0;2;0;0.0;2.0;2.0;17.0;B01
201800050327;1.0;10;0;0.0;2.0;3.0;15.0;A01
201800050328;1.0;7;0;0.0;1.0;8.0;1.0;A01
201800050329;1.0;30;0;0.0;1.0;0.0;16.0;Z01
201800050330;1.0;7;0;0.0;2.0;1.0;1.0;A01
201800050330;1.0;7;0;0.0;2.0;0.0;23.0;C01
201800050330;1.0;7;0;0.0;2.0;4.0;23.0;B01
201800050330;1.0;7;0;0.0;2.0;8.0;23.0;D01
201800050331;1.0;7;0;0.0;2.0;5.0;23.0;Z01
201800050331;1.0;2;0;0.0;2.0;3.0;18.0;B01
201800050332;1.0;32;0;0.0;0.0;8.0;1.0;A01
201800050333;2.0;32;0;0.0;2.0;4.0;2.0;B01
201800050333;2.0;34;0;0.0;2.0;1.0;2.0;A01
201800050334;1.0;31;0;0.0;1.0;1.0;7.0;A01
201800050335;2.0;33;0;1.0;1.0;2.0;14.0;A01
201800050336;2.0;7;0;0.0;2.0;4.0;2.0;B01
201800050336;2.0;32;0;0.0;2.0;3.0;2.0;A01
201800050337;1.0;1;0;0.0;2.0;8.0;1.0;A01
201800050337;1.0;33;0;0.0;2.0;1.0;1.0;B01
201800050338;0.0;1;0;0.0;2.0;1.0;1.0;B01
201800050338;0.0;7;0;0.0;2.0;2.0;1.0;A01
201800050339;1.0;32;0;0.0;2.0;6.0;17.0;A01
201800050339;1.0;7;0;0.0;2.0;6.0;1.0;B01
201800050340;1.0;37;35;0.0;2.0;6.0;7.0;B01
201800050340;1.0;1;0;0.0;2.0;7.0;7.0;A01
201800050341;1.0;10;0;0.0;2.0;8.0;22.0;A01
201800050341;1.0;1;0;0.0;2.0;1.0;1.0;B01
201800050342;1.0;7;0;6.0;1.0;1.0;14.0;B01
201800050343;1.0;1;0;14.0;0.0;0.0;1.0;A01
201800050344;1.0;14;0;0.0;2.0;2.0;1.0;A01
201800050344;1.0;31;0;0.0;2.0;8.0;1.0;B01
201800050345;2.0;7;0;0.0;2.0;2.0;15.0;A01
201800050345;1.0;32;0;0.0;2.0;7.0;17.0;B01
201800050346;1.0;34;0;0.0;2.0;2.0;17.0;A01
201800050346;1.0;37;1;0.0;2.0;3.0;15.0;B01
201800050347;1.0;7;0;0.0;2.0;2.0;23.0;A01
201800050347;1.0;33;0;0.0;2.0;1.0;2.0;B01
201800050348;2.0;31;0;0.0;1.0;1.0;5.0;Z01
201800050349;1.0;7;0;6.0;1.0;1.0;14.0;A01
201800050350;2.0;7;0;0.0;2.0;3.0;23.0;B01
201800050350;1.0;7;0;0.0;2.0;3.0;13.0;A01
201800050351;2.0;32;0;0.0;2.0;1.0;1.0;A01
201800050351;2.0;30;0;0.0;2.0;1.0;1.0;B01
201800050352;1.0;7;0;0.0;2.0;2.0;15.0;A01
201800050352;1.0;32;0;0.0;2.0;8.0;1.0;B01
201800050353;1.0;7;0;0.0;2.0;6.0;15.0;B01
201800050353;1.0;32;0;0.0;2.0;2.0;17.0;A01
201800050354;1.0;7;0;0.0;2.0;2.0;1.0;A01
201800050354;1.0;7;0;0.0;2.0;3.0;1.0;B01
201800050355;2.0;1;0;0.0;2.0;1.0;7.0;B01
201800050355;2.0;7;0;0.0;2.0;2.0;16.0;A01
201800050356;2.0;7;0;1.0;0.0;1.0;23.0;A01
201800050357;2.0;7;0;0.0;1.0;8.0;15.0;A01
201800050358;1.0;7;0;0.0;2.0;1.0;1.0;A01
201800050358;1.0;7;0;0.0;2.0;9.0;23.0;C01
201800050358;1.0;7;0;0.0;2.0;9.0;23.0;B01
201800050358;1.0;7;0;0.0;2.0;4.0;23.0;D01
201800050359;1.0;31;0;0.0;2.0;2.0;17.0;A01
201800050359;1.0;1;0;0.0;2.0;3.0;19.0;B01
201800050360;2.0;7;0;0.0;2.0;3.0;10.0;A01
201800050360;2.0;31;0;0.0;2.0;7.0;1.0;B01
201800050361;1.0;10;0;0.0;1.0;2.0;1.0;A01
201800050362;1.0;7;0;0.0;2.0;5.0;23.0;A01
201800050362;1.0;2;0;0.0;2.0;1.0;2.0;B01
201800050363;2.0;10;0;0.0;2.0;7.0;1.0;A01
201800050363;1.0;34;0;0.0;2.0;1.0;1.0;B01
201800050364;1.0;7;0;0.0;2.0;7.0;22.0;B01
201800050364;1.0;31;0;0.0;2.0;8.0;7.0;A01
201800050365;0.0;7;0;0.0;2.0;5.0;16.0;A01
201800050365;0.0;2;0;0.0;2.0;1.0;7.0;B01
201800050366;2.0;7;0;0.0;1.0;0.0;1.0;A01
201800050367;2.0;7;0;0.0;2.0;4.0;23.0;B01
201800050367;2.0;30;0;0.0;2.0;1.0;2.0;A01
201800050368;2.0;7;0;0.0;2.0;3.0;15.0;Z01
201800050368;2.0;30;0;0.0;2.0;3.0;17.0;A01
201800050369;1.0;7;0;0.0;2.0;2.0;1.0;A01
201800050369;1.0;31;0;0.0;2.0;1.0;1.0;B01
201800050370;1.0;7;0;0.0;2.0;6.0;22.0;A01
201800050370;1.0;1;0;0.0;2.0;1.0;1.0;B01
201800050371;1.0;1;0;0.0;1.0;8.0;1.0;A01
201800050372;1.0;7;0;0.0;2.0;1.0;7.0;A01
201800050372;1.0;1;0;0.0;2.0;7.0;1.0;B01
201800050373;1.0;7;0;0.0;2.0;5.0;22.0;A01
201800050373;1.0;1;0;1.0;2.0;5.0;18.0;B01
201800050374;2.0;7;0;0.0;2.0;3.0;1.0;B01
201800050374;2.0;32;0;0.0;2.0;7.0;17.0;A01
201800050375;2.0;1;0;0.0;1.0;1.0;1.0;A01
201800050376;2.0;7;0;0.0;2.0;4.0;23.0;C01
201800050376;2.0;7;0;0.0;2.0;1.0;2.0;A01
201800050376;2.0;32;0;0.0;2.0;4.0;2.0;B01
201800050377;2.0;2;0;0.0;0.0;7.0;16.0;A01
201800050378;2.0;34;0;0.0;2.0;1.0;1.0;A01
201800050378;2.0;7;0;0.0;2.0;6.0;23.0;B01
201800050379;2.0;37;1;0.0;1.0;2.0;7.0;A01
201800050380;1.0;7;0;0.0;2.0;3.0;1.0;B01
201800050380;2.0;30;0;0.0;2.0;1.0;1.0;A01
201800050381;0.0;1;0;14.0;0.0;0.0;1.0;A01
201800050382;1.0;30;0;0.0;0.0;0.0;1.0;A01
201800050383;1.0;33;0;1.0;0.0;0.0;1.0;A01
201800050384;2.0;32;0;0.0;2.0;1.0;7.0;A01
201800050384;2.0;7;0;0.0;2.0;5.0;22.0;B01
201800050385;1.0;99;0;0.0;2.0;7.0;15.0;A01
201800050385;0.0;1;0;0.0;2.0;1.0;16.0;B01
201800050386;1.0;10;0;0.0;2.0;1.0;10.0;A01
201800050386;2.0;34;0;0.0;2.0;2.0;1.0;B01
201800050387;1.0;10;0;0.0;2.0;2.0;15.0;A01
201800050387;1.0;99;0;0.0;2.0;3.0;1.0;B01
201800050388;1.0;34;0;0.0;2.0;0.0;2.0;B01
201800050388;1.0;10;0;0.0;2.0;0.0;2.0;A01
201800050388;1.0;1;0;0.0;2.0;0.0;2.0;C01
201800050389;2.0;10;0;0.0;2.0;4.0;2.0;A01
201800050389;2.0;1;0;0.0;2.0;1.0;2.0;B01
201800050390;1.0;7;0;0.0;2.0;7.0;14.0;A01
201800050390;1.0;2;0;0.0;2.0;8.0;1.0;B01
201800050391;1.0;7;0;0.0;1.0;7.0;1.0;A01
201800050392;1.0;30;0;0.0;2.0;2.0;1.0;A01
201800050392;1.0;1;0;0.0;2.0;8.0;1.0;B01
201800050393;1.0;30;0;0.0;1.0;2.0;1.0;A01
201800050394;2.0;10;0;0.0;1.0;2.0;16.0;A01
201800050395;2.0;37;1;14.0;1.0;5.0;1.0;A01
201800050396;1.0;32;0;1.0;2.0;1.0;18.0;A01
201800050396;1.0;7;0;0.0;2.0;7.0;22.0;B01
201800050397;1.0;7;0;0.0;1.0;3.0;18.0;A01
201800050398;2.0;7;0;0.0;2.0;3.0;15.0;A01
201800050398;2.0;33;0;1.0;2.0;1.0;1.0;B01
201800050399;2.0;7;0;0.0;2.0;2.0;1.0;A01
201800050399;1.0;7;0;0.0;2.0;0.0;1.0;Z01
201800050400;1.0;7;0;0.0;2.0;0.0;22.0;A01
201800050400;1.0;1;0;15.0;2.0;0.0;18.0;B01
201800050401;2.0;1;0;0.0;1.0;1.0;7.0;A01
201800050402;1.0;7;0;0.0;2.0;8.0;10.0;A01
201800050402;2.0;31;0;0.0;2.0;1.0;1.0;B01
201800050403;1.0;10;0;0.0;2.0;3.0;10.0;A01
201800050403;1.0;30;0;0.0;2.0;2.0;17.0;B01
201800050404;2.0;7;0;0.0;2.0;3.0;13.0;A01
201800050404;2.0;7;0;0.0;2.0;0.0;17.0;B01
201800050405;1.0;31;0;0.0;0.0;8.0;1.0;A01
201800050406;2.0;34;0;0.0;1.0;1.0;3.0;A01
201800050406;2.0;7;0;0.0;2.0;8.0;1.0;C01
201800050406;2.0;7;0;0.0;2.0;7.0;1.0;B01
201800050407;1.0;7;0;0.0;2.0;1.0;7.0;A01
201800050407;1.0;31;0;0.0;2.0;4.0;16.0;B01
201800050408;2.0;7;0;0.0;1.0;2.0;16.0;A01
201800050409;1.0;1;0;0.0;1.0;1.0;1.0;A01
201800050410;1.0;32;0;0.0;1.0;3.0;1.0;A01
201800050411;1.0;37;5;0.0;2.0;8.0;1.0;B01
201800050411;1.0;33;0;14.0;2.0;8.0;17.0;A01
201800050412;1.0;7;0;14.0;1.0;8.0;13.0;A01
201800050413;1.0;7;0;0.0;2.0;3.0;7.0;A01
201800050413;1.0;7;0;0.0;2.0;2.0;1.0;B01
201800050414;1.0;7;0;0.0;2.0;6.0;23.0;B01
201800050414;1.0;2;0;1.0;2.0;2.0;1.0;A01
201800050415;2.0;34;0;0.0;1.0;1.0;3.0;A01
201800050416;2.0;33;0;0.0;0.0;3.0;13.0;A01
201800050417;2.0;10;0;0.0;1.0;1.0;1.0;A01
201800050418;1.0;2;0;0.0;2.0;2.0;16.0;A01
201800050418;1.0;7;0;0.0;2.0;3.0;7.0;B01
201800050419;1.0;33;0;0.0;1.0;1.0;1.0;A01
201800050420;2.0;32;0;8.0;0.0;0.0;21.0;A01
201800050421;1.0;30;0;0.0;2.0;2.0;15.0;B01
201800050421;1.0;7;0;0.0;2.0;6.0;15.0;A01
201800050422;1.0;7;0;0.0;1.0;1.0;7.0;A01
201800050423;1.0;7;0;0.0;1.0;3.0;1.0;A01
201800050424;2.0;34;0;0.0;1.0;1.0;1.0;A01
201800050425;1.0;33;0;0.0;2.0;4.0;23.0;B01
201800050425;1.0;34;0;0.0;2.0;1.0;1.0;A01
201800050426;2.0;7;0;0.0;2.0;7.0;22.0;A01
201800050426;2.0;1;0;0.0;2.0;3.0;1.0;B01
201800050427;1.0;33;0;14.0;0.0;8.0;14.0;A01
201800050428;1.0;7;0;0.0;2.0;0.0;13.0;Z01
201800050428;2.0;31;0;0.0;2.0;1.0;17.0;A01
201800050429;1.0;10;0;0.0;2.0;2.0;16.0;A01
201800050429;1.0;1;0;0.0;2.0;1.0;7.0;B01
201800050430;1.0;10;0;0.0;2.0;2.0;16.0;A01
201800050430;1.0;1;0;0.0;2.0;1.0;7.0;B01
201800050431;1.0;10;0;0.0;2.0;2.0;1.0;A01
201800050431;1.0;31;0;0.0;2.0;3.0;1.0;B01
201800050432;2.0;2;0;0.0;1.0;1.0;1.0;A01
201800050433;2.0;7;0;0.0;2.0;7.0;22.0;A01
201800050433;2.0;30;0;0.0;2.0;7.0;1.0;B01
201800050434;2.0;33;0;0.0;2.0;1.0;7.0;A01