Num_Acc;senc;catv;occutc;obs;obsm;choc;manv;num_veh
201800051460;1.0;33;0;0.0;1.0;1.0;1.0;A01
201800051461;1.0;1;0;0.0;2.0;3.0;1.0;A01
201800051461;1.0;33;0;0.0;2.0;2.0;16.0;Z01
201800051462;2.0;2;0;1.0;0.0;3.0;13.0;A01
201800051463;2.0;10;0;0.0;1.0;1.0;1.0;A01
201800051464;1.0;33;0;0.0;2.0;8.0;1.0;B01
201800051464;2.0;7;0;0.0;2.0;3.0;15.0;A01
201800051465;1.0;7;0;0.0;1.0;2.0;1.0;A01
201800051466;2.0;7;0;0.0;1.0;3.0;1.0;A01
201800051467;1.0;7;0;0.0;2.0;4.0;23.0;B01
201800051467;1.0;2;0;0.0;2.0;1.0;2.0;A01
201800051468;2.0;2;0;0.0;1.0;1.0;2.0;A01
201800051469;2.0;34;0;0.0;2.0;1.0;17.0;B01
201800051469;2.0;7;0;0.0;2.0;8.0;22.0;A01
201800051470;1.0;34;0;0.0;1.0;1.0;18.0;A01
201800051471;1.0;31;0;0.0;2.0;1.0;2.0;B01
201800051471;1.0;10;0;0.0;2.0;4.0;2.0;A01
201800051472;2.0;2;0;1.0;2.0;1.0;21.0;A01
201800051472;2.0;10;0;0.0;2.0;5.0;23.0;B01
201800051473;1.0;31;0;0.0;2.0;3.0;18.0;B01
201800051473;1.0;10;0;0.0;2.0;2.0;16.0;A01
201800051474;2.0;10;0;0.0;2.0;3.0;22.0;A01
201800051474;2.0;1;0;0.0;2.0;1.0;1.0;B01
201800051475;2.0;7;0;0.0;2.0;4.0;4.0;B01
201800051475;2.0;31;0;1.0;2.0;1.0;1.0;A01
201800051476;1.0;30;0;0.0;2.0;2.0;18.0;A01
201800051476;1.0;7;0;0.0;2.0;2.0;22.0;Z01
201800051477;1.0;7;0;0.0;2.0;2.0;15.0;B01
201800051477;1.0;33;0;0.0;2.0;5.0;12.0;A01
201800051478;2.0;7;0;0.0;1.0;2.0;16.0;A01
201800051479;2.0;7;0;1.0;2.0;1.0;15.0;A01
201800051479;2.0;33;0;0.0;2.0;7.0;17.0;B01
201800051480;1.0;7;0;0.0;1.0;2.0;15.0;A01
201800051481;1.0;7;0;0.0;2.0;3.0;1.0;A01
201800051481;1.0;2;0;0.0;2.0;1.0;1.0;B01
201800051482;1.0;7;0;0.0;2.0;3.0;1.0;A01
201800051482;2.0;1;0;0.0;2.0;1.0;1.0;B01
201800051483;1.0;7;0;0.0;1.0;3.0;7.0;A01
201800051484;1.0;34;0;0.0;1.0;2.0;1.0;A01
201800051485;1.0;33;0;0.0;1.0;2.0;1.0;A01
201800051486;1.0;2;0;1.0;0.0;8.0;17.0;A01
201800051487;1.0;7;0;0.0;1.0;3.0;1.0;A01
201800051488;1.0;34;0;0.0;2.0;7.0;17.0;A01
201800051488;1.0;7;0;0.0;2.0;8.0;15.0;B01
201800051489;1.0;30;0;0.0;1.0;1.0;1.0;A01
201800051490;1.0;2;0;0.0;2.0;1.0;15.0;Z01
201800051490;2.0;1;0;0.0;2.0;7.0;1.0;A01
201800051491;2.0;7;0;0.0;2.0;7.0;2.0;B01
201800051491;2.0;32;0;0.0;2.0;8.0;2.0;A01
201800051492;2.0;2;0;0.0;1.0;1.0;5.0;A01
201800051493;2.0;10;0;0.0;2.0;8.0;13.0;A01
201800051493;2.0;33;0;0.0;2.0;7.0;1.0;B01
201800051494;1.0;2;0;0.0;2.0;1.0;1.0;B01
201800051494;1.0;38;0;0.0;2.0;8.0;15.0;A01
201800051495;1.0;32;0;0.0;2.0;1.0;1.0;B01
201800051495;1.0;7;0;0.0;2.0;2.0;16.0;A01
201800051496;2.0;1;0;0.0;1.0;1.0;1.0;Z01
201800051497;1.0;7;0;0.0;2.0;3.0;1.0;A01
201800051497;1.0;1;0;0.0;2.0;4.0;23.0;B01
201800051498;1.0;10;0;1.0;2.0;7.0;13.0;A01
201800051498;1.0;38;0;0.0;2.0;3.0;24.0;B01
201800051499;1.0;7;0;0.0;2.0;2.0;2.0;A01
201800051499;1.0;33;0;0.0;2.0;4.0;23.0;B01
201800051500;2.0;33;0;0.0;1.0;1.0;1.0;Z01
201800051501;2.0;2;0;0.0;2.0;1.0;1.0;A01
201800051501;2.0;7;0;0.0;2.0;3.0;10.0;B01
201800051502;2.0;1;0;0.0;2.0;8.0;15.0;B01
201800051502;2.0;2;0;0.0;2.0;1.0;1.0;A01
201800051503;1.0;32;0;0.0;2.0;1.0;1.0;B01
201800051503;1.0;7;0;0.0;2.0;3.0;10.0;A01
201800051504;2.0;7;0;0.0;2.0;8.0;10.0;A01
201800051504;2.0;32;0;0.0;2.0;1.0;17.0;B01
201800051505;2.0;2;0;1.0;0.0;1.0;17.0;A01
201800051506;1.0;33;0;6.0;1.0;1.0;14.0;A01
201800051507;2.0;7;0;0.0;2.0;3.0;15.0;A01
201800051507;1.0;32;0;8.0;2.0;8.0;1.0;B01
201800051508;1.0;7;0;0.0;2.0;2.0;1.0;A01
201800051508;1.0;1;0;0.0;2.0;8.0;11.0;B01
201800051509;1.0;34;0;0.0;2.0;1.0;1.0;Z01
201800051509;1.0;1;0;0.0;2.0;4.0;15.0;B01
201800051510;1.0;2;0;0.0;1.0;2.0;1.0;A01
201800051511;2.0;1;0;0.0;1.0;1.0;1.0;Z01
201800051512;2.0;7;0;0.0;1.0;1.0;1.0;A01
201800051513;1.0;30;0;0.0;2.0;2.0;17.0;A01
201800051513;1.0;10;0;0.0;2.0;3.0;2.0;B01
201800051514;1.0;31;0;0.0;1.0;0.0;1.0;Z01
201800051515;2.0;7;0;0.0;2.0;3.0;9.0;A01
201800051515;2.0;33;0;0.0;2.0;2.0;1.0;B01
201800051516;2.0;1;0;0.0;2.0;1.0;1.0;A01
201800051516;1.0;2;0;0.0;2.0;2.0;1.0;B01
201800051517;2.0;1;0;0.0;2.0;0.0;21.0;B01
201800051517;2.0;7;0;1.0;2.0;8.0;22.0;A01
201800051518;1.0;1;0;0.0;2.0;1.0;5.0;A01
201800051518;2.0;32;0;0.0;2.0;1.0;1.0;Z01
201800051519;1.0;10;0;1.0;0.0;2.0;1.0;A01
201800051520;1.0;7;0;0.0;1.0;1.0;1.0;Z01
201800051521;2.0;7;0;0.0;2.0;6.0;1.0;B01
201800051521;2.0;32;0;0.0;2.0;1.0;1.0;A01
201800051522;1.0;10;0;0.0;2.0;8.0;22.0;A01
201800051522;1.0;33;0;1.0;2.0;1.0;7.0;B01
201800051523;1.0;10;0;0.0;2.0;8.0;22.0;A01
201800051523;1.0;1;0;1.0;2.0;2.0;1.0;B01
201800051524;2.0;2;0;0.0;2.0;3.0;1.0;A01
201800051524;2.0;7;0;0.0;2.0;5.0;16.0;B01
201800051525;1.0;38;0;0.0;2.0;3.0;1.0;B01
201800051525;1.0;30;0;0.0;2.0;1.0;1.0;A01
201800051526;1.0;31;0;0.0;1.0;0.0;1.0;Z01
201800051526;1.0;30;0;0.0;2.0;1.0;1.0;A01
201800051527;2.0;2;0;0.0;2.0;8.0;15.0;A01
201800051527;2.0;7;0;0.0;2.0;7.0;7.0;B01
201800051528;1.0;7;0;0.0;2.0;4.0;23.0;B01
201800051528;1.0;1;0;0.0;2.0;1.0;1.0;A01
201800051529;1.0;1;0;0.0;2.0;4.0;7.0;B01
201800051529;1.0;33;0;0.0;2.0;1.0;7.0;A01
201800051530;2.0;1;0;0.0;2.0;7.0;1.0;A01
201800051530;2.0;1;0;0.0;2.0;1.0;7.0;B01
201800051531;2.0;34;0;0.0;0.0;1.0;1.0;A01
201800051532;2.0;7;0;0.0;2.0;5.0;15.0;B01
201800051532;1.0;33;0;0.0;2.0;1.0;1.0;A01
201800051533;1.0;31;0;0.0;2.0;4.0;23.0;A01
201800051533;1.0;7;0;0.0;2.0;1.0;1.0;B01
201800051534;0.0;7;0;0.0;1.0;7.0;20.0;A01
201800051535;2.0;1;0;0.0;2.0;4.0;1.0;A01
201800051535;2.0;7;0;0.0;2.0;2.0;17.0;Z01
201800051536;2.0;30;0;0.0;2.0;1.0;17.0;A01
201800051536;2.0;7;0;0.0;2.0;3.0;15.0;B01
201800051537;1.0;33;0;7.0;0.0;1.0;14.0;A01
201800051538;2.0;10;0;0.0;1.0;4.0;4.0;A01
201800051539;1.0;1;0;0.0;2.0;7.0;1.0;B01
201800051539;1.0;7;0;0.0;2.0;8.0;22.0;A01
201800051540;1.0;1;0;0.0;2.0;1.0;1.0;B01
201800051540;2.0;7;0;0.0;2.0;4.0;4.0;A01
201800051541;1.0;10;0;0.0;2.0;2.0;16.0;A01
201800051541;1.0;99;0;0.0;2.0;1.0;1.0;B01
201800051542;2.0;30;0;0.0;1.0;1.0;1.0;A01
201800051543;1.0;7;0;0.0;2.0;3.0;10.0;A01
201800051543;1.0;30;0;0.0;2.0;1.0;1.0;B01
201800051544;1.0;32;0;0.0;2.0;3.0;5.0;A01
201800051544;1.0;7;0;0.0;2.0;1.0;9.0;B01
201800051545;2.0;7;0;0.0;2.0;1.0;1.0;B01
201800051545;2.0;7;0;9.0;2.0;8.0;5.0;A01
201800051545;1.0;7;0;0.0;2.0;8.0;1.0;C01
201800051546;1.0;7;0;11.0;0.0;3.0;15.0;A01
201800051547;2.0;1;0;0.0;1.0;1.0;5.0;A01
201800051548;2.0;7;0;0.0;2.0;4.0;23.0;B01
201800051548;2.0;31;0;0.0;2.0;1.0;2.0;A01
201800051549;1.0;10;0;0.0;1.0;5.0;15.0;A01
201800051550;1.0;7;0;8.0;0.0;1.0;1.0;A01
201800051550;2.0;32;0;8.0;0.0;0.0;21.0;B01
201800051551;2.0;7;0;5.0;0.0;9.0;21.0;A01
201800051552;1.0;1;0;0.0;2.0;3.0;13.0;A01
201800051552;1.0;33;0;0.0;2.0;2.0;17.0;B01
201800051553;1.0;10;0;0.0;1.0;2.0;15.0;A01
201800051554;1.0;1;0;1.0;0.0;8.0;1.0;A01
201800051554;0.0;7;0;0.0;2.0;7.0;23.0;Z01
201800051554;1.0;30;0;0.0;2.0;7.0;24.0;B01
201800051555;2.0;1;0;0.0;1.0;1.0;1.0;A01
201800051556;2.0;1;0;0.0;2.0;1.0;14.0;A01
201800051556;2.0;10;0;0.0;2.0;0.0;9.0;C01
201800051556;2.0;7;0;0.0;2.0;4.0;23.0;B01
201800051557;1.0;7;0;0.0;1.0;2.0;1.0;A01
201800051558;1.0;32;0;0.0;2.0;8.0;1.0;A01
201800051558;1.0;7;0;0.0;2.0;1.0;14.0;Z01
201800051559;1.0;10;0;0.0;1.0;3.0;1.0;A01
201800051560;0.0;7;0;0.0;1.0;7.0;16.0;Z01
201800051561;1.0;32;0;1.0;0.0;1.0;1.0;A01
201800051562;1.0;7;0;0.0;2.0;8.0;22.0;A01
201800051562;1.0;1;0;0.0;2.0;1.0;1.0;B01
201800051563;1.0;7;0;0.0;1.0;4.0;20.0;A01
201800051564;1.0;7;0;0.0;2.0;1.0;12.0;A01
201800051564;1.0;1;0;0.0;2.0;4.0;1.0;B01
201800051565;1.0;7;0;0.0;2.0;8.0;22.0;A01
201800051565;1.0;30;0;1.0;0.0;7.0;1.0;B01
201800051566;1.0;30;0;0.0;0.0;1.0;16.0;A01
201800051567;1.0;1;0;0.0;2.0;7.0;1.0;A01
201800051567;2.0;7;0;0.0;2.0;1.0;1.0;B01
201800051568;1.0;1;0;0.0;0.0;7.0;17.0;A01
201800051568;1.0;1;0;0.0;0.0;8.0;1.0;B01
201800051569;2.0;7;0;0.0;2.0;3.0;2.0;B01
201800051569;2.0;30;0;0.0;2.0;4.0;17.0;A01
201800051569;2.0;7;0;0.0;2.0;6.0;23.0;C01
201800051570;0.0;10;0;0.0;1.0;4.0;20.0;A01
201800051571;1.0;7;0;0.0;2.0;7.0;23.0;B01
201800051571;1.0;1;0;0.0;2.0;8.0;1.0;A01
201800051572;2.0;32;0;0.0;1.0;1.0;1.0;A01
201800051573;2.0;7;0;0.0;2.0;3.0;1.0;A01
201800051573;1.0;2;0;0.0;2.0;1.0;1.0;B01
201800051574;2.0;33;0;0.0;2.0;7.0;17.0;A01
201800051574;2.0;7;0;0.0;2.0;3.0;1.0;B01
201800051575;1.0;7;0;0.0;2.0;7.0;16.0;B01
201800051575;1.0;32;0;0.0;2.0;8.0;1.0;A01
201800051576;2.0;14;0;0.0;2.0;2.0;16.0;A01
201800051576;1.0;1;0;0.0;2.0;4.0;18.0;B01
201800051577;1.0;7;0;9.0;0.0;1.0;13.0;A01
201800051578;1.0;30;0;0.0;2.0;4.0;20.0;B01
201800051578;1.0;30;0;0.0;2.0;1.0;2.0;A01
201800051579;1.0;37;2;0.0;1.0;2.0;7.0;A01
201800051580;2.0;33;0;0.0;1.0;1.0;7.0;Z01
201800051581;2.0;30;0;0.0;1.0;1.0;1.0;A01
201800051582;2.0;10;0;0.0;2.0;2.0;16.0;A01
201800051582;2.0;1;0;0.0;2.0;1.0;1.0;B01
201800051583;0.0;7;0;0.0;2.0;5.0;23.0;B01
201800051583;2.0;30;0;0.0;2.0;1.0;2.0;A01
201800051584;1.0;30;0;0.0;1.0;1.0;1.0;A01
201800051585;1.0;37;51;11.0;0.0;2.0;13.0;A01
201800051586;2.0;1;0;0.0;1.0;0.0;1.0;Z01
201800051587;2.0;1;0;0.0;2.0;5.0;15.0;A01
201800051587;2.0;7;0;0.0;2.0;0.0;1.0;Z01
201800051588;1.0;99;0;0.0;2.0;1.0;1.0;B01
201800051588;2.0;1;0;0.0;2.0;1.0;5.0;A01
201800051589;2.0;1;0;0.0;2.0;7.0;17.0;B01
201800051589;2.0;7;0;0.0;2.0;8.0;13.0;A01
201800051590;2.0;7;0;0.0;1.0;4.0;4.0;Z01
201800051591;1.0;7;0;0.0;2.0;3.0;16.0;A01
201800051591;2.0;33;0;0.0;2.0;7.0;15.0;B01
201800051592;2.0;34;0;0.0;2.0;2.0;15.0;B01
201800051592;1.0;34;0;0.0;2.0;8.0;7.0;A01
201800051593;1.0;7;0;7.0;0.0;1.0;13.0;A01
201800051594;2.0;1;0;0.0;1.0;0.0;1.0;A01
201800051595;2.0;32;0;0.0;2.0;4.0;23.0;A01
201800051595;2.0;7;0;0.0;2.0;1.0;2.0;Z01
201800051596;1.0;7;0;0.0;1.0;3.0;15.0;A01
201800051597;1.0;7;0;0.0;1.0;1.0;1.0;A01
201800051598;2.0;7;0;0.0;2.0;2.0;16.0;B01
201800051598;2.0;32;0;0.0;2.0;3.0;1.0;A01
201800051599;2.0;1;0;0.0;1.0;0.0;1.0;A01
201800051600;1.0;7;0;0.0;2.0;3.0;13.0;B01
201800051600;1.0;30;0;0.0;2.0;1.0;17.0;A01
201800051601;1.0;33;0;0.0;2.0;1.0;1.0;A01
201800051601;1.0;7;0;0.0;2.0;3.0;11.0;B01
201800051602;2.0;30;0;0.0;2.0;8.0;21.0;A01
201800051602;0.0;7;0;0.0;2.0;0.0;0.0;Z01
201800051603;2.0;33;0;0.0;2.0;1.0;17.0;B01
201800051603;2.0;7;0;0.0;2.0;3.0;15.0;A01
201800051604;1.0;10;0;0.0;2.0;7.0;16.0;A01
201800051604;1.0;1;0;0.0;2.0;0.0;7.0;B01
201800051605;1.0;7;0;0.0;2.0;0.0;13.0;A01
201800051605;1.0;30;0;0.0;2.0;2.0;17.0;B01
201800051606;2.0;1;0;0.0;2.0;0.0;16.0;A01
201800051606;0.0;7;0;0.0;2.0;0.0;1.0;Z01
201800051607;2.0;30;0;0.0;2.0;4.0;1.0;A01
201800051607;2.0;7;0;0.0;2.0;0.0;15.0;Z01
201800051608;2.0;33;0;0.0;1.0;1.0;1.0;A01
201800051609;1.0;34;0;1.0;1.0;3.0;1.0;B01
201800051609;1.0;7;0;0.0;2.0;2.0;1.0;A01
201800051610;1.0;99;0;0.0;2.0;0.0;1.0;A01
201800051610;2.0;7;0;0.0;2.0;0.0;14.0;Z01
201800051611;1.0;1;0;0.0;2.0;8.0;15.0;B01
201800051611;1.0;2;0;0.0;2.0;0.0;17.0;A01
201800051612;1.0;30;0;0.0;2.0;1.0;17.0;A01
201800051612;1.0;7;0;0.0;2.0;3.0;15.0;B01
201800051613;2.0;30;0;0.0;2.0;3.0;1.0;A01
201800051613;0.0;7;0;0.0;2.0;0.0;4.0;Z01
201800051614;2.0;1;0;0.0;1.0;4.0;1.0;A01
201800051615;1.0;30;0;0.0;2.0;1.0;5.0;A01
201800051615;2.0;7;0;0.0;2.0;1.0;1.0;B01
201800051616;1.0;31;0;0.0;2.0;7.0;1.0;B01
201800051616;1.0;7;0;0.0;2.0;8.0;9.0;A01
201800051617;1.0;7;0;0.0;1.0;2.0;1.0;A01
201800051618;0.0;10;0;0.0;2.0;2.0;22.0;A01
201800051618;1.0;1;0;0.0;2.0;1.0;1.0;B01
201800051619;1.0;2;0;0.0;2.0;1.0;17.0;A01
201800051619;1.0;1;0;0.0;2.0;4.0;13.0;B01
201800051620;2.0;1;0;0.0;2.0;6.0;1.0;A01
201800051620;0.0;7;0;0.0;2.0;1.0;5.0;Z01
201800051621;2.0;7;0;0.0;2.0;1.0;2.0;Z01
201800051621;2.0;7;0;0.0;2.0;4.0;2.0;A01
201800051622;2.0;30;0;0.0;0.0;0.0;1.0;A01
201800051623;2.0;1;0;0.0;2.0;4.0;16.0;A01
201800051623;2.0;30;0;0.0;2.0;0.0;1.0;Z01
201800051624;1.0;7;0;0.0;2.0;4.0;4.0;A01
201800051624;1.0;33;0;0.0;2.0;1.0;23.0;B01
201800051625;2.0;99;0;0.0;2.0;1.0;5.0;A01
201800051625;1.0;1;0;0.0;2.0;1.0;1.0;B01
201800051626;1.0;37;1;0.0;2.0;7.0;16.0;A01
201800051626;1.0;1;0;0.0;2.0;8.0;7.0;B01
201800051627;1.0;7;0;11.0;0.0;1.0;1.0;A01
201800051628;1.0;30;0;0.0;1.0;1.0;1.0;Z01
201800051629;2.0;1;0;0.0;2.0;7.0;1.0;B01
201800051629;2.0;7;0;0.0;2.0;2.0;22.0;A01
201800051630;1.0;10;0;0.0;1.0;2.0;1.0;A01
201800051631;2.0;7;0;0.0;2.0;3.0;15.0;B01
201800051631;2.0;31;0;0.0;2.0;2.0;17.0;A01
201800051632;1.0;7;0;1.0;2.0;2.0;15.0;A01
201800051632;0.0;7;0;6.0;2.0;3.0;1.0;B01
201800051633;2.0;1;0;0.0;2.0;1.0;1.0;B01
201800051633;2.0;7;0;0.0;2.0;3.0;22.0;A01
201800051634;1.0;7;0;0.0;2.0;3.0;15.0;A01
201800051634;1.0;31;0;0.0;2.0;7.0;17.0;B01
201800051635;2.0;7;0;0.0;2.0;0.0;10.0;Z01
201800051635;2.0;30;0;0.0;2.0;7.0;1.0;A01
201800051636;2.0;7;0;0.0;2.0;3.0;22.0;A01
201800051636;2.0;1;0;0.0;2.0;0.0;1.0;B01
201800051637;2.0;7;0;0.0;2.0;1.0;1.0;A01
201800051637;2.0;7;0;0.0;2.0;4.0;1.0;B01
201800051638;2.0;7;0;0.0;2.0;3.0;10.0;A01
201800051638;2.0;31;0;0.0;2.0;2.0;1.0;B01
201800051639;2.0;32;0;0.0;0.0;7.0;1.0;A01
201800051640;1.0;31;0;0.0;0.0;0.0;21.0;A01
201800051641;1.0;32;0;0.0;0.0;0.0;21.0;A01
201800051642;1.0;7;0;0.0;1.0;2.0;1.0;A01
201800051643;1.0;7;0;0.0;2.0;4.0;1.0;B01
201800051643;1.0;34;0;7.0;2.0;1.0;1.0;A01
201800051644;1.0;7;0;0.0;2.0;3.0;15.0;A01
201800051644;1.0;2;0;0.0;2.0;8.0;9.0;B01
201800051645;1.0;7;0;0.0;1.0;8.0;15.0;A01
201800051646;1.0;7;0;8.0;2.0;3.0;15.0;A01
201800051646;1.0;34;0;0.0;2.0;7.0;17.0;B01
201800051647;2.0;33;0;0.0;2.0;8.0;18.0;B01
201800051647;1.0;7;0;0.0;2.0;2.0;1.0;A01
201800051648;2.0;7;0;0.0;1.0;5.0;7.0;A01
201800051649;2.0;33;0;0.0;2.0;9.0;17.0;B01
201800051649;1.0;7;0;0.0;2.0;3.0;9.0;A01
201800051650;2.0;33;0;1.0;0.0;1.0;21.0;A01
201800051651;1.0;2;0;0.0;2.0;2.0;17.0;A01
201800051651;1.0;7;0;0.0;2.0;3.0;15.0;B01
201800051652;2.0;10;0;0.0;2.0;7.0;16.0;B01
201800051652;2.0;33;0;0.0;2.0;3.0;18.0;A01
201800051653;2.0;7;0;0.0;2.0;3.0;15.0;A01
201800051653;2.0;33;0;0.0;2.0;4.0;17.0;B01
201800051654;1.0;7;0;0.0;2.0;6.0;10.0;A01
201800051654;1.0;2;0;0.0;2.0;1.0;13.0;B01
201800051655;2.0;34;0;0.0;1.0;1.0;1.0;Z01
201800051656;2.0;30;0;0.0;0.0;0.0;21.0;A01
201800051657;1.0;7;0;0.0;1.0;0.0;1.0;Z01
201800051658;0.0;7;0;0.0;2.0;3.0;15.0;B01
201800051658;2.0;33;0;0.0;2.0;1.0;17.0;A01
201800051659;1.0;33;0;0.0;2.0;1.0;7.0;A01
201800051659;2.0;7;0;0.0;2.0;2.0;15.0;B01
201800051660;2.0;7;0;0.0;2.0;4.0;10.0;Z01
201800051660;1.0;34;0;0.0;2.0;0.0;1.0;A01
201800051661;2.0;10;0;0.0;1.0;6.0;4.0;A01
201800051662;1.0;32;0;0.0;2.0;7.0;1.0;A01
201800051662;1.0;7;0;0.0;2.0;3.0;10.0;Z01
201800051663;2.0;31;0;0.0;2.0;7.0;18.0;A01
201800051663;2.0;30;0;0.0;2.0;3.0;15.0;B01
201800051664;1.0;7;0;0.0;2.0;6.0;1.0;B01
201800051664;2.0;2;0;0.0;2.0;1.0;1.0;A01
201800051665;1.0;32;0;0.0;2.0;8.0;1.0;B01
201800051665;1.0;10;0;0.0;2.0;1.0;1.0;A01
201800051666;1.0;7;0;0.0;2.0;6.0;9.0;A01
201800051666;1.0;34;0;0.0;2.0;1.0;1.0;B01
201800051667;2.0;2;0;0.0;1.0;2.0;1.0;A01
201800051668;0.0;99;0;0.0;2.0;0.0;0.0;R01
201800051668;1.0;10;0;0.0;2.0;1.0;1.0;A01
201800051669;1.0;7;0;0.0;2.0;1.0;2.0;A01
201800051669;1.0;7;0;0.0;2.0;4.0;23.0;B01
201800051670;0.0;30;0;0.0;2.0;0.0;5.0;Z01
201800051670;2.0;30;0;0.0;2.0;1.0;1.0;A01
201800051671;2.0;31;0;0.0;2.0;1.0;1.0;B01
201800051671;2.0;7;0;0.0;2.0;6.0;10.0;A01
201800051672;1.0;32;0;0.0;2.0;2.0;17.0;A01
201800051672;1.0;7;0;0.0;2.0;6.0;13.0;B01
201800051673;2.0;7;0;0.0;1.0;1.0;10.0;A01
201800051674;1.0;33;0;0.0;2.0;1.0;17.0;B01
201800051674;2.0;7;0;0.0;2.0;3.0;9.0;A01
201800051675;2.0;31;0;0.0;1.0;1.0;1.0;A01
201800051676;1.0;34;0;0.0;2.0;1.0;7.0;A01
201800051676;1.0;10;0;0.0;2.0;7.0;16.0;B01
201800051677;2.0;32;0;0.0;2.0;7.0;17.0;A01
201800051677;2.0;7;0;0.0;2.0;3.0;15.0;B01
201800051678;1.0;7;0;0.0;1.0;0.0;15.0;A01
201800051679;2.0;7;0;0.0;2.0;3.0;15.0;A01
201800051679;2.0;30;0;0.0;2.0;2.0;17.0;B01
201800051680;2.0;7;0;0.0;2.0;3.0;9.0;A01
201800051680;1.0;34;0;0.0;2.0;1.0;1.0;B01
201800051681;2.0;7;0;0.0;2.0;3.0;13.0;A01
201800051681;2.0;2;0;0.0;2.0;5.0;23.0;B01
201800051682;2.0;32;0;0.0;2.0;1.0;1.0;A01
201800051682;2.0;7;0;0.0;2.0;5.0;23.0;B01
201800051683;2.0;7;0;0.0;2.0;2.0;16.0;B01
201800051683;2.0;30;0;0.0;2.0;8.0;18.0;A01
201800051684;1.0;31;0;0.0;2.0;7.0;1.0;B01
201800051684;2.0;7;0;0.0;2.0;1.0;9.0;A01
201800051685;1.0;7;0;0.0;1.0;8.0;1.0;A01
201800051686;1.0;31;0;0.0;2.0;7.0;17.0;B01
201800051686;1.0;7;0;0.0;2.0;3.0;13.0;A01
201800051687;2.0;2;0;0.0;2.0;1.0;1.0;B01
201800051687;1.0;1;0;0.0;2.0;3.0;1.0;A01
201800051688;2.0;33;0;14.0;2.0;3.0;1.0;B01
201800051688;2.0;7;0;0.0;2.0;0.0;1.0;C01
201800051688;1.0;7;0;0.0;2.0;4.0;13.0;A01
201800051689;2.0;7;0;0.0;1.0;1.0;1.0;A01
201800051690;1.0;7;0;0.0;2.0;2.0;15.0;A01
201800051690;2.0;1;0;0.0;2.0;7.0;1.0;B01
201800051691;1.0;7;0;0.0;1.0;4.0;4.0;A01
201800051692;1.0;1;0;0.0;2.0;7.0;1.0;A01
201800051692;1.0;10;0;0.0;2.0;1.0;1.0;B01
201800051693;2.0;7;0;0.0;2.0;2.0;9.0;A01
201800051693;2.0;31;0;0.0;2.0;3.0;1.0;B01
201800051694;2.0;1;0;0.0;1.0;1.0;1.0;A01
201800051695;1.0;7;0;14.0;0.0;2.0;13.0;Z01
201800051696;1.0;7;0;0.0;9.0;0.0;1.0;B01
201800051696;1.0;1;0;14.0;2.0;7.0;14.0;A01
201800051697;1.0;1;0;0.0;1.0;2.0;1.0;A01
201800051698;2.0;7;0;0.0;1.0;0.0;15.0;A01
201800051699;1.0;1;0;0.0;1.0;3.0;1.0;A01
201800051700;2.0;33;0;0.0;2.0;0.0;14.0;A01
201800051700;2.0;7;0;0.0;2.0;3.0;1.0;B01
201800051701;2.0;7;0;0.0;2.0;2.0;17.0;A01
201800051701;2.0;1;0;0.0;2.0;3.0;1.0;B01
201800051702;2.0;32;0;1.0;2.0;2.0;17.0;A01
201800051702;2.0;7;0;0.0;2.0;3.0;15.0;B01
201800051703;2.0;34;0;0.0;2.0;8.0;1.0;A01
201800051703;2.0;7;0;0.0;2.0;1.0;1.0;Z01
201800051704;2.0;34;0;0.0;2.0;1.0;1.0;A01
201800051704;1.0;99;0;0.0;2.0;1.0;19.0;B01
201800051705;1.0;32;0;0.0;1.0;2.0;1.0;A01
201800051706;1.0;10;0;0.0;2.0;3.0;24.0;B01
201800051706;2.0;7;0;1.0;1.0;1.0;16.0;A01
201800051707;1.0;1;0;0.0;2.0;1.0;1.0;A01
201800051707;2.0;7;0;0.0;2.0;5.0;1.0;B01
201800051708;2.0;31;0;1.0;1.0;3.0;21.0;A01
201800051709;1.0;2;0;0.0;2.0;2.0;1.0;A01
201800051710;1.0;1;0;0.0;0.0;0.0;1.0;A01
201800051711;2.0;30;0;0.0;1.0;1.0;1.0;Z01
201800051712;2.0;1;0;0.0;2.0;1.0;1.0;B01
201800051712;2.0;34;0;0.0;2.0;7.0;16.0;A01
201800051713;1.0;2;0;0.0;2.0;1.0;1.0;A01
201800051713;1.0;7;0;0.0;2.0;5.0;23.0;B01
201800051714;1.0;7;0;0.0;2.0;3.0;1.0;C01
201800051714;2.0;7;0;0.0;2.0;8.0;15.0;A01
201800051714;1.0;7;0;0.0;2.0;2.0;17.0;B01
201800051715;1.0;33;0;0.0;2.0;6.0;1.0;A01
201800051715;2.0;7;0;0.0;2.0;3.0;15.0;Z01
201800051716;1.0;7;0;0.0;1.0;3.0;16.0;A01
201800051717;1.0;7;0;0.0;2.0;3.0;9.0;A01
201800051717;1.0;32;0;0.0;2.0;1.0;1.0;B01
201800051718;2.0;7;0;0.0;2.0;3.0;20.0;B01
201800051718;1.0;1;0;0.0;2.0;1.0;1.0;A01
201800051719;1.0;34;0;0.0;1.0;1.0;1.0;A01
201800051720;1.0;7;0;1.0;0.0;2.0;14.0;A01
201800051721;2.0;33;0;0.0;2.0;1.0;17.0;A01