Num_Acc;senc;catv;occutc;obs;obsm;choc;manv;num_veh
201800051986;1.0;33;0;0.0;2.0;6.0;2.0;B01
201800051987;2.0;33;0;0.0;0.0;7.0;9.0;A01
201800051988;1.0;10;0;0.0;2.0;1.0;2.0;A01
201800051988;2.0;7;0;0.0;2.0;4.0;15.0;B01
201800051989;2.0;34;0;14.0;0.0;2.0;14.0;A01
201800051990;1.0;7;0;0.0;2.0;4.0;23.0;B01
201800051990;1.0;7;0;0.0;2.0;1.0;2.0;A01
201800051991;1.0;7;0;0.0;1.0;6.0;4.0;A01
201800051992;2.0;7;0;0.0;1.0;2.0;1.0;A01
201800051993;1.0;2;0;0.0;2.0;4.0;23.0;A01
201800051993;1.0;7;0;0.0;2.0;4.0;2.0;Z01
201800051994;1.0;7;0;0.0;2.0;1.0;13.0;A01
201800051994;2.0;7;0;0.0;2.0;1.0;1.0;B01
201800051995;2.0;1;0;0.0;1.0;3.0;1.0;A01
201800051996;1.0;7;0;0.0;2.0;1.0;2.0;A01
201800051996;1.0;7;0;0.0;2.0;4.0;23.0;B01
201800051997;1.0;7;0;0.0;2.0;1.0;10.0;Z01
201800051997;2.0;30;0;0.0;2.0;1.0;1.0;A01
201800051998;1.0;7;0;0.0;1.0;3.0;15.0;A01
201800051999;2.0;7;0;0.0;2.0;1.0;15.0;A01
201800051999;1.0;7;0;0.0;2.0;3.0;1.0;B01
201800052000;1.0;7;0;0.0;2.0;2.0;1.0;A01
201800052000;1.0;1;0;0.0;2.0;0.0;1.0;B01
201800052001;2.0;7;0;0.0;2.0;3.0;1.0;A01
201800052001;2.0;32;0;0.0;2.0;4.0;23.0;B01
201800052002;2.0;7;0;2.0;0.0;1.0;13.0;A01
201800052003;1.0;7;0;0.0;2.0;7.0;1.0;B01
201800052003;1.0;31;0;0.0;2.0;7.0;3.0;A01
201800052003;1.0;7;0;0.0;2.0;3.0;1.0;C01
201800052004;2.0;7;0;0.0;2.0;5.0;1.0;C01
201800052004;2.0;7;0;0.0;2.0;3.0;11.0;A01
201800052004;2.0;7;0;0.0;2.0;5.0;1.0;B01
201800052005;1.0;33;0;0.0;2.0;2.0;1.0;B01
201800052005;1.0;7;0;0.0;2.0;3.0;12.0;A01
201800052006;1.0;30;0;0.0;2.0;7.0;18.0;A01
201800052006;1.0;2;0;0.0;2.0;8.0;16.0;B01
201800052007;1.0;38;0;0.0;1.0;5.0;15.0;A01
201800052008;1.0;34;0;0.0;2.0;1.0;1.0;A01
201800052008;1.0;33;0;0.0;2.0;4.0;23.0;B01
201800052009;2.0;33;0;0.0;2.0;1.0;1.0;B01
201800052009;2.0;7;0;0.0;2.0;3.0;9.0;A01
201800052010;1.0;30;0;0.0;2.0;0.0;1.0;A01
201800052010;1.0;7;0;0.0;2.0;0.0;9.0;B01
201800052011;1.0;7;0;0.0;2.0;3.0;1.0;B01
201800052011;2.0;30;0;0.0;2.0;1.0;17.0;A01
201800052012;2.0;7;0;0.0;2.0;3.0;1.0;B01
201800052012;1.0;7;0;0.0;2.0;2.0;10.0;A01
201800052013;1.0;2;0;0.0;2.0;3.0;18.0;B01
201800052013;1.0;7;0;0.0;2.0;2.0;16.0;A01
201800052014;1.0;2;0;0.0;2.0;8.0;9.0;A01
201800052014;2.0;32;0;0.0;2.0;1.0;1.0;B01
201800052015;1.0;7;0;0.0;2.0;1.0;1.0;Z01
201800052015;1.0;32;0;0.0;2.0;4.0;23.0;A01
201800052016;1.0;7;0;8.0;2.0;4.0;24.0;B01
201800052016;1.0;14;0;1.0;2.0;2.0;1.0;A01
201800052017;0.0;99;0;0.0;2.0;0.0;0.0;R01
201800052017;2.0;7;0;0.0;2.0;4.0;4.0;A01
201800052018;2.0;32;0;0.0;1.0;1.0;1.0;A01
201800052019;1.0;7;0;0.0;1.0;7.0;1.0;A01
201800052020;2.0;7;0;0.0;2.0;2.0;16.0;A01
201800052020;2.0;2;0;0.0;2.0;1.0;1.0;B01
201800052021;1.0;7;0;0.0;2.0;3.0;15.0;B01
201800052021;1.0;2;0;0.0;2.0;1.0;17.0;A01
201800052022;1.0;7;0;0.0;2.0;2.0;12.0;A01
201800052022;1.0;2;0;0.0;2.0;3.0;1.0;B01
201800052023;1.0;7;0;0.0;2.0;3.0;15.0;A01
201800052023;1.0;34;0;0.0;2.0;2.0;17.0;B01
201800052024;1.0;7;0;0.0;2.0;1.0;1.0;B01
201800052024;1.0;7;0;0.0;2.0;7.0;1.0;A01
201800052025;2.0;1;0;0.0;0.0;0.0;1.0;A01
201800052026;1.0;33;0;0.0;2.0;1.0;17.0;A01
201800052026;1.0;7;0;0.0;2.0;3.0;15.0;B01
201800052027;2.0;7;0;0.0;2.0;4.0;23.0;B01
201800052027;1.0;7;0;0.0;2.0;1.0;1.0;A01
201800052028;1.0;7;0;0.0;1.0;1.0;1.0;A01
201800052029;1.0;7;0;0.0;1.0;1.0;1.0;A01
201800052030;1.0;10;0;0.0;2.0;2.0;9.0;A01
201800052030;1.0;99;0;0.0;2.0;0.0;0.0;B01
201800052031;1.0;32;0;1.0;2.0;1.0;1.0;A01
201800052031;1.0;10;0;0.0;2.0;6.0;23.0;B01
201800052032;1.0;2;0;0.0;2.0;3.0;15.0;B01
201800052032;1.0;30;0;0.0;2.0;1.0;17.0;A01
201800052033;1.0;10;0;0.0;2.0;1.0;1.0;A01
201800052033;1.0;7;0;0.0;2.0;4.0;23.0;B01
201800052034;1.0;32;0;0.0;2.0;8.0;18.0;A01
201800052034;1.0;7;0;0.0;2.0;7.0;9.0;B01
201800052035;1.0;32;0;0.0;2.0;7.0;17.0;B01
201800052035;1.0;7;0;0.0;2.0;3.0;13.0;A01
201800052036;1.0;7;0;0.0;2.0;2.0;9.0;A01
201800052036;2.0;33;0;0.0;2.0;1.0;1.0;B01
201800052037;2.0;7;0;0.0;2.0;1.0;1.0;B01
201800052037;1.0;7;0;0.0;2.0;7.0;1.0;A01
201800052038;1.0;7;0;0.0;2.0;1.0;2.0;Z01
201800052038;1.0;7;0;0.0;2.0;4.0;23.0;A01
201800052039;2.0;2;0;0.0;2.0;1.0;1.0;A01
201800052039;0.0;7;0;0.0;2.0;3.0;9.0;B01
201800052040;2.0;1;0;0.0;2.0;8.0;13.0;A01
201800052040;2.0;37;0;0.0;2.0;2.0;17.0;B01
201800052041;2.0;1;0;0.0;2.0;4.0;7.0;B01
201800052041;2.0;7;0;0.0;2.0;1.0;9.0;A01
201800052042;2.0;34;0;0.0;2.0;1.0;3.0;B01
201800052042;2.0;7;0;0.0;2.0;3.0;9.0;A01
201800052043;1.0;7;0;0.0;1.0;1.0;1.0;A01
201800052044;1.0;2;0;0.0;2.0;1.0;1.0;A01
201800052044;1.0;10;0;0.0;2.0;4.0;1.0;B01
201800052045;1.0;33;0;0.0;2.0;7.0;3.0;B01
201800052045;1.0;7;0;0.0;2.0;3.0;11.0;Z01
201800052046;2.0;1;0;0.0;2.0;1.0;1.0;A01
201800052046;2.0;7;0;0.0;2.0;2.0;16.0;B01
201800052047;2.0;10;0;0.0;2.0;6.0;13.0;A01
201800052047;2.0;34;0;1.0;2.0;1.0;17.0;B01
201800052048;1.0;34;0;0.0;1.0;2.0;1.0;Z01
201800052049;1.0;7;0;0.0;2.0;1.0;1.0;A01
201800052049;1.0;7;0;0.0;2.0;9.0;1.0;B01
201800052049;1.0;10;0;0.0;2.0;4.0;1.0;C01
201800052050;1.0;7;0;0.0;2.0;2.0;17.0;A01
201800052050;2.0;2;0;0.0;2.0;8.0;1.0;B01
201800052051;2.0;2;0;0.0;2.0;2.0;1.0;A01
201800052051;2.0;30;0;0.0;2.0;8.0;18.0;Z01
201800052052;1.0;7;0;2.0;2.0;3.0;1.0;A01
201800052052;1.0;7;0;0.0;2.0;2.0;1.0;B01
201800052053;1.0;32;0;0.0;2.0;4.0;16.0;B01
201800052053;1.0;7;0;0.0;2.0;2.0;16.0;A01
201800052054;1.0;10;0;0.0;2.0;2.0;1.0;A01
201800052054;1.0;7;0;0.0;2.0;1.0;15.0;B01
201800052055;2.0;7;0;0.0;2.0;8.0;10.0;A01
201800052055;2.0;30;0;0.0;2.0;7.0;1.0;B01
201800052056;1.0;1;0;0.0;2.0;2.0;5.0;B01
201800052056;2.0;7;0;0.0;2.0;3.0;1.0;A01
201800052057;1.0;10;0;0.0;2.0;8.0;10.0;A01
201800052057;1.0;34;0;0.0;2.0;1.0;1.0;B01
201800052058;1.0;7;0;0.0;2.0;3.0;1.0;B01
201800052058;2.0;30;0;0.0;2.0;7.0;9.0;A01
201800052059;1.0;7;0;0.0;2.0;3.0;1.0;B01
201800052059;2.0;34;0;0.0;2.0;3.0;17.0;A01
201800052060;1.0;7;0;0.0;2.0;2.0;1.0;A01
201800052060;1.0;7;0;14.0;2.0;6.0;20.0;B01
201800052061;1.0;7;0;0.0;2.0;4.0;23.0;B01
201800052061;1.0;2;0;0.0;2.0;1.0;1.0;A01
201800052062;2.0;7;0;0.0;2.0;8.0;9.0;A01
201800052062;2.0;7;0;0.0;2.0;3.0;1.0;B01
201800052063;1.0;7;0;0.0;2.0;3.0;22.0;A01
201800052063;1.0;1;0;1.0;2.0;2.0;1.0;B01
201800052064;1.0;2;0;0.0;0.0;0.0;1.0;A01
201800052065;1.0;1;0;0.0;0.0;0.0;1.0;A01
201800052066;2.0;2;0;0.0;2.0;2.0;17.0;A01
201800052066;1.0;7;0;0.0;2.0;3.0;19.0;B01
201800052067;1.0;7;0;0.0;2.0;3.0;1.0;A01
201800052067;1.0;7;0;0.0;2.0;8.0;15.0;B01
201800052068;1.0;13;0;0.0;1.0;1.0;15.0;A01
201800052069;2.0;7;0;0.0;2.0;0.0;15.0;B01
201800052069;1.0;1;0;12.0;2.0;1.0;1.0;A01
201800052070;2.0;1;0;0.0;2.0;1.0;1.0;B01
201800052070;2.0;32;0;0.0;2.0;1.0;15.0;A01
201800052071;2.0;7;0;0.0;2.0;2.0;1.0;A01
201800052071;2.0;34;0;0.0;2.0;1.0;1.0;B01
201800052072;1.0;1;0;0.0;2.0;1.0;1.0;B01
201800052072;1.0;7;0;0.0;2.0;7.0;16.0;A01
201800052073;2.0;7;0;0.0;2.0;5.0;22.0;A01
201800052073;1.0;32;0;0.0;2.0;3.0;3.0;B01
201800052074;1.0;10;0;0.0;2.0;8.0;15.0;B01
201800052074;2.0;30;0;0.0;2.0;7.0;17.0;A01
201800052075;1.0;7;0;0.0;2.0;8.0;10.0;A01
201800052075;1.0;30;0;0.0;2.0;7.0;1.0;B01
201800052076;2.0;7;0;0.0;2.0;0.0;13.0;A01
201800052076;2.0;7;0;0.0;2.0;6.0;1.0;B01
201800052077;1.0;7;0;0.0;2.0;8.0;1.0;A01
201800052077;1.0;7;0;0.0;2.0;2.0;1.0;B01
201800052078;2.0;14;0;0.0;2.0;7.0;1.0;B01
201800052078;2.0;7;0;0.0;2.0;3.0;1.0;A01
201800052079;1.0;7;0;0.0;2.0;3.0;10.0;A01
201800052079;1.0;1;0;0.0;2.0;2.0;17.0;B01
201800052080;1.0;7;0;0.0;2.0;1.0;1.0;A01
201800052080;1.0;7;0;0.0;2.0;4.0;23.0;B01
201800052081;2.0;7;0;0.0;2.0;8.0;15.0;B01
201800052081;2.0;32;0;0.0;2.0;1.0;17.0;A01
201800052082;1.0;31;0;0.0;0.0;8.0;1.0;A01
201800052083;1.0;34;0;0.0;2.0;1.0;1.0;A01
201800052083;1.0;7;0;0.0;2.0;4.0;23.0;B01
201800052084;2.0;2;0;0.0;0.0;0.0;21.0;A01
201800052085;1.0;7;0;0.0;2.0;4.0;23.0;D01
201800052085;1.0;7;0;0.0;2.0;4.0;23.0;B01
201800052085;1.0;7;0;0.0;2.0;4.0;23.0;C01
201800052085;1.0;7;0;0.0;2.0;1.0;1.0;A01
201800052086;1.0;7;0;0.0;2.0;5.0;16.0;A01
201800052086;1.0;2;0;0.0;2.0;3.0;1.0;B01
201800052087;1.0;2;0;1.0;0.0;7.0;14.0;A01
201800052088;1.0;37;0;0.0;1.0;2.0;1.0;A01
201800052089;1.0;32;0;0.0;2.0;8.0;18.0;A01
201800052089;1.0;7;0;0.0;2.0;1.0;14.0;B01
201800052090;2.0;33;0;0.0;1.0;1.0;17.0;A01
201800052091;2.0;2;0;0.0;2.0;0.0;17.0;A01
201800052091;2.0;7;0;0.0;2.0;0.0;15.0;B01
201800052092;2.0;1;0;0.0;0.0;0.0;1.0;A01
201800052093;1.0;32;0;0.0;0.0;3.0;21.0;A01
201800052094;1.0;34;0;0.0;2.0;5.0;23.0;B01
201800052094;1.0;7;0;0.0;2.0;5.0;1.0;A01
201800052095;2.0;7;0;14.0;2.0;1.0;1.0;A01
201800052095;2.0;10;0;0.0;2.0;4.0;23.0;B01
201800052096;1.0;7;0;0.0;2.0;1.0;1.0;A01
201800052096;1.0;7;0;0.0;2.0;4.0;23.0;B01
201800052097;1.0;31;0;0.0;2.0;1.0;1.0;A01
201800052097;2.0;7;0;0.0;2.0;1.0;15.0;B01
201800052098;2.0;1;0;0.0;1.0;1.0;1.0;A01
201800052099;1.0;7;0;0.0;1.0;4.0;4.0;A01
201800052100;1.0;1;0;0.0;2.0;8.0;10.0;B01
201800052100;2.0;2;0;0.0;2.0;1.0;1.0;A01
201800052101;2.0;33;0;0.0;2.0;3.0;1.0;B01
201800052101;2.0;7;0;0.0;2.0;2.0;9.0;A01
201800052102;0.0;7;0;0.0;2.0;6.0;15.0;A01
201800052102;0.0;33;0;0.0;2.0;1.0;17.0;B01
201800052103;0.0;7;0;1.0;0.0;2.0;9.0;A01
201800052103;0.0;7;0;0.0;2.0;3.0;24.0;B01
201800052104;0.0;7;0;0.0;2.0;0.0;14.0;Z01
201800052104;0.0;2;0;0.0;2.0;8.0;1.0;A01
201800052105;1.0;7;0;0.0;2.0;3.0;9.0;A01
201800052105;1.0;31;0;0.0;2.0;2.0;1.0;B01
201800052106;2.0;1;0;4.0;0.0;1.0;21.0;A01
201800052106;2.0;7;0;0.0;0.0;0.0;10.0;Z01
201800052107;2.0;30;0;0.0;2.0;5.0;1.0;A01
201800052107;0.0;7;0;0.0;2.0;2.0;1.0;B01
201800052108;1.0;37;1;0.0;1.0;2.0;1.0;A01
201800052109;2.0;7;0;0.0;1.0;4.0;0.0;A01
201800052110;0.0;7;0;0.0;2.0;1.0;2.0;A01
201800052110;0.0;7;0;0.0;2.0;4.0;2.0;C01
201800052110;0.0;7;0;0.0;2.0;4.0;2.0;B01
201800052111;2.0;34;0;0.0;2.0;1.0;1.0;A01
201800052111;1.0;32;0;0.0;2.0;6.0;15.0;B01
201800052112;1.0;7;0;0.0;1.0;1.0;15.0;A01
201800052113;1.0;1;0;0.0;2.0;4.0;1.0;B01
201800052113;1.0;2;0;0.0;2.0;1.0;2.0;Z01
201800052114;0.0;2;0;12.0;2.0;6.0;17.0;B01
201800052114;0.0;10;0;0.0;2.0;6.0;23.0;A01
201800052115;1.0;7;0;0.0;2.0;3.0;15.0;B01
201800052115;1.0;1;0;0.0;2.0;1.0;19.0;A01
201800052116;0.0;33;0;0.0;2.0;1.0;12.0;A01
201800052116;1.0;7;0;0.0;2.0;4.0;1.0;B01
201800052117;1.0;7;0;0.0;2.0;2.0;16.0;A01
201800052117;1.0;30;0;0.0;2.0;1.0;1.0;B01
201800052118;2.0;30;0;11.0;0.0;0.0;14.0;A01
201800052119;2.0;10;0;0.0;2.0;3.0;1.0;Z01
201800052119;1.0;1;0;0.0;2.0;1.0;19.0;A01
201800052120;2.0;1;0;0.0;2.0;0.0;7.0;B01
201800052120;2.0;10;0;0.0;2.0;0.0;16.0;A01
201800052121;1.0;7;0;0.0;2.0;2.0;10.0;A01
201800052121;2.0;33;0;1.0;2.0;1.0;1.0;B01
201800052122;1.0;33;0;7.0;0.0;1.0;13.0;A01
201800052123;1.0;7;0;0.0;2.0;1.0;1.0;A01
201800052123;1.0;7;0;0.0;2.0;5.0;15.0;B01
201800052124;0.0;32;0;12.0;0.0;1.0;15.0;A01
201800052125;2.0;7;0;0.0;1.0;0.0;15.0;A01
201800052126;1.0;33;0;0.0;0.0;0.0;1.0;A01
201800052127;2.0;7;0;0.0;2.0;8.0;15.0;B01
201800052127;2.0;33;0;0.0;2.0;1.0;17.0;A01
201800052128;1.0;30;0;0.0;0.0;0.0;1.0;A01
201800052129;1.0;7;0;0.0;2.0;4.0;1.0;B01
201800052129;1.0;32;0;0.0;2.0;1.0;21.0;A01
201800052130;2.0;7;0;0.0;2.0;2.0;1.0;A01
201800052130;2.0;2;0;0.0;2.0;8.0;11.0;B01
201800052131;0.0;1;0;0.0;2.0;1.0;1.0;A01
201800052131;0.0;1;0;0.0;2.0;4.0;23.0;C01
201800052131;0.0;1;0;0.0;2.0;1.0;1.0;B01
201800052132;1.0;14;0;0.0;2.0;1.0;15.0;B01
201800052132;1.0;32;0;0.0;2.0;7.0;17.0;A01
201800052133;1.0;7;0;0.0;2.0;4.0;23.0;B01
201800052133;1.0;33;0;0.0;2.0;1.0;2.0;A01
201800052134;1.0;1;0;0.0;2.0;1.0;5.0;A01
201800052134;1.0;1;0;0.0;2.0;1.0;1.0;B01
201800052135;1.0;1;0;0.0;2.0;8.0;15.0;A01
201800052135;1.0;1;0;0.0;2.0;1.0;1.0;B01
201800052136;1.0;7;0;0.0;2.0;8.0;22.0;A01
201800052136;1.0;1;0;0.0;2.0;1.0;1.0;B01
201800052137;1.0;32;0;0.0;1.0;8.0;1.0;Z01
201800052138;2.0;7;0;0.0;2.0;4.0;2.0;B01
201800052138;2.0;7;0;0.0;2.0;1.0;2.0;A01
201800052139;0.0;30;0;14.0;0.0;1.0;1.0;A01
201800052140;0.0;7;0;0.0;2.0;7.0;14.0;Z01
201800052140;1.0;33;0;0.0;2.0;8.0;1.0;B01
201800052141;1.0;7;0;0.0;2.0;1.0;1.0;A01
201800052141;1.0;7;0;0.0;2.0;4.0;23.0;B01
201800052142;2.0;1;0;0.0;2.0;3.0;1.0;B01
201800052142;2.0;7;0;0.0;2.0;3.0;9.0;A01
201800052143;0.0;1;0;0.0;2.0;1.0;15.0;A01
201800052143;0.0;7;0;0.0;2.0;8.0;1.0;B01
201800052144;1.0;7;0;0.0;2.0;1.0;1.0;B01
201800052144;1.0;7;0;0.0;2.0;4.0;1.0;C01
201800052144;1.0;7;0;0.0;2.0;1.0;1.0;A01
201800052145;2.0;7;0;0.0;2.0;8.0;9.0;A01
201800052145;2.0;34;0;0.0;2.0;2.0;1.0;B01
201800052146;2.0;7;0;0.0;2.0;1.0;1.0;A01
201800052146;2.0;1;0;0.0;2.0;7.0;1.0;B01
201800052147;0.0;33;0;1.0;0.0;1.0;14.0;A01
201800052148;1.0;33;0;0.0;2.0;1.0;17.0;B01
201800052148;1.0;1;0;0.0;2.0;1.0;1.0;A01
201800052149;2.0;7;0;0.0;1.0;1.0;1.0;A01
201800052150;1.0;7;0;0.0;1.0;1.0;16.0;A01
201800052151;1.0;34;0;0.0;2.0;1.0;1.0;B01
201800052151;2.0;7;0;0.0;2.0;2.0;10.0;A01
201800052152;1.0;32;0;0.0;1.0;1.0;1.0;A01
201800052153;1.0;7;0;0.0;2.0;2.0;1.0;B01
201800052153;1.0;1;0;0.0;2.0;1.0;13.0;A01
201800052154;2.0;10;0;0.0;2.0;6.0;18.0;Z01
201800052154;2.0;14;0;0.0;2.0;5.0;15.0;A01
201800052155;2.0;7;0;9.0;1.0;1.0;1.0;A01
201800052156;2.0;14;0;0.0;2.0;1.0;15.0;A01
201800052156;1.0;2;0;0.0;2.0;6.0;1.0;B01
201800052157;1.0;10;0;0.0;1.0;7.0;1.0;A01
201800052158;2.0;1;0;0.0;2.0;8.0;1.0;B01
201800052158;2.0;34;0;0.0;2.0;7.0;16.0;A01
201800052159;1.0;7;0;0.0;1.0;0.0;1.0;Z01
201800052160;1.0;1;0;0.0;2.0;1.0;1.0;B01
201800052160;1.0;7;0;0.0;2.0;5.0;16.0;A01
201800052161;2.0;7;0;0.0;2.0;0.0;2.0;Z01
201800052161;2.0;34;0;0.0;2.0;4.0;23.0;B01
201800052161;2.0;7;0;0.0;2.0;2.0;2.0;A01
201800052162;0.0;31;0;0.0;2.0;3.0;1.0;B01
201800052162;0.0;7;0;0.0;2.0;2.0;12.0;A01
201800052163;1.0;99;0;0.0;2.0;1.0;5.0;B01
201800052163;2.0;7;0;0.0;2.0;1.0;16.0;A01
201800052164;2.0;30;0;0.0;2.0;1.0;1.0;A01
201800052164;2.0;7;0;0.0;2.0;2.0;16.0;Z01
201800052165;1.0;1;0;12.0;0.0;2.0;12.0;A01
201800052166;1.0;33;0;8.0;0.0;1.0;1.0;A01
201800052167;1.0;7;0;2.0;0.0;1.0;1.0;A01
201800052168;1.0;99;0;14.0;0.0;1.0;1.0;A01
201800052169;1.0;1;0;0.0;2.0;3.0;19.0;A01
201800052169;2.0;7;0;0.0;2.0;2.0;16.0;B01
201800052170;1.0;7;0;0.0;2.0;5.0;16.0;B01
201800052170;0.0;33;0;0.0;2.0;7.0;18.0;A01
201800052171;1.0;7;0;0.0;2.0;6.0;4.0;A01
201800052171;2.0;34;0;0.0;2.0;1.0;2.0;B01
201800052172;1.0;1;0;0.0;0.0;3.0;1.0;A01
201800052173;1.0;7;0;0.0;2.0;6.0;16.0;B01
201800052173;1.0;3;0;0.0;2.0;3.0;16.0;A01
201800052174;1.0;30;0;0.0;2.0;7.0;17.0;A01
201800052174;1.0;7;0;0.0;2.0;2.0;15.0;Z01
201800052175;1.0;7;0;0.0;2.0;4.0;23.0;B01
201800052175;1.0;30;0;0.0;2.0;1.0;2.0;A01
201800052176;1.0;32;0;12.0;0.0;8.0;14.0;A01
201800052177;0.0;7;0;14.0;0.0;1.0;16.0;A01
201800052178;1.0;31;0;0.0;2.0;0.0;1.0;A01
201800052179;1.0;7;0;14.0;0.0;1.0;13.0;A01
201800052180;1.0;7;0;15.0;0.0;8.0;16.0;A01
201800052181;2.0;14;0;0.0;1.0;2.0;15.0;A01
201800052182;1.0;1;0;0.0;2.0;4.0;1.0;B01
201800052182;2.0;7;0;0.0;2.0;2.0;15.0;A01
201800052183;1.0;30;0;0.0;0.0;0.0;21.0;A01
201800052184;0.0;33;0;0.0;2.0;1.0;1.0;B01
201800052184;0.0;10;0;0.0;2.0;6.0;11.0;A01
201800052185;1.0;7;0;0.0;2.0;7.0;15.0;A01
201800052185;2.0;32;0;0.0;2.0;8.0;1.0;B01
201800052186;1.0;1;0;0.0;2.0;8.0;1.0;B01
201800052186;2.0;7;0;0.0;2.0;1.0;15.0;A01
201800052187;1.0;33;0;0.0;1.0;1.0;17.0;A01
201800052188;2.0;10;0;0.0;2.0;7.0;1.0;A01
201800052188;0.0;99;0;0.0;2.0;7.0;1.0;B01
201800052189;1.0;7;0;15.0;2.0;3.0;1.0;A01
201800052189;1.0;33;0;0.0;2.0;5.0;17.0;B01
201800052190;1.0;33;0;0.0;1.0;2.0;1.0;A01
201800052191;1.0;32;0;0.0;2.0;3.0;21.0;B01
201800052191;1.0;7;0;0.0;2.0;8.0;10.0;A01
201800052192;2.0;7;0;0.0;2.0;1.0;2.0;A01
201800052192;2.0;7;0;0.0;2.0;1.0;2.0;B01
201800052192;2.0;7;0;0.0;2.0;4.0;2.0;C01
201800052193;1.0;1;0;0.0;1.0;0.0;1.0;Z01
201800052194;1.0;33;0;0.0;0.0;3.0;1.0;A01
201800052195;2.0;7;0;0.0;2.0;2.0;1.0;A01
201800052195;1.0;1;0;0.0;2.0;7.0;5.0;B01
201800052196;2.0;7;0;0.0;1.0;1.0;1.0;A01
201800052197;1.0;1;0;0.0;2.0;8.0;1.0;B01
201800052197;2.0;7;0;0.0;2.0;3.0;15.0;A01
201800052198;1.0;31;0;0.0;2.0;2.0;14.0;A01
201800052198;1.0;10;0;0.0;2.0;3.0;1.0;B01
201800052199;0.0;7;0;0.0;2.0;6.0;1.0;B01
201800052199;0.0;1;0;0.0;2.0;1.0;1.0;A01
201800052200;2.0;7;0;0.0;2.0;4.0;2.0;B01
201800052200;2.0;30;0;0.0;2.0;1.0;2.0;A01
201800052201;1.0;10;0;0.0;2.0;1.0;2.0;B01
201800052201;1.0;10;0;0.0;2.0;1.0;2.0;A01
201800052201;1.0;7;0;0.0;2.0;1.0;2.0;D01
201800052201;1.0;7;0;0.0;2.0;1.0;2.0;C01
201800052202;2.0;31;0;0.0;2.0;8.0;21.0;A01
201800052203;1.0;7;0;0.0;2.0;7.0;10.0;A01
201800052203;2.0;2;0;0.0;2.0;1.0;1.0;B01
201800052204;2.0;7;0;0.0;2.0;1.0;15.0;B01
201800052204;1.0;30;0;0.0;2.0;1.0;1.0;A01
201800052205;0.0;7;0;0.0;2.0;3.0;1.0;A01
201800052205;0.0;34;0;0.0;2.0;4.0;15.0;B01
201800052206;1.0;30;0;0.0;2.0;7.0;7.0;A01
201800052206;1.0;7;0;0.0;2.0;5.0;16.0;B01
201800052207;2.0;32;0;0.0;0.0;8.0;1.0;A01
201800052208;2.0;7;0;0.0;2.0;2.0;15.0;A01
201800052208;1.0;7;0;0.0;2.0;8.0;1.0;B01
201800052209;1.0;7;0;0.0;1.0;2.0;1.0;A01
201800052210;1.0;7;0;0.0;2.0;3.0;1.0;B01
201800052210;1.0;7;0;0.0;2.0;1.0;1.0;A01
201800052211;2.0;32;0;0.0;2.0;7.0;17.0;B01
201800052211;2.0;7;0;0.0;2.0;8.0;13.0;A01
201800052212;1.0;34;0;0.0;2.0;6.0;18.0;B01
201800052212;1.0;7;0;0.0;2.0;7.0;16.0;A01
201800052213;1.0;7;0;0.0;2.0;3.0;1.0;B01
201800052213;2.0;7;0;0.0;2.0;7.0;15.0;A01
201800052214;1.0;30;0;0.0;2.0;0.0;1.0;B01
201800052214;1.0;31;0;12.0;2.0;1.0;13.0;A01
201800052215;2.0;7;0;0.0;2.0;8.0;15.0;A01
201800052215;2.0;32;0;0.0;2.0;1.0;17.0;B01
201800052216;1.0;33;0;0.0;0.0;8.0;15.0;A01
201800052217;1.0;31;0;6.0;0.0;1.0;1.0;A01
201800052218;2.0;30;0;12.0;0.0;8.0;13.0;A01
201800052219;0.0;34;0;0.0;2.0;0.0;11.0;B01
201800052219;0.0;10;0;0.0;2.0;3.0;23.0;C01
201800052219;0.0;34;0;0.0;2.0;1.0;3.0;A01
201800052220;1.0;1;0;0.0;2.0;3.0;1.0;B01
201800052220;1.0;7;0;0.0;2.0;2.0;17.0;A01
201800052221;1.0;7;0;0.0;2.0;0.0;16.0;B01
201800052221;1.0;30;0;0.0;2.0;0.0;1.0;A01
201800052222;1.0;33;0;0.0;0.0;0.0;1.0;A01
201800052223;2.0;33;0;0.0;0.0;2.0;1.0;A01
201800052224;2.0;7;0;0.0;2.0;1.0;1.0;B01
201800052224;1.0;32;0;0.0;2.0;1.0;13.0;A01
201800052225;1.0;31;0;0.0;2.0;2.0;12.0;A01
201800052225;1.0;30;0;0.0;2.0;4.0;1.0;B01
201800052226;1.0;7;0;0.0;1.0;2.0;1.0;Z01
201800052227;2.0;7;0;0.0;2.0;1.0;1.0;B01
201800052227;1.0;7;0;0.0;2.0;1.0;13.0;A01
201800052228;2.0;32;0;0.0;2.0;1.0;2.0;A01
201800052228;2.0;7;0;0.0;2.0;3.0;23.0;B01
201800052229;1.0;7;0;0.0;2.0;4.0;4.0;A01
201800052229;1.0;33;0;0.0;2.0;8.0;1.0;B01
201800052230;1.0;10;0;0.0;1.0;5.0;4.0;A01
201800052231;0.0;7;0;8.0;0.0;1.0;14.0;A01
201800052232;1.0;32;0;0.0;2.0;7.0;17.0;A01
201800052232;1.0;33;0;0.0;2.0;8.0;23.0;B01