Num_Acc;senc;catv;occutc;obs;obsm;choc;manv;num_veh
201800052770;2.0;7;0;0.0;2.0;3.0;7.0;A01
201800052770;1.0;7;0;0.0;2.0;1.0;1.0;B01
201800052771;1.0;2;0;0.0;2.0;1.0;17.0;B01
201800052771;1.0;1;0;0.0;2.0;6.0;15.0;A01
201800052772;2.0;7;0;0.0;2.0;3.0;2.0;A01
201800052772;2.0;32;0;0.0;2.0;4.0;2.0;B01
201800052773;1.0;7;0;0.0;2.0;2.0;16.0;A01
201800052773;1.0;1;0;0.0;2.0;8.0;1.0;B01
201800052774;2.0;7;0;6.0;0.0;1.0;1.0;A01
201800052775;1.0;1;0;0.0;2.0;1.0;17.0;A01
201800052775;2.0;1;0;0.0;2.0;1.0;1.0;B01
201800052776;2.0;7;0;0.0;1.0;2.0;1.0;A01
201800052777;1.0;7;0;0.0;2.0;2.0;12.0;A01
201800052777;1.0;31;0;0.0;2.0;8.0;1.0;B01
201800052778;1.0;7;0;0.0;1.0;1.0;15.0;A01
201800052779;1.0;33;0;0.0;2.0;4.0;16.0;B01
201800052779;1.0;33;0;0.0;2.0;1.0;16.0;A01
201800052780;0.0;7;0;0.0;2.0;2.0;15.0;A01
201800052780;0.0;32;0;0.0;2.0;6.0;15.0;B01
201800052781;1.0;7;0;4.0;0.0;2.0;21.0;A01
201800052782;1.0;7;0;0.0;2.0;1.0;2.0;A01
201800052782;1.0;32;0;0.0;2.0;4.0;11.0;B01
201800052783;2.0;30;0;0.0;2.0;1.0;1.0;A01
201800052783;1.0;10;0;0.0;2.0;3.0;1.0;B01
201800052784;1.0;30;0;0.0;1.0;0.0;1.0;Z01
201800052785;2.0;7;0;0.0;2.0;6.0;1.0;B01
201800052785;2.0;7;0;0.0;1.0;1.0;1.0;A01
201800052786;1.0;10;0;0.0;2.0;3.0;13.0;A01
201800052786;1.0;33;0;1.0;2.0;2.0;17.0;B01
201800052787;1.0;7;0;0.0;2.0;4.0;23.0;B01
201800052787;1.0;30;0;0.0;2.0;1.0;12.0;A01
201800052788;0.0;33;0;0.0;2.0;8.0;1.0;B01
201800052788;0.0;7;0;0.0;2.0;1.0;15.0;A01
201800052789;1.0;7;0;0.0;1.0;4.0;4.0;A01
201800052790;2.0;10;0;1.0;0.0;2.0;14.0;A01
201800052791;1.0;10;0;0.0;2.0;0.0;0.0;Z01
201800052791;1.0;1;0;0.0;2.0;3.0;7.0;A01
201800052792;2.0;7;0;0.0;2.0;2.0;10.0;A01
201800052792;1.0;32;0;1.0;2.0;1.0;2.0;B01
201800052793;1.0;7;0;0.0;1.0;3.0;15.0;A01
201800052794;1.0;7;0;0.0;2.0;2.0;15.0;A01
201800052794;2.0;7;0;0.0;2.0;1.0;1.0;B01
201800052795;0.0;34;0;0.0;2.0;8.0;0.0;B01
201800052795;1.0;7;0;0.0;2.0;2.0;15.0;A01
201800052796;1.0;10;0;0.0;2.0;4.0;1.0;A01
201800052796;1.0;10;0;0.0;2.0;4.0;23.0;B01
201800052797;2.0;7;0;0.0;2.0;3.0;1.0;B01
201800052797;1.0;7;0;0.0;2.0;3.0;13.0;A01
201800052798;1.0;7;0;0.0;2.0;6.0;23.0;C01
201800052798;1.0;7;0;0.0;2.0;5.0;23.0;B01
201800052798;1.0;33;0;9.0;2.0;1.0;18.0;A01
201800052799;2.0;7;0;0.0;1.0;2.0;1.0;A01
201800052800;2.0;7;0;12.0;0.0;3.0;15.0;A01
201800052801;2.0;7;0;0.0;1.0;3.0;15.0;A01
201800052802;2.0;7;0;0.0;2.0;1.0;1.0;B01
201800052802;1.0;7;0;0.0;2.0;7.0;15.0;A01
201800052803;2.0;30;0;0.0;2.0;1.0;1.0;A01
201800052803;2.0;7;0;0.0;2.0;4.0;21.0;B01
201800052804;2.0;7;0;0.0;2.0;8.0;1.0;B01
201800052804;1.0;7;0;0.0;2.0;2.0;1.0;A01
201800052805;2.0;2;0;1.0;0.0;1.0;1.0;A01
201800052805;2.0;7;0;0.0;2.0;4.0;23.0;B01
201800052806;1.0;7;0;0.0;2.0;3.0;15.0;B01
201800052806;1.0;32;0;0.0;2.0;2.0;17.0;A01
201800052807;1.0;15;0;0.0;2.0;2.0;16.0;A01
201800052807;1.0;1;0;0.0;2.0;8.0;7.0;B01
201800052808;2.0;30;0;0.0;2.0;2.0;7.0;B01
201800052808;2.0;10;0;0.0;2.0;3.0;22.0;A01
201800052809;0.0;7;0;0.0;2.0;1.0;1.0;A01
201800052809;0.0;7;0;0.0;2.0;5.0;1.0;B01
201800052810;1.0;34;0;12.0;0.0;1.0;18.0;A01
201800052811;2.0;10;0;0.0;1.0;1.0;15.0;A01
201800052812;1.0;7;0;0.0;2.0;1.0;1.0;A01
201800052812;1.0;99;0;0.0;2.0;7.0;19.0;B01
201800052813;0.0;33;0;0.0;2.0;1.0;1.0;B01
201800052813;0.0;30;0;0.0;2.0;8.0;9.0;A01
201800052814;1.0;7;0;0.0;2.0;7.0;15.0;A01
201800052814;1.0;2;0;0.0;2.0;1.0;1.0;B01
201800052815;2.0;10;0;0.0;2.0;8.0;15.0;A01
201800052815;2.0;32;0;0.0;2.0;2.0;15.0;B01
201800052816;2.0;7;0;0.0;2.0;8.0;22.0;A01
201800052816;2.0;1;0;0.0;2.0;1.0;1.0;B01
201800052817;1.0;7;0;0.0;2.0;8.0;15.0;A01
201800052817;2.0;32;0;0.0;2.0;2.0;17.0;B01
201800052818;1.0;7;0;0.0;2.0;7.0;15.0;A01
201800052818;2.0;7;0;0.0;2.0;1.0;1.0;B01
201800052819;2.0;7;0;0.0;2.0;2.0;1.0;A01
201800052819;2.0;34;0;0.0;2.0;8.0;16.0;B01
201800052820;2.0;2;0;0.0;2.0;1.0;1.0;B01
201800052820;1.0;7;0;0.0;2.0;2.0;15.0;A01
201800052821;2.0;1;0;14.0;0.0;7.0;1.0;A01
201800052822;1.0;33;0;0.0;2.0;7.0;16.0;B01
201800052822;1.0;10;0;0.0;2.0;1.0;16.0;A01
201800052823;2.0;7;0;0.0;2.0;4.0;23.0;B01
201800052823;2.0;30;0;0.0;2.0;1.0;21.0;A01
201800052824;2.0;7;0;0.0;1.0;2.0;16.0;A01
201800052825;1.0;7;0;0.0;1.0;4.0;4.0;Z01
201800052826;2.0;7;0;0.0;1.0;4.0;4.0;A01
201800052827;2.0;1;0;0.0;2.0;7.0;17.0;A01
201800052827;2.0;7;0;0.0;2.0;8.0;13.0;B01
201800052828;1.0;7;0;0.0;2.0;4.0;23.0;B01
201800052828;1.0;34;0;0.0;2.0;1.0;2.0;A01
201800052829;2.0;7;0;1.0;0.0;9.0;14.0;A01
201800052830;0.0;7;0;0.0;2.0;1.0;15.0;A01
201800052830;0.0;99;0;0.0;2.0;7.0;19.0;B01
201800052831;2.0;1;0;0.0;1.0;1.0;1.0;A01
201800052832;1.0;33;0;7.0;0.0;1.0;5.0;A01
201800052833;2.0;7;0;0.0;2.0;4.0;23.0;B01
201800052833;2.0;10;0;0.0;2.0;1.0;1.0;A01
201800052834;1.0;14;0;0.0;2.0;6.0;23.0;B01
201800052834;1.0;7;0;0.0;2.0;3.0;2.0;A01
201800052835;2.0;30;0;12.0;0.0;2.0;14.0;A01
201800052836;2.0;7;0;0.0;1.0;6.0;4.0;A01
201800052837;2.0;37;50;0.0;2.0;3.0;7.0;B01
201800052837;2.0;7;0;0.0;2.0;7.0;16.0;A01
201800052838;0.0;33;0;0.0;2.0;4.0;2.0;B01
201800052838;0.0;34;0;0.0;2.0;1.0;2.0;A01
201800052839;1.0;7;0;0.0;1.0;8.0;1.0;A01
201800052840;2.0;33;0;0.0;2.0;8.0;1.0;B01
201800052840;2.0;7;0;0.0;2.0;0.0;16.0;A01
201800052841;2.0;30;0;0.0;1.0;1.0;16.0;A01
201800052842;1.0;31;0;0.0;1.0;0.0;16.0;Z01
201800052843;1.0;7;0;0.0;2.0;2.0;1.0;B01
201800052843;1.0;1;0;0.0;2.0;8.0;13.0;A01
201800052844;1.0;32;0;0.0;2.0;1.0;1.0;B01
201800052844;2.0;7;0;0.0;2.0;2.0;15.0;A01
201800052845;1.0;1;0;12.0;0.0;7.0;14.0;A01
201800052846;1.0;1;0;0.0;2.0;1.0;1.0;B01
201800052846;1.0;7;0;0.0;2.0;8.0;22.0;A01
201800052847;1.0;7;0;0.0;1.0;2.0;16.0;A01
201800052848;1.0;32;0;0.0;2.0;3.0;1.0;A01
201800052848;1.0;30;0;0.0;2.0;7.0;23.0;B01
201800052849;1.0;32;0;7.0;2.0;1.0;17.0;A01
201800052849;1.0;14;0;0.0;2.0;8.0;1.0;B01
201800052850;1.0;99;0;0.0;2.0;8.0;19.0;B01
201800052850;1.0;7;0;0.0;2.0;8.0;1.0;A01
201800052851;1.0;32;0;14.0;0.0;7.0;16.0;A01
201800052852;2.0;33;0;0.0;2.0;8.0;1.0;A01
201800052852;2.0;7;0;0.0;2.0;3.0;10.0;B01
201800052853;2.0;33;0;0.0;1.0;1.0;1.0;A01
201800052853;1.0;7;0;0.0;2.0;1.0;23.0;B01
201800052854;2.0;10;0;0.0;2.0;2.0;16.0;B01
201800052854;2.0;30;0;0.0;2.0;8.0;18.0;A01
201800052855;1.0;10;0;0.0;2.0;5.0;23.0;B01
201800052855;1.0;1;0;0.0;2.0;1.0;2.0;A01
201800052856;2.0;7;0;0.0;2.0;1.0;2.0;A01
201800052856;2.0;7;0;0.0;2.0;4.0;23.0;B01
201800052857;1.0;13;0;0.0;2.0;4.0;2.0;B01
201800052857;1.0;1;0;0.0;2.0;1.0;2.0;A01
201800052858;2.0;7;0;0.0;2.0;4.0;23.0;B01
201800052858;2.0;7;0;0.0;2.0;4.0;23.0;A01
201800052858;2.0;7;0;0.0;2.0;1.0;2.0;Z01
201800052859;0.0;32;0;0.0;2.0;3.0;18.0;A01
201800052859;0.0;7;0;0.0;2.0;2.0;1.0;B01
201800052860;1.0;32;0;0.0;2.0;8.0;1.0;A01
201800052860;1.0;7;0;0.0;2.0;8.0;16.0;B01
201800052861;2.0;31;0;0.0;1.0;2.0;1.0;A01
201800052862;0.0;7;0;0.0;2.0;4.0;23.0;B01
201800052862;1.0;7;0;0.0;2.0;1.0;2.0;A01
201800052863;1.0;10;0;0.0;1.0;1.0;15.0;A01
201800052864;1.0;7;0;0.0;2.0;7.0;1.0;C01
201800052864;1.0;7;0;0.0;2.0;2.0;1.0;B01
201800052864;2.0;7;0;0.0;2.0;3.0;1.0;A01
201800052865;1.0;7;0;0.0;2.0;1.0;1.0;C01
201800052865;1.0;10;0;0.0;2.0;4.0;15.0;B01
201800052865;1.0;7;0;0.0;2.0;1.0;1.0;Z01
201800052866;1.0;1;0;0.0;0.0;8.0;1.0;A01
201800052867;2.0;10;0;0.0;1.0;4.0;4.0;A01
201800052867;2.0;10;0;0.0;2.0;1.0;23.0;B01
201800052868;1.0;32;0;0.0;2.0;3.0;16.0;A01
201800052868;2.0;99;0;0.0;2.0;1.0;1.0;B01
201800052869;1.0;7;0;0.0;2.0;3.0;15.0;A01
201800052869;2.0;32;0;0.0;2.0;1.0;1.0;B01
201800052870;2.0;1;0;0.0;0.0;8.0;7.0;B01
201800052870;2.0;14;0;0.0;0.0;0.0;23.0;A01
201800052871;1.0;34;0;0.0;2.0;3.0;1.0;B01
201800052871;1.0;7;0;0.0;2.0;2.0;15.0;A01
201800052872;2.0;32;0;0.0;2.0;3.0;15.0;B01
201800052872;0.0;7;0;0.0;2.0;3.0;16.0;A01
201800052873;1.0;32;0;0.0;2.0;3.0;17.0;B01
201800052873;1.0;10;0;0.0;2.0;3.0;15.0;A01
201800052874;1.0;10;0;0.0;2.0;2.0;16.0;A01
201800052874;1.0;32;0;0.0;2.0;8.0;1.0;B01
201800052875;1.0;32;0;0.0;1.0;1.0;1.0;A01
201800052876;1.0;10;0;0.0;2.0;0.0;1.0;Z01
201800052876;1.0;1;0;0.0;2.0;0.0;22.0;A01
201800052877;1.0;34;0;0.0;1.0;8.0;1.0;Z01
201800052878;1.0;99;0;0.0;2.0;0.0;19.0;B01
201800052878;2.0;30;0;0.0;2.0;1.0;1.0;A01
201800052879;1.0;34;0;14.0;0.0;2.0;14.0;A01
201800052880;2.0;7;0;0.0;2.0;1.0;1.0;B01
201800052880;1.0;7;0;0.0;2.0;2.0;15.0;A01
201800052881;1.0;7;0;0.0;1.0;3.0;1.0;A01
201800052882;2.0;7;0;0.0;1.0;2.0;15.0;A01
201800052883;1.0;7;0;11.0;0.0;1.0;1.0;A01
201800052884;1.0;7;0;0.0;2.0;4.0;23.0;A01
201800052884;1.0;7;0;0.0;2.0;1.0;2.0;Z01
201800052885;2.0;30;0;0.0;1.0;1.0;1.0;A01
201800052886;2.0;7;0;0.0;2.0;3.0;16.0;A01
201800052886;1.0;7;0;0.0;2.0;3.0;1.0;B01
201800052887;2.0;7;0;0.0;1.0;0.0;15.0;Z01
201800052888;2.0;1;0;0.0;1.0;0.0;1.0;Z01
201800052889;2.0;32;0;0.0;1.0;5.0;1.0;A01
201800052890;2.0;30;0;0.0;2.0;1.0;1.0;B01
201800052890;1.0;30;0;0.0;2.0;1.0;5.0;A01
201800052891;1.0;33;0;0.0;1.0;1.0;1.0;A01
201800052892;1.0;7;0;0.0;2.0;6.0;23.0;A01
201800052892;0.0;7;0;0.0;2.0;0.0;2.0;Z01
201800052893;2.0;30;0;0.0;2.0;1.0;5.0;A01
201800052893;1.0;7;0;0.0;2.0;1.0;1.0;B01
201800052894;2.0;7;0;0.0;2.0;6.0;2.0;A01
201800052894;2.0;33;0;0.0;2.0;1.0;2.0;B01
201800052895;1.0;10;0;0.0;1.0;3.0;15.0;A01
201800052896;2.0;31;0;0.0;2.0;1.0;1.0;B01
201800052896;1.0;7;0;0.0;2.0;2.0;15.0;A01
201800052897;2.0;10;0;0.0;1.0;2.0;16.0;A01
201800052898;1.0;10;0;0.0;1.0;3.0;7.0;A01
201800052899;2.0;33;0;0.0;1.0;1.0;7.0;A01
201800052900;1.0;10;0;0.0;2.0;1.0;2.0;A01
201800052900;1.0;32;0;0.0;2.0;4.0;23.0;B01
201800052901;2.0;2;0;0.0;2.0;8.0;1.0;B01
201800052901;1.0;7;0;0.0;2.0;1.0;1.0;A01
201800052902;1.0;30;0;0.0;2.0;2.0;1.0;A01
201800052902;1.0;1;0;0.0;2.0;1.0;1.0;B01
201800052903;0.0;7;0;7.0;0.0;1.0;14.0;A01
201800052904;1.0;7;0;0.0;2.0;3.0;16.0;B01
201800052904;1.0;30;0;0.0;2.0;1.0;1.0;A01
201800052905;0.0;7;0;0.0;1.0;1.0;16.0;A01
201800052906;2.0;7;0;0.0;2.0;1.0;1.0;B01
201800052906;1.0;7;0;0.0;2.0;7.0;15.0;A01
201800052907;2.0;7;0;0.0;1.0;2.0;1.0;A01
201800052908;0.0;7;0;0.0;2.0;4.0;23.0;A01
201800052908;0.0;7;0;0.0;2.0;4.0;1.0;B01
201800052909;2.0;7;0;0.0;1.0;0.0;1.0;Z01
201800052910;1.0;2;0;0.0;2.0;2.0;15.0;A01
201800052910;1.0;37;0;0.0;2.0;6.0;15.0;B01
201800052911;2.0;10;0;0.0;1.0;7.0;1.0;A01
201800052912;1.0;7;0;0.0;1.0;1.0;1.0;A01
201800052913;2.0;7;0;0.0;2.0;8.0;22.0;A01
201800052913;2.0;1;0;0.0;2.0;1.0;1.0;B01
201800052914;0.0;7;0;6.0;0.0;1.0;16.0;A01
201800052915;2.0;1;0;0.0;1.0;7.0;1.0;A01
201800052916;1.0;7;0;0.0;2.0;1.0;2.0;A01
201800052916;1.0;1;0;0.0;2.0;4.0;2.0;B01
201800052917;2.0;7;0;0.0;1.0;4.0;4.0;A01
201800052918;1.0;33;0;0.0;2.0;1.0;2.0;A01
201800052918;1.0;7;0;0.0;2.0;6.0;23.0;B01
201800052919;1.0;7;0;0.0;1.0;2.0;1.0;A01
201800052920;2.0;2;0;0.0;0.0;0.0;1.0;A01
201800052921;2.0;7;0;0.0;2.0;5.0;12.0;Z01
201800052921;2.0;2;0;0.0;2.0;3.0;1.0;A01
201800052922;2.0;7;0;0.0;1.0;3.0;1.0;A01
201800052923;1.0;7;0;0.0;1.0;1.0;15.0;A01
201800052924;2.0;7;0;0.0;1.0;0.0;1.0;Z01
201800052925;1.0;7;0;0.0;2.0;2.0;17.0;B01
201800052925;1.0;1;0;0.0;2.0;4.0;13.0;A01
201800052926;1.0;7;0;1.0;1.0;1.0;15.0;A01
201800052926;1.0;7;0;0.0;2.0;4.0;23.0;B01
201800052927;1.0;30;0;0.0;2.0;1.0;1.0;A01
201800052927;1.0;7;0;16.0;2.0;5.0;23.0;B01
201800052928;1.0;32;0;0.0;1.0;0.0;18.0;Z01
201800052929;1.0;7;0;0.0;2.0;3.0;9.0;A01
201800052929;1.0;1;0;0.0;2.0;8.0;1.0;B01
201800052930;1.0;30;0;0.0;2.0;3.0;1.0;A01
201800052930;1.0;7;0;0.0;2.0;8.0;1.0;B01
201800052931;1.0;7;0;0.0;2.0;4.0;1.0;A01
201800052931;1.0;33;0;0.0;2.0;4.0;23.0;B01
201800052932;1.0;2;0;0.0;1.0;3.0;1.0;A01
201800052933;2.0;7;0;0.0;1.0;1.0;1.0;A01
201800052934;2.0;7;0;0.0;2.0;3.0;1.0;A01
201800052934;2.0;1;0;0.0;2.0;5.0;23.0;B01
201800052935;1.0;13;0;0.0;1.0;7.0;1.0;Z01
201800052936;2.0;7;0;0.0;2.0;1.0;15.0;A01
201800052936;2.0;34;0;0.0;2.0;3.0;1.0;B01
201800052937;1.0;7;0;0.0;1.0;1.0;1.0;A01
201800052938;1.0;30;0;0.0;1.0;7.0;1.0;A01
201800052939;2.0;7;0;0.0;1.0;2.0;1.0;A01
201800052940;1.0;7;0;0.0;2.0;2.0;16.0;A01
201800052940;1.0;1;0;0.0;2.0;1.0;1.0;B01
201800052941;2.0;2;0;0.0;0.0;7.0;1.0;A01
201800052942;1.0;33;0;12.0;0.0;1.0;1.0;A01
201800052943;1.0;7;0;0.0;2.0;2.0;15.0;A01
201800052943;1.0;7;0;0.0;2.0;8.0;1.0;B01
201800052944;1.0;31;0;0.0;2.0;8.0;1.0;B01
201800052944;1.0;1;0;0.0;2.0;7.0;14.0;A01
201800052945;2.0;1;0;1.0;0.0;1.0;1.0;A01
201800052946;1.0;33;0;1.0;0.0;1.0;1.0;A01
201800052947;1.0;10;0;0.0;2.0;6.0;15.0;B01
201800052947;2.0;1;0;0.0;2.0;1.0;1.0;A01
201800052948;1.0;1;0;0.0;2.0;3.0;18.0;B01
201800052948;1.0;7;0;0.0;2.0;2.0;22.0;A01
201800052949;2.0;7;0;0.0;1.0;4.0;4.0;A01
201800052950;1.0;37;0;0.0;2.0;3.0;15.0;A01
201800052950;2.0;1;0;0.0;2.0;6.0;1.0;B01
201800052951;1.0;33;0;0.0;2.0;8.0;23.0;C01
201800052951;1.0;33;0;0.0;2.0;1.0;2.0;A01
201800052951;1.0;7;0;0.0;2.0;6.0;23.0;B01
201800052952;2.0;7;0;0.0;1.0;1.0;1.0;A01
201800052953;1.0;33;0;0.0;0.0;2.0;1.0;A01
201800052954;2.0;33;0;0.0;2.0;5.0;21.0;A01
201800052955;1.0;33;0;0.0;2.0;1.0;17.0;B01
201800052955;1.0;14;0;0.0;2.0;8.0;22.0;A01
201800052956;1.0;2;0;0.0;0.0;3.0;21.0;A01
201800052957;1.0;7;0;0.0;2.0;2.0;16.0;A01
201800052957;1.0;2;0;0.0;2.0;1.0;18.0;B01
201800052958;1.0;7;0;0.0;2.0;2.0;1.0;A01
201800052958;1.0;33;0;0.0;2.0;1.0;1.0;B01
201800052959;2.0;7;0;0.0;2.0;7.0;19.0;A01
201800052959;1.0;2;0;0.0;2.0;3.0;1.0;B01
201800052960;1.0;7;0;0.0;2.0;8.0;23.0;C01
201800052960;2.0;7;0;0.0;2.0;3.0;9.0;A01
201800052960;2.0;31;0;0.0;2.0;1.0;1.0;B01
201800052961;2.0;32;0;0.0;0.0;7.0;16.0;A01
201800052962;2.0;7;0;0.0;1.0;1.0;1.0;A01
201800052963;2.0;32;0;0.0;2.0;4.0;23.0;B01
201800052963;2.0;7;0;0.0;2.0;1.0;1.0;A01
201800052964;1.0;31;0;0.0;2.0;3.0;11.0;A01
201800052964;1.0;7;0;0.0;2.0;5.0;1.0;B01
201800052965;1.0;7;0;1.0;1.0;1.0;1.0;A01
201800052966;1.0;7;0;0.0;1.0;2.0;15.0;A01
201800052967;1.0;7;0;0.0;2.0;3.0;11.0;A01
201800052967;2.0;2;0;0.0;2.0;1.0;1.0;B01
201800052968;1.0;10;0;0.0;2.0;8.0;1.0;B01
201800052968;2.0;30;0;0.0;2.0;1.0;1.0;A01
201800052969;1.0;7;0;0.0;2.0;7.0;1.0;A01
201800052969;1.0;2;0;0.0;2.0;6.0;18.0;B01
201800052970;1.0;32;0;0.0;2.0;1.0;1.0;B01
201800052970;1.0;33;0;0.0;2.0;6.0;15.0;A01
201800052971;1.0;34;0;0.0;2.0;0.0;17.0;A01
201800052971;1.0;7;0;0.0;2.0;0.0;15.0;B01
201800052972;2.0;2;0;0.0;2.0;3.0;1.0;B01
201800052972;1.0;7;0;0.0;2.0;1.0;15.0;A01
201800052973;1.0;7;0;0.0;2.0;2.0;15.0;A01
201800052973;2.0;31;0;0.0;2.0;1.0;1.0;B01
201800052974;2.0;33;0;0.0;2.0;7.0;17.0;B01
201800052974;2.0;10;0;0.0;2.0;3.0;15.0;A01
201800052975;1.0;31;0;0.0;2.0;1.0;1.0;A01
201800052975;1.0;10;0;0.0;2.0;3.0;9.0;B01
201800052976;1.0;10;0;0.0;2.0;3.0;15.0;A01
201800052976;1.0;30;0;0.0;2.0;2.0;17.0;B01
201800052977;2.0;7;0;9.0;0.0;1.0;1.0;A01
201800052978;2.0;7;0;0.0;2.0;2.0;1.0;B01
201800052978;1.0;10;0;8.0;2.0;3.0;1.0;A01
201800052979;1.0;7;0;0.0;2.0;3.0;13.0;A01
201800052979;1.0;32;0;0.0;2.0;7.0;3.0;B01
201800052980;2.0;2;0;0.0;1.0;1.0;1.0;A01
201800052981;1.0;34;0;0.0;2.0;4.0;15.0;A01
201800052981;1.0;34;0;0.0;2.0;4.0;1.0;B01
201800052982;2.0;2;0;0.0;2.0;8.0;1.0;B01
201800052982;2.0;2;0;0.0;2.0;7.0;14.0;A01
201800052983;1.0;7;0;0.0;2.0;1.0;1.0;A01
201800052983;2.0;7;0;0.0;2.0;8.0;1.0;B01
201800052984;1.0;1;0;0.0;2.0;1.0;5.0;A01
201800052984;2.0;7;0;0.0;2.0;2.0;9.0;B01
201800052985;1.0;1;0;0.0;2.0;1.0;7.0;B01
201800052985;2.0;7;0;1.0;9.0;0.0;22.0;A01
201800052986;2.0;32;0;0.0;2.0;8.0;18.0;A01
201800052986;2.0;7;0;0.0;2.0;2.0;16.0;B01
201800052987;1.0;2;0;0.0;2.0;3.0;7.0;B01
201800052987;2.0;2;0;0.0;2.0;2.0;15.0;A01
201800052988;1.0;7;0;0.0;1.0;4.0;4.0;A01
201800052989;1.0;30;0;0.0;0.0;7.0;1.0;A01
201800052990;1.0;32;0;0.0;2.0;1.0;1.0;B01
201800052990;2.0;7;0;0.0;2.0;4.0;9.0;A01
201800052991;2.0;7;0;0.0;1.0;3.0;15.0;A01
201800052992;1.0;33;0;0.0;2.0;1.0;1.0;A01
201800052992;1.0;7;0;0.0;2.0;5.0;1.0;B01
201800052993;1.0;1;0;12.0;0.0;1.0;14.0;A01
201800052994;2.0;32;0;0.0;2.0;6.0;15.0;A01
201800052994;2.0;30;0;0.0;2.0;1.0;1.0;Z01
201800052995;1.0;7;0;0.0;2.0;3.0;15.0;A01
201800052995;1.0;32;0;0.0;2.0;2.0;17.0;B01
201800052996;2.0;7;0;0.0;1.0;2.0;1.0;A01
201800052997;1.0;7;0;0.0;2.0;1.0;1.0;A01
201800052997;2.0;7;0;0.0;2.0;4.0;1.0;B01
201800052998;1.0;2;0;12.0;1.0;1.0;1.0;Z01
201800052999;2.0;2;0;0.0;2.0;1.0;1.0;B01
201800052999;2.0;7;0;0.0;2.0;3.0;9.0;A01
201800053000;2.0;30;0;0.0;2.0;1.0;17.0;B01
201800053000;2.0;7;0;0.0;2.0;3.0;15.0;A01
201800053001;2.0;7;0;0.0;1.0;1.0;1.0;A01
201800053002;2.0;30;0;0.0;2.0;1.0;18.0;B01
201800053002;2.0;10;0;0.0;2.0;2.0;22.0;A01
201800053003;1.0;2;0;0.0;2.0;1.0;18.0;A01
201800053003;1.0;7;0;0.0;2.0;7.0;22.0;B01
201800053004;1.0;7;0;8.0;0.0;3.0;13.0;A01
201800053005;1.0;34;0;0.0;2.0;1.0;17.0;B01
201800053005;1.0;7;0;0.0;2.0;8.0;15.0;A01
201800053006;1.0;7;0;0.0;1.0;1.0;16.0;A01
201800053007;2.0;1;0;1.0;2.0;1.0;22.0;B01
201800053007;2.0;7;0;1.0;2.0;1.0;1.0;A01
201800053008;1.0;7;0;0.0;2.0;2.0;15.0;A01
201800053008;2.0;2;0;0.0;2.0;1.0;1.0;B01
201800053009;2.0;7;0;0.0;1.0;1.0;1.0;A01
201800053010;1.0;2;0;0.0;2.0;1.0;9.0;A01
201800053010;1.0;2;0;0.0;2.0;1.0;1.0;B01
201800053011;2.0;33;0;0.0;1.0;1.0;15.0;A01
201800053012;2.0;7;0;0.0;1.0;1.0;16.0;A01
201800053013;1.0;34;0;0.0;2.0;4.0;23.0;A01
201800053013;1.0;7;0;0.0;2.0;1.0;2.0;Z01
201800053014;2.0;7;0;0.0;2.0;8.0;15.0;A01
201800053014;2.0;34;0;0.0;2.0;1.0;1.0;B01
201800053015;1.0;7;0;0.0;1.0;3.0;9.0;A01
201800053016;2.0;2;0;0.0;2.0;1.0;9.0;Z01
201800053016;1.0;32;0;0.0;2.0;1.0;17.0;A01
201800053017;1.0;99;0;0.0;2.0;3.0;19.0;B01
201800053017;1.0;7;0;0.0;2.0;3.0;16.0;A01
201800053018;1.0;7;0;0.0;2.0;3.0;15.0;A01
201800053018;2.0;31;0;0.0;2.0;8.0;1.0;B01
201800053019;1.0;7;0;0.0;2.0;2.0;15.0;A01
201800053019;2.0;2;0;0.0;2.0;1.0;1.0;B01
201800053020;0.0;1;0;0.0;2.0;5.0;1.0;B01
201800053020;2.0;7;0;0.0;2.0;3.0;1.0;A01
201800053021;2.0;34;0;12.0;0.0;0.0;20.0;A01
201800053022;1.0;7;0;0.0;2.0;7.0;13.0;Z01
201800053022;1.0;31;0;0.0;2.0;7.0;17.0;A01
201800053023;1.0;7;0;0.0;2.0;3.0;23.0;B01
201800053023;2.0;30;0;0.0;1.0;6.0;1.0;A01
201800053024;2.0;7;0;0.0;1.0;1.0;1.0;Z01
201800053025;1.0;7;0;0.0;1.0;2.0;16.0;A01
201800053026;1.0;7;0;0.0;2.0;1.0;1.0;A01
201800053026;1.0;99;0;0.0;2.0;1.0;19.0;B01
201800053027;1.0;2;0;0.0;0.0;0.0;14.0;A01
201800053028;1.0;7;0;0.0;2.0;1.0;1.0;A01
201800053028;1.0;7;0;0.0;2.0;4.0;23.0;B01
201800053029;2.0;1;0;0.0;2.0;1.0;19.0;B01
201800053029;2.0;7;0;0.0;2.0;1.0;1.0;A01
201800053030;1.0;7;0;0.0;2.0;2.0;15.0;A01
201800053030;2.0;31;0;0.0;2.0;1.0;1.0;B01
201800053031;1.0;7;0;0.0;2.0;8.0;22.0;A01
201800053031;1.0;1;0;0.0;2.0;1.0;1.0;B01
201800053032;1.0;31;0;0.0;2.0;1.0;1.0;B01
201800053032;1.0;7;0;0.0;2.0;2.0;1.0;A01