Num_Acc;senc;catv;occutc;obs;obsm;choc;manv;num_veh
201800053547;2.0;1;0;1.0;0.0;8.0;1.0;B01
201800053548;1.0;7;0;0.0;1.0;0.0;1.0;A01
201800053549;1.0;1;0;0.0;2.0;1.0;1.0;A01
201800053549;0.0;1;0;0.0;2.0;6.0;1.0;B01
201800053550;1.0;7;0;0.0;2.0;1.0;2.0;A01
201800053550;1.0;7;0;0.0;2.0;4.0;2.0;B01
201800053551;1.0;7;0;0.0;2.0;7.0;1.0;A01
201800053551;1.0;30;0;0.0;2.0;8.0;1.0;B01
201800053552;1.0;7;0;0.0;1.0;3.0;7.0;A01
201800053553;1.0;7;0;0.0;2.0;5.0;15.0;A01
201800053553;2.0;1;0;0.0;2.0;1.0;2.0;C01
201800053553;2.0;1;0;0.0;2.0;1.0;2.0;B01
201800053554;1.0;10;0;0.0;2.0;3.0;10.0;A01
201800053554;1.0;30;0;0.0;2.0;1.0;1.0;B01
201800053555;2.0;33;0;0.0;1.0;1.0;1.0;A01
201800053556;1.0;7;0;0.0;2.0;3.0;13.0;A01
201800053556;1.0;32;0;0.0;2.0;7.0;17.0;B01
201800053557;0.0;1;0;0.0;2.0;6.0;1.0;B01
201800053557;1.0;34;0;0.0;2.0;2.0;1.0;A01
201800053558;2.0;32;0;0.0;1.0;1.0;1.0;Z01
201800053559;1.0;7;0;0.0;2.0;4.0;4.0;A01
201800053559;1.0;99;0;0.0;2.0;8.0;19.0;B01
201800053560;1.0;7;0;0.0;2.0;6.0;23.0;A01
201800053560;1.0;7;0;0.0;2.0;2.0;2.0;Z01
201800053561;2.0;99;0;0.0;2.0;1.0;5.0;B01
201800053561;1.0;7;0;0.0;2.0;7.0;9.0;A01
201800053562;2.0;32;0;0.0;2.0;3.0;18.0;B01
201800053562;2.0;7;0;0.0;2.0;2.0;14.0;A01
201800053563;0.0;32;0;0.0;1.0;1.0;1.0;A01
201800053564;1.0;10;0;0.0;2.0;4.0;4.0;A01
201800053564;1.0;31;0;0.0;2.0;1.0;23.0;B01
201800053565;2.0;7;0;12.0;0.0;1.0;13.0;A01
201800053565;1.0;7;0;0.0;2.0;1.0;1.0;B01
201800053566;1.0;30;0;14.0;0.0;2.0;1.0;A01
201800053567;1.0;33;0;0.0;2.0;7.0;16.0;B01
201800053567;1.0;33;0;1.0;2.0;1.0;1.0;A01
201800053568;1.0;1;0;0.0;0.0;1.0;1.0;A01
201800053569;2.0;30;0;0.0;0.0;1.0;5.0;A01
201800053570;0.0;7;0;0.0;2.0;5.0;2.0;B01
201800053570;0.0;33;0;0.0;2.0;3.0;2.0;A01
201800053571;0.0;7;0;0.0;2.0;4.0;2.0;B01
201800053571;0.0;7;0;0.0;2.0;1.0;2.0;A01
201800053572;1.0;10;0;0.0;2.0;5.0;24.0;B01
201800053572;1.0;7;0;1.0;0.0;3.0;14.0;A01
201800053573;2.0;7;0;0.0;1.0;3.0;1.0;A01
201800053574;1.0;10;0;0.0;2.0;3.0;2.0;A01
201800053574;1.0;10;0;0.0;2.0;5.0;2.0;B01
201800053575;2.0;30;0;0.0;2.0;7.0;17.0;B01
201800053575;2.0;7;0;0.0;2.0;8.0;15.0;A01
201800053576;1.0;7;0;12.0;1.0;5.0;16.0;A01
201800053577;1.0;10;0;0.0;1.0;1.0;7.0;Z01
201800053578;1.0;30;0;0.0;1.0;1.0;1.0;A01
201800053579;1.0;7;0;0.0;2.0;2.0;1.0;A01
201800053579;0.0;99;0;0.0;2.0;7.0;19.0;B01
201800053580;1.0;7;0;0.0;1.0;7.0;1.0;A01
201800053581;1.0;2;0;0.0;2.0;1.0;2.0;A01
201800053581;1.0;7;0;0.0;2.0;6.0;23.0;B01
201800053582;2.0;1;0;0.0;2.0;3.0;1.0;B01
201800053582;2.0;33;0;0.0;2.0;2.0;17.0;A01
201800053583;0.0;10;0;0.0;2.0;3.0;2.0;A01
201800053583;0.0;7;0;0.0;2.0;6.0;2.0;B01
201800053584;2.0;7;0;0.0;2.0;1.0;5.0;Z01
201800053584;1.0;1;0;0.0;2.0;1.0;16.0;A01
201800053585;0.0;7;0;0.0;2.0;2.0;1.0;B01
201800053585;0.0;7;0;0.0;2.0;2.0;15.0;A01
201800053586;1.0;32;0;0.0;2.0;1.0;7.0;A01
201800053586;1.0;32;0;0.0;2.0;5.0;16.0;B01
201800053587;1.0;7;0;0.0;1.0;7.0;1.0;A01
201800053588;0.0;7;0;0.0;2.0;4.0;2.0;B01
201800053588;0.0;10;0;0.0;2.0;1.0;2.0;A01
201800053589;2.0;30;0;0.0;2.0;1.0;1.0;B01
201800053589;1.0;7;0;0.0;2.0;3.0;1.0;A01
201800053590;0.0;7;0;0.0;2.0;6.0;23.0;B01
201800053590;1.0;30;0;0.0;2.0;1.0;2.0;A01
201800053591;2.0;7;0;6.0;2.0;1.0;17.0;A01
201800053591;2.0;7;0;0.0;2.0;8.0;23.0;B01
201800053592;0.0;7;0;0.0;1.0;1.0;15.0;A01
201800053593;1.0;32;0;0.0;1.0;1.0;1.0;A01
201800053594;1.0;7;0;0.0;1.0;3.0;15.0;A01
201800053595;2.0;7;0;0.0;1.0;3.0;7.0;A01
201800053596;1.0;7;0;0.0;2.0;8.0;1.0;B01
201800053596;0.0;7;0;0.0;2.0;2.0;15.0;A01
201800053597;2.0;10;0;0.0;1.0;1.0;15.0;A01
201800053598;2.0;30;0;0.0;2.0;7.0;14.0;A01
201800053598;2.0;37;1;0.0;2.0;6.0;1.0;B01
201800053599;1.0;33;0;12.0;2.0;8.0;1.0;B01
201800053599;1.0;7;0;0.0;2.0;7.0;16.0;A01
201800053600;2.0;10;0;0.0;2.0;4.0;2.0;B01
201800053600;2.0;7;0;0.0;2.0;1.0;2.0;A01
201800053601;2.0;7;0;0.0;2.0;3.0;10.0;B01
201800053601;2.0;99;0;0.0;2.0;2.0;17.0;A01
201800053602;0.0;32;0;0.0;0.0;7.0;1.0;A01
201800053603;2.0;7;0;0.0;1.0;3.0;1.0;A01
201800053604;2.0;7;0;0.0;2.0;6.0;13.0;A01
201800053604;2.0;33;0;0.0;2.0;7.0;1.0;B01
201800053605;1.0;13;0;0.0;2.0;6.0;1.0;B01
201800053605;1.0;30;0;0.0;2.0;0.0;17.0;A01
201800053606;0.0;30;0;0.0;2.0;1.0;1.0;A01
201800053606;0.0;1;0;0.0;2.0;3.0;19.0;B01
201800053607;0.0;7;0;0.0;2.0;3.0;11.0;A01
201800053607;0.0;33;0;0.0;2.0;1.0;1.0;B01
201800053608;0.0;38;23;0.0;2.0;2.0;1.0;B01
201800053608;0.0;31;0;12.0;2.0;8.0;18.0;A01
201800053609;1.0;31;0;0.0;2.0;0.0;1.0;A01
201800053609;1.0;7;0;0.0;2.0;0.0;10.0;Z01
201800053610;1.0;32;0;0.0;0.0;8.0;1.0;A01
201800053611;2.0;7;0;0.0;2.0;6.0;15.0;B01
201800053611;2.0;32;0;0.0;2.0;1.0;1.0;A01
201800053612;1.0;7;0;0.0;2.0;1.0;16.0;A01
201800053612;1.0;31;0;0.0;2.0;7.0;1.0;B01
201800053613;1.0;31;0;0.0;0.0;0.0;1.0;A01
201800053614;1.0;33;0;0.0;2.0;8.0;1.0;B01
201800053614;1.0;7;0;0.0;2.0;5.0;12.0;A01
201800053615;2.0;7;0;0.0;1.0;4.0;4.0;A01
201800053616;2.0;34;0;0.0;0.0;0.0;17.0;A01
201800053617;1.0;30;0;0.0;0.0;0.0;1.0;A01
201800053618;2.0;7;0;9.0;0.0;2.0;14.0;A01
201800053619;0.0;7;0;2.0;0.0;1.0;13.0;A01
201800053620;1.0;30;0;0.0;2.0;1.0;1.0;A01
201800053620;1.0;7;0;0.0;2.0;3.0;15.0;B01
201800053621;1.0;7;0;0.0;2.0;4.0;23.0;C01
201800053621;1.0;10;0;0.0;2.0;2.0;2.0;A01
201800053621;1.0;10;0;0.0;2.0;4.0;23.0;B01
201800053622;1.0;30;0;0.0;2.0;1.0;1.0;A01
201800053622;1.0;7;0;0.0;2.0;3.0;16.0;B01
201800053623;2.0;30;0;0.0;1.0;0.0;17.0;Z01
201800053624;2.0;30;0;0.0;1.0;1.0;17.0;A01
201800053625;1.0;7;0;0.0;1.0;1.0;7.0;A01
201800053626;2.0;33;0;0.0;1.0;1.0;1.0;A01
201800053627;2.0;7;0;0.0;2.0;2.0;15.0;A01
201800053627;1.0;7;0;0.0;2.0;3.0;1.0;B01
201800053628;1.0;7;0;0.0;2.0;5.0;22.0;A01
201800053628;1.0;30;0;0.0;2.0;1.0;21.0;B01
201800053629;1.0;7;0;0.0;1.0;3.0;15.0;A01
201800053630;0.0;7;0;0.0;2.0;3.0;10.0;A01
201800053630;0.0;32;0;0.0;2.0;7.0;17.0;B01
201800053631;2.0;7;0;0.0;1.0;1.0;1.0;Z01
201800053632;2.0;7;0;0.0;1.0;4.0;4.0;A01
201800053633;2.0;7;0;0.0;2.0;1.0;2.0;B01
201800053633;1.0;7;0;0.0;2.0;1.0;2.0;A01
201800053633;1.0;7;0;0.0;2.0;1.0;2.0;Z01
201800053634;1.0;7;0;0.0;2.0;8.0;15.0;B01
201800053634;2.0;2;0;0.0;2.0;1.0;17.0;A01
201800053635;1.0;3;0;15.0;0.0;1.0;14.0;A01
201800053636;2.0;10;0;0.0;1.0;2.0;16.0;A01
201800053637;1.0;10;0;0.0;2.0;8.0;24.0;B01
201800053637;1.0;7;0;1.0;2.0;7.0;14.0;A01
201800053637;0.0;7;0;0.0;2.0;8.0;24.0;C01
201800053638;1.0;2;0;0.0;2.0;3.0;18.0;B01
201800053638;1.0;7;0;0.0;2.0;5.0;14.0;A01
201800053639;2.0;7;0;0.0;2.0;3.0;1.0;A01
201800053639;2.0;7;0;8.0;2.0;5.0;16.0;B01
201800053640;1.0;7;0;0.0;2.0;1.0;2.0;A01
201800053640;1.0;34;0;0.0;2.0;4.0;23.0;B01
201800053641;2.0;32;0;0.0;2.0;1.0;17.0;A01
201800053641;2.0;7;0;0.0;2.0;3.0;16.0;B01
201800053642;2.0;7;0;0.0;2.0;1.0;1.0;B01
201800053642;1.0;7;0;0.0;2.0;5.0;1.0;A01
201800053643;1.0;32;0;0.0;0.0;8.0;1.0;A01
201800053644;1.0;7;0;7.0;2.0;5.0;15.0;B01
201800053644;2.0;7;0;0.0;2.0;3.0;1.0;A01
201800053645;2.0;31;0;0.0;2.0;7.0;17.0;B01
201800053645;2.0;7;0;0.0;2.0;8.0;10.0;A01
201800053646;2.0;10;0;0.0;2.0;4.0;23.0;B01
201800053646;2.0;30;0;0.0;2.0;1.0;2.0;A01
201800053647;2.0;30;0;0.0;2.0;1.0;1.0;A01
201800053647;2.0;10;0;0.0;2.0;2.0;15.0;B01
201800053648;2.0;30;0;6.0;0.0;1.0;14.0;A01
201800053649;2.0;33;0;0.0;0.0;7.0;1.0;A01
201800053650;1.0;2;0;0.0;2.0;3.0;1.0;B01
201800053650;1.0;7;0;0.0;2.0;2.0;1.0;A01
201800053651;1.0;10;0;2.0;0.0;1.0;14.0;A01
201800053652;1.0;7;0;15.0;0.0;2.0;13.0;A01
201800053653;2.0;32;0;0.0;2.0;7.0;17.0;B01
201800053653;2.0;7;0;0.0;2.0;6.0;13.0;A01
201800053654;2.0;34;0;0.0;2.0;2.0;1.0;B01
201800053654;2.0;7;0;0.0;2.0;5.0;1.0;A01
201800053655;2.0;7;0;0.0;1.0;1.0;15.0;A01
201800053656;1.0;7;0;0.0;2.0;8.0;2.0;B01
201800053656;1.0;7;0;0.0;2.0;2.0;2.0;A01
201800053657;2.0;7;0;0.0;1.0;0.0;1.0;Z01
201800053658;2.0;7;0;0.0;2.0;4.0;2.0;B01
201800053658;2.0;2;0;0.0;2.0;1.0;2.0;A01
201800053659;2.0;7;0;0.0;1.0;1.0;1.0;A01
201800053660;2.0;7;0;0.0;2.0;3.0;10.0;A01
201800053660;2.0;33;0;0.0;2.0;2.0;9.0;B01
201800053661;2.0;7;0;0.0;2.0;6.0;1.0;B01
201800053661;1.0;31;0;0.0;2.0;1.0;15.0;A01
201800053662;1.0;7;0;0.0;2.0;2.0;1.0;A01
201800053662;1.0;31;0;0.0;2.0;8.0;13.0;B01
201800053663;2.0;33;0;0.0;1.0;1.0;1.0;A01
201800053664;2.0;30;0;0.0;2.0;1.0;1.0;A01
201800053664;2.0;10;0;0.0;2.0;4.0;23.0;B01
201800053665;1.0;7;0;7.0;0.0;1.0;1.0;A01
201800053666;0.0;7;0;15.0;0.0;7.0;13.0;A01
201800053667;1.0;32;0;0.0;0.0;0.0;21.0;A01
201800053668;1.0;10;0;0.0;1.0;1.0;1.0;A01
201800053669;1.0;10;0;0.0;1.0;1.0;1.0;A01
201800053670;1.0;34;0;0.0;2.0;1.0;1.0;A01
201800053670;1.0;7;0;0.0;2.0;8.0;9.0;B01
201800053671;2.0;34;0;1.0;0.0;1.0;14.0;A01
201800053672;1.0;2;0;0.0;2.0;8.0;1.0;A01
201800053672;1.0;7;0;0.0;2.0;6.0;17.0;B01
201800053673;2.0;7;0;0.0;1.0;2.0;15.0;A01
201800053674;2.0;7;0;0.0;2.0;4.0;1.0;A01
201800053674;2.0;7;0;0.0;2.0;5.0;23.0;C01
201800053674;2.0;1;0;0.0;2.0;4.0;23.0;B01
201800053675;2.0;7;0;0.0;1.0;1.0;1.0;A01
201800053676;2.0;7;0;0.0;1.0;2.0;1.0;A01
201800053677;2.0;7;0;0.0;2.0;1.0;1.0;A01
201800053677;2.0;7;0;0.0;2.0;4.0;23.0;B01
201800053678;2.0;7;0;0.0;2.0;3.0;1.0;B01
201800053678;2.0;7;0;0.0;2.0;1.0;1.0;C01
201800053678;1.0;1;0;0.0;2.0;1.0;5.0;A01
201800053679;2.0;7;0;0.0;1.0;1.0;9.0;A01
201800053680;1.0;1;0;0.0;2.0;4.0;19.0;B01
201800053680;2.0;7;0;0.0;2.0;2.0;1.0;A01
201800053681;1.0;7;0;0.0;2.0;3.0;1.0;B01
201800053681;1.0;32;0;0.0;2.0;7.0;1.0;A01
201800053682;2.0;32;0;0.0;2.0;1.0;13.0;Z01
201800053682;1.0;32;0;0.0;2.0;1.0;1.0;A01
201800053683;2.0;7;0;0.0;2.0;3.0;1.0;A01
201800053683;1.0;7;0;0.0;2.0;1.0;10.0;B01
201800053684;1.0;33;0;0.0;2.0;1.0;1.0;A01
201800053684;1.0;7;0;0.0;2.0;7.0;15.0;B01
201800053685;1.0;32;0;0.0;1.0;2.0;1.0;A01
201800053686;1.0;2;0;0.0;1.0;1.0;1.0;Z01
201800053687;2.0;7;0;0.0;1.0;1.0;15.0;A01
201800053688;1.0;32;0;0.0;1.0;3.0;1.0;A01
201800053689;1.0;7;0;1.0;2.0;2.0;9.0;A01
201800053689;0.0;7;0;0.0;2.0;6.0;24.0;B01
201800053690;1.0;10;0;0.0;1.0;1.0;1.0;A01
201800053691;1.0;7;0;0.0;1.0;2.0;16.0;A01
201800053692;2.0;32;0;11.0;0.0;1.0;1.0;A01
201800053693;1.0;32;0;0.0;0.0;8.0;1.0;A01
201800053694;1.0;7;0;0.0;2.0;3.0;13.0;A01
201800053694;1.0;31;0;0.0;2.0;2.0;1.0;B01
201800053695;2.0;7;0;0.0;2.0;3.0;9.0;A01
201800053695;2.0;31;0;0.0;2.0;2.0;1.0;B01
201800053696;2.0;34;0;0.0;2.0;1.0;17.0;B01
201800053696;2.0;7;0;0.0;2.0;3.0;15.0;A01
201800053697;1.0;7;0;0.0;2.0;4.0;9.0;A01
201800053697;1.0;1;0;0.0;2.0;1.0;1.0;B01
201800053698;2.0;2;0;0.0;1.0;1.0;1.0;A01
201800053699;1.0;7;0;0.0;1.0;2.0;1.0;A01
201800053700;1.0;33;0;0.0;2.0;7.0;17.0;B01
201800053700;1.0;7;0;0.0;2.0;1.0;10.0;A01
201800053701;2.0;7;0;0.0;2.0;2.0;9.0;A01
201800053701;2.0;34;0;0.0;2.0;8.0;1.0;B01
201800053702;1.0;2;0;0.0;1.0;1.0;1.0;A01
201800053703;1.0;7;0;0.0;2.0;3.0;15.0;B01
201800053703;1.0;34;0;0.0;2.0;1.0;17.0;A01
201800053704;1.0;33;0;0.0;1.0;0.0;1.0;Z01
201800053705;1.0;2;0;0.0;2.0;1.0;1.0;A01
201800053705;1.0;7;0;0.0;2.0;3.0;15.0;B01
201800053706;2.0;10;0;0.0;2.0;6.0;24.0;B01
201800053706;2.0;14;0;1.0;2.0;5.0;22.0;A01
201800053707;1.0;7;0;0.0;1.0;1.0;5.0;Z01
201800053708;1.0;7;0;0.0;2.0;1.0;1.0;A01
201800053708;1.0;32;0;0.0;2.0;7.0;1.0;B01
201800053709;2.0;34;0;1.0;0.0;1.0;13.0;A01
201800053710;1.0;7;0;0.0;2.0;8.0;1.0;A01
201800053710;1.0;7;0;0.0;2.0;3.0;1.0;B01
201800053711;1.0;10;0;0.0;1.0;2.0;1.0;A01
201800053712;1.0;2;0;0.0;2.0;1.0;1.0;A01
201800053712;2.0;30;0;0.0;2.0;3.0;9.0;B01
201800053712;1.0;7;0;0.0;2.0;6.0;23.0;C01
201800053713;2.0;30;0;0.0;2.0;1.0;1.0;A01
201800053713;1.0;2;0;0.0;2.0;2.0;15.0;B01
201800053714;2.0;7;0;0.0;1.0;4.0;20.0;A01
201800053715;1.0;7;0;0.0;2.0;2.0;1.0;A01
201800053715;2.0;34;0;0.0;2.0;8.0;1.0;B01
201800053716;1.0;33;0;0.0;1.0;1.0;1.0;A01
201800053717;2.0;7;0;0.0;2.0;8.0;1.0;A01
201800053717;2.0;7;0;0.0;2.0;0.0;14.0;Z01
201800053718;1.0;33;0;0.0;1.0;1.0;17.0;A01
201800053719;2.0;7;0;0.0;2.0;8.0;15.0;A01
201800053719;2.0;2;0;0.0;2.0;7.0;17.0;B01
201800053720;1.0;7;0;0.0;2.0;4.0;2.0;B01
201800053720;1.0;7;0;0.0;2.0;1.0;2.0;A01
201800053721;2.0;7;0;0.0;1.0;1.0;1.0;A01
201800053722;2.0;2;0;0.0;1.0;1.0;1.0;A01
201800053723;1.0;10;0;0.0;2.0;1.0;1.0;A01
201800053723;0.0;7;0;0.0;2.0;7.0;1.0;B01
201800053724;1.0;10;0;0.0;2.0;4.0;2.0;B01
201800053724;1.0;2;0;0.0;2.0;1.0;2.0;A01
201800053725;1.0;7;0;0.0;2.0;2.0;15.0;B01
201800053725;1.0;30;0;0.0;2.0;1.0;17.0;A01
201800053726;2.0;33;0;0.0;2.0;8.0;18.0;B01
201800053726;1.0;7;0;0.0;2.0;3.0;15.0;A01
201800053727;0.0;99;0;0.0;2.0;0.0;0.0;R01
201800053727;1.0;7;0;0.0;2.0;1.0;1.0;Z01
201800053728;1.0;33;0;0.0;2.0;1.0;23.0;A01
201800053728;1.0;3;0;0.0;2.0;1.0;5.0;Z01
201800053729;1.0;7;0;0.0;2.0;3.0;13.0;A01
201800053729;1.0;7;0;11.0;2.0;2.0;17.0;B01
201800053730;2.0;31;0;0.0;2.0;3.0;1.0;B01
201800053730;2.0;30;0;0.0;2.0;2.0;1.0;A01
201800053731;1.0;2;0;0.0;2.0;2.0;17.0;A01
201800053731;1.0;7;0;0.0;2.0;3.0;15.0;B01
201800053732;2.0;7;0;0.0;2.0;3.0;1.0;B01
201800053732;1.0;33;0;0.0;2.0;1.0;1.0;A01
201800053733;1.0;7;0;0.0;1.0;2.0;1.0;A01
201800053734;1.0;32;0;0.0;0.0;1.0;1.0;A01
201800053735;1.0;7;0;0.0;2.0;5.0;10.0;B01
201800053735;2.0;34;0;0.0;2.0;1.0;1.0;A01
201800053736;1.0;7;0;0.0;2.0;7.0;14.0;A01
201800053736;1.0;2;0;0.0;2.0;8.0;1.0;B01
201800053737;2.0;10;0;0.0;2.0;4.0;23.0;C01
201800053737;2.0;7;0;0.0;2.0;3.0;2.0;A01
201800053737;2.0;7;0;0.0;2.0;5.0;23.0;B01
201800053738;1.0;32;0;0.0;1.0;1.0;1.0;Z01
201800053739;2.0;31;0;0.0;2.0;3.0;3.0;B01
201800053739;2.0;7;0;0.0;2.0;2.0;12.0;A01
201800053740;2.0;10;0;0.0;2.0;2.0;16.0;B01
201800053740;2.0;2;0;0.0;2.0;8.0;18.0;A01
201800053741;2.0;30;0;0.0;1.0;1.0;1.0;A01
201800053742;2.0;31;0;0.0;2.0;3.0;18.0;A01
201800053742;2.0;7;0;0.0;2.0;5.0;16.0;B01
201800053743;1.0;34;0;0.0;2.0;2.0;17.0;B01
201800053743;1.0;7;0;0.0;2.0;3.0;15.0;A01
201800053744;1.0;7;0;0.0;2.0;6.0;23.0;B01
201800053744;1.0;7;0;0.0;2.0;2.0;1.0;A01
201800053745;2.0;30;0;0.0;2.0;2.0;1.0;B01
201800053745;1.0;10;0;0.0;2.0;3.0;10.0;A01
201800053746;2.0;33;0;0.0;1.0;1.0;1.0;A01
201800053747;1.0;2;0;0.0;1.0;3.0;1.0;A01
201800053748;2.0;7;0;0.0;1.0;1.0;1.0;A01
201800053749;1.0;32;0;0.0;2.0;8.0;18.0;B01
201800053749;1.0;17;0;0.0;2.0;7.0;12.0;A01
201800053750;0.0;99;0;0.0;2.0;1.0;19.0;A01
201800053750;2.0;7;0;0.0;2.0;7.0;1.0;B01
201800053751;1.0;7;0;0.0;1.0;3.0;1.0;A01
201800053752;2.0;2;0;0.0;1.0;1.0;1.0;A01
201800053753;2.0;7;0;1.0;0.0;3.0;14.0;A01
201800053754;2.0;10;0;0.0;1.0;8.0;15.0;A01
201800053754;0.0;99;0;0.0;2.0;0.0;0.0;R01
201800053755;2.0;2;0;0.0;2.0;8.0;1.0;B01
201800053755;2.0;7;0;0.0;2.0;1.0;1.0;A01
201800053756;1.0;7;0;0.0;2.0;5.0;10.0;B01
201800053756;1.0;33;0;0.0;2.0;1.0;1.0;A01
201800053756;1.0;7;0;0.0;2.0;4.0;23.0;C01
201800053757;1.0;2;0;0.0;2.0;1.0;1.0;A01
201800053757;2.0;7;0;0.0;2.0;6.0;1.0;B01
201800053758;1.0;7;0;0.0;2.0;3.0;1.0;A01
201800053758;1.0;1;0;0.0;2.0;3.0;19.0;B01
201800053759;1.0;34;0;0.0;2.0;1.0;1.0;A01
201800053759;1.0;7;0;0.0;2.0;3.0;10.0;Z01
201800053760;2.0;7;0;0.0;2.0;1.0;15.0;Z01
201800053760;2.0;32;0;0.0;2.0;3.0;18.0;A01
201800053761;1.0;33;0;0.0;2.0;3.0;1.0;B01
201800053761;1.0;7;0;0.0;2.0;2.0;10.0;A01
201800053762;1.0;7;0;0.0;1.0;4.0;20.0;A01
201800053763;1.0;1;0;0.0;2.0;6.0;1.0;A01
201800053763;1.0;7;0;0.0;2.0;7.0;14.0;Z01
201800053764;1.0;7;0;0.0;2.0;4.0;23.0;B01
201800053764;1.0;7;0;0.0;2.0;4.0;23.0;C01
201800053764;1.0;7;0;0.0;2.0;1.0;2.0;A01
201800053765;2.0;32;0;0.0;2.0;8.0;1.0;A01
201800053765;2.0;7;0;0.0;2.0;5.0;23.0;B01
201800053766;1.0;7;0;0.0;1.0;1.0;1.0;A01
201800053767;1.0;7;0;0.0;2.0;2.0;9.0;A01
201800053767;1.0;2;0;0.0;2.0;3.0;1.0;B01
201800053768;1.0;1;0;0.0;2.0;1.0;2.0;A01
201800053768;1.0;7;0;0.0;2.0;4.0;23.0;B01
201800053769;1.0;7;0;0.0;2.0;3.0;1.0;A01
201800053769;2.0;33;0;0.0;2.0;1.0;1.0;B01
201800053770;1.0;34;0;0.0;2.0;3.0;1.0;B01
201800053770;1.0;2;0;0.0;2.0;5.0;1.0;A01
201800053771;2.0;7;0;0.0;1.0;0.0;16.0;A01
201800053772;2.0;30;0;0.0;2.0;1.0;1.0;B01
201800053772;1.0;7;0;0.0;2.0;1.0;15.0;A01
201800053773;1.0;33;0;0.0;1.0;3.0;17.0;A01
201800053774;1.0;33;0;0.0;2.0;8.0;1.0;A01
201800053774;2.0;7;0;0.0;2.0;2.0;15.0;B01
201800053775;1.0;32;0;1.0;0.0;1.0;1.0;A01
201800053776;2.0;33;0;0.0;2.0;8.0;1.0;B01
201800053776;1.0;7;0;0.0;2.0;3.0;1.0;A01
201800053777;1.0;32;0;0.0;2.0;1.0;1.0;A01
201800053777;1.0;7;0;0.0;2.0;2.0;15.0;B01
201800053778;2.0;7;0;0.0;1.0;3.0;16.0;A01
201800053779;1.0;7;0;0.0;1.0;1.0;1.0;A01
201800053780;2.0;32;0;0.0;2.0;1.0;18.0;A01
201800053780;2.0;7;0;0.0;2.0;5.0;22.0;B01
201800053781;2.0;2;0;0.0;2.0;1.0;1.0;A01
201800053781;1.0;7;0;0.0;2.0;3.0;1.0;B01
201800053782;1.0;7;0;0.0;1.0;1.0;16.0;Z01
201800053783;2.0;2;0;0.0;2.0;1.0;1.0;A01
201800053783;1.0;31;0;0.0;2.0;3.0;1.0;B01
201800053784;2.0;7;0;0.0;2.0;3.0;1.0;A01
201800053784;2.0;2;0;0.0;2.0;4.0;21.0;B01
201800053785;2.0;32;0;0.0;2.0;7.0;17.0;B01
201800053785;2.0;7;0;0.0;2.0;3.0;13.0;A01
201800053786;1.0;7;0;0.0;2.0;2.0;2.0;A01
201800053786;1.0;33;0;0.0;2.0;4.0;23.0;B01
201800053787;1.0;2;0;0.0;1.0;1.0;1.0;A01
201800053788;1.0;2;0;0.0;2.0;1.0;5.0;A01
201800053788;2.0;7;0;0.0;2.0;3.0;1.0;B01
201800053789;2.0;10;0;0.0;2.0;3.0;1.0;A01
201800053789;1.0;1;0;0.0;2.0;1.0;5.0;B01
201800053790;2.0;1;0;0.0;2.0;2.0;19.0;B01
201800053790;2.0;7;0;0.0;2.0;1.0;16.0;A01
201800053791;2.0;7;0;0.0;1.0;2.0;15.0;A01
201800053792;2.0;10;0;0.0;2.0;3.0;22.0;A01
201800053792;2.0;1;0;0.0;2.0;2.0;1.0;B01
201800053793;1.0;7;0;0.0;2.0;8.0;22.0;B01
201800053793;1.0;2;0;0.0;2.0;1.0;1.0;A01
201800053794;2.0;33;0;0.0;2.0;1.0;1.0;A01
201800053794;2.0;10;0;0.0;2.0;8.0;15.0;B01
201800053795;2.0;7;0;0.0;2.0;8.0;15.0;B01
201800053795;2.0;31;0;0.0;2.0;7.0;17.0;A01
201800053796;1.0;7;0;0.0;1.0;2.0;15.0;A01
201800053797;2.0;2;0;0.0;2.0;3.0;2.0;A01
201800053797;2.0;10;0;0.0;2.0;2.0;16.0;B01
201800053798;1.0;7;0;0.0;2.0;3.0;1.0;B01
201800053798;2.0;34;0;0.0;2.0;1.0;5.0;A01
201800053799;1.0;2;0;0.0;2.0;1.0;1.0;A01
201800053799;2.0;7;0;0.0;2.0;7.0;15.0;B01
201800053800;2.0;33;0;0.0;2.0;2.0;17.0;A01
201800053800;2.0;10;0;0.0;2.0;3.0;15.0;B01
201800053801;2.0;10;0;0.0;2.0;2.0;12.0;A01
201800053801;2.0;33;0;1.0;2.0;3.0;18.0;B01
201800053802;1.0;10;0;0.0;2.0;1.0;23.0;B01
201800053802;0.0;33;0;0.0;2.0;1.0;14.0;A01
201800053803;2.0;7;0;0.0;2.0;1.0;15.0;A01
201800053803;1.0;33;0;0.0;2.0;8.0;1.0;B01
201800053804;1.0;33;0;0.0;2.0;1.0;1.0;A01
201800053804;1.0;99;0;0.0;2.0;0.0;19.0;B01
201800053805;1.0;7;0;0.0;1.0;1.0;1.0;A01
201800053806;1.0;7;0;0.0;2.0;1.0;1.0;B01
201800053806;1.0;7;0;0.0;2.0;2.0;15.0;A01
201800053807;1.0;32;0;0.0;0.0;1.0;16.0;A01
201800053808;1.0;32;0;0.0;2.0;1.0;17.0;A01
201800053808;1.0;7;0;0.0;2.0;3.0;15.0;B01