Num_Acc;senc;catv;occutc;obs;obsm;choc;manv;num_veh
201800053809;1.0;10;0;0.0;1.0;3.0;15.0;A01
201800053810;1.0;7;0;0.0;1.0;1.0;15.0;A01
201800053811;0.0;7;0;0.0;1.0;2.0;1.0;A01
201800053812;1.0;7;0;0.0;2.0;2.0;15.0;A01
201800053812;2.0;33;0;0.0;2.0;3.0;1.0;B01
201800053813;1.0;7;0;0.0;2.0;7.0;15.0;A01
201800053813;2.0;33;0;0.0;2.0;1.0;1.0;B01
201800053814;1.0;32;0;0.0;1.0;1.0;1.0;A01
201800053815;1.0;32;0;0.0;2.0;3.0;18.0;A01
201800053815;1.0;7;0;0.0;2.0;7.0;22.0;B01
201800053816;1.0;7;0;0.0;2.0;2.0;15.0;A01
201800053816;2.0;33;0;0.0;2.0;8.0;1.0;B01
201800053817;1.0;7;0;0.0;1.0;4.0;4.0;Z01
201800053818;1.0;34;0;0.0;2.0;2.0;1.0;B01
201800053818;1.0;32;0;0.0;2.0;6.0;18.0;A01
201800053819;1.0;10;0;0.0;2.0;6.0;1.0;B01
201800053819;1.0;2;0;0.0;2.0;2.0;1.0;A01
201800053820;1.0;1;0;1.0;2.0;1.0;1.0;A01
201800053820;1.0;7;0;0.0;2.0;8.0;22.0;B01
201800053821;1.0;33;0;0.0;1.0;1.0;1.0;A01
201800053822;1.0;30;0;0.0;2.0;8.0;17.0;B01
201800053822;1.0;7;0;0.0;2.0;1.0;15.0;A01
201800053823;2.0;7;0;0.0;2.0;3.0;10.0;A01
201800053823;1.0;2;0;0.0;2.0;1.0;1.0;B01
201800053824;2.0;7;0;9.0;0.0;3.0;13.0;A01
201800053825;1.0;32;0;0.0;2.0;3.0;1.0;B01
201800053825;1.0;7;0;0.0;2.0;2.0;1.0;A01
201800053826;1.0;7;0;14.0;9.0;3.0;1.0;A01
201800053827;2.0;34;0;0.0;2.0;1.0;17.0;A01
201800053827;2.0;7;0;0.0;2.0;6.0;15.0;B01
201800053828;2.0;7;0;9.0;0.0;1.0;13.0;A01
201800053829;1.0;2;0;0.0;2.0;1.0;1.0;A01
201800053829;1.0;32;0;0.0;2.0;3.0;9.0;B01
201800053830;1.0;7;0;0.0;1.0;1.0;1.0;Z01
201800053831;1.0;1;0;0.0;1.0;1.0;1.0;A01
201800053832;1.0;7;0;0.0;1.0;2.0;1.0;A01
201800053833;1.0;10;0;0.0;2.0;1.0;15.0;A01
201800053833;1.0;33;0;0.0;2.0;8.0;19.0;B01
201800053834;1.0;7;0;0.0;1.0;2.0;16.0;A01
201800053835;1.0;32;0;1.0;1.0;1.0;1.0;A01
201800053836;1.0;10;0;0.0;2.0;4.0;1.0;A01
201800053836;1.0;7;0;0.0;2.0;4.0;23.0;B01
201800053837;2.0;10;0;0.0;2.0;2.0;16.0;B01
201800053837;1.0;30;0;0.0;2.0;1.0;18.0;A01
201800053838;1.0;33;0;0.0;2.0;1.0;1.0;A01
201800053838;1.0;7;0;0.0;2.0;0.0;16.0;B01
201800053839;2.0;33;0;0.0;2.0;1.0;15.0;A01
201800053839;2.0;7;0;0.0;2.0;8.0;15.0;B01
201800053840;2.0;7;0;0.0;2.0;8.0;23.0;C01
201800053840;1.0;7;0;0.0;2.0;6.0;23.0;D01
201800053840;2.0;7;0;0.0;2.0;5.0;23.0;B01
201800053840;2.0;7;0;0.0;2.0;1.0;1.0;A01
201800053841;2.0;7;0;0.0;2.0;7.0;2.0;B01
201800053841;2.0;30;0;0.0;2.0;8.0;18.0;A01
201800053842;1.0;30;0;0.0;2.0;1.0;1.0;A01
201800053842;1.0;7;0;0.0;2.0;6.0;1.0;B01
201800053843;2.0;7;0;0.0;2.0;3.0;2.0;A01
201800053843;0.0;2;0;0.0;2.0;1.0;12.0;B01
201800053844;1.0;10;0;0.0;1.0;1.0;15.0;A01
201800053845;1.0;7;0;0.0;2.0;2.0;1.0;A01
201800053845;1.0;7;0;0.0;2.0;6.0;23.0;B01
201800053845;1.0;7;0;0.0;2.0;3.0;0.0;C01
201800053846;1.0;2;0;0.0;1.0;3.0;2.0;A01
201800053847;2.0;32;0;0.0;1.0;1.0;17.0;A01
201800053848;1.0;7;0;0.0;2.0;2.0;14.0;Z01
201800053848;1.0;1;0;0.0;2.0;3.0;7.0;B01
201800053849;0.0;38;1;0.0;2.0;8.0;13.0;A01
201800053849;0.0;32;0;0.0;2.0;7.0;1.0;B01
201800053850;2.0;10;0;0.0;2.0;8.0;15.0;B01
201800053850;2.0;32;0;0.0;2.0;7.0;17.0;A01
201800053851;1.0;7;0;0.0;1.0;1.0;1.0;A01
201800053852;2.0;7;0;7.0;0.0;1.0;1.0;A01
201800053853;2.0;10;0;0.0;2.0;6.0;24.0;B01
201800053853;2.0;7;0;1.0;2.0;2.0;14.0;A01
201800053854;1.0;7;0;0.0;1.0;8.0;10.0;A01
201800053855;2.0;30;0;0.0;1.0;1.0;1.0;A01
201800053856;1.0;30;0;0.0;0.0;8.0;21.0;A01
201800053857;2.0;1;0;1.0;0.0;1.0;1.0;B01
201800053857;2.0;10;0;0.0;0.0;3.0;22.0;A01
201800053858;2.0;7;0;0.0;2.0;3.0;13.0;A01
201800053858;2.0;33;0;0.0;2.0;1.0;17.0;B01
201800053859;1.0;32;0;0.0;0.0;0.0;1.0;A01
201800053860;2.0;1;0;0.0;2.0;4.0;13.0;B01
201800053860;2.0;32;0;0.0;2.0;1.0;1.0;A01
201800053861;1.0;30;0;0.0;2.0;8.0;19.0;A01
201800053861;2.0;7;0;0.0;2.0;2.0;1.0;B01
201800053862;1.0;32;0;0.0;2.0;1.0;1.0;A01
201800053862;2.0;7;0;0.0;2.0;3.0;1.0;B01
201800053863;0.0;34;0;0.0;2.0;4.0;1.0;A01
201800053863;0.0;7;0;0.0;2.0;1.0;1.0;Z01
201800053864;2.0;34;0;0.0;2.0;1.0;18.0;A01
201800053864;1.0;7;0;0.0;2.0;3.0;16.0;B01
201800053865;2.0;10;0;0.0;2.0;2.0;15.0;B01
201800053865;1.0;30;0;0.0;2.0;2.0;1.0;A01
201800053866;2.0;7;0;0.0;2.0;2.0;15.0;B01
201800053866;1.0;10;0;0.0;2.0;1.0;1.0;A01
201800053867;1.0;32;0;0.0;2.0;1.0;18.0;A01
201800053867;1.0;33;0;0.0;2.0;2.0;16.0;B01
201800053868;1.0;7;0;0.0;2.0;7.0;10.0;B01
201800053868;1.0;33;0;0.0;2.0;1.0;1.0;A01
201800053869;1.0;7;0;0.0;1.0;1.0;16.0;A01
201800053870;1.0;30;0;0.0;1.0;3.0;15.0;A01
201800053871;1.0;10;0;0.0;2.0;2.0;1.0;B01
201800053871;1.0;30;0;0.0;2.0;3.0;11.0;A01
201800053872;1.0;2;0;0.0;2.0;1.0;17.0;A01
201800053872;1.0;10;0;0.0;2.0;8.0;10.0;B01
201800053873;1.0;10;0;0.0;1.0;1.0;1.0;A01
201800053874;1.0;7;0;0.0;2.0;3.0;1.0;B01
201800053874;1.0;33;0;0.0;2.0;7.0;12.0;A01
201800053875;2.0;1;0;1.0;2.0;1.0;1.0;B01
201800053875;2.0;7;0;0.0;2.0;3.0;22.0;A01
201800053876;1.0;30;0;1.0;0.0;1.0;14.0;A01
201800053877;1.0;7;0;0.0;2.0;1.0;15.0;A01
201800053877;2.0;1;0;0.0;2.0;1.0;1.0;B01
201800053878;1.0;37;1;0.0;2.0;4.0;24.0;B01
201800053878;1.0;37;1;1.0;0.0;1.0;20.0;A01
201800053879;1.0;30;0;0.0;1.0;2.0;1.0;A01
201800053880;2.0;7;0;0.0;2.0;5.0;10.0;A01
201800053880;2.0;30;0;0.0;2.0;1.0;1.0;B01
201800053881;2.0;1;0;0.0;2.0;7.0;1.0;B01
201800053881;2.0;7;0;0.0;2.0;3.0;22.0;A01
201800053882;2.0;32;0;0.0;1.0;2.0;8.0;A01
201800053883;2.0;7;0;0.0;2.0;2.0;15.0;A01
201800053883;1.0;33;0;0.0;2.0;3.0;1.0;B01
201800053884;0.0;34;0;0.0;2.0;5.0;1.0;A01
201800053884;0.0;7;0;0.0;2.0;0.0;15.0;B01
201800053885;1.0;1;0;0.0;1.0;1.0;1.0;A01
201800053886;1.0;33;0;0.0;1.0;1.0;1.0;A01
201800053887;1.0;30;0;1.0;1.0;1.0;1.0;A01
201800053888;1.0;7;0;0.0;1.0;3.0;15.0;A01
201800053889;1.0;31;0;0.0;2.0;1.0;17.0;A01
201800053889;1.0;7;0;0.0;2.0;3.0;10.0;B01
201800053890;2.0;7;0;0.0;1.0;7.0;1.0;A01
201800053891;1.0;7;0;0.0;1.0;1.0;16.0;A01
201800053892;2.0;7;0;0.0;2.0;6.0;23.0;B01
201800053892;2.0;1;0;0.0;2.0;1.0;7.0;A01
201800053893;2.0;7;0;0.0;2.0;3.0;20.0;B01
201800053893;2.0;30;0;0.0;2.0;2.0;14.0;A01
201800053894;2.0;7;0;0.0;2.0;1.0;10.0;B01
201800053894;1.0;32;0;0.0;2.0;9.0;17.0;A01
201800053895;2.0;7;0;0.0;2.0;1.0;2.0;A01
201800053895;2.0;34;0;0.0;2.0;4.0;23.0;B01
201800053896;1.0;10;0;0.0;1.0;1.0;16.0;A01
201800053897;2.0;33;0;0.0;1.0;1.0;1.0;A01
201800053898;1.0;7;0;0.0;2.0;6.0;23.0;B01
201800053898;1.0;30;0;0.0;2.0;1.0;2.0;A01
201800053899;2.0;30;0;0.0;2.0;1.0;15.0;A01
201800053899;1.0;7;0;0.0;2.0;2.0;1.0;B01
201800053900;1.0;30;0;0.0;0.0;8.0;1.0;A01
201800053901;2.0;30;0;14.0;0.0;1.0;14.0;A01
201800053902;2.0;33;0;0.0;1.0;3.0;21.0;A01
201800053903;1.0;7;0;0.0;1.0;3.0;1.0;A01
201800053904;0.0;7;0;0.0;2.0;2.0;12.0;A01
201800053904;0.0;33;0;0.0;2.0;6.0;11.0;B01
201800053905;2.0;1;0;0.0;2.0;4.0;23.0;B01
201800053905;1.0;7;0;0.0;2.0;1.0;2.0;A01
201800053906;1.0;1;0;0.0;2.0;3.0;1.0;B01
201800053906;1.0;7;0;0.0;2.0;2.0;14.0;A01
201800053907;2.0;30;0;0.0;2.0;6.0;17.0;A01
201800053907;2.0;7;0;0.0;2.0;7.0;17.0;B01
201800053908;2.0;7;0;11.0;0.0;3.0;15.0;A01
201800053909;2.0;32;0;1.0;0.0;7.0;14.0;A01
201800053909;2.0;7;0;0.0;2.0;6.0;24.0;B01
201800053910;2.0;7;0;0.0;2.0;3.0;17.0;B01
201800053910;2.0;30;0;0.0;2.0;2.0;1.0;A01
201800053911;0.0;33;0;12.0;0.0;1.0;1.0;A01
201800053912;2.0;7;0;0.0;1.0;2.0;1.0;A01
201800053913;1.0;32;0;0.0;2.0;3.0;23.0;B01
201800053913;1.0;7;0;0.0;2.0;5.0;4.0;A01
201800053914;1.0;1;0;0.0;0.0;0.0;21.0;A01
201800053915;1.0;7;0;0.0;2.0;0.0;12.0;Z01
201800053915;1.0;32;0;0.0;2.0;3.0;3.0;A01
201800053916;2.0;7;0;0.0;2.0;2.0;1.0;A01
201800053916;2.0;30;0;0.0;2.0;8.0;1.0;B01
201800053917;1.0;7;0;0.0;2.0;4.0;1.0;B01
201800053917;1.0;7;0;0.0;2.0;1.0;9.0;A01
201800053918;1.0;7;0;0.0;2.0;6.0;20.0;B01
201800053918;1.0;1;0;0.0;2.0;1.0;2.0;A01
201800053919;1.0;32;0;0.0;2.0;1.0;1.0;A01
201800053919;2.0;7;0;0.0;2.0;7.0;15.0;Z01
201800053920;1.0;7;0;0.0;2.0;2.0;16.0;Z01
201800053920;1.0;1;0;0.0;0.0;8.0;1.0;A01
201800053921;1.0;31;0;0.0;2.0;1.0;1.0;B01
201800053921;1.0;10;0;0.0;2.0;4.0;4.0;A01
201800053922;1.0;7;0;0.0;2.0;4.0;2.0;B01
201800053922;1.0;7;0;0.0;2.0;1.0;2.0;A01
201800053923;2.0;7;0;15.0;2.0;5.0;1.0;A01
201800053923;1.0;7;0;0.0;2.0;1.0;1.0;B01
201800053924;2.0;7;0;0.0;2.0;2.0;14.0;A01
201800053924;2.0;1;0;0.0;2.0;8.0;7.0;B01
201800053925;2.0;34;0;0.0;1.0;1.0;1.0;A01
201800053926;1.0;30;0;0.0;2.0;2.0;14.0;A01
201800053926;1.0;7;0;0.0;2.0;3.0;7.0;B01
201800053927;1.0;30;0;0.0;2.0;7.0;17.0;A01
201800053927;1.0;7;0;0.0;2.0;8.0;10.0;Z01
201800053928;2.0;10;0;0.0;1.0;1.0;1.0;A01
201800053929;1.0;7;0;0.0;1.0;1.0;15.0;A01
201800053930;2.0;7;0;0.0;2.0;8.0;10.0;A01
201800053930;2.0;30;0;0.0;2.0;1.0;1.0;B01
201800053931;1.0;99;0;0.0;1.0;2.0;1.0;A01
201800053932;1.0;10;0;0.0;1.0;2.0;15.0;A01
201800053933;1.0;33;0;0.0;0.0;2.0;21.0;A01
201800053934;1.0;32;0;0.0;2.0;1.0;23.0;B01
201800053934;1.0;7;0;0.0;2.0;1.0;2.0;A01
201800053935;1.0;7;0;0.0;2.0;2.0;16.0;B01
201800053935;1.0;30;0;0.0;2.0;3.0;18.0;A01
201800053936;1.0;2;0;0.0;2.0;1.0;15.0;A01
201800053936;2.0;32;0;0.0;2.0;3.0;1.0;B01
201800053937;1.0;34;0;0.0;2.0;3.0;15.0;A01
201800053937;1.0;7;0;0.0;2.0;0.0;1.0;B01
201800053938;1.0;7;0;0.0;2.0;2.0;1.0;Z01
201800053938;1.0;7;0;0.0;2.0;3.0;9.0;B01
201800053939;0.0;7;0;0.0;2.0;1.0;1.0;A01
201800053939;1.0;7;0;0.0;2.0;6.0;1.0;B01
201800053940;1.0;2;0;0.0;2.0;3.0;18.0;B01
201800053940;1.0;7;0;0.0;2.0;5.0;16.0;A01
201800053941;1.0;10;0;0.0;1.0;5.0;4.0;A01
201800053942;1.0;7;0;0.0;2.0;0.0;1.0;B01
201800053942;1.0;32;0;0.0;2.0;0.0;1.0;A01
201800053943;2.0;30;0;0.0;0.0;0.0;17.0;A01
201800053944;2.0;30;0;0.0;1.0;1.0;1.0;A01
201800053945;1.0;10;0;1.0;0.0;3.0;14.0;A01
201800053946;1.0;7;0;0.0;2.0;2.0;15.0;A01
201800053946;1.0;32;0;0.0;2.0;1.0;1.0;B01
201800053947;1.0;7;0;0.0;2.0;2.0;15.0;A01
201800053947;0.0;34;0;0.0;2.0;1.0;1.0;B01
201800053947;0.0;34;0;0.0;2.0;1.0;1.0;C01
201800053948;1.0;7;0;0.0;1.0;1.0;16.0;A01
201800053949;2.0;33;0;0.0;1.0;1.0;18.0;A01
201800053950;0.0;7;0;0.0;1.0;0.0;1.0;Z01
201800053951;1.0;2;0;0.0;2.0;0.0;1.0;A01
201800053952;2.0;33;0;0.0;0.0;0.0;1.0;A01
201800053953;1.0;7;0;0.0;1.0;3.0;16.0;A01
201800053954;1.0;7;0;0.0;1.0;1.0;17.0;A01
201800053955;1.0;2;0;0.0;1.0;3.0;1.0;A01
201800053956;0.0;10;0;0.0;2.0;3.0;22.0;A01
201800053956;1.0;7;0;0.0;2.0;2.0;23.0;C01
201800053956;1.0;32;0;0.0;2.0;2.0;1.0;B01
201800053957;1.0;31;0;0.0;1.0;1.0;17.0;A01
201800053958;0.0;31;0;0.0;2.0;4.0;1.0;B01
201800053958;0.0;7;0;0.0;2.0;3.0;2.0;A01
201800053959;1.0;7;0;0.0;2.0;2.0;16.0;B01
201800053959;1.0;34;0;0.0;2.0;3.0;18.0;A01
201800053960;1.0;7;0;0.0;2.0;4.0;2.0;B01
201800053960;1.0;7;0;0.0;2.0;1.0;2.0;A01
201800053960;1.0;7;0;0.0;2.0;4.0;2.0;C01
201800053961;1.0;7;0;0.0;2.0;1.0;2.0;B01
201800053961;1.0;7;0;0.0;2.0;4.0;23.0;C01
201800053961;1.0;10;0;0.0;2.0;1.0;2.0;A01
201800053962;1.0;10;0;0.0;0.0;0.0;11.0;A01
201800053962;1.0;33;0;0.0;0.0;0.0;1.0;B01
201800053963;1.0;7;0;0.0;2.0;1.0;2.0;A01
201800053963;1.0;7;0;0.0;2.0;4.0;2.0;B01
201800053964;1.0;7;0;0.0;2.0;0.0;1.0;B01
201800053964;2.0;34;0;0.0;2.0;1.0;1.0;A01
201800053965;1.0;7;0;0.0;2.0;6.0;1.0;A01
201800053965;1.0;1;0;0.0;2.0;1.0;1.0;B01
201800053966;2.0;10;0;0.0;1.0;3.0;1.0;A01
201800053967;1.0;7;0;0.0;1.0;1.0;1.0;A01
201800053968;1.0;7;0;0.0;1.0;3.0;17.0;A01
201800053969;2.0;34;0;0.0;0.0;3.0;1.0;A01
201800053970;2.0;14;0;0.0;1.0;2.0;1.0;A01
201800053971;1.0;31;0;0.0;2.0;1.0;1.0;B01
201800053971;1.0;7;0;0.0;2.0;3.0;10.0;A01
201800053972;1.0;2;0;0.0;2.0;0.0;16.0;B01
201800053972;1.0;7;0;0.0;2.0;8.0;5.0;A01
201800053973;1.0;7;0;0.0;2.0;1.0;1.0;A01
201800053973;1.0;1;0;0.0;2.0;7.0;19.0;B01
201800053974;1.0;7;0;0.0;2.0;2.0;16.0;A01
201800053974;1.0;99;0;0.0;2.0;1.0;5.0;B02
201800053975;1.0;30;0;14.0;0.0;1.0;17.0;A01
201800053976;2.0;30;0;0.0;1.0;1.0;18.0;A01
201800053977;1.0;10;0;0.0;2.0;4.0;9.0;A01
201800053977;1.0;2;0;0.0;2.0;7.0;1.0;B01
201800053978;1.0;33;0;0.0;0.0;0.0;1.0;A01
201800053979;1.0;1;0;0.0;1.0;1.0;1.0;A01
201800053980;1.0;7;0;0.0;2.0;2.0;1.0;B01
201800053980;1.0;32;0;0.0;2.0;3.0;1.0;A01
201800053981;1.0;33;0;0.0;2.0;7.0;1.0;B01
201800053981;1.0;10;0;0.0;2.0;1.0;1.0;A01
201800053982;1.0;31;0;0.0;1.0;1.0;1.0;A01
201800053983;1.0;10;0;0.0;1.0;2.0;15.0;A01
201800053984;1.0;7;0;0.0;2.0;7.0;1.0;A01
201800053984;1.0;7;0;0.0;2.0;1.0;1.0;B01
201800053985;2.0;10;0;0.0;2.0;8.0;15.0;A01
201800053985;2.0;32;0;0.0;2.0;7.0;17.0;B01
201800053986;1.0;7;0;8.0;0.0;1.0;14.0;A01
201800053987;1.0;7;0;1.0;0.0;2.0;14.0;A01
201800053988;1.0;32;0;0.0;1.0;1.0;18.0;A01
201800053989;1.0;7;0;0.0;2.0;3.0;1.0;Z01
201800053989;0.0;99;0;0.0;2.0;0.0;0.0;R01
201800053990;1.0;7;0;0.0;1.0;1.0;15.0;A01
201800053991;2.0;1;0;0.0;1.0;1.0;1.0;A01
201800053992;2.0;10;0;0.0;2.0;3.0;9.0;A01
201800053992;2.0;2;0;0.0;2.0;1.0;7.0;B01
201800053993;1.0;32;0;0.0;0.0;7.0;21.0;A01
201800053994;1.0;1;0;11.0;2.0;4.0;1.0;B01
201800053994;1.0;10;0;11.0;2.0;1.0;1.0;Z01
201800053995;1.0;32;0;0.0;1.0;1.0;21.0;A01
201800053996;1.0;7;0;1.0;1.0;1.0;20.0;A01
201800053997;1.0;7;0;0.0;1.0;1.0;21.0;A01
201800053998;2.0;7;0;12.0;0.0;3.0;13.0;A01
201800053999;1.0;2;0;0.0;1.0;1.0;1.0;A01
201800054000;1.0;7;0;0.0;1.0;3.0;1.0;A01
201800054001;2.0;7;0;0.0;1.0;1.0;1.0;A01
201800054002;2.0;7;0;0.0;2.0;4.0;23.0;B01
201800054002;2.0;7;0;0.0;2.0;1.0;1.0;A01
201800054003;1.0;7;0;0.0;2.0;0.0;1.0;Z01
201800054003;1.0;7;0;16.0;2.0;4.0;1.0;B01
201800054004;2.0;30;0;0.0;0.0;7.0;1.0;A01
201800054005;2.0;7;0;0.0;1.0;1.0;16.0;A01
201800054006;1.0;32;0;0.0;2.0;1.0;1.0;A01
201800054006;2.0;32;0;0.0;2.0;1.0;15.0;B01
201800054007;1.0;7;0;0.0;1.0;6.0;16.0;Z01
201800054008;2.0;2;0;0.0;0.0;0.0;1.0;A01
201800054009;2.0;7;0;8.0;0.0;2.0;7.0;A01
201800054010;1.0;13;0;0.0;1.0;1.0;2.0;A01
201800054011;2.0;31;0;0.0;2.0;3.0;1.0;B01
201800054011;1.0;10;0;0.0;2.0;0.0;15.0;A01
201800054012;2.0;31;0;0.0;1.0;1.0;1.0;A01
201800054013;1.0;7;0;0.0;2.0;2.0;1.0;A01
201800054013;1.0;32;0;0.0;2.0;8.0;1.0;B01
201800054014;1.0;7;0;0.0;1.0;3.0;16.0;A01
201800054015;1.0;31;0;0.0;2.0;1.0;1.0;A01
201800054015;2.0;7;0;0.0;2.0;3.0;15.0;Z01
201800054016;1.0;31;0;0.0;2.0;1.0;1.0;B01
201800054016;1.0;7;0;0.0;2.0;3.0;9.0;A01
201800054017;1.0;7;0;0.0;2.0;6.0;23.0;B01
201800054017;2.0;2;0;0.0;2.0;1.0;13.0;A01
201800054017;1.0;7;0;0.0;2.0;3.0;2.0;C01
201800054018;1.0;7;0;0.0;2.0;1.0;1.0;A01
201800054018;2.0;2;0;0.0;2.0;7.0;15.0;B01
201800054019;2.0;1;0;0.0;2.0;1.0;1.0;A01
201800054019;2.0;7;0;0.0;2.0;2.0;22.0;Z01
201800054020;1.0;7;0;0.0;1.0;1.0;1.0;A01
201800054021;2.0;33;0;1.0;0.0;3.0;1.0;A01
201800054022;2.0;30;0;1.0;0.0;3.0;18.0;B01
201800054022;2.0;7;0;1.0;0.0;5.0;22.0;A01
201800054023;1.0;32;0;0.0;0.0;0.0;1.0;A01
201800054024;1.0;31;0;0.0;2.0;3.0;21.0;A01
201800054025;1.0;30;0;0.0;2.0;2.0;1.0;A01
201800054025;1.0;7;0;0.0;2.0;2.0;1.0;B01
201800054026;1.0;2;0;0.0;1.0;1.0;1.0;A01
201800054027;1.0;7;0;2.0;0.0;1.0;16.0;A01
201800054028;1.0;33;0;0.0;2.0;1.0;1.0;A01
201800054028;1.0;10;0;0.0;2.0;4.0;14.0;B01
201800054029;1.0;7;0;0.0;2.0;8.0;1.0;B01
201800054029;2.0;7;0;11.0;2.0;9.0;1.0;A01
201800054029;1.0;7;0;0.0;2.0;8.0;1.0;C01
201800054030;1.0;7;0;0.0;2.0;7.0;14.0;A01
201800054030;1.0;33;0;0.0;2.0;8.0;18.0;B01
201800054031;1.0;7;0;0.0;2.0;1.0;1.0;B01
201800054031;1.0;1;0;0.0;2.0;8.0;13.0;A01
201800054032;1.0;31;0;0.0;1.0;2.0;1.0;A01
201800054033;1.0;30;0;0.0;1.0;0.0;1.0;Z01
201800054034;2.0;30;0;0.0;1.0;3.0;1.0;A01
201800054035;2.0;7;0;0.0;2.0;1.0;2.0;A01
201800054035;2.0;10;0;0.0;2.0;5.0;2.0;B01
201800054036;1.0;7;0;0.0;2.0;2.0;10.0;A01
201800054036;2.0;34;0;0.0;2.0;8.0;1.0;B01
201800054037;2.0;7;0;0.0;1.0;2.0;1.0;A01
201800054038;1.0;34;0;0.0;1.0;1.0;1.0;Z01
201800054039;1.0;7;0;0.0;2.0;3.0;1.0;A01
201800054039;1.0;7;0;0.0;2.0;7.0;1.0;Z01
201800054040;1.0;7;0;4.0;2.0;4.0;23.0;B01
201800054040;1.0;7;0;4.0;2.0;1.0;1.0;A01
201800054041;1.0;2;0;0.0;2.0;3.0;1.0;A01
201800054041;1.0;1;0;0.0;2.0;2.0;14.0;B01
201800054042;1.0;7;0;0.0;2.0;4.0;1.0;A01
201800054042;1.0;7;0;0.0;2.0;4.0;1.0;B01
201800054042;1.0;7;0;0.0;2.0;1.0;1.0;Z01
201800054043;1.0;7;0;0.0;2.0;2.0;16.0;Z01
201800054043;2.0;2;0;0.0;2.0;8.0;1.0;A01
201800054044;1.0;7;0;0.0;2.0;3.0;10.0;A01
201800054044;1.0;30;0;0.0;2.0;1.0;17.0;B01
201800054045;1.0;7;0;0.0;1.0;5.0;4.0;A01
201800054046;2.0;2;0;0.0;2.0;8.0;1.0;A01
201800054046;1.0;7;0;0.0;2.0;3.0;10.0;Z01
201800054047;2.0;1;0;0.0;1.0;1.0;1.0;Z01
201800054048;2.0;31;0;0.0;1.0;1.0;1.0;A01
201800054049;2.0;33;0;0.0;1.0;1.0;1.0;A01
201800054050;1.0;7;0;0.0;1.0;1.0;1.0;Z01
201800054051;1.0;7;0;0.0;2.0;0.0;1.0;Z01
201800054051;2.0;7;0;0.0;2.0;2.0;1.0;A01
201800054052;2.0;32;0;0.0;2.0;7.0;23.0;B01
201800054052;2.0;7;0;0.0;2.0;4.0;1.0;A01
201800054053;1.0;7;0;0.0;9.0;6.0;23.0;A01
201800054053;1.0;34;0;0.0;2.0;1.0;2.0;Z01
201800054054;1.0;7;0;8.0;0.0;1.0;14.0;A01
201800054055;2.0;1;0;0.0;2.0;2.0;19.0;B01
201800054055;2.0;31;0;0.0;2.0;1.0;1.0;A01
201800054056;2.0;10;0;0.0;2.0;1.0;1.0;A01
201800054056;2.0;7;0;0.0;2.0;4.0;1.0;B01
201800054057;2.0;7;0;0.0;2.0;2.0;16.0;A01
201800054057;1.0;2;0;0.0;2.0;3.0;1.0;B01
201800054058;1.0;31;0;0.0;2.0;1.0;1.0;A01
201800054058;1.0;1;0;0.0;2.0;3.0;15.0;B01
201800054059;2.0;7;0;0.0;2.0;7.0;1.0;B01
201800054059;1.0;32;0;0.0;2.0;1.0;1.0;A01
201800054060;1.0;7;0;0.0;1.0;2.0;1.0;A01
201800054061;2.0;2;0;0.0;1.0;1.0;18.0;A01
201800054062;1.0;32;0;0.0;2.0;2.0;17.0;A01
201800054062;1.0;10;0;0.0;2.0;8.0;13.0;Z01
201800054063;1.0;31;0;0.0;2.0;2.0;17.0;B01
201800054063;1.0;10;0;0.0;2.0;3.0;13.0;A01
201800054064;1.0;7;0;0.0;2.0;3.0;10.0;B01
201800054064;1.0;33;0;0.0;2.0;1.0;1.0;A01
201800054065;1.0;31;0;0.0;1.0;2.0;7.0;A01
201800054066;1.0;10;0;0.0;1.0;3.0;15.0;A01
201800054067;2.0;7;0;0.0;2.0;1.0;9.0;A01
201800054067;1.0;31;0;0.0;2.0;7.0;1.0;B01
201800054068;1.0;33;0;0.0;1.0;0.0;1.0;Z01
201800054069;1.0;7;0;0.0;2.0;3.0;1.0;B01
201800054069;1.0;34;0;0.0;2.0;2.0;15.0;A01
201800054070;1.0;7;0;0.0;1.0;3.0;15.0;A01
201800054071;1.0;32;0;0.0;1.0;1.0;1.0;A01
201800054072;2.0;7;0;0.0;1.0;8.0;17.0;A01
201800054073;1.0;7;0;0.0;1.0;3.0;1.0;A01
201800054074;1.0;30;0;0.0;2.0;7.0;1.0;A01
201800054074;1.0;7;0;0.0;2.0;1.0;1.0;Z01
201800054075;1.0;2;0;0.0;1.0;3.0;1.0;A01
201800054076;2.0;10;0;0.0;2.0;3.0;22.0;A01
201800054076;2.0;1;0;0.0;2.0;1.0;17.0;B01
201800054077;2.0;1;0;0.0;1.0;1.0;1.0;A01
201800054078;1.0;7;0;0.0;2.0;1.0;2.0;A01
201800054078;1.0;7;0;0.0;2.0;4.0;23.0;B01
201800054079;2.0;7;0;0.0;2.0;8.0;1.0;A01
201800054079;1.0;7;0;0.0;2.0;1.0;11.0;B01
201800054080;2.0;2;0;0.0;2.0;8.0;15.0;A01
201800054080;2.0;17;0;0.0;2.0;2.0;15.0;Z01
201800054081;2.0;38;0;0.0;2.0;7.0;22.0;B01
201800054081;2.0;30;0;1.0;2.0;3.0;18.0;A01