Num_Acc;senc;catv;occutc;obs;obsm;choc;manv;num_veh
201800054356;1.0;30;0;0.0;2.0;1.0;1.0;B01
201800054357;1.0;33;0;0.0;2.0;4.0;23.0;B01
201800054357;1.0;7;0;0.0;2.0;1.0;2.0;C01
201800054357;1.0;7;0;0.0;2.0;6.0;23.0;A01
201800054358;2.0;10;0;0.0;2.0;6.0;23.0;B01
201800054358;2.0;34;0;0.0;2.0;1.0;2.0;A01
201800054359;2.0;30;0;0.0;1.0;1.0;1.0;Z01
201800054360;2.0;34;0;0.0;1.0;1.0;1.0;Z01
201800054361;1.0;10;0;0.0;2.0;3.0;15.0;A01
201800054361;1.0;2;0;0.0;2.0;6.0;1.0;B01
201800054362;1.0;32;0;0.0;0.0;7.0;1.0;A01
201800054363;1.0;7;0;0.0;2.0;1.0;1.0;A01
201800054363;1.0;7;0;0.0;2.0;4.0;1.0;B01
201800054364;1.0;32;0;0.0;2.0;6.0;9.0;B01
201800054364;1.0;7;0;0.0;2.0;8.0;1.0;A01
201800054365;2.0;7;0;0.0;1.0;2.0;0.0;A01
201800054366;2.0;7;0;0.0;1.0;1.0;16.0;A01
201800054367;1.0;7;0;0.0;1.0;2.0;1.0;A01
201800054368;1.0;10;0;0.0;2.0;3.0;24.0;B01
201800054368;1.0;15;0;0.0;2.0;5.0;1.0;A01
201800054369;1.0;10;0;0.0;1.0;3.0;15.0;Z01
201800054370;2.0;1;0;0.0;2.0;1.0;5.0;A01
201800054370;1.0;7;0;0.0;2.0;8.0;15.0;B01
201800054371;1.0;7;0;0.0;2.0;1.0;14.0;Z01
201800054371;1.0;33;0;0.0;2.0;3.0;17.0;A01
201800054371;1.0;7;0;0.0;2.0;8.0;23.0;B01
201800054372;1.0;7;0;0.0;2.0;1.0;1.0;B01
201800054372;1.0;7;0;0.0;2.0;5.0;1.0;A01
201800054373;1.0;2;0;0.0;2.0;3.0;13.0;B01
201800054373;1.0;7;0;0.0;2.0;5.0;1.0;A01
201800054374;1.0;7;0;0.0;2.0;2.0;1.0;A01
201800054374;2.0;10;0;1.0;2.0;6.0;10.0;Z01
201800054375;1.0;2;0;0.0;0.0;0.0;15.0;A01
201800054376;1.0;7;0;0.0;2.0;6.0;23.0;C01
201800054376;1.0;30;0;0.0;2.0;4.0;23.0;B01
201800054376;1.0;7;0;0.0;2.0;6.0;2.0;A01
201800054377;1.0;7;0;0.0;2.0;7.0;16.0;A01
201800054377;1.0;30;0;0.0;2.0;3.0;18.0;B01
201800054378;2.0;7;0;0.0;2.0;1.0;1.0;A01
201800054378;0.0;32;0;0.0;2.0;8.0;1.0;B01
201800054379;0.0;7;0;0.0;2.0;0.0;16.0;B01
201800054379;0.0;2;0;0.0;2.0;0.0;18.0;A01
201800054380;1.0;31;0;7.0;0.0;1.0;14.0;A01
201800054381;1.0;10;0;0.0;2.0;6.0;11.0;B01
201800054381;1.0;31;0;0.0;2.0;1.0;1.0;A01
201800054382;1.0;1;0;0.0;2.0;1.0;19.0;B01
201800054382;1.0;7;0;0.0;2.0;1.0;16.0;A01
201800054383;1.0;34;0;0.0;2.0;3.0;1.0;A01
201800054383;2.0;7;0;0.0;2.0;3.0;23.0;B01
201800054384;1.0;10;0;0.0;2.0;2.0;16.0;Z01
201800054384;1.0;2;0;0.0;2.0;3.0;1.0;A01
201800054385;2.0;30;0;0.0;2.0;8.0;18.0;A01
201800054385;2.0;34;0;0.0;2.0;4.0;16.0;B01
201800054386;2.0;7;0;8.0;2.0;3.0;1.0;B01
201800054386;1.0;10;0;0.0;2.0;2.0;15.0;A01
201800054387;1.0;30;0;0.0;1.0;1.0;7.0;A01
201800054388;1.0;2;0;0.0;1.0;8.0;3.0;A01
201800054389;2.0;7;0;0.0;1.0;1.0;15.0;A01
201800054390;1.0;33;0;1.0;0.0;2.0;15.0;A01
201800054391;1.0;7;0;0.0;2.0;2.0;1.0;A01
201800054391;1.0;99;0;0.0;2.0;0.0;19.0;B01
201800054392;1.0;37;0;0.0;2.0;2.0;1.0;A01
201800054392;1.0;30;0;8.0;2.0;0.0;13.0;Z01
201800054393;1.0;10;0;0.0;2.0;4.0;2.0;B01
201800054393;1.0;7;0;0.0;2.0;1.0;2.0;A01
201800054394;1.0;37;0;0.0;1.0;7.0;1.0;A01
201800054395;1.0;2;0;12.0;0.0;8.0;1.0;A01
201800054396;2.0;7;0;0.0;2.0;0.0;13.0;Z01
201800054396;2.0;30;0;0.0;2.0;7.0;17.0;A01
201800054397;1.0;7;0;0.0;2.0;2.0;22.0;A01
201800054397;1.0;1;0;1.0;2.0;1.0;1.0;B01
201800054398;2.0;7;0;0.0;2.0;3.0;10.0;A01
201800054398;2.0;1;0;0.0;2.0;1.0;1.0;B01
201800054399;2.0;7;0;0.0;2.0;3.0;9.0;A01
201800054399;2.0;31;0;0.0;2.0;2.0;1.0;B01
201800054400;1.0;99;0;0.0;2.0;0.0;0.0;B01
201800054400;1.0;7;0;0.0;2.0;2.0;1.0;A01
201800054401;1.0;7;0;0.0;2.0;1.0;1.0;B01
201800054401;1.0;7;0;0.0;2.0;7.0;1.0;A01
201800054402;1.0;7;0;0.0;1.0;1.0;1.0;A01
201800054403;2.0;7;0;0.0;1.0;1.0;16.0;A01
201800054404;2.0;7;0;0.0;2.0;6.0;9.0;A01
201800054404;2.0;33;0;0.0;2.0;8.0;1.0;B01
201800054405;1.0;10;0;0.0;2.0;6.0;24.0;B01
201800054405;1.0;7;0;1.0;2.0;2.0;14.0;A01
201800054406;2.0;7;0;0.0;1.0;4.0;20.0;A01
201800054407;1.0;10;0;0.0;1.0;1.0;1.0;A01
201800054408;1.0;7;0;0.0;1.0;2.0;1.0;A01
201800054409;2.0;30;0;0.0;2.0;2.0;17.0;A01
201800054409;2.0;1;0;0.0;2.0;3.0;13.0;B01
201800054410;1.0;1;0;0.0;2.0;1.0;16.0;A01
201800054410;1.0;10;0;0.0;2.0;5.0;16.0;B01
201800054411;1.0;7;0;0.0;2.0;1.0;1.0;B01
201800054411;1.0;7;0;0.0;2.0;4.0;16.0;A01
201800054411;1.0;30;0;0.0;2.0;8.0;1.0;C01
201800054412;2.0;2;0;0.0;2.0;1.0;17.0;A01
201800054412;2.0;7;0;0.0;2.0;3.0;13.0;Z01
201800054413;1.0;34;0;0.0;2.0;3.0;9.0;A01
201800054413;1.0;7;0;0.0;2.0;1.0;1.0;Z01
201800054414;2.0;7;0;0.0;2.0;3.0;22.0;A01
201800054414;2.0;1;0;0.0;2.0;1.0;1.0;B01
201800054415;2.0;31;0;0.0;2.0;7.0;17.0;B01
201800054415;2.0;7;0;0.0;2.0;3.0;10.0;A01
201800054416;1.0;10;0;8.0;0.0;9.0;16.0;A01
201800054417;1.0;30;0;0.0;2.0;1.0;1.0;B01
201800054417;2.0;7;0;0.0;2.0;7.0;15.0;A01
201800054418;1.0;7;0;0.0;1.0;0.0;1.0;Z01
201800054419;1.0;7;0;0.0;2.0;3.0;1.0;A01
201800054419;2.0;34;0;0.0;2.0;1.0;15.0;B01
201800054420;1.0;7;0;0.0;2.0;4.0;23.0;C01
201800054420;1.0;7;0;0.0;2.0;1.0;2.0;A01
201800054420;1.0;7;0;0.0;2.0;3.0;23.0;B01
201800054421;2.0;7;0;0.0;1.0;0.0;1.0;Z01
201800054422;2.0;31;0;0.0;2.0;3.0;17.0;A01
201800054422;2.0;7;0;0.0;2.0;3.0;1.0;B01
201800054423;1.0;10;0;0.0;1.0;4.0;4.0;A01
201800054424;1.0;32;0;0.0;2.0;2.0;1.0;B01
201800054424;1.0;10;0;0.0;2.0;3.0;9.0;A01
201800054425;1.0;7;0;0.0;1.0;2.0;1.0;A01
201800054426;1.0;2;0;0.0;1.0;1.0;5.0;Z01
201800054427;2.0;32;0;0.0;2.0;7.0;17.0;B01
201800054427;2.0;7;0;0.0;2.0;8.0;13.0;A01
201800054428;2.0;2;0;0.0;1.0;1.0;1.0;A01
201800054429;1.0;10;0;0.0;1.0;1.0;1.0;A01
201800054430;1.0;1;0;0.0;1.0;1.0;7.0;A01
201800054431;2.0;99;0;0.0;2.0;2.0;1.0;B01
201800054431;2.0;7;0;0.0;2.0;2.0;9.0;A01
201800054432;1.0;2;0;0.0;2.0;7.0;1.0;B01
201800054432;1.0;7;0;0.0;2.0;7.0;9.0;A01
201800054433;1.0;31;0;0.0;2.0;7.0;18.0;B01
201800054433;1.0;7;0;0.0;2.0;0.0;22.0;A01
201800054434;1.0;10;0;0.0;2.0;3.0;15.0;A01
201800054434;1.0;30;0;0.0;2.0;2.0;17.0;B01
201800054435;1.0;1;0;0.0;1.0;1.0;21.0;A01
201800054436;1.0;7;0;0.0;2.0;2.0;15.0;A01
201800054436;2.0;2;0;0.0;2.0;1.0;1.0;B01
201800054437;1.0;7;0;0.0;1.0;1.0;1.0;Z01
201800054438;1.0;2;0;0.0;2.0;6.0;1.0;A01
201800054438;2.0;7;0;0.0;2.0;3.0;10.0;Z01
201800054439;1.0;34;0;0.0;2.0;1.0;1.0;B01
201800054439;1.0;7;0;0.0;2.0;2.0;9.0;A01
201800054440;2.0;1;0;0.0;2.0;8.0;19.0;B01
201800054440;2.0;7;0;0.0;2.0;8.0;1.0;A01
201800054441;1.0;7;0;0.0;1.0;1.0;15.0;A01
201800054442;2.0;30;0;0.0;2.0;1.0;1.0;A01
201800054442;2.0;7;0;0.0;2.0;4.0;16.0;B01
201800054443;2.0;31;0;1.0;0.0;0.0;13.0;A01
201800054444;2.0;33;0;0.0;2.0;1.0;1.0;B01
201800054444;1.0;30;0;0.0;2.0;1.0;1.0;A01
201800054445;1.0;1;0;1.0;0.0;1.0;14.0;A01
201800054446;1.0;7;0;0.0;1.0;2.0;1.0;A01
201800054447;1.0;10;0;0.0;2.0;0.0;9.0;A01
201800054447;1.0;31;0;0.0;2.0;0.0;1.0;B01
201800054448;2.0;32;0;0.0;0.0;8.0;17.0;A01
201800054449;1.0;32;0;1.0;1.0;1.0;5.0;A01
201800054450;1.0;2;0;0.0;2.0;1.0;23.0;A01
201800054450;1.0;32;0;0.0;2.0;4.0;1.0;B01
201800054451;1.0;32;0;0.0;2.0;1.0;17.0;A01
201800054451;1.0;7;0;0.0;2.0;3.0;15.0;B01
201800054452;1.0;34;0;0.0;1.0;1.0;1.0;A01
201800054453;0.0;30;0;0.0;1.0;1.0;1.0;A01
201800054454;1.0;10;0;0.0;2.0;3.0;22.0;A01
201800054454;1.0;7;0;0.0;2.0;2.0;1.0;B01
201800054455;1.0;30;0;0.0;2.0;9.0;17.0;A01
201800054455;1.0;7;0;0.0;2.0;3.0;15.0;B01
201800054456;1.0;7;0;0.0;2.0;3.0;1.0;Z01
201800054456;1.0;2;0;0.0;2.0;7.0;9.0;A01
201800054457;2.0;7;0;0.0;2.0;4.0;23.0;B01
201800054457;2.0;38;0;0.0;2.0;1.0;1.0;A01
201800054458;1.0;33;0;0.0;2.0;1.0;7.0;A01
201800054458;1.0;7;0;0.0;2.0;7.0;1.0;B01
201800054459;1.0;7;0;0.0;2.0;7.0;17.0;A01
201800054459;1.0;1;0;0.0;2.0;8.0;1.0;B01
201800054460;2.0;34;0;0.0;2.0;8.0;1.0;B01
201800054460;2.0;7;0;0.0;2.0;1.0;15.0;A01
201800054461;2.0;31;0;0.0;2.0;7.0;17.0;A01
201800054461;2.0;10;0;0.0;2.0;8.0;15.0;B01
201800054462;1.0;30;0;0.0;1.0;1.0;17.0;A01
201800054463;1.0;7;0;0.0;2.0;2.0;16.0;A01
201800054463;1.0;1;0;0.0;2.0;3.0;1.0;B01
201800054464;1.0;1;0;0.0;2.0;6.0;1.0;A01
201800054464;2.0;7;0;0.0;2.0;3.0;15.0;Z01
201800054465;2.0;31;0;0.0;2.0;7.0;1.0;B01
201800054465;2.0;7;0;0.0;2.0;1.0;1.0;A01
201800054466;2.0;7;0;0.0;1.0;2.0;1.0;A01
201800054467;2.0;2;0;0.0;2.0;1.0;1.0;A01
201800054467;2.0;7;0;0.0;2.0;4.0;23.0;B01
201800054468;1.0;7;0;0.0;2.0;1.0;1.0;A01
201800054468;1.0;7;0;0.0;2.0;2.0;1.0;Z01
201800054469;2.0;10;0;0.0;1.0;3.0;15.0;A01
201800054470;1.0;30;0;0.0;2.0;7.0;1.0;B01
201800054470;2.0;7;0;0.0;2.0;3.0;15.0;A01
201800054471;1.0;2;0;0.0;2.0;1.0;1.0;A01
201800054471;1.0;7;0;0.0;2.0;2.0;22.0;B01
201800054472;1.0;7;0;0.0;1.0;3.0;1.0;A01
201800054473;1.0;10;0;0.0;2.0;0.0;1.0;Z01
201800054473;2.0;34;0;0.0;2.0;4.0;1.0;A01
201800054474;1.0;10;0;1.0;2.0;2.0;9.0;A01
201800054474;1.0;34;0;1.0;2.0;3.0;1.0;B01
201800054475;2.0;7;0;0.0;1.0;2.0;1.0;A01
201800054476;2.0;30;0;0.0;2.0;4.0;1.0;B01
201800054476;2.0;7;0;0.0;2.0;4.0;20.0;A01
201800054477;2.0;7;0;0.0;2.0;2.0;1.0;A01
201800054477;2.0;33;0;0.0;2.0;8.0;1.0;B01
201800054478;1.0;7;0;0.0;2.0;7.0;17.0;A01
201800054478;1.0;1;0;0.0;2.0;8.0;7.0;B01
201800054479;1.0;10;0;0.0;2.0;3.0;15.0;A01
201800054479;1.0;2;0;0.0;2.0;7.0;17.0;B01
201800054480;1.0;7;0;0.0;2.0;5.0;16.0;B01
201800054480;1.0;32;0;0.0;2.0;1.0;7.0;A01
201800054481;1.0;7;0;0.0;2.0;2.0;15.0;B01
201800054481;1.0;32;0;0.0;2.0;3.0;1.0;A01
201800054482;1.0;1;0;0.0;0.0;1.0;1.0;Y01
201800054483;1.0;7;0;0.0;2.0;2.0;22.0;B01
201800054483;1.0;34;0;0.0;2.0;7.0;18.0;A01
201800054484;2.0;7;0;0.0;1.0;1.0;1.0;A01
201800054485;1.0;7;0;0.0;2.0;1.0;10.0;A01
201800054485;2.0;32;0;0.0;2.0;1.0;1.0;B01
201800054486;1.0;7;0;0.0;2.0;1.0;9.0;A01
201800054486;1.0;2;0;0.0;2.0;7.0;1.0;B01
201800054487;2.0;1;0;0.0;2.0;1.0;1.0;A01
201800054487;2.0;7;0;0.0;2.0;5.0;23.0;B01
201800054488;0.0;7;0;0.0;2.0;1.0;1.0;Z01
201800054488;0.0;1;0;0.0;2.0;7.0;1.0;B01
201800054489;1.0;30;0;0.0;2.0;8.0;1.0;A01
201800054489;2.0;7;0;0.0;2.0;0.0;0.0;Z01
201800054490;1.0;2;0;0.0;2.0;1.0;8.0;A01
201800054490;1.0;1;0;0.0;2.0;8.0;19.0;B01
201800054491;2.0;7;0;0.0;2.0;4.0;2.0;B01
201800054491;2.0;7;0;0.0;2.0;1.0;2.0;A01
201800054492;1.0;30;0;0.0;1.0;0.0;0.0;Z01
201800054493;1.0;2;0;7.0;0.0;0.0;21.0;A01
201800054494;1.0;7;0;0.0;1.0;3.0;1.0;B01
201800054495;2.0;7;0;0.0;2.0;1.0;9.0;B01
201800054495;1.0;30;0;0.0;2.0;1.0;1.0;A01
201800054496;1.0;7;0;0.0;2.0;4.0;1.0;Z01
201800054496;1.0;32;0;0.0;2.0;1.0;1.0;A01
201800054497;1.0;34;0;0.0;2.0;3.0;1.0;B01
201800054497;1.0;7;0;0.0;2.0;2.0;9.0;A01
201800054498;0.0;7;0;0.0;2.0;8.0;2.0;B01
201800054498;0.0;7;0;0.0;2.0;2.0;14.0;A01
201800054499;2.0;7;0;0.0;2.0;2.0;15.0;Z01
201800054499;1.0;30;0;0.0;2.0;2.0;1.0;B01
201800054500;1.0;7;0;0.0;1.0;2.0;1.0;A01
201800054501;2.0;30;0;0.0;2.0;1.0;1.0;B01
201800054501;1.0;30;0;0.0;2.0;4.0;17.0;A01
201800054502;1.0;7;0;0.0;1.0;3.0;1.0;A01
201800054503;2.0;7;0;1.0;1.0;1.0;1.0;A01
201800054504;1.0;10;0;0.0;2.0;4.0;7.0;B01
201800054504;1.0;32;0;0.0;2.0;1.0;7.0;A01
201800054505;1.0;7;0;0.0;2.0;1.0;1.0;A01
201800054505;1.0;30;0;0.0;2.0;4.0;20.0;B01
201800054506;0.0;7;0;0.0;2.0;2.0;15.0;B01
201800054506;0.0;7;0;0.0;2.0;3.0;16.0;A01
201800054507;0.0;7;0;7.0;2.0;3.0;1.0;B01
201800054507;1.0;30;0;0.0;2.0;2.0;1.0;A01
201800054508;1.0;7;0;0.0;2.0;2.0;7.0;A01
201800054508;1.0;7;0;0.0;2.0;8.0;15.0;B01
201800054509;1.0;10;0;0.0;2.0;3.0;22.0;A01
201800054509;1.0;2;0;0.0;2.0;7.0;1.0;B01
201800054510;2.0;30;0;0.0;0.0;7.0;1.0;A01
201800054511;2.0;34;0;0.0;1.0;1.0;1.0;A01
201800054512;1.0;7;0;0.0;2.0;8.0;15.0;B01
201800054512;1.0;32;0;0.0;2.0;5.0;17.0;A01
201800054513;1.0;7;0;0.0;2.0;5.0;16.0;A01
201800054513;1.0;30;0;0.0;2.0;3.0;1.0;B01
201800054514;1.0;10;0;0.0;2.0;5.0;1.0;D01
201800054514;1.0;10;0;0.0;2.0;2.0;23.0;B01
201800054514;1.0;7;0;0.0;2.0;6.0;23.0;C01
201800054514;1.0;10;0;0.0;2.0;1.0;13.0;A01
201800054515;2.0;7;0;0.0;2.0;2.0;8.0;A01
201800054515;0.0;31;0;0.0;2.0;6.0;15.0;B01
201800054516;2.0;7;0;0.0;2.0;2.0;1.0;B01
201800054516;2.0;30;0;0.0;2.0;3.0;18.0;A01
201800054517;2.0;10;0;0.0;2.0;1.0;15.0;B01
201800054517;1.0;30;0;0.0;2.0;3.0;1.0;A01
201800054518;1.0;7;0;0.0;2.0;2.0;1.0;B01
201800054518;1.0;31;0;0.0;2.0;3.0;13.0;A01
201800054519;1.0;7;0;0.0;2.0;2.0;1.0;B01
201800054519;2.0;1;0;0.0;2.0;1.0;5.0;A01
201800054520;1.0;33;0;12.0;0.0;1.0;13.0;A01
201800054521;1.0;7;0;0.0;2.0;2.0;1.0;A01
201800054521;1.0;32;0;0.0;2.0;4.0;23.0;B01
201800054522;0.0;99;0;0.0;2.0;3.0;1.0;A01
201800054522;0.0;1;0;0.0;2.0;1.0;1.0;B01
201800054523;1.0;7;0;9.0;1.0;1.0;1.0;Z01
201800054524;2.0;7;0;0.0;2.0;2.0;1.0;A01
201800054524;2.0;30;0;0.0;1.0;1.0;3.0;Z01
201800054525;2.0;30;0;0.0;1.0;3.0;1.0;A01
201800054526;2.0;1;0;0.0;0.0;0.0;21.0;A01
201800054527;2.0;7;0;0.0;2.0;8.0;22.0;Z01
201800054527;2.0;32;0;0.0;2.0;1.0;17.0;A01
201800054527;1.0;7;0;0.0;2.0;3.0;1.0;B01
201800054528;2.0;7;0;0.0;1.0;3.0;1.0;A01
201800054529;2.0;30;0;1.0;2.0;2.0;1.0;A01
201800054529;2.0;7;0;0.0;2.0;6.0;20.0;B01
201800054530;2.0;33;0;0.0;2.0;6.0;23.0;B01
201800054530;2.0;34;0;0.0;2.0;1.0;2.0;A01
201800054531;2.0;1;0;0.0;2.0;4.0;1.0;A01
201800054531;2.0;7;0;0.0;2.0;1.0;2.0;Z01
201800054532;1.0;7;0;0.0;2.0;2.0;1.0;B01
201800054532;1.0;7;0;0.0;2.0;3.0;11.0;A01
201800054533;2.0;7;0;0.0;2.0;3.0;10.0;A01
201800054533;1.0;2;0;0.0;2.0;3.0;1.0;B01
201800054534;1.0;10;0;0.0;2.0;1.0;2.0;A01
201800054534;1.0;7;0;0.0;2.0;4.0;2.0;B01
201800054535;2.0;7;0;0.0;2.0;2.0;1.0;B01
201800054535;2.0;7;0;0.0;2.0;0.0;11.0;Z01
201800054536;1.0;7;0;0.0;2.0;8.0;1.0;B01
201800054536;2.0;7;0;0.0;2.0;8.0;15.0;A01
201800054536;2.0;30;0;0.0;2.0;8.0;1.0;C01
201800054537;2.0;7;0;0.0;2.0;4.0;23.0;B01
201800054537;2.0;10;0;0.0;2.0;1.0;2.0;A01
201800054538;1.0;31;0;0.0;1.0;1.0;1.0;A01
201800054539;1.0;7;0;1.0;2.0;3.0;13.0;A01
201800054539;1.0;32;0;0.0;2.0;2.0;17.0;B01
201800054540;2.0;34;0;0.0;2.0;7.0;3.0;B01
201800054540;2.0;7;0;0.0;2.0;7.0;12.0;A01
201800054540;2.0;7;0;0.0;2.0;6.0;1.0;C01
201800054541;1.0;10;0;0.0;1.0;2.0;1.0;A01
201800054542;2.0;30;0;0.0;1.0;3.0;21.0;A01
201800054543;2.0;7;0;0.0;1.0;0.0;1.0;A01
201800054544;2.0;32;0;0.0;1.0;1.0;1.0;Z01
201800054545;1.0;10;0;0.0;2.0;2.0;16.0;A01
201800054545;1.0;30;0;0.0;2.0;4.0;16.0;B01
201800054546;1.0;32;0;0.0;2.0;8.0;3.0;B01
201800054546;1.0;7;0;0.0;0.0;0.0;1.0;A01
201800054547;1.0;30;0;;1.0;;1.0;Z01
201800054548;2.0;30;0;12.0;0.0;1.0;15.0;A01
201800054549;0.0;7;0;0.0;2.0;2.0;15.0;A01
201800054549;0.0;34;0;0.0;2.0;3.0;1.0;B01
201800054550;1.0;1;0;0.0;0.0;0.0;1.0;A01
201800054551;1.0;30;0;0.0;0.0;0.0;1.0;A01
201800054552;1.0;40;78;0.0;1.0;7.0;1.0;A01
201800054553;2.0;30;0;0.0;2.0;2.0;17.0;B01
201800054553;2.0;7;0;0.0;2.0;4.0;15.0;A01
201800054554;1.0;10;0;0.0;2.0;1.0;1.0;A01
201800054554;1.0;7;0;0.0;2.0;4.0;23.0;C01
201800054554;1.0;7;0;0.0;2.0;4.0;23.0;B01
201800054555;1.0;34;0;0.0;1.0;2.0;1.0;Z01
201800054556;1.0;7;0;0.0;1.0;2.0;16.0;A01
201800054557;2.0;32;0;0.0;1.0;5.0;2.0;Z01
201800054558;2.0;30;0;0.0;2.0;1.0;1.0;B01
201800054558;1.0;7;0;0.0;2.0;3.0;16.0;A01
201800054559;2.0;7;0;0.0;2.0;1.0;1.0;A01
201800054559;1.0;99;0;0.0;2.0;0.0;19.0;B01
201800054560;2.0;7;0;7.0;0.0;8.0;14.0;A01
201800054561;2.0;10;0;0.0;1.0;8.0;1.0;A01
201800054562;1.0;7;0;0.0;2.0;1.0;7.0;Z01
201800054562;1.0;33;0;12.0;2.0;4.0;16.0;A01
201800054563;0.0;7;0;0.0;2.0;4.0;2.0;Z01
201800054563;0.0;30;0;0.0;2.0;1.0;2.0;A01
201800054564;1.0;1;0;0.0;2.0;8.0;1.0;B01
201800054564;1.0;30;0;0.0;2.0;1.0;10.0;Z01
201800054565;2.0;30;0;0.0;1.0;0.0;5.0;Z01
201800054566;2.0;33;0;0.0;2.0;1.0;1.0;Z01
201800054566;1.0;99;0;0.0;2.0;8.0;1.0;A01
201800054567;1.0;10;0;0.0;2.0;4.0;23.0;A01
201800054567;1.0;1;0;0.0;2.0;1.0;2.0;B01
201800054568;0.0;7;0;0.0;2.0;2.0;1.0;A01
201800054568;0.0;99;0;0.0;2.0;3.0;1.0;B01
201800054569;0.0;7;0;0.0;2.0;8.0;1.0;A01
201800054569;0.0;7;0;0.0;2.0;7.0;23.0;B01
201800054570;1.0;7;0;0.0;1.0;1.0;16.0;A01
201800054571;2.0;1;0;0.0;2.0;2.0;19.0;B01
201800054571;2.0;34;0;0.0;2.0;1.0;1.0;A01
201800054572;1.0;14;0;0.0;2.0;7.0;1.0;A01
201800054572;1.0;1;0;0.0;2.0;8.0;3.0;B01
201800054573;2.0;1;0;0.0;1.0;1.0;5.0;A01
201800054574;1.0;7;0;0.0;2.0;7.0;7.0;A01
201800054574;1.0;30;0;0.0;2.0;6.0;9.0;B01
201800054575;1.0;32;0;14.0;0.0;0.0;1.0;A01
201800054576;2.0;10;0;1.0;0.0;2.0;14.0;A01
201800054577;1.0;7;0;0.0;1.0;1.0;1.0;A01
201800054578;1.0;7;0;0.0;2.0;4.0;2.0;B01
201800054578;1.0;32;0;0.0;2.0;1.0;2.0;A01
201800054579;0.0;7;0;;1.0;2.0;17.0;A01
201800054580;1.0;2;0;0.0;2.0;2.0;1.0;B01
201800054580;1.0;10;0;0.0;2.0;8.0;13.0;A01
201800054581;1.0;10;0;0.0;2.0;1.0;5.0;Z01
201800054581;2.0;1;0;0.0;2.0;1.0;11.0;A01
201800054582;1.0;1;0;0.0;1.0;1.0;1.0;A01
201800054583;1.0;7;0;0.0;2.0;3.0;13.0;A01
201800054583;1.0;33;0;0.0;2.0;7.0;17.0;B01
201800054584;2.0;33;0;0.0;2.0;7.0;1.0;A01
201800054584;2.0;99;0;0.0;2.0;0.0;19.0;B01
201800054585;1.0;7;0;0.0;2.0;2.0;2.0;A01
201800054585;1.0;30;0;1.0;2.0;4.0;23.0;B01
201800054585;1.0;30;0;0.0;2.0;8.0;24.0;C01
201800054586;1.0;33;0;0.0;2.0;8.0;18.0;B01
201800054586;1.0;7;0;0.0;2.0;2.0;16.0;A01
201800054587;1.0;34;0;0.0;2.0;1.0;1.0;B01
201800054587;1.0;7;0;0.0;2.0;5.0;1.0;A01
201800054588;1.0;7;0;0.0;2.0;2.0;1.0;B01
201800054588;1.0;30;0;0.0;2.0;3.0;15.0;A01
201800054589;2.0;34;0;0.0;2.0;1.0;21.0;B01
201800054589;1.0;7;0;1.0;2.0;3.0;15.0;A01
201800054590;1.0;7;0;0.0;2.0;2.0;1.0;A01
201800054590;1.0;7;0;0.0;2.0;3.0;9.0;Z01
201800054591;1.0;7;0;0.0;2.0;2.0;1.0;C01
201800054591;1.0;7;0;0.0;2.0;1.0;2.0;E01
201800054591;1.0;34;0;0.0;2.0;1.0;2.0;F01
201800054591;1.0;7;0;0.0;2.0;2.0;2.0;D01
201800054591;1.0;7;0;0.0;2.0;3.0;11.0;A01
201800054591;1.0;32;0;0.0;2.0;2.0;3.0;B01
201800054592;1.0;33;0;0.0;2.0;1.0;1.0;B01
201800054592;2.0;7;0;0.0;2.0;2.0;15.0;A01
201800054593;0.0;7;0;0.0;2.0;1.0;15.0;A01
201800054593;1.0;30;0;0.0;0.0;4.0;17.0;B01
201800054594;2.0;10;0;0.0;2.0;3.0;15.0;A01
201800054594;2.0;34;0;0.0;2.0;7.0;17.0;B01
201800054595;2.0;7;0;0.0;1.0;1.0;1.0;A01
201800054596;1.0;32;0;0.0;2.0;1.0;15.0;C01
201800054596;1.0;10;0;0.0;2.0;8.0;1.0;B01
201800054596;1.0;7;0;0.0;2.0;2.0;1.0;A01
201800054597;1.0;7;0;0.0;1.0;6.0;4.0;A01
201800054598;2.0;7;0;0.0;2.0;1.0;1.0;B01
201800054598;0.0;30;0;0.0;2.0;2.0;1.0;A01
201800054599;1.0;7;0;0.0;2.0;1.0;23.0;B01
201800054599;2.0;33;0;0.0;2.0;1.0;18.0;A01
201800054600;1.0;34;0;0.0;2.0;2.0;1.0;B01
201800054600;0.0;7;0;0.0;2.0;6.0;13.0;A01
201800054601;2.0;2;0;0.0;0.0;7.0;16.0;A01
201800054602;1.0;30;0;0.0;2.0;1.0;2.0;A01
201800054602;0.0;7;0;0.0;0.0;5.0;23.0;B01
201800054603;1.0;7;0;0.0;2.0;0.0;1.0;Z01
201800054603;2.0;2;0;0.0;2.0;0.0;1.0;A01
201800054604;2.0;32;0;0.0;1.0;1.0;1.0;A01
201800054605;1.0;7;0;0.0;2.0;8.0;15.0;B01
201800054605;1.0;30;0;0.0;2.0;1.0;7.0;A01
201800054606;2.0;33;0;0.0;2.0;1.0;1.0;A01
201800054606;2.0;7;0;0.0;2.0;7.0;9.0;Z01
201800054607;0.0;7;0;0.0;2.0;6.0;1.0;B01