Num_Acc;senc;catv;occutc;obs;obsm;choc;manv;num_veh
201800055548;2.0;10;0;0.0;2.0;4.0;2.0;B01
201800055548;2.0;10;0;0.0;2.0;1.0;2.0;A01
201800055549;2.0;33;0;0.0;2.0;1.0;2.0;A01
201800055549;2.0;33;0;0.0;2.0;6.0;2.0;B01
201800055550;2.0;7;0;0.0;2.0;5.0;14.0;A01
201800055550;2.0;32;0;0.0;2.0;1.0;3.0;B01
201800055551;1.0;7;0;0.0;2.0;4.0;2.0;C01
201800055551;1.0;7;0;0.0;2.0;4.0;2.0;B01
201800055551;1.0;7;0;0.0;2.0;1.0;2.0;A01
201800055552;2.0;33;0;0.0;2.0;0.0;1.0;A01
201800055553;1.0;7;0;0.0;2.0;4.0;23.0;B01
201800055553;1.0;7;0;0.0;2.0;1.0;2.0;A01
201800055554;1.0;7;0;0.0;2.0;4.0;2.0;B01
201800055554;1.0;10;0;0.0;2.0;4.0;2.0;C01
201800055554;1.0;7;0;0.0;2.0;1.0;2.0;A01
201800055555;2.0;10;0;0.0;2.0;7.0;11.0;A01
201800055555;2.0;33;0;0.0;2.0;1.0;3.0;B01
201800055556;1.0;7;0;0.0;2.0;4.0;11.0;A01
201800055556;1.0;33;0;0.0;2.0;1.0;3.0;B01
201800055557;2.0;7;0;0.0;2.0;1.0;2.0;A01
201800055557;2.0;7;0;0.0;2.0;4.0;1.0;C01
201800055557;2.0;7;0;0.0;2.0;4.0;2.0;B01
201800055558;1.0;33;0;4.0;0.0;1.0;21.0;A01
201800055559;2.0;33;0;3.0;0.0;1.0;13.0;A01
201800055560;1.0;7;0;0.0;2.0;4.0;2.0;B01
201800055560;1.0;7;0;0.0;2.0;1.0;2.0;A01
201800055561;1.0;31;0;0.0;2.0;2.0;17.0;A01
201800055561;1.0;10;0;0.0;2.0;8.0;11.0;B01
201800055562;1.0;34;0;0.0;2.0;4.0;12.0;A01
201800055562;1.0;7;0;0.0;2.0;1.0;13.0;Z01
201800055563;1.0;10;0;0.0;2.0;1.0;2.0;A01
201800055563;1.0;7;0;0.0;2.0;4.0;2.0;B01
201800055563;1.0;7;0;0.0;2.0;4.0;2.0;C01
201800055564;2.0;7;0;0.0;2.0;4.0;2.0;B01
201800055564;2.0;33;0;0.0;2.0;1.0;2.0;C01
201800055564;2.0;7;0;0.0;2.0;1.0;2.0;A01
201800055565;2.0;14;0;0.0;2.0;4.0;2.0;C01
201800055565;2.0;7;0;0.0;2.0;1.0;2.0;A01
201800055565;2.0;7;0;0.0;2.0;4.0;2.0;B01
201800055566;2.0;7;0;0.0;2.0;6.0;2.0;B01
201800055566;2.0;7;0;0.0;2.0;1.0;2.0;A01
201800055567;1.0;14;0;0.0;2.0;1.0;2.0;A01
201800055567;1.0;16;0;0.0;2.0;4.0;2.0;C01
201800055567;1.0;7;0;0.0;2.0;4.0;2.0;B01
201800055568;1.0;33;0;0.0;2.0;2.0;1.0;B01
201800055568;1.0;10;0;0.0;2.0;8.0;11.0;A01
201800055569;1.0;7;0;0.0;2.0;7.0;12.0;A01
201800055569;1.0;32;0;0.0;2.0;3.0;3.0;B01
201800055570;2.0;34;0;0.0;2.0;1.0;18.0;A01
201800055570;2.0;7;0;0.0;2.0;6.0;1.0;B01
201800055571;2.0;33;0;0.0;0.0;0.0;3.0;A01
201800055572;1.0;33;0;0.0;0.0;7.0;12.0;A01
201800055573;1.0;33;0;0.0;2.0;7.0;3.0;A01
201800055573;1.0;7;0;0.0;2.0;6.0;1.0;B01
201800055574;2.0;31;0;0.0;2.0;1.0;11.0;A01
201800055574;2.0;10;0;0.0;2.0;6.0;1.0;B01
201800055575;1.0;31;0;0.0;2.0;1.0;1.0;A01
201800055575;1.0;7;0;0.0;0.0;5.0;1.0;B01
201800055576;1.0;7;0;0.0;2.0;3.0;2.0;A01
201800055576;1.0;7;0;0.0;2.0;5.0;23.0;B01
201800055577;0.0;7;0;12.0;0.0;2.0;14.0;A01
201800055578;1.0;30;0;0.0;0.0;8.0;11.0;A01
201800055579;2.0;7;0;0.0;2.0;3.0;11.0;A01
201800055579;2.0;7;0;0.0;2.0;4.0;1.0;B01
201800055580;1.0;7;0;0.0;2.0;2.0;12.0;A01
201800055580;1.0;32;0;0.0;2.0;3.0;1.0;B01
201800055581;2.0;7;0;0.0;2.0;1.0;2.0;C01
201800055581;2.0;31;0;0.0;2.0;1.0;2.0;A01
201800055581;2.0;7;0;0.0;2.0;4.0;2.0;B01
201800055582;2.0;33;0;0.0;2.0;6.0;3.0;C01
201800055582;2.0;33;0;0.0;2.0;3.0;3.0;A01
201800055582;2.0;7;0;0.0;2.0;5.0;1.0;B01
201800055583;1.0;7;0;0.0;2.0;4.0;1.0;C01
201800055583;1.0;7;0;0.0;2.0;1.0;12.0;A01
201800055583;1.0;7;0;0.0;2.0;4.0;1.0;B01
201800055584;1.0;7;0;0.0;2.0;4.0;2.0;B01
201800055584;1.0;33;0;0.0;2.0;1.0;2.0;A01
201800055585;1.0;7;0;0.0;2.0;3.0;14.0;B01
201800055585;1.0;33;0;0.0;2.0;2.0;18.0;A01
201800055586;2.0;32;0;0.0;2.0;4.0;3.0;B01
201800055586;2.0;33;0;0.0;2.0;1.0;3.0;A01
201800055587;1.0;7;0;0.0;2.0;5.0;2.0;B01
201800055587;1.0;32;0;0.0;2.0;1.0;3.0;A01
201800055588;1.0;32;0;0.0;2.0;7.0;13.0;A01
201800055588;1.0;7;0;0.0;2.0;0.0;1.0;Z01
201800055589;1.0;7;0;0.0;2.0;4.0;2.0;C01
201800055589;1.0;7;0;0.0;2.0;1.0;2.0;D01
201800055589;1.0;10;0;0.0;2.0;4.0;2.0;B01
201800055589;1.0;7;0;0.0;2.0;1.0;2.0;A01
201800055590;1.0;10;0;0.0;2.0;1.0;2.0;A01
201800055590;1.0;7;0;0.0;2.0;4.0;2.0;B01
201800055591;1.0;15;0;0.0;2.0;2.0;12.0;A01
201800055591;1.0;7;0;0.0;2.0;4.0;1.0;B01
201800055592;1.0;7;0;0.0;2.0;4.0;2.0;C01
201800055592;1.0;7;0;0.0;2.0;4.0;2.0;D01
201800055592;1.0;7;0;0.0;2.0;1.0;2.0;A01
201800055592;1.0;7;0;0.0;2.0;4.0;2.0;B01
201800055593;1.0;30;0;0.0;2.0;8.0;3.0;B01
201800055593;1.0;10;0;0.0;2.0;2.0;12.0;A01
201800055594;2.0;33;0;12.0;0.0;1.0;14.0;A01
201800055595;2.0;7;0;0.0;1.0;3.0;1.0;A01
201800055596;1.0;33;0;0.0;2.0;8.0;3.0;B01
201800055596;1.0;10;0;0.0;2.0;7.0;12.0;A01
201800055597;2.0;10;0;0.0;2.0;6.0;1.0;B01
201800055597;2.0;33;0;3.0;2.0;1.0;3.0;A01
201800055598;2.0;7;0;0.0;2.0;5.0;14.0;B01
201800055598;2.0;33;0;0.0;2.0;3.0;1.0;A01
201800055599;2.0;33;0;0.0;2.0;3.0;2.0;A01
201800055599;2.0;7;0;0.0;2.0;4.0;2.0;B01
201800055600;1.0;33;0;12.0;0.0;1.0;14.0;A01
201800055601;2.0;34;0;0.0;2.0;4.0;2.0;A01
201800055601;2.0;7;0;0.0;2.0;0.0;2.0;Z01
201800055602;1.0;32;0;0.0;0.0;8.0;21.0;A01
201800055603;2.0;7;0;0.0;2.0;4.0;1.0;B01
201800055603;2.0;32;0;0.0;2.0;1.0;3.0;A01
201800055604;1.0;33;0;0.0;0.0;8.0;3.0;A01
201800055605;1.0;34;0;0.0;2.0;2.0;1.0;B01
201800055605;1.0;7;0;0.0;2.0;3.0;11.0;A01
201800055606;1.0;33;0;0.0;2.0;4.0;2.0;A01
201800055606;1.0;10;0;0.0;2.0;4.0;2.0;B01
201800055606;1.0;7;0;0.0;2.0;1.0;2.0;Z01
201800055607;1.0;7;0;0.0;2.0;6.0;2.0;D01
201800055607;1.0;7;0;0.0;2.0;2.0;12.0;A01
201800055607;1.0;33;0;0.0;2.0;1.0;3.0;B01
201800055607;1.0;7;0;0.0;2.0;6.0;2.0;C01
201800055608;2.0;15;0;0.0;2.0;2.0;12.0;A01
201800055608;2.0;7;0;0.0;2.0;6.0;1.0;C01
201800055608;2.0;7;0;0.0;2.0;6.0;1.0;B01
201800055609;1.0;7;0;0.0;2.0;7.0;12.0;A01
201800055609;1.0;31;0;0.0;2.0;8.0;1.0;B01
201800055610;1.0;33;0;0.0;2.0;3.0;3.0;B01
201800055610;1.0;10;0;0.0;2.0;5.0;12.0;A01
201800055611;1.0;10;0;0.0;2.0;3.0;11.0;A01
201800055611;1.0;10;0;0.0;2.0;7.0;2.0;C01
201800055611;1.0;32;0;0.0;2.0;8.0;2.0;B01
201800055612;1.0;33;0;0.0;2.0;8.0;3.0;B01
201800055612;1.0;7;0;0.0;2.0;5.0;12.0;A01
201800055613;1.0;7;0;0.0;2.0;5.0;12.0;A01
201800055613;1.0;32;0;0.0;2.0;3.0;3.0;B01
201800055614;2.0;10;0;0.0;2.0;1.0;12.0;A01
201800055614;2.0;10;0;0.0;2.0;4.0;2.0;C01
201800055614;2.0;10;0;0.0;2.0;4.0;23.0;D01
201800055614;2.0;7;0;0.0;2.0;4.0;2.0;B01
201800055615;2.0;7;0;0.0;2.0;6.0;11.0;A01
201800055615;2.0;10;0;0.0;2.0;6.0;1.0;C01
201800055615;2.0;33;0;0.0;2.0;2.0;3.0;B01
201800055616;1.0;7;0;0.0;2.0;8.0;11.0;A01
201800055616;1.0;33;0;0.0;2.0;7.0;1.0;B01
201800055617;1.0;33;0;0.0;2.0;1.0;2.0;A01
201800055617;1.0;32;0;0.0;2.0;4.0;2.0;B01
201800055618;2.0;7;0;0.0;2.0;1.0;1.0;A01
201800055618;2.0;10;0;0.0;2.0;4.0;1.0;B01
201800055619;2.0;31;0;0.0;2.0;1.0;1.0;A01
201800055619;2.0;7;0;0.0;2.0;6.0;2.0;B01
201800055620;2.0;7;0;0.0;2.0;3.0;2.0;C01
201800055620;2.0;33;0;0.0;2.0;1.0;3.0;A01
201800055620;2.0;7;0;0.0;2.0;0.0;12.0;Z01
201800055620;2.0;7;0;0.0;2.0;2.0;2.0;B01
201800055621;2.0;10;0;0.0;2.0;4.0;12.0;A01
201800055621;1.0;33;0;0.0;2.0;4.0;2.0;B01
201800055621;2.0;10;0;0.0;2.0;1.0;1.0;C01
201800055622;1.0;7;0;0.0;2.0;4.0;2.0;C01
201800055622;1.0;7;0;0.0;2.0;4.0;2.0;D01
201800055622;1.0;10;0;0.0;2.0;1.0;2.0;A01
201800055622;1.0;7;0;0.0;2.0;4.0;2.0;B01
201800055623;1.0;7;0;0.0;2.0;4.0;2.0;B01
201800055623;1.0;34;0;0.0;2.0;1.0;2.0;A01
201800055624;1.0;7;0;4.0;0.0;3.0;1.0;A01
201800055625;2.0;7;0;0.0;2.0;4.0;1.0;B01
201800055625;2.0;7;0;0.0;2.0;3.0;12.0;A01
201800055626;2.0;10;0;0.0;2.0;4.0;23.0;C01
201800055626;2.0;7;0;0.0;2.0;4.0;23.0;B01
201800055626;2.0;7;0;0.0;2.0;1.0;1.0;A01
201800055627;1.0;7;0;0.0;2.0;2.0;12.0;A01
201800055627;1.0;33;0;0.0;2.0;6.0;1.0;B01
201800055628;2.0;7;0;0.0;2.0;6.0;2.0;B01
201800055628;2.0;33;0;0.0;2.0;1.0;2.0;A01
201800055629;1.0;10;0;0.0;2.0;6.0;11.0;A01
201800055629;1.0;33;0;0.0;2.0;7.0;2.0;B01
201800055630;1.0;10;0;0.0;2.0;3.0;11.0;A01
201800055630;1.0;33;0;0.0;2.0;2.0;21.0;B01
201800055631;2.0;7;0;0.0;2.0;1.0;2.0;A01
201800055631;2.0;7;0;3.0;2.0;4.0;2.0;B01
201800055632;1.0;7;0;0.0;2.0;4.0;1.0;B01
201800055632;1.0;33;0;0.0;2.0;1.0;11.0;A01
201800055633;1.0;17;0;0.0;2.0;3.0;1.0;B01
201800055633;1.0;7;0;0.0;2.0;5.0;12.0;A01
201800055634;1.0;7;0;0.0;2.0;2.0;11.0;B01
201800055634;1.0;33;0;0.0;2.0;1.0;3.0;A01
201800055635;2.0;10;0;0.0;2.0;1.0;2.0;Z01
201800055635;2.0;7;0;0.0;2.0;4.0;23.0;B01
201800055635;2.0;7;0;0.0;2.0;4.0;23.0;A01
201800055635;2.0;10;0;0.0;2.0;4.0;23.0;C01
201800055636;1.0;7;0;0.0;2.0;6.0;2.0;B01
201800055636;1.0;31;0;0.0;2.0;2.0;2.0;A01
201800055637;1.0;33;0;0.0;2.0;1.0;11.0;A01
201800055637;1.0;7;0;0.0;2.0;4.0;11.0;B01
201800055638;2.0;7;0;0.0;2.0;6.0;13.0;A01
201800055638;2.0;33;0;0.0;2.0;7.0;3.0;B01
201800055639;1.0;10;0;0.0;2.0;5.0;2.0;B01
201800055639;1.0;33;0;0.0;2.0;1.0;2.0;A01
201800055640;1.0;7;0;0.0;2.0;4.0;1.0;D01
201800055640;1.0;7;0;0.0;2.0;6.0;2.0;C01
201800055640;1.0;7;0;0.0;2.0;3.0;2.0;B01
201800055640;1.0;33;0;0.0;2.0;2.0;3.0;A01
201800055641;1.0;17;0;0.0;2.0;7.0;1.0;B01
201800055641;1.0;7;0;0.0;2.0;8.0;1.0;A01
201800055642;2.0;7;0;0.0;2.0;2.0;12.0;A01
201800055642;2.0;32;0;0.0;2.0;8.0;3.0;B01
201800055643;2.0;33;0;0.0;2.0;1.0;3.0;B01
201800055643;2.0;10;0;0.0;2.0;4.0;14.0;A01
201800055644;2.0;33;0;0.0;2.0;4.0;2.0;B01
201800055644;2.0;32;0;0.0;2.0;1.0;2.0;A01
201800055645;2.0;33;0;0.0;2.0;3.0;1.0;A01
201800055645;2.0;7;0;0.0;2.0;0.0;11.0;Z01
201800055646;1.0;10;0;0.0;2.0;1.0;2.0;A01
201800055646;1.0;7;0;0.0;2.0;4.0;2.0;C01
201800055646;1.0;7;0;0.0;2.0;4.0;2.0;B01
201800055647;1.0;7;0;0.0;2.0;1.0;2.0;A01
201800055647;1.0;7;0;0.0;2.0;4.0;2.0;B01
201800055647;1.0;7;0;0.0;2.0;4.0;2.0;C01
201800055648;1.0;7;0;0.0;2.0;1.0;2.0;A01
201800055648;1.0;10;0;0.0;2.0;4.0;2.0;B01
201800055649;1.0;7;0;0.0;2.0;1.0;2.0;A01
201800055649;1.0;7;0;0.0;2.0;4.0;2.0;B01
201800055650;2.0;33;0;0.0;2.0;1.0;3.0;A01
201800055650;2.0;7;0;0.0;2.0;7.0;12.0;B01
201800055650;2.0;7;0;0.0;2.0;8.0;1.0;C01
201800055651;1.0;7;0;0.0;2.0;4.0;2.0;Z01
201800055651;1.0;7;0;0.0;2.0;1.0;2.0;A01
201800055652;2.0;7;0;0.0;2.0;4.0;23.0;D01
201800055652;2.0;7;0;0.0;2.0;1.0;2.0;A01
201800055652;2.0;7;0;0.0;2.0;4.0;23.0;B01
201800055652;2.0;7;0;0.0;2.0;4.0;23.0;C01
201800055653;1.0;32;0;0.0;2.0;1.0;2.0;A01
201800055653;1.0;7;0;0.0;2.0;4.0;2.0;B01
201800055654;2.0;15;0;0.0;2.0;2.0;1.0;B01
201800055654;2.0;7;0;0.0;2.0;3.0;13.0;A01
201800055654;2.0;32;0;0.0;2.0;1.0;1.0;C01
201800055655;2.0;33;0;0.0;0.0;8.0;1.0;A01
201800055656;2.0;7;0;0.0;2.0;4.0;12.0;B01
201800055656;2.0;31;0;0.0;2.0;1.0;3.0;A01
201800055657;2.0;33;0;0.0;0.0;8.0;3.0;A01
201800055658;1.0;7;0;0.0;2.0;2.0;12.0;A01
201800055658;1.0;34;0;0.0;2.0;8.0;3.0;B01
201800055659;1.0;34;0;0.0;2.0;1.0;16.0;A01
201800055659;1.0;7;0;0.0;2.0;5.0;1.0;B01
201800055660;1.0;7;0;0.0;2.0;4.0;2.0;B01
201800055660;1.0;33;0;0.0;2.0;1.0;2.0;A01
201800055661;1.0;31;0;0.0;2.0;0.0;12.0;A01
201800055662;2.0;10;0;0.0;2.0;5.0;23.0;D01
201800055662;2.0;31;0;0.0;2.0;7.0;3.0;B01
201800055662;2.0;7;0;0.0;2.0;5.0;23.0;C01
201800055662;2.0;33;0;0.0;2.0;1.0;11.0;A01
201800055663;1.0;33;0;0.0;2.0;1.0;2.0;A01
201800055663;1.0;7;0;0.0;2.0;3.0;2.0;B01
201800055664;1.0;33;0;0.0;2.0;1.0;2.0;A01
201800055664;1.0;7;0;0.0;2.0;4.0;2.0;Z01
201800055665;2.0;7;0;14.0;2.0;1.0;2.0;A01
201800055665;2.0;7;0;0.0;2.0;6.0;2.0;B01
201800055666;2.0;32;0;0.0;2.0;7.0;1.0;A01
201800055666;2.0;7;0;0.0;2.0;0.0;11.0;Z01
201800055667;2.0;7;0;0.0;2.0;7.0;12.0;A01
201800055667;2.0;31;0;0.0;2.0;8.0;3.0;B01
201800055668;1.0;33;0;0.0;2.0;1.0;3.0;A01
201800055668;1.0;10;0;0.0;2.0;6.0;1.0;C01
201800055668;1.0;7;0;0.0;2.0;6.0;11.0;B01
201800055669;1.0;30;0;4.0;0.0;7.0;14.0;A01
201800055670;2.0;7;0;0.0;2.0;7.0;12.0;A01
201800055670;2.0;32;0;0.0;2.0;3.0;1.0;B01
201800055671;1.0;7;0;0.0;2.0;4.0;23.0;C01
201800055671;1.0;7;0;0.0;2.0;9.0;23.0;B01
201800055671;1.0;7;0;0.0;2.0;1.0;2.0;A01
201800055672;1.0;32;0;0.0;0.0;8.0;1.0;A01
201800055673;2.0;7;0;0.0;2.0;6.0;11.0;Z01
201800055673;2.0;33;0;0.0;2.0;2.0;1.0;A01
201800055674;2.0;7;0;0.0;2.0;4.0;2.0;B01
201800055674;2.0;7;0;0.0;2.0;1.0;2.0;A01
201800055675;1.0;7;0;0.0;2.0;4.0;2.0;B01
201800055675;1.0;33;0;0.0;2.0;1.0;2.0;A01
201800055676;2.0;7;0;0.0;2.0;4.0;2.0;B01
201800055676;2.0;7;0;0.0;2.0;1.0;2.0;A01
201800055677;2.0;7;0;0.0;2.0;5.0;11.0;A01
201800055677;2.0;32;0;0.0;2.0;1.0;1.0;B01
201800055678;1.0;32;0;0.0;0.0;8.0;1.0;A01
201800055679;1.0;7;0;0.0;2.0;1.0;2.0;A01
201800055679;1.0;7;0;0.0;2.0;4.0;2.0;C01
201800055679;1.0;7;0;0.0;2.0;0.0;2.0;B01
201800055680;1.0;7;0;0.0;2.0;8.0;11.0;A01
201800055680;1.0;14;0;0.0;2.0;2.0;1.0;B01
201800055681;1.0;7;0;0.0;2.0;6.0;2.0;B01
201800055681;1.0;33;0;0.0;2.0;2.0;2.0;A01
201800055682;2.0;10;0;0.0;2.0;1.0;2.0;A01
201800055682;2.0;7;0;0.0;2.0;4.0;23.0;C01
201800055682;2.0;7;0;0.0;2.0;4.0;23.0;B01
201800055683;1.0;7;0;0.0;2.0;4.0;2.0;C01
201800055683;1.0;7;0;0.0;2.0;1.0;2.0;A01
201800055683;1.0;7;0;0.0;2.0;4.0;2.0;B01
201800055684;1.0;33;0;0.0;0.0;7.0;1.0;A01
201800055685;1.0;7;0;0.0;2.0;1.0;12.0;A01
201800055685;1.0;7;0;0.0;2.0;5.0;1.0;B01
201800055686;2.0;32;0;0.0;1.0;2.0;3.0;A01
201800055687;1.0;7;0;0.0;2.0;4.0;12.0;A01
201800055687;1.0;33;0;0.0;2.0;1.0;1.0;B01
201800055688;2.0;7;0;0.0;2.0;3.0;11.0;A01
201800055688;2.0;33;0;0.0;2.0;2.0;1.0;B01
201800055689;1.0;32;0;0.0;2.0;7.0;3.0;B01
201800055689;1.0;33;0;0.0;2.0;7.0;12.0;A01
201800055690;2.0;7;0;0.0;2.0;5.0;2.0;B01
201800055690;2.0;7;0;0.0;2.0;3.0;2.0;A01
201800055691;1.0;32;0;0.0;2.0;8.0;3.0;B01
201800055691;1.0;7;0;0.0;2.0;7.0;12.0;Z01
201800055692;1.0;7;0;0.0;2.0;1.0;2.0;A01
201800055692;1.0;7;0;0.0;2.0;4.0;23.0;B01
201800055693;1.0;32;0;0.0;2.0;3.0;14.0;A01
201800055693;0.0;10;0;0.0;2.0;7.0;1.0;B01
201800055694;2.0;10;0;0.0;2.0;1.0;2.0;A01
201800055694;2.0;7;0;0.0;2.0;4.0;2.0;B01
201800055695;1.0;32;0;0.0;2.0;0.0;9.0;A01
201800055695;1.0;7;0;0.0;2.0;7.0;1.0;B01
201800055696;2.0;10;0;0.0;2.0;6.0;13.0;Z01
201800055696;2.0;34;0;0.0;2.0;3.0;11.0;A01
201800055697;1.0;31;0;0.0;2.0;5.0;1.0;B01
201800055697;1.0;7;0;0.0;2.0;8.0;11.0;A01
201800055698;1.0;32;0;0.0;2.0;8.0;1.0;B01
201800055698;1.0;7;0;0.0;2.0;7.0;12.0;A01
201800055699;1.0;7;0;0.0;2.0;6.0;2.0;B01
201800055699;1.0;33;0;0.0;2.0;1.0;2.0;A01
201800055700;1.0;7;0;0.0;2.0;1.0;2.0;A01
201800055700;1.0;7;0;0.0;2.0;4.0;2.0;B01
201800055701;1.0;10;0;0.0;2.0;5.0;12.0;A01
201800055701;1.0;33;0;0.0;2.0;1.0;3.0;B01
201800055702;1.0;33;0;0.0;2.0;8.0;12.0;A01
201800055702;1.0;7;0;0.0;2.0;7.0;12.0;B01
201800055703;1.0;7;0;0.0;2.0;3.0;1.0;A01
201800055703;1.0;7;0;0.0;2.0;2.0;12.0;Z01
201800055704;2.0;7;0;0.0;2.0;2.0;12.0;Z01
201800055704;2.0;33;0;0.0;2.0;3.0;3.0;A01
201800055704;2.0;7;0;0.0;2.0;5.0;2.0;C01
201800055704;2.0;7;0;0.0;2.0;2.0;2.0;B01
201800055705;1.0;7;0;0.0;2.0;4.0;23.0;B01
201800055705;1.0;10;0;0.0;2.0;1.0;2.0;A01
201800055706;1.0;7;0;0.0;2.0;1.0;2.0;A01
201800055706;1.0;7;0;0.0;2.0;4.0;23.0;B01
201800055707;1.0;7;0;0.0;0.0;9.0;21.0;A01
201800055708;1.0;7;0;0.0;2.0;7.0;12.0;A01
201800055708;1.0;33;0;0.0;2.0;8.0;3.0;B01
201800055708;1.0;10;0;0.0;2.0;8.0;1.0;C01
201800055709;2.0;7;0;0.0;2.0;1.0;2.0;A01
201800055709;2.0;7;0;0.0;2.0;4.0;23.0;B01
201800055710;2.0;14;0;0.0;2.0;1.0;2.0;A01
201800055710;2.0;10;0;0.0;2.0;4.0;2.0;B01
201800055710;2.0;7;0;0.0;2.0;1.0;2.0;C01
201800055711;1.0;7;0;0.0;2.0;2.0;12.0;A01
201800055711;1.0;34;0;0.0;2.0;8.0;2.0;B01
201800055712;2.0;10;0;0.0;2.0;1.0;2.0;D01
201800055712;2.0;10;0;0.0;2.0;1.0;2.0;B01
201800055712;2.0;10;0;0.0;2.0;1.0;2.0;C01
201800055712;2.0;10;0;0.0;2.0;4.0;2.0;A01
201800055713;2.0;7;0;0.0;2.0;3.0;11.0;A01
201800055713;2.0;32;0;0.0;2.0;2.0;3.0;B01
201800055714;2.0;34;0;0.0;2.0;1.0;12.0;A01
201800055714;2.0;7;0;0.0;2.0;6.0;2.0;B01
201800055714;2.0;33;0;0.0;2.0;1.0;3.0;C01
201800055715;1.0;10;0;0.0;2.0;6.0;11.0;A01
201800055715;1.0;33;0;0.0;2.0;7.0;3.0;B01
201800055716;2.0;7;0;0.0;2.0;6.0;11.0;A01
201800055716;2.0;33;0;0.0;2.0;1.0;3.0;B01
201800055717;1.0;33;0;0.0;2.0;3.0;2.0;A01
201800055717;1.0;7;0;0.0;0.0;5.0;23.0;B01
201800055718;1.0;10;0;5.0;0.0;1.0;0.0;A01
201800055719;1.0;10;0;0.0;2.0;1.0;2.0;A01
201800055719;1.0;7;0;0.0;2.0;4.0;23.0;C01
201800055719;1.0;10;0;0.0;2.0;4.0;2.0;B01
201800055720;1.0;34;0;0.0;0.0;8.0;2.0;A01
201800055721;1.0;7;0;0.0;2.0;1.0;2.0;A01
201800055721;1.0;7;0;0.0;2.0;4.0;2.0;B01
201800055721;1.0;7;0;0.0;2.0;4.0;2.0;C01
201800055722;2.0;33;0;0.0;2.0;8.0;3.0;B01
201800055722;2.0;7;0;0.0;2.0;7.0;12.0;A01
201800055723;1.0;7;0;0.0;2.0;4.0;2.0;B01
201800055723;1.0;7;0;0.0;2.0;1.0;2.0;A01
201800055724;1.0;15;0;0.0;2.0;2.0;12.0;A01
201800055724;1.0;7;0;0.0;2.0;6.0;1.0;B01
201800055725;1.0;7;0;0.0;2.0;6.0;1.0;B01
201800055725;1.0;7;0;4.0;2.0;2.0;12.0;A01
201800055726;2.0;14;0;0.0;2.0;2.0;12.0;A01
201800055726;2.0;7;0;0.0;2.0;4.0;1.0;B01
201800055727;2.0;13;0;0.0;2.0;2.0;1.0;A01
201800055727;1.0;7;0;0.0;2.0;8.0;9.0;B01
201800055728;2.0;34;0;4.0;2.0;7.0;1.0;B01
201800055728;2.0;7;0;0.0;2.0;3.0;11.0;A01
201800055729;1.0;10;0;0.0;2.0;8.0;13.0;A01
201800055729;1.0;33;0;0.0;2.0;7.0;3.0;B01
201800055730;1.0;7;0;4.0;0.0;1.0;13.0;A01
201800055731;1.0;32;0;0.0;2.0;8.0;3.0;A01
201800055731;1.0;7;0;0.0;2.0;6.0;1.0;B01
201800055732;1.0;7;0;0.0;2.0;4.0;2.0;C01
201800055732;1.0;7;0;0.0;2.0;1.0;2.0;A01
201800055732;1.0;10;0;0.0;2.0;4.0;2.0;B01
201800055733;1.0;31;0;0.0;2.0;1.0;3.0;A01
201800055733;2.0;10;0;0.0;2.0;5.0;12.0;B01
201800055734;1.0;33;0;0.0;2.0;2.0;3.0;B01
201800055734;1.0;10;0;0.0;2.0;3.0;11.0;A01
201800055735;1.0;33;0;0.0;2.0;1.0;14.0;A01
201800055735;1.0;10;0;0.0;2.0;8.0;1.0;B01
201800055736;2.0;7;0;0.0;2.0;2.0;12.0;A01
201800055736;2.0;33;0;0.0;2.0;4.0;1.0;B01
201800055737;2.0;13;0;0.0;2.0;2.0;11.0;Z01
201800055737;2.0;7;0;0.0;2.0;6.0;1.0;A01
201800055738;2.0;33;0;0.0;2.0;4.0;23.0;B01
201800055738;2.0;13;0;0.0;2.0;1.0;2.0;A01
201800055739;1.0;10;0;0.0;2.0;6.0;11.0;B01
201800055739;1.0;33;0;0.0;2.0;2.0;3.0;A01
201800055740;2.0;7;0;0.0;2.0;4.0;2.0;B01
201800055740;2.0;7;0;0.0;2.0;1.0;2.0;A01
201800055740;2.0;7;0;0.0;2.0;4.0;2.0;C01
201800055741;1.0;33;0;0.0;2.0;3.0;3.0;B01
201800055741;1.0;7;0;0.0;2.0;2.0;12.0;A01
201800055742;1.0;7;0;0.0;2.0;0.0;9.0;A01
201800055742;1.0;7;0;0.0;2.0;6.0;1.0;C01
201800055742;1.0;34;0;0.0;2.0;1.0;1.0;B01
201800055743;1.0;38;52;0.0;2.0;7.0;14.0;A01
201800055743;1.0;33;0;4.0;2.0;8.0;1.0;B01
201800055744;2.0;2;0;0.0;2.0;1.0;13.0;A01
201800055744;2.0;10;0;0.0;2.0;4.0;23.0;B01
201800055745;2.0;33;0;0.0;0.0;8.0;3.0;A01
201800055746;2.0;7;0;0.0;2.0;5.0;23.0;B01
201800055746;2.0;31;0;0.0;2.0;1.0;13.0;A01
201800055747;1.0;7;0;0.0;2.0;4.0;23.0;B01
201800055747;1.0;7;0;0.0;2.0;4.0;23.0;C01
201800055747;1.0;7;0;0.0;2.0;1.0;2.0;A01
201800055748;2.0;7;0;0.0;2.0;8.0;1.0;B01