Num_Acc;senc;catv;occutc;obs;obsm;choc;manv;num_veh
201800056004;0.0;33;0;0.0;0.0;1.0;13.0;A01
201800056005;1.0;7;0;0.0;1.0;3.0;18.0;A01
201800056006;2.0;7;0;0.0;2.0;3.0;1.0;B01
201800056006;1.0;7;0;0.0;2.0;3.0;1.0;A01
201800056007;2.0;32;0;0.0;2.0;1.0;1.0;B01
201800056007;1.0;7;0;0.0;2.0;2.0;1.0;A01
201800056008;0.0;7;0;0.0;2.0;3.0;15.0;A01
201800056008;0.0;33;0;0.0;2.0;2.0;17.0;B01
201800056009;1.0;7;0;0.0;9.0;2.0;6.0;A01
201800056010;0.0;33;0;0.0;9.0;1.0;1.0;A01
201800056010;0.0;1;0;0.0;2.0;8.0;10.0;B01
201800056011;2.0;7;0;14.0;9.0;2.0;0.0;C01
201800056011;1.0;7;0;0.0;2.0;1.0;13.0;A01
201800056011;2.0;7;0;0.0;2.0;1.0;1.0;B01
201800056012;2.0;7;0;0.0;2.0;3.0;1.0;B01
201800056012;1.0;7;0;0.0;2.0;3.0;1.0;A01
201800056013;1.0;7;0;0.0;0.0;9.0;1.0;A01
201800056014;2.0;7;0;0.0;0.0;9.0;1.0;A01
201800056015;2.0;14;0;13.0;0.0;0.0;1.0;A01
201800056016;0.0;1;0;0.0;2.0;8.0;2.0;B01
201800056016;0.0;13;0;0.0;9.0;2.0;2.0;A01
201800056017;2.0;7;0;0.0;2.0;3.0;1.0;B01
201800056017;1.0;7;0;0.0;2.0;3.0;13.0;A01
201800056018;1.0;10;0;0.0;2.0;3.0;13.0;B01
201800056018;2.0;7;0;0.0;2.0;2.0;1.0;A01
201800056019;1.0;1;0;0.0;2.0;1.0;11.0;B01
201800056019;2.0;7;0;0.0;0.0;1.0;1.0;A01
201800056020;2.0;7;0;0.0;2.0;5.0;14.0;A01
201800056020;2.0;2;0;9.0;2.0;1.0;1.0;B01
201800056021;1.0;7;0;0.0;1.0;1.0;1.0;A01
201800056022;0.0;38;3;0.0;0.0;0.0;0.0;A01
201800056023;1.0;7;0;0.0;2.0;3.0;1.0;A01
201800056023;2.0;7;0;0.0;1.0;3.0;1.0;B01
201800056024;0.0;31;0;0.0;2.0;1.0;1.0;B01
201800056024;0.0;7;0;0.0;2.0;2.0;15.0;A01
201800056025;0.0;30;0;0.0;2.0;1.0;0.0;A01
201800056025;0.0;7;0;0.0;9.0;3.0;0.0;B01
201800056026;0.0;7;0;0.0;1.0;2.0;1.0;A01
201800056027;2.0;10;0;0.0;2.0;3.0;13.0;A01
201800056027;1.0;10;0;0.0;2.0;3.0;1.0;B01
201800056028;0.0;7;0;0.0;2.0;1.0;15.0;A01
201800056028;0.0;2;0;0.0;2.0;1.0;1.0;B01
201800056029;2.0;2;0;0.0;2.0;1.0;3.0;A01
201800056029;1.0;7;0;0.0;2.0;6.0;5.0;C01
201800056029;2.0;7;0;0.0;2.0;6.0;1.0;B01
201800056030;2.0;7;0;0.0;2.0;1.0;15.0;A01
201800056030;1.0;2;0;0.0;2.0;1.0;1.0;B01
201800056031;0.0;7;0;0.0;2.0;2.0;19.0;A01
201800056031;0.0;2;0;0.0;2.0;8.0;21.0;B01
201800056032;2.0;7;0;0.0;2.0;7.0;2.0;A01
201800056032;2.0;2;0;6.0;2.0;3.0;2.0;B01
201800056033;1.0;2;0;0.0;1.0;1.0;0.0;A01
201800056034;0.0;7;0;0.0;2.0;1.0;1.0;B01
201800056034;0.0;7;0;0.0;2.0;1.0;5.0;A01
201800056035;2.0;2;0;0.0;2.0;1.0;1.0;B01
201800056035;1.0;7;0;0.0;2.0;2.0;15.0;A01
201800056036;1.0;7;0;0.0;2.0;3.0;19.0;A01
201800056036;1.0;2;0;0.0;1.0;1.0;1.0;B01
201800056037;1.0;2;0;0.0;2.0;2.0;1.0;A01
201800056037;1.0;7;0;0.0;0.0;8.0;1.0;B01
201800056038;1.0;7;0;0.0;1.0;1.0;1.0;A01
201800056039;1.0;2;0;0.0;2.0;8.0;10.0;B01
201800056039;1.0;10;0;0.0;2.0;3.0;1.0;A01
201800056040;1.0;7;0;0.0;2.0;2.0;19.0;A01
201800056040;1.0;2;0;0.0;2.0;1.0;1.0;B01
201800056041;0.0;2;0;0.0;2.0;1.0;5.0;B01
201800056041;0.0;2;0;0.0;2.0;1.0;15.0;A01
201800056042;0.0;7;0;0.0;0.0;3.0;1.0;A01
201800056042;0.0;7;0;0.0;2.0;8.0;1.0;B01
201800056043;1.0;7;0;0.0;2.0;3.0;0.0;A01
201800056043;1.0;2;0;0.0;2.0;2.0;19.0;B01
201800056044;2.0;10;0;0.0;1.0;2.0;1.0;A01
201800056045;0.0;31;0;0.0;2.0;8.0;1.0;B01
201800056045;0.0;7;0;0.0;2.0;1.0;19.0;A01
201800056046;0.0;2;0;0.0;0.0;1.0;1.0;B01
201800056046;0.0;7;0;0.0;0.0;5.0;15.0;A01
201800056047;0.0;7;0;0.0;2.0;8.0;11.0;B01
201800056047;0.0;99;0;6.0;2.0;2.0;2.0;A01
201800056048;1.0;7;0;0.0;2.0;7.0;16.0;B01
201800056048;1.0;99;0;0.0;2.0;0.0;18.0;A01
201800056049;2.0;7;0;0.0;2.0;7.0;2.0;B01
201800056049;2.0;2;0;0.0;0.0;8.0;1.0;A01
201800056050;1.0;32;0;0.0;2.0;1.0;2.0;B01
201800056050;1.0;7;0;0.0;2.0;4.0;1.0;A01
201800056051;0.0;7;0;8.0;0.0;3.0;13.0;A01
201800056052;0.0;2;0;0.0;2.0;1.0;5.0;A01
201800056052;0.0;7;0;0.0;2.0;1.0;21.0;B01
201800056053;1.0;17;0;0.0;2.0;3.0;21.0;A01
201800056053;2.0;7;0;0.0;2.0;3.0;0.0;B01
201800056054;1.0;7;0;13.0;0.0;2.0;1.0;A01
201800056055;1.0;7;0;2.0;0.0;7.0;1.0;A01
201800056056;1.0;30;0;0.0;0.0;4.0;2.0;B01
201800056056;1.0;7;0;0.0;2.0;3.0;2.0;A01
201800056057;1.0;7;0;0.0;2.0;2.0;11.0;A01
201800056057;1.0;7;0;0.0;2.0;3.0;15.0;B01
201800056058;2.0;7;0;0.0;2.0;5.0;13.0;B01
201800056058;2.0;7;0;0.0;2.0;3.0;18.0;A01
201800056059;1.0;7;0;6.0;1.0;1.0;0.0;A01
201800056060;1.0;7;0;2.0;0.0;1.0;1.0;A01
201800056061;2.0;7;0;1.0;0.0;1.0;5.0;A01
201800056062;1.0;2;0;0.0;0.0;0.0;0.0;A01
201800056063;1.0;33;0;0.0;2.0;1.0;17.0;A01
201800056063;2.0;30;0;0.0;2.0;1.0;1.0;B01
201800056064;0.0;7;0;1.0;1.0;2.0;14.0;A01
201800056065;1.0;7;0;0.0;1.0;8.0;14.0;A01
201800056065;1.0;7;0;0.0;1.0;1.0;0.0;B01
201800056066;2.0;7;0;0.0;2.0;1.0;5.0;A01
201800056066;1.0;7;0;0.0;2.0;1.0;17.0;B01
201800056067;1.0;7;0;0.0;2.0;5.0;15.0;A01
201800056067;2.0;2;0;0.0;2.0;7.0;1.0;B01
201800056068;1.0;7;0;0.0;9.0;3.0;9.0;A01
201800056068;1.0;1;0;0.0;2.0;0.0;1.0;B01
201800056069;1.0;7;0;0.0;1.0;2.0;1.0;A01
201800056069;1.0;10;0;0.0;1.0;1.0;1.0;B01
201800056070;0.0;7;0;0.0;2.0;8.0;1.0;A01
201800056070;0.0;33;0;0.0;2.0;8.0;1.0;B01
201800056071;2.0;33;0;0.0;2.0;1.0;1.0;A01
201800056071;1.0;10;0;0.0;2.0;7.0;15.0;B01
201800056072;1.0;31;0;0.0;2.0;1.0;17.0;A01
201800056072;1.0;7;0;0.0;2.0;2.0;1.0;B01
201800056072;2.0;7;0;0.0;2.0;3.0;1.0;C01
201800056073;2.0;2;0;3.0;0.0;0.0;1.0;A01
201800056074;1.0;7;0;0.0;0.0;7.0;15.0;A01
201800056074;2.0;33;0;0.0;2.0;1.0;0.0;B01
201800056075;1.0;33;0;0.0;1.0;1.0;1.0;A01
201800056076;1.0;33;0;0.0;2.0;1.0;13.0;A01
201800056076;2.0;10;0;0.0;2.0;1.0;1.0;B01
201800056077;1.0;7;0;0.0;1.0;1.0;1.0;A01
201800056078;1.0;7;0;0.0;2.0;1.0;0.0;A01
201800056078;2.0;7;0;1.0;0.0;2.0;1.0;B01
201800056079;1.0;7;0;0.0;1.0;2.0;1.0;A01
201800056080;2.0;7;0;0.0;1.0;1.0;1.0;A01
201800056081;1.0;7;0;4.0;0.0;3.0;1.0;A01
201800056082;1.0;10;0;0.0;2.0;2.0;1.0;B01
201800056082;1.0;1;0;0.0;2.0;3.0;11.0;A01
201800056083;1.0;7;0;0.0;1.0;2.0;1.0;A01
201800056084;0.0;7;0;13.0;0.0;1.0;0.0;A01
201800056085;1.0;7;0;0.0;9.0;2.0;17.0;A01
201800056085;1.0;1;0;0.0;2.0;4.0;13.0;B01
201800056086;1.0;33;0;0.0;0.0;3.0;1.0;A01
201800056087;1.0;1;0;0.0;2.0;8.0;0.0;A01
201800056087;1.0;7;0;0.0;2.0;1.0;9.0;B01
201800056088;2.0;7;0;0.0;2.0;1.0;13.0;A01
201800056088;1.0;2;0;0.0;2.0;1.0;1.0;B01
201800056089;2.0;2;0;10.0;0.0;4.0;14.0;A01
201800056090;1.0;7;0;0.0;2.0;2.0;1.0;B01
201800056090;2.0;33;0;0.0;2.0;1.0;1.0;A01
201800056091;2.0;7;0;6.0;2.0;1.0;1.0;A01
201800056091;1.0;7;0;0.0;2.0;1.0;1.0;B01
201800056092;0.0;33;0;0.0;2.0;3.0;1.0;A01
201800056092;0.0;7;0;0.0;2.0;3.0;1.0;B01
201800056093;0.0;10;0;13.0;0.0;3.0;1.0;A01
201800056094;1.0;10;0;0.0;9.0;3.0;19.0;A01
201800056094;2.0;2;0;0.0;2.0;1.0;21.0;B01
201800056095;1.0;7;0;0.0;2.0;3.0;13.0;A01
201800056095;2.0;7;0;0.0;2.0;3.0;1.0;B01
201800056096;0.0;1;0;0.0;1.0;2.0;1.0;A01
201800056097;0.0;2;0;0.0;2.0;1.0;13.0;A01
201800056097;0.0;10;0;0.0;2.0;3.0;1.0;B01
201800056098;2.0;2;0;13.0;0.0;1.0;1.0;A01
201800056099;0.0;7;0;0.0;1.0;3.0;1.0;A01
201800056100;0.0;7;0;0.0;2.0;2.0;15.0;A01
201800056100;0.0;33;0;0.0;2.0;1.0;1.0;B01
201800056101;2.0;2;0;0.0;2.0;8.0;3.0;B01
201800056101;2.0;7;0;0.0;2.0;7.0;12.0;A01
201800056102;1.0;2;0;0.0;1.0;1.0;1.0;A01
201800056103;0.0;2;0;0.0;2.0;8.0;1.0;A01
201800056103;2.0;7;0;0.0;2.0;1.0;1.0;B01
201800056104;0.0;33;0;0.0;2.0;1.0;1.0;B01
201800056104;0.0;7;0;0.0;2.0;3.0;1.0;A01
201800056105;2.0;7;0;0.0;2.0;3.0;15.0;A01
201800056105;1.0;2;0;0.0;2.0;1.0;17.0;B01
201800056106;1.0;33;0;9.0;0.0;1.0;1.0;A01
201800056107;2.0;7;0;0.0;2.0;1.0;17.0;A01
201800056107;1.0;7;0;0.0;2.0;1.0;1.0;B01
201800056108;2.0;33;0;0.0;2.0;1.0;1.0;A01
201800056108;1.0;7;0;0.0;0.0;5.0;1.0;B01
201800056109;1.0;33;0;0.0;2.0;1.0;18.0;A01
201800056109;1.0;7;0;0.0;2.0;7.0;16.0;B01
201800056110;1.0;7;0;0.0;2.0;2.0;12.0;A01
201800056110;1.0;7;0;0.0;2.0;3.0;1.0;B01
201800056111;1.0;2;0;0.0;2.0;1.0;5.0;A01
201800056111;2.0;7;0;0.0;2.0;1.0;1.0;B01
201800056112;2.0;7;0;0.0;1.0;6.0;4.0;A01
201800056113;2.0;2;0;0.0;2.0;1.0;1.0;A01
201800056113;2.0;7;0;0.0;2.0;3.0;19.0;B01
201800056114;1.0;32;0;0.0;2.0;1.0;13.0;A01
201800056114;2.0;7;0;0.0;2.0;3.0;15.0;B01
201800056115;0.0;31;0;0.0;2.0;2.0;0.0;B01
201800056115;0.0;7;0;0.0;2.0;3.0;9.0;A01
201800056116;1.0;7;0;0.0;2.0;1.0;13.0;A01
201800056116;2.0;7;0;0.0;2.0;1.0;2.0;B01
201800056117;1.0;7;0;0.0;2.0;1.0;15.0;A01
201800056117;2.0;1;0;0.0;2.0;1.0;1.0;B01
201800056118;1.0;33;0;0.0;0.0;0.0;1.0;A01
201800056119;0.0;31;0;6.0;0.0;1.0;1.0;A01
201800056120;1.0;7;0;0.0;2.0;3.0;23.0;A01
201800056120;1.0;13;0;0.0;0.0;5.0;23.0;B01
201800056121;1.0;7;0;0.0;2.0;7.0;2.0;A01
201800056121;1.0;1;0;0.0;2.0;3.0;13.0;B01
201800056122;0.0;7;0;0.0;2.0;1.0;13.0;A01
201800056122;0.0;2;0;0.0;2.0;1.0;1.0;B01
201800056123;0.0;2;0;0.0;0.0;0.0;1.0;A01
201800056124;2.0;7;0;0.0;2.0;3.0;13.0;A01
201800056124;1.0;7;0;0.0;2.0;8.0;1.0;B01
201800056124;1.0;7;0;0.0;2.0;3.0;1.0;C01
201800056125;1.0;7;0;0.0;2.0;1.0;17.0;A01
201800056125;1.0;7;0;0.0;2.0;6.0;21.0;B01
201800056125;2.0;7;0;0.0;2.0;1.0;1.0;C01
201800056125;2.0;7;0;0.0;2.0;1.0;1.0;D01
201800056126;2.0;33;0;0.0;2.0;1.0;5.0;A01
201800056126;1.0;7;0;0.0;2.0;1.0;1.0;B01
201800056127;1.0;2;0;0.0;2.0;1.0;1.0;A01
201800056127;2.0;7;0;0.0;2.0;3.0;10.0;B01
201800056128;2.0;7;0;3.0;0.0;1.0;12.0;A01
201800056128;2.0;10;0;0.0;2.0;4.0;1.0;B01
201800056128;2.0;7;0;3.0;2.0;1.0;1.0;C01
201800056128;2.0;7;0;3.0;2.0;1.0;2.0;D01
201800056129;1.0;7;0;0.0;2.0;1.0;1.0;C01
201800056129;2.0;7;0;0.0;2.0;1.0;1.0;A01
201800056129;1.0;7;0;0.0;2.0;1.0;5.0;B01
201800056130;2.0;7;0;4.0;0.0;9.0;1.0;A01
201800056131;1.0;7;0;1.0;;3.0;1.0;A01
201800056132;0.0;7;0;0.0;2.0;8.0;9.0;A01
201800056132;1.0;30;0;0.0;2.0;1.0;1.0;B01
201800056133;0.0;7;0;0.0;1.0;3.0;1.0;A01
201800056134;0.0;2;0;6.0;0.0;2.0;1.0;A01
201800056135;1.0;3;0;0.0;2.0;3.0;1.0;A01
201800056135;2.0;7;0;0.0;2.0;3.0;1.0;B01
201800056136;1.0;33;0;0.0;2.0;7.0;17.0;A01
201800056136;1.0;7;0;0.0;2.0;8.0;15.0;B01
201800056137;1.0;7;0;0.0;2.0;5.0;1.0;A01
201800056137;1.0;33;0;0.0;2.0;3.0;18.0;B01
201800056138;0.0;2;0;16.0;0.0;7.0;1.0;A01
201800056139;1.0;7;0;0.0;1.0;3.0;1.0;A01
201800056140;1.0;37;6;0.0;2.0;3.0;13.0;A01
201800056140;2.0;30;0;0.0;2.0;1.0;1.0;B01
201800056141;2.0;33;0;6.0;0.0;2.0;1.0;A01
201800056142;2.0;33;0;0.0;2.0;1.0;1.0;A01
201800056142;1.0;14;0;0.0;0.0;8.0;1.0;B01
201800056143;1.0;33;0;6.0;0.0;7.0;1.0;A01
201800056144;0.0;7;0;0.0;9.0;2.0;1.0;A01
201800056144;0.0;1;0;0.0;2.0;1.0;1.0;B01
201800056145;1.0;7;0;0.0;2.0;3.0;17.0;A01
201800056145;2.0;33;0;0.0;2.0;3.0;1.0;B01
201800056146;2.0;33;0;0.0;2.0;1.0;17.0;A01
201800056146;1.0;7;0;0.0;2.0;1.0;1.0;B01
201800056147;1.0;7;0;4.0;0.0;1.0;13.0;A01
201800056148;2.0;7;0;2.0;0.0;2.0;14.0;A01
201800056149;0.0;7;0;8.0;0.0;3.0;1.0;A01
201800056150;2.0;33;0;0.0;2.0;0.0;13.0;A01
201800056150;1.0;7;0;0.0;2.0;8.0;1.0;B01
201800056151;1.0;7;0;0.0;2.0;1.0;17.0;A01
201800056151;1.0;7;0;0.0;2.0;4.0;2.0;B01
201800056151;1.0;7;0;0.0;2.0;8.0;2.0;C01
201800056152;2.0;7;0;0.0;2.0;3.0;15.0;A01
201800056152;2.0;1;0;13.0;2.0;0.0;17.0;B01
201800056153;0.0;2;0;0.0;2.0;1.0;1.0;A01
201800056153;0.0;7;0;0.0;2.0;3.0;13.0;B01
201800056154;0.0;2;0;0.0;2.0;0.0;0.0;A01
201800056154;0.0;7;0;0.0;2.0;0.0;15.0;B01
201800056155;1.0;7;0;11.0;0.0;2.0;1.0;A01
201800056156;0.0;7;0;2.0;0.0;9.0;1.0;A01
201800056157;2.0;2;0;0.0;0.0;0.0;0.0;A01
201800056158;2.0;7;0;0.0;2.0;3.0;1.0;B01
201800056158;1.0;33;0;0.0;2.0;3.0;13.0;A01
201800056159;2.0;32;0;0.0;2.0;1.0;1.0;A01
201800056159;2.0;33;0;0.0;2.0;4.0;1.0;B01
201800056160;1.0;7;0;0.0;2.0;3.0;14.0;B01
201800056160;2.0;33;0;0.0;2.0;1.0;13.0;A01
201800056161;1.0;30;0;1.0;2.0;1.0;1.0;C01
201800056161;1.0;7;0;0.0;2.0;3.0;1.0;B01
201800056161;2.0;7;0;0.0;2.0;3.0;1.0;D01
201800056161;1.0;7;0;0.0;2.0;3.0;17.0;A01
201800056162;1.0;7;0;0.0;1.0;1.0;1.0;A01
201800056163;0.0;7;0;12.0;1.0;1.0;0.0;A01
201800056164;1.0;2;0;0.0;2.0;1.0;17.0;A01
201800056164;1.0;2;0;0.0;0.0;4.0;15.0;B01
201800056165;1.0;2;0;0.0;2.0;1.0;2.0;B01
201800056165;1.0;7;0;0.0;0.0;5.0;1.0;A01
201800056166;0.0;7;0;0.0;1.0;3.0;1.0;A01
201800056167;2.0;7;0;0.0;1.0;2.0;1.0;A01
201800056168;1.0;2;0;0.0;2.0;5.0;0.0;A01
201800056169;1.0;7;0;0.0;0.0;0.0;1.0;A01
201800056170;1.0;7;0;0.0;1.0;3.0;1.0;A01
201800056171;1.0;7;0;15.0;1.0;3.0;13.0;A01
201800056172;1.0;7;0;0.0;1.0;2.0;1.0;A01
201800056173;1.0;7;0;0.0;1.0;2.0;0.0;A01
201800056174;1.0;2;0;4.0;0.0;7.0;1.0;A01
201800056175;2.0;2;0;0.0;1.0;3.0;13.0;A01
201800056176;2.0;32;0;0.0;2.0;1.0;1.0;B01
201800056176;1.0;32;0;0.0;2.0;8.0;15.0;A01
201800056177;0.0;7;0;0.0;2.0;3.0;1.0;A01
201800056177;0.0;30;0;0.0;2.0;8.0;5.0;B01
201800056178;2.0;33;0;0.0;2.0;1.0;21.0;B01
201800056178;1.0;7;0;0.0;2.0;2.0;15.0;A01
201800056179;2.0;33;0;0.0;2.0;1.0;1.0;B01
201800056179;1.0;34;0;0.0;2.0;2.0;15.0;A01
201800056180;2.0;2;0;0.0;1.0;1.0;1.0;A01
201800056181;2.0;7;0;0.0;0.0;4.0;4.0;A01
201800056181;2.0;2;0;0.0;0.0;1.0;2.0;B01
201800056182;0.0;7;0;0.0;1.0;1.0;1.0;A01
201800056183;1.0;2;0;0.0;2.0;1.0;1.0;B01
201800056183;2.0;7;0;0.0;2.0;3.0;9.0;A01
201800056184;1.0;7;0;0.0;2.0;5.0;16.0;A01
201800056184;2.0;33;0;0.0;2.0;1.0;21.0;B01
201800056185;2.0;7;0;0.0;2.0;8.0;1.0;A01
201800056185;1.0;7;0;0.0;2.0;8.0;13.0;B01
201800056186;0.0;2;0;0.0;1.0;1.0;0.0;A01
201800056187;2.0;33;0;13.0;0.0;7.0;0.0;A01
201800056188;1.0;7;0;0.0;1.0;2.0;1.0;A01
201800056189;2.0;7;0;2.0;9.0;9.0;1.0;A01
201800056190;1.0;7;0;0.0;1.0;0.0;0.0;A01
201800056191;2.0;7;0;16.0;1.0;3.0;14.0;A01
201800056192;1.0;7;0;0.0;2.0;3.0;1.0;A01
201800056192;2.0;7;0;0.0;2.0;1.0;1.0;B01
201800056193;1.0;7;0;0.0;1.0;1.0;1.0;A01
201800056194;1.0;2;0;0.0;0.0;1.0;0.0;A01
201800056195;1.0;7;0;0.0;1.0;1.0;2.0;A01
201800056196;1.0;7;0;0.0;0.0;2.0;15.0;A01
201800056196;2.0;2;0;0.0;2.0;1.0;1.0;B01
201800056197;1.0;2;0;0.0;0.0;1.0;0.0;A01
201800056198;2.0;7;0;0.0;2.0;2.0;5.0;B01
201800056198;1.0;2;0;0.0;2.0;1.0;5.0;A01
201800056199;2.0;2;0;0.0;2.0;1.0;17.0;A01
201800056199;1.0;7;0;0.0;2.0;3.0;1.0;B01
201800056200;0.0;32;0;0.0;2.0;1.0;1.0;A01
201800056200;0.0;7;0;0.0;2.0;8.0;15.0;B01
201800056201;0.0;14;0;0.0;2.0;3.0;1.0;B01
201800056201;0.0;2;0;0.0;2.0;1.0;17.0;C01
201800056201;0.0;7;0;0.0;2.0;3.0;1.0;A01
201800056202;0.0;7;0;0.0;2.0;1.0;15.0;A01
201800056202;0.0;33;0;0.0;2.0;8.0;2.0;B01
201800056203;2.0;7;0;0.0;2.0;1.0;15.0;A01
201800056203;1.0;7;0;1.0;0.0;3.0;1.0;B01
201800056203;0.0;7;0;0.0;0.0;8.0;24.0;C01
201800056204;0.0;7;0;0.0;1.0;2.0;1.0;A01
201800056205;1.0;2;0;0.0;2.0;1.0;21.0;A01
201800056205;2.0;7;0;0.0;2.0;2.0;0.0;B01
201800056206;2.0;7;0;0.0;2.0;3.0;15.0;A01
201800056206;2.0;33;0;0.0;2.0;8.0;1.0;B01
201800056207;0.0;7;0;0.0;2.0;1.0;1.0;A01
201800056207;0.0;7;0;0.0;2.0;3.0;1.0;B01
201800056208;0.0;7;0;0.0;2.0;2.0;1.0;A01
201800056208;0.0;1;0;0.0;2.0;1.0;5.0;B01
201800056209;1.0;7;0;0.0;2.0;1.0;15.0;A01
201800056209;1.0;33;0;0.0;2.0;7.0;0.0;B01
201800056210;2.0;7;0;0.0;2.0;6.0;4.0;A01
201800056210;0.0;2;0;0.0;2.0;1.0;1.0;B01
201800056211;0.0;7;0;0.0;2.0;3.0;15.0;B01
201800056211;0.0;32;0;0.0;2.0;2.0;17.0;A01
201800056212;0.0;7;0;4.0;0.0;1.0;0.0;A01
201800056213;0.0;7;0;0.0;1.0;2.0;1.0;A01
201800056214;0.0;7;0;0.0;2.0;4.0;2.0;A01
201800056214;0.0;7;0;0.0;2.0;1.0;2.0;B01
201800056214;0.0;7;0;0.0;2.0;1.0;2.0;C01
201800056215;0.0;7;0;0.0;0.0;4.0;23.0;A01
201800056215;0.0;7;0;0.0;2.0;4.0;23.0;B01
201800056215;0.0;7;0;0.0;2.0;1.0;1.0;C01
201800056216;1.0;10;0;0.0;2.0;8.0;10.0;A01
201800056216;1.0;32;0;0.0;2.0;1.0;1.0;B01
201800056217;1.0;2;0;0.0;1.0;2.0;1.0;A01
201800056218;1.0;7;0;2.0;0.0;9.0;1.0;A01
201800056219;0.0;2;0;0.0;2.0;1.0;13.0;A01
201800056219;0.0;2;0;0.0;2.0;8.0;1.0;B01
201800056220;2.0;7;0;0.0;1.0;1.0;1.0;A01
201800056221;2.0;33;0;0.0;2.0;1.0;1.0;A01
201800056221;1.0;7;0;0.0;2.0;3.0;1.0;B01
201800056222;1.0;7;0;0.0;2.0;7.0;13.0;A01
201800056222;2.0;13;0;0.0;2.0;3.0;1.0;B01
201800056223;1.0;7;0;;;;;A01
201800056224;1.0;7;0;0.0;1.0;2.0;1.0;A01
201800056225;1.0;14;0;0.0;2.0;1.0;2.0;A01
201800056225;1.0;14;0;0.0;0.0;4.0;23.0;B01
201800056226;1.0;7;0;0.0;2.0;3.0;13.0;A01
201800056226;2.0;7;0;0.0;2.0;3.0;1.0;B01
201800056227;0.0;1;0;0.0;9.0;7.0;1.0;A01
201800056228;2.0;7;0;0.0;1.0;2.0;1.0;A01
201800056229;1.0;7;0;0.0;0.0;3.0;0.0;B01
201800056229;1.0;2;0;0.0;0.0;4.0;11.0;A01
201800056230;2.0;7;0;0.0;1.0;1.0;13.0;A01
201800056231;1.0;7;0;0.0;2.0;1.0;1.0;A01
201800056231;2.0;37;45;0.0;2.0;1.0;1.0;B01
201800056231;2.0;7;0;0.0;2.0;1.0;1.0;C01
201800056232;2.0;7;0;0.0;2.0;2.0;2.0;A01
201800056232;2.0;1;0;0.0;0.0;4.0;2.0;B01
201800056232;2.0;1;0;0.0;0.0;4.0;2.0;C01
201800056233;1.0;33;0;0.0;1.0;9.0;1.0;A01
201800056233;1.0;7;0;0.0;0.0;4.0;1.0;B01
201800056234;2.0;7;0;0.0;2.0;3.0;1.0;A01
201800056234;1.0;7;0;0.0;2.0;3.0;13.0;B01
201800056235;1.0;7;0;0.0;1.0;8.0;1.0;A01
201800056236;2.0;3;0;0.0;2.0;7.0;15.0;A01
201800056236;1.0;33;0;0.0;2.0;1.0;19.0;B01
201800056237;1.0;34;0;7.0;0.0;1.0;15.0;A01
201800056238;0.0;7;0;0.0;1.0;2.0;1.0;A01
201800056239;0.0;7;0;1.0;0.0;6.0;1.0;A01
201800056239;0.0;1;0;1.0;2.0;2.0;1.0;B01
201800056240;1.0;7;0;0.0;1.0;2.0;1.0;A01
201800056241;1.0;7;0;0.0;1.0;2.0;1.0;A01
201800056242;1.0;7;0;0.0;2.0;4.0;2.0;B01
201800056242;1.0;7;0;0.0;2.0;1.0;2.0;A01
201800056242;1.0;7;0;0.0;0.0;4.0;2.0;C01
201800056243;1.0;1;0;14.0;0.0;1.0;1.0;A01
201800056244;1.0;7;0;0.0;2.0;3.0;1.0;B01
201800056244;1.0;7;0;0.0;2.0;2.0;17.0;A01
201800056245;0.0;1;0;0.0;2.0;1.0;1.0;B01
201800056245;0.0;7;0;9.0;9.0;1.0;21.0;A01
201800056246;0.0;32;0;0.0;2.0;1.0;5.0;B01
201800056246;0.0;7;0;0.0;2.0;1.0;4.0;A01
201800056247;0.0;30;0;0.0;2.0;1.0;15.0;B01
201800056247;0.0;7;0;0.0;2.0;1.0;1.0;A01
201800056248;1.0;1;0;0.0;2.0;4.0;18.0;B01
201800056248;1.0;1;0;0.0;2.0;1.0;1.0;C01
201800056248;1.0;7;0;0.0;2.0;7.0;16.0;A01
201800056249;2.0;1;0;0.0;2.0;6.0;1.0;B01
201800056249;2.0;10;0;0.0;2.0;2.0;14.0;A01
201800056250;0.0;1;0;0.0;0.0;4.0;1.0;A01
201800056251;0.0;33;0;0.0;1.0;1.0;17.0;A01
201800056252;0.0;7;0;0.0;2.0;1.0;15.0;A01
201800056252;0.0;2;0;0.0;2.0;8.0;18.0;B01
201800056253;0.0;7;0;0.0;2.0;6.0;15.0;A01
201800056253;0.0;31;0;0.0;2.0;1.0;1.0;B01
201800056254;1.0;7;0;0.0;2.0;1.0;2.0;D01
201800056254;1.0;7;0;0.0;0.0;4.0;2.0;A01
201800056254;1.0;7;0;0.0;2.0;4.0;2.0;B01
201800056254;1.0;7;0;0.0;2.0;4.0;2.0;C01
201800056255;1.0;7;0;0.0;2.0;2.0;2.0;B01
201800056255;1.0;2;0;0.0;0.0;4.0;2.0;A01
201800056256;1.0;7;0;0.0;2.0;2.0;15.0;B01
201800056256;1.0;7;0;0.0;2.0;1.0;1.0;C01
201800056256;0.0;7;0;0.0;0.0;3.0;23.0;A01
201800056257;0.0;2;0;0.0;2.0;1.0;0.0;B01
201800056257;0.0;7;0;0.0;2.0;1.0;15.0;A01
201800056258;1.0;7;0;0.0;2.0;5.0;15.0;B01
201800056258;1.0;33;0;0.0;2.0;1.0;1.0;A01
201800056259;1.0;7;0;0.0;2.0;3.0;15.0;B01