Num_Acc;senc;catv;occutc;obs;obsm;choc;manv;num_veh
201800056525;0.0;7;0;0.0;2.0;2.0;13.0;B01
201800056526;0.0;7;0;0.0;1.0;1.0;1.0;A01
201800056527;1.0;7;0;6.0;0.0;1.0;0.0;A01
201800056528;1.0;7;0;8.0;0.0;3.0;1.0;A01
201800056529;1.0;31;0;0.0;2.0;3.0;17.0;A01
201800056529;2.0;7;0;0.0;2.0;3.0;23.0;B01
201800056530;1.0;7;0;7.0;1.0;2.0;15.0;A01
201800056531;1.0;2;0;0.0;2.0;8.0;13.0;A01
201800056531;2.0;7;0;0.0;2.0;8.0;23.0;B01
201800056532;0.0;7;0;0.0;0.0;5.0;1.0;B01
201800056532;0.0;33;0;0.0;2.0;1.0;1.0;A01
201800056533;1.0;7;0;0.0;2.0;2.0;13.0;A01
201800056533;2.0;7;0;0.0;2.0;1.0;1.0;B01
201800056534;2.0;7;0;0.0;2.0;3.0;1.0;A01
201800056534;1.0;2;0;0.0;2.0;1.0;1.0;B01
201800056535;1.0;14;0;0.0;9.0;6.0;1.0;B01
201800056535;2.0;33;0;0.0;2.0;0.0;21.0;A01
201800056536;1.0;33;0;0.0;2.0;1.0;9.0;B01
201800056536;2.0;7;0;0.0;2.0;2.0;1.0;A01
201800056537;1.0;33;0;0.0;2.0;1.0;17.0;A01
201800056537;1.0;36;0;0.0;0.0;6.0;15.0;B01
201800056538;2.0;37;6;1.0;1.0;5.0;1.0;B01
201800056539;1.0;2;0;0.0;2.0;1.0;5.0;A01
201800056539;2.0;2;0;0.0;2.0;1.0;0.0;B01
201800056540;1.0;7;0;0.0;1.0;1.0;16.0;A01
201800056541;2.0;7;0;0.0;2.0;7.0;15.0;B01
201800056541;1.0;31;0;0.0;2.0;1.0;1.0;A01
201800056542;2.0;7;0;0.0;9.0;7.0;15.0;A01
201800056542;2.0;30;0;0.0;2.0;2.0;2.0;B01
201800056543;1.0;7;0;0.0;2.0;1.0;8.0;B01
201800056543;1.0;7;0;0.0;2.0;7.0;13.0;A01
201800056544;2.0;7;0;0.0;2.0;6.0;15.0;B01
201800056544;2.0;30;0;0.0;2.0;6.0;15.0;A01
201800056545;0.0;7;0;0.0;2.0;2.0;15.0;A01
201800056545;0.0;7;0;0.0;2.0;3.0;1.0;B01
201800056546;0.0;7;0;0.0;2.0;1.0;2.0;A01
201800056546;0.0;7;0;0.0;2.0;4.0;2.0;B01
201800056547;1.0;7;0;0.0;0.0;0.0;0.0;A01
201800056547;1.0;33;0;0.0;0.0;0.0;0.0;B01
201800056548;0.0;7;0;0.0;2.0;7.0;1.0;B01
201800056548;0.0;7;0;0.0;2.0;7.0;15.0;A01
201800056549;0.0;7;0;0.0;1.0;1.0;1.0;A01
201800056550;0.0;7;0;0.0;1.0;3.0;2.0;A01
201800056551;0.0;10;0;1.0;1.0;2.0;15.0;A01
201800056552;1.0;7;0;0.0;1.0;1.0;0.0;A01
201800056553;0.0;7;0;12.0;2.0;0.0;0.0;B01
201800056553;0.0;7;0;0.0;2.0;9.0;17.0;A01
201800056554;1.0;31;0;0.0;0.0;0.0;0.0;A01
201800056555;2.0;7;0;0.0;2.0;1.0;9.0;A01
201800056555;1.0;1;0;0.0;2.0;7.0;21.0;B01
201800056556;2.0;7;0;0.0;1.0;2.0;0.0;A01
201800056557;0.0;10;0;0.0;2.0;2.0;15.0;A01
201800056557;0.0;10;0;0.0;2.0;7.0;1.0;B01
201800056558;1.0;7;0;0.0;2.0;2.0;10.0;B01
201800056558;2.0;30;0;0.0;2.0;0.0;0.0;A01
201800056559;1.0;99;0;0.0;2.0;0.0;0.0;B01
201800056559;1.0;7;0;0.0;2.0;2.0;13.0;A01
201800056560;1.0;7;0;0.0;2.0;2.0;9.0;A01
201800056560;1.0;2;0;0.0;2.0;7.0;15.0;B01
201800056561;2.0;1;0;0.0;2.0;8.0;1.0;B01
201800056561;1.0;7;0;0.0;6.0;3.0;15.0;A01
201800056562;1.0;10;0;0.0;2.0;2.0;9.0;A01
201800056562;1.0;33;0;0.0;2.0;3.0;1.0;B01
201800056563;1.0;7;0;0.0;1.0;3.0;15.0;A01
201800056564;1.0;7;0;0.0;2.0;3.0;1.0;A01
201800056564;2.0;7;0;0.0;2.0;1.0;15.0;B01
201800056565;0.0;32;0;0.0;2.0;2.0;0.0;A01
201800056565;0.0;7;0;0.0;2.0;2.0;0.0;B01
201800056566;0.0;99;0;0.0;1.0;1.0;15.0;A01
201800056567;1.0;7;0;0.0;2.0;3.0;21.0;B01
201800056567;1.0;7;0;0.0;2.0;1.0;13.0;A01
201800056568;2.0;10;0;0.0;2.0;5.0;2.0;A01
201800056568;2.0;33;0;0.0;2.0;3.0;2.0;B01
201800056569;1.0;7;0;0.0;2.0;3.0;15.0;A01
201800056569;1.0;30;0;0.0;2.0;2.0;17.0;B01
201800056570;2.0;31;0;0.0;2.0;1.0;18.0;A01
201800056570;1.0;7;0;0.0;2.0;7.0;15.0;B01
201800056571;1.0;7;0;0.0;2.0;1.0;15.0;A01
201800056571;2.0;31;0;0.0;2.0;1.0;5.0;B01
201800056572;1.0;33;0;0.0;2.0;1.0;1.0;A01
201800056572;1.0;7;0;0.0;2.0;6.0;19.0;B01
201800056573;1.0;31;0;12.0;2.0;3.0;17.0;B01
201800056573;1.0;7;0;12.0;0.0;3.0;14.0;A01
201800056574;1.0;33;0;0.0;2.0;1.0;1.0;A01
201800056574;1.0;10;0;16.0;2.0;5.0;16.0;B01
201800056575;2.0;7;0;0.0;2.0;1.0;17.0;A01
201800056575;1.0;31;0;0.0;2.0;1.0;1.0;B01
201800056576;1.0;7;0;0.0;1.0;1.0;0.0;A01
201800056577;1.0;7;0;0.0;2.0;8.0;10.0;B01
201800056577;1.0;33;0;0.0;2.0;1.0;17.0;A01
201800056578;2.0;33;0;0.0;1.0;1.0;1.0;A01
201800056579;1.0;7;0;14.0;2.0;3.0;1.0;A01
201800056579;1.0;31;0;0.0;2.0;1.0;17.0;B01
201800056580;1.0;7;0;0.0;2.0;1.0;17.0;A01
201800056580;2.0;7;0;0.0;2.0;1.0;0.0;B01
201800056580;2.0;7;0;0.0;2.0;6.0;1.0;C01
201800056581;0.0;99;0;0.0;1.0;0.0;0.0;Z01
201800056582;1.0;1;0;0.0;2.0;1.0;14.0;B01
201800056582;2.0;7;0;0.0;2.0;3.0;1.0;A01
201800056583;1.0;7;0;3.0;9.0;1.0;2.0;A01
201800056583;1.0;20;0;3.0;2.0;4.0;2.0;B01
201800056584;1.0;7;0;0.0;2.0;1.0;1.0;B01
201800056584;2.0;7;0;8.0;2.0;1.0;15.0;A01
201800056585;1.0;7;0;0.0;2.0;4.0;1.0;A01
201800056585;1.0;1;0;0.0;2.0;4.0;13.0;B01
201800056586;1.0;33;0;;0.0;1.0;15.0;A01
201800056587;1.0;7;0;0.0;1.0;2.0;9.0;A01
201800056588;0.0;13;0;0.0;0.0;0.0;0.0;A01
201800056588;0.0;7;0;0.0;0.0;1.0;0.0;B01
201800056589;1.0;7;0;0.0;1.0;1.0;0.0;A01
201800056590;2.0;7;0;0.0;2.0;9.0;21.0;A01
201800056591;1.0;30;0;13.0;2.0;6.0;21.0;A01
201800056591;2.0;10;0;0.0;2.0;0.0;13.0;Z01
201800056592;1.0;7;0;0.0;2.0;2.0;10.0;A01
201800056592;1.0;30;0;0.0;2.0;6.0;2.0;B01
201800056593;1.0;7;0;0.0;2.0;8.0;10.0;A01
201800056593;1.0;33;0;0.0;2.0;1.0;2.0;B01
201800056594;1.0;32;0;0.0;2.0;4.0;15.0;B01
201800056594;2.0;33;0;0.0;2.0;1.0;1.0;A01
201800056594;2.0;7;0;0.0;2.0;4.0;1.0;D01
201800056594;1.0;32;0;0.0;2.0;4.0;15.0;C01
201800056595;1.0;7;0;6.0;2.0;6.0;1.0;B01
201800056595;2.0;7;0;0.0;2.0;8.0;13.0;A01
201800056596;0.0;7;0;0.0;2.0;1.0;9.0;B01
201800056596;0.0;30;0;0.0;2.0;2.0;12.0;A01
201800056597;0.0;7;0;0.0;2.0;1.0;1.0;B01
201800056597;0.0;7;0;0.0;2.0;1.0;0.0;A01
201800056598;0.0;7;0;0.0;2.0;2.0;14.0;A01
201800056598;0.0;7;0;0.0;2.0;6.0;23.0;B01
201800056599;0.0;7;0;3.0;0.0;9.0;13.0;A01
201800056600;1.0;2;0;0.0;2.0;1.0;1.0;B01
201800056600;1.0;7;0;0.0;2.0;5.0;15.0;A01
201800056601;2.0;7;0;0.0;2.0;0.0;0.0;C01
201800056601;1.0;13;0;0.0;0.0;0.0;0.0;D01
201800056601;1.0;7;0;0.0;2.0;9.0;13.0;A01
201800056601;2.0;7;0;0.0;2.0;9.0;1.0;B01
201800056602;0.0;1;0;0.0;2.0;2.0;15.0;C01
201800056602;0.0;1;0;0.0;2.0;3.0;15.0;B01
201800056602;0.0;7;0;0.0;2.0;3.0;0.0;A01
201800056603;1.0;10;0;0.0;2.0;3.0;11.0;B01
201800056603;1.0;7;0;4.0;0.0;3.0;17.0;A01
201800056604;1.0;7;0;0.0;2.0;3.0;15.0;A01
201800056604;1.0;34;0;0.0;2.0;1.0;17.0;B01
201800056605;2.0;7;0;0.0;2.0;2.0;1.0;C01
201800056605;2.0;7;0;0.0;2.0;3.0;1.0;B01
201800056605;1.0;7;0;0.0;2.0;1.0;13.0;A01
201800056606;1.0;10;0;0.0;2.0;4.0;23.0;B01
201800056606;1.0;7;0;0.0;2.0;4.0;23.0;C01
201800056606;1.0;10;0;0.0;2.0;1.0;0.0;A01
201800056607;0.0;7;0;0.0;2.0;2.0;9.0;A01
201800056607;0.0;31;0;0.0;2.0;1.0;1.0;B01
201800056608;1.0;10;0;0.0;2.0;8.0;2.0;B01
201800056608;1.0;32;0;0.0;2.0;3.0;17.0;A01
201800056609;1.0;7;0;0.0;1.0;1.0;21.0;A01
201800056610;0.0;7;0;0.0;1.0;3.0;16.0;A01
201800056611;1.0;34;0;0.0;2.0;0.0;0.0;A01
201800056611;2.0;7;0;0.0;2.0;7.0;15.0;B01
201800056612;0.0;7;0;0.0;2.0;8.0;21.0;B01
201800056612;0.0;7;0;0.0;2.0;3.0;13.0;A01
201800056613;2.0;33;0;0.0;2.0;7.0;17.0;B01
201800056613;2.0;7;0;0.0;2.0;8.0;17.0;A01
201800056614;0.0;7;0;0.0;2.0;3.0;15.0;A01
201800056614;0.0;34;0;0.0;2.0;1.0;17.0;B01
201800056615;1.0;30;0;0.0;2.0;3.0;17.0;A01
201800056615;1.0;7;0;0.0;2.0;3.0;0.0;B01
201800056615;1.0;7;0;0.0;2.0;3.0;0.0;C01
201800056616;0.0;10;0;0.0;2.0;2.0;16.0;A01
201800056616;0.0;2;0;0.0;2.0;3.0;1.0;B01
201800056617;0.0;32;0;0.0;2.0;0.0;0.0;A01
201800056617;0.0;32;0;0.0;2.0;0.0;0.0;B01
201800056618;0.0;33;0;0.0;2.0;1.0;1.0;B01
201800056618;0.0;7;0;0.0;2.0;3.0;1.0;A01
201800056619;1.0;1;0;0.0;2.0;1.0;1.0;D01
201800056619;1.0;1;0;0.0;2.0;1.0;1.0;E01
201800056619;1.0;1;0;0.0;2.0;1.0;1.0;A01
201800056619;1.0;1;0;0.0;2.0;1.0;1.0;C01
201800056619;1.0;1;0;0.0;2.0;1.0;1.0;B01
201800056619;1.0;7;0;0.0;2.0;4.0;23.0;F01
201800056620;0.0;7;0;0.0;2.0;2.0;2.0;A01
201800056620;0.0;33;0;3.0;2.0;4.0;1.0;B01
201800056621;0.0;7;0;0.0;1.0;2.0;19.0;A01
201800056622;1.0;7;0;0.0;1.0;1.0;1.0;A01
201800056623;1.0;10;0;0.0;2.0;5.0;0.0;B01
201800056623;1.0;33;0;4.0;2.0;5.0;0.0;A01
201800056624;2.0;2;0;0.0;2.0;7.0;2.0;A01
201800056624;1.0;1;0;0.0;2.0;8.0;2.0;B01
201800056625;0.0;7;0;0.0;0.0;9.0;0.0;A01
201800056626;1.0;7;0;6.0;2.0;9.0;13.0;A01
201800056627;0.0;7;0;13.0;0.0;1.0;0.0;A01
201800056628;1.0;2;0;4.0;2.0;1.0;18.0;B01
201800056628;1.0;7;0;0.0;2.0;2.0;16.0;A01
201800056629;1.0;10;0;0.0;2.0;2.0;18.0;A01
201800056629;1.0;1;0;0.0;2.0;8.0;1.0;B01
201800056630;0.0;7;0;0.0;1.0;1.0;1.0;Z01
201800056631;0.0;7;0;0.0;2.0;2.0;1.0;B01
201800056631;0.0;7;0;0.0;2.0;3.0;13.0;A01
201800056631;0.0;7;0;0.0;2.0;8.0;0.0;C01
201800056632;1.0;7;0;1.0;0.0;1.0;20.0;A01
201800056633;2.0;7;0;0.0;2.0;1.0;17.0;A01
201800056633;1.0;7;0;0.0;2.0;1.0;0.0;B01
201800056634;1.0;7;0;0.0;2.0;2.0;0.0;B01
201800056634;1.0;7;0;0.0;2.0;3.0;15.0;A01
201800056635;1.0;99;0;0.0;2.0;8.0;0.0;C01
201800056635;2.0;7;0;0.0;2.0;7.0;17.0;A01
201800056635;2.0;7;0;0.0;2.0;8.0;0.0;B01
201800056636;0.0;7;0;0.0;1.0;1.0;16.0;A01
201800056637;2.0;7;0;8.0;1.0;1.0;0.0;A01
201800056638;1.0;7;0;4.0;1.0;3.0;0.0;A01
201800056639;2.0;7;0;8.0;2.0;0.0;0.0;A01
201800056639;2.0;7;0;14.0;2.0;4.0;0.0;B01
201800056640;1.0;30;0;0.0;2.0;2.0;15.0;A01
201800056640;0.0;10;0;0.0;2.0;2.0;1.0;B01
201800056641;0.0;7;0;0.0;1.0;3.0;0.0;A01
201800056642;2.0;7;0;0.0;1.0;0.0;1.0;A01
201800056642;1.0;7;0;0.0;1.0;0.0;1.0;B01
201800056643;1.0;7;0;0.0;2.0;1.0;0.0;A01
201800056643;1.0;7;0;0.0;2.0;7.0;1.0;B01
201800056644;1.0;7;0;0.0;1.0;1.0;0.0;A01
201800056645;1.0;2;0;0.0;2.0;0.0;17.0;A01
201800056645;1.0;7;0;0.0;2.0;8.0;15.0;B01
201800056646;0.0;7;0;0.0;2.0;4.0;0.0;B01
201800056646;2.0;30;0;0.0;2.0;1.0;0.0;A01
201800056647;1.0;7;0;0.0;2.0;3.0;13.0;A01
201800056647;2.0;7;0;0.0;2.0;1.0;1.0;B01
201800056648;1.0;30;0;0.0;2.0;4.0;21.0;A01
201800056648;1.0;7;0;0.0;6.0;2.0;21.0;B01
201800056649;1.0;33;0;0.0;2.0;1.0;1.0;B01
201800056649;1.0;7;0;8.0;2.0;7.0;9.0;A01
201800056650;0.0;7;0;0.0;1.0;0.0;0.0;A01
201800056650;0.0;7;0;0.0;1.0;0.0;0.0;B01
201800056651;0.0;7;0;0.0;1.0;1.0;1.0;A01
201800056652;2.0;7;0;0.0;2.0;5.0;13.0;A01
201800056652;2.0;1;0;0.0;2.0;1.0;1.0;B01
201800056653;2.0;37;1;0.0;2.0;2.0;1.0;B01
201800056653;2.0;10;0;0.0;2.0;3.0;1.0;A01
201800056654;0.0;7;0;0.0;2.0;7.0;15.0;B01
201800056654;0.0;31;0;0.0;2.0;1.0;18.0;A01
201800056655;0.0;7;0;0.0;2.0;3.0;0.0;B01
201800056655;0.0;7;0;0.0;2.0;3.0;11.0;A01
201800056656;1.0;99;0;1.0;1.0;0.0;0.0;Z01
201800056657;2.0;7;0;0.0;2.0;2.0;1.0;B01
201800056657;0.0;7;0;0.0;2.0;2.0;19.0;A01
201800056658;0.0;7;0;0.0;1.0;3.0;17.0;A01
201800056659;0.0;99;0;0.0;1.0;0.0;19.0;A01
201800056660;0.0;7;0;3.0;0.0;1.0;13.0;A01
201800056661;1.0;33;0;0.0;2.0;1.0;19.0;A01
201800056661;1.0;7;0;0.0;2.0;1.0;0.0;B01
201800056662;2.0;1;0;0.0;2.0;1.0;0.0;A01
201800056662;2.0;7;0;0.0;2.0;3.0;15.0;B01
201800056663;1.0;7;0;0.0;1.0;1.0;0.0;A01
201800056664;0.0;7;0;0.0;2.0;1.0;0.0;B01
201800056664;1.0;7;0;0.0;2.0;4.0;21.0;A01
201800056665;1.0;7;0;0.0;1.0;1.0;0.0;A01
201800056666;2.0;10;0;0.0;1.0;1.0;0.0;A01
201800056666;2.0;7;0;0.0;2.0;1.0;0.0;B01
201800056667;2.0;7;0;0.0;6.0;0.0;0.0;F01
201800056667;2.0;7;0;0.0;2.0;0.0;0.0;B01
201800056667;2.0;7;0;4.0;6.0;3.0;13.0;A01
201800056667;2.0;7;0;0.0;2.0;0.0;0.0;D01
201800056667;2.0;7;0;0.0;6.0;0.0;0.0;C01
201800056667;2.0;7;0;0.0;2.0;0.0;0.0;E01
201800056668;0.0;7;0;0.0;2.0;3.0;15.0;B01
201800056668;0.0;33;0;0.0;2.0;1.0;17.0;A01
201800056669;1.0;7;0;0.0;0.0;0.0;0.0;A01
201800056669;1.0;34;0;0.0;2.0;1.0;1.0;B01
201800056670;2.0;7;0;0.0;1.0;7.0;14.0;A01
201800056671;1.0;31;0;0.0;2.0;1.0;1.0;B01
201800056671;1.0;31;0;0.0;2.0;1.0;13.0;A01
201800056672;1.0;7;0;0.0;1.0;4.0;4.0;A01
201800056673;1.0;7;0;0.0;1.0;3.0;1.0;A01
201800056674;2.0;7;0;0.0;2.0;1.0;1.0;B01
201800056674;2.0;1;0;0.0;2.0;8.0;13.0;A01
201800056675;2.0;30;0;1.0;2.0;1.0;17.0;A01
201800056675;1.0;7;0;0.0;2.0;1.0;1.0;B01
201800056676;2.0;7;0;0.0;1.0;1.0;11.0;A01
201800056677;2.0;33;0;0.0;2.0;8.0;1.0;B01
201800056677;2.0;7;0;0.0;2.0;3.0;12.0;A01
201800056678;2.0;31;0;0.0;2.0;1.0;1.0;B01
201800056678;2.0;7;0;0.0;2.0;3.0;15.0;A01
201800056679;2.0;7;0;0.0;1.0;3.0;0.0;A01
201800056680;2.0;31;0;0.0;1.0;8.0;1.0;A01
201800056681;2.0;33;0;14.0;0.0;1.0;1.0;A01
201800056682;2.0;7;0;0.0;1.0;1.0;1.0;Z01
201800056683;1.0;7;0;0.0;1.0;1.0;1.0;A01
201800056684;2.0;7;0;0.0;1.0;7.0;1.0;A01
201800056685;2.0;31;0;0.0;2.0;1.0;1.0;A01
201800056685;1.0;7;0;0.0;2.0;8.0;1.0;B01
201800056686;2.0;7;0;0.0;2.0;6.0;15.0;B01
201800056686;2.0;7;0;0.0;2.0;3.0;21.0;A01
201800056687;1.0;33;0;0.0;2.0;1.0;17.0;A01
201800056687;1.0;7;0;0.0;2.0;8.0;15.0;B01
201800056688;1.0;7;0;0.0;1.0;1.0;1.0;A01
201800056689;2.0;10;0;0.0;2.0;1.0;1.0;B01
201800056689;1.0;10;0;0.0;2.0;7.0;1.0;A01
201800056690;2.0;7;0;0.0;1.0;8.0;1.0;A01
201800056691;2.0;7;0;0.0;2.0;3.0;15.0;A01
201800056691;2.0;32;0;0.0;2.0;5.0;17.0;B01
201800056692;2.0;10;0;4.0;2.0;1.0;2.0;A01
201800056692;2.0;7;0;0.0;2.0;4.0;2.0;B01
201800056693;1.0;7;0;0.0;2.0;7.0;12.0;A01
201800056693;1.0;32;0;0.0;2.0;3.0;1.0;B01
201800056694;1.0;7;0;0.0;1.0;1.0;1.0;Z01
201800056695;2.0;7;0;0.0;2.0;1.0;1.0;B01
201800056695;1.0;30;0;0.0;2.0;1.0;13.0;A01
201800056696;2.0;31;0;0.0;2.0;8.0;1.0;B01
201800056696;2.0;7;0;0.0;2.0;3.0;15.0;A01
201800056697;2.0;7;0;0.0;2.0;3.0;11.0;Z01
201800056697;2.0;33;0;0.0;2.0;7.0;1.0;B01
201800056698;1.0;7;0;0.0;1.0;2.0;14.0;Z01
201800056699;2.0;30;0;0.0;1.0;1.0;1.0;Z01
201800056700;1.0;7;0;0.0;2.0;8.0;15.0;B01
201800056700;1.0;32;0;0.0;2.0;1.0;17.0;A01
201800056701;1.0;7;0;0.0;2.0;1.0;0.0;A01
201800056701;2.0;7;0;0.0;2.0;7.0;0.0;B01
201800056702;1.0;7;0;0.0;2.0;4.0;2.0;B01
201800056702;1.0;7;0;0.0;2.0;4.0;14.0;C01
201800056702;1.0;7;0;0.0;2.0;1.0;2.0;Z01
201800056703;1.0;7;0;0.0;1.0;3.0;15.0;A01
201800056704;1.0;7;0;0.0;2.0;1.0;19.0;B01
201800056704;1.0;7;0;0.0;2.0;9.0;9.0;A01
201800056705;1.0;10;0;4.0;0.0;1.0;13.0;A01
201800056706;1.0;7;0;0.0;2.0;3.0;1.0;B01
201800056706;1.0;7;0;0.0;2.0;5.0;12.0;A01
201800056707;1.0;7;0;6.0;0.0;2.0;24.0;A01
201800056708;1.0;7;0;0.0;2.0;3.0;1.0;B01
201800056708;2.0;30;0;0.0;2.0;1.0;10.0;A01
201800056709;1.0;7;0;0.0;2.0;1.0;13.0;A01
201800056709;2.0;7;0;0.0;2.0;1.0;1.0;B01
201800056709;2.0;10;0;0.0;2.0;6.0;1.0;C01
201800056709;2.0;7;0;0.0;2.0;8.0;0.0;D01
201800056709;2.0;7;0;0.0;2.0;3.0;0.0;E01
201800056709;2.0;7;0;0.0;2.0;4.0;23.0;F01
201800056710;1.0;10;0;0.0;2.0;6.0;12.0;A01
201800056710;1.0;10;0;0.0;2.0;6.0;1.0;B01
201800056711;1.0;10;0;0.0;2.0;1.0;1.0;B01
201800056711;2.0;10;0;0.0;2.0;1.0;15.0;A01
201800056712;2.0;7;0;0.0;2.0;4.0;2.0;B01
201800056712;2.0;7;0;0.0;2.0;1.0;2.0;A01
201800056713;1.0;7;0;0.0;2.0;1.0;2.0;A01
201800056713;1.0;7;0;0.0;2.0;4.0;23.0;B01
201800056713;1.0;7;0;0.0;2.0;4.0;2.0;C01
201800056713;1.0;7;0;0.0;2.0;4.0;2.0;D01
201800056714;2.0;7;0;0.0;1.0;3.0;1.0;A01
201800056715;1.0;32;0;0.0;2.0;1.0;1.0;A01
201800056715;2.0;7;0;0.0;2.0;3.0;15.0;B01
201800056716;1.0;7;0;0.0;2.0;8.0;1.0;B01
201800056716;2.0;7;0;0.0;2.0;8.0;13.0;A01
201800056717;1.0;7;0;0.0;2.0;3.0;1.0;A01
201800056717;2.0;1;0;0.0;6.0;1.0;13.0;B01
201800056718;1.0;7;0;3.0;0.0;9.0;14.0;A01
201800056719;2.0;7;0;0.0;2.0;1.0;2.0;B01
201800056719;1.0;7;0;0.0;2.0;4.0;2.0;A01
201800056720;2.0;7;0;0.0;2.0;3.0;0.0;A01
201800056720;2.0;7;0;0.0;2.0;6.0;23.0;B01
201800056721;1.0;7;0;0.0;2.0;3.0;1.0;B01
201800056721;1.0;32;0;0.0;2.0;3.0;14.0;A01
201800056722;1.0;7;0;0.0;2.0;1.0;13.0;A01
201800056722;2.0;7;0;0.0;2.0;1.0;1.0;C01
201800056722;2.0;2;0;0.0;2.0;1.0;1.0;B01
201800056723;0.0;99;0;0.0;2.0;3.0;19.0;B01
201800056723;0.0;7;0;0.0;2.0;2.0;1.0;A01
201800056724;2.0;10;0;0.0;1.0;4.0;20.0;A01
201800056725;2.0;7;0;0.0;2.0;1.0;0.0;A01
201800056725;1.0;7;0;0.0;2.0;1.0;9.0;B01
201800056726;1.0;30;0;12.0;0.0;1.0;1.0;A01
201800056727;2.0;7;0;0.0;1.0;1.0;16.0;A01
201800056728;2.0;7;0;0.0;2.0;3.0;15.0;A01
201800056728;2.0;31;0;0.0;2.0;1.0;0.0;B01
201800056729;1.0;7;0;0.0;2.0;4.0;15.0;B01
201800056729;2.0;7;0;0.0;2.0;1.0;17.0;A01
201800056730;2.0;7;0;0.0;2.0;4.0;0.0;A01
201800056730;2.0;7;0;0.0;2.0;1.0;2.0;C01
201800056730;2.0;7;0;0.0;2.0;1.0;2.0;B01
201800056731;1.0;10;0;0.0;2.0;3.0;0.0;A01
201800056731;1.0;7;0;0.0;2.0;0.0;17.0;C01
201800056731;1.0;7;0;0.0;2.0;1.0;0.0;B01
201800056732;1.0;33;0;0.0;2.0;4.0;1.0;A01
201800056732;1.0;7;0;0.0;6.0;1.0;0.0;B01
201800056732;2.0;7;0;0.0;2.0;0.0;12.0;C01
201800056733;1.0;30;0;0.0;2.0;1.0;17.0;B01
201800056733;1.0;7;0;0.0;2.0;2.0;9.0;A01
201800056734;2.0;7;0;0.0;2.0;1.0;1.0;B01
201800056734;1.0;7;0;0.0;2.0;3.0;15.0;A01
201800056735;1.0;7;0;0.0;6.0;8.0;15.0;A01
201800056735;1.0;33;0;0.0;2.0;9.0;9.0;B01
201800056736;1.0;7;0;0.0;1.0;1.0;1.0;A01
201800056737;1.0;7;0;0.0;1.0;1.0;1.0;A01
201800056738;2.0;10;0;0.0;2.0;3.0;14.0;B01
201800056738;1.0;7;0;0.0;2.0;0.0;9.0;A01
201800056739;0.0;7;0;0.0;1.0;5.0;16.0;A01
201800056740;1.0;7;0;1.0;0.0;1.0;1.0;A01
201800056741;2.0;7;0;0.0;1.0;4.0;4.0;A01
201800056742;2.0;7;0;0.0;2.0;4.0;0.0;A01
201800056742;2.0;7;0;0.0;2.0;1.0;0.0;B01
201800056743;1.0;7;0;0.0;2.0;1.0;13.0;A01
201800056743;2.0;7;0;0.0;2.0;1.0;1.0;B01
201800056744;1.0;2;0;0.0;0.0;0.0;0.0;A01
201800056745;2.0;30;0;0.0;2.0;3.0;0.0;A01
201800056745;0.0;7;0;0.0;6.0;3.0;0.0;B01
201800056746;2.0;10;0;5.0;0.0;2.0;0.0;A01
201800056747;2.0;7;0;0.0;2.0;1.0;1.0;A01
201800056747;1.0;7;0;0.0;2.0;1.0;1.0;B01
201800056748;0.0;31;0;12.0;0.0;1.0;9.0;A01
201800056749;1.0;33;0;0.0;2.0;2.0;18.0;A01
201800056749;1.0;7;0;0.0;2.0;6.0;1.0;B01
201800056750;1.0;7;0;0.0;2.0;7.0;0.0;A01
201800056750;1.0;10;0;0.0;2.0;2.0;1.0;B01
201800056751;1.0;99;0;0.0;2.0;1.0;2.0;B01
201800056751;2.0;7;0;0.0;2.0;4.0;1.0;A01
201800056752;1.0;7;0;0.0;1.0;1.0;1.0;A01
201800056753;1.0;7;0;0.0;2.0;4.0;9.0;A01
201800056753;1.0;7;0;0.0;2.0;4.0;9.0;B01
201800056753;1.0;7;0;0.0;2.0;1.0;9.0;C01
201800056754;1.0;7;0;0.0;1.0;7.0;1.0;A01
201800056755;1.0;7;0;0.0;2.0;2.0;2.0;A01
201800056755;2.0;7;0;0.0;2.0;4.0;2.0;B01
201800056756;2.0;7;0;0.0;2.0;8.0;1.0;B01
201800056756;2.0;7;0;0.0;2.0;3.0;13.0;A01
201800056757;1.0;32;0;0.0;0.0;8.0;15.0;A01
201800056758;1.0;7;0;4.0;0.0;9.0;15.0;A01
201800056759;1.0;99;0;0.0;2.0;0.0;1.0;C01
201800056759;1.0;7;0;0.0;2.0;1.0;2.0;A01
201800056759;1.0;7;0;0.0;2.0;6.0;1.0;B01
201800056760;2.0;7;0;0.0;2.0;4.0;2.0;C01
201800056760;2.0;37;1;0.0;2.0;2.0;11.0;A01
201800056760;2.0;7;0;0.0;2.0;4.0;2.0;D01
201800056760;2.0;7;0;0.0;2.0;4.0;1.0;B01
201800056761;1.0;7;0;0.0;1.0;3.0;0.0;A01
201800056762;1.0;7;0;0.0;2.0;1.0;2.0;A01
201800056762;2.0;7;0;0.0;2.0;1.0;2.0;B01
201800056762;2.0;7;0;0.0;2.0;4.0;1.0;C01
201800056763;2.0;7;0;0.0;2.0;8.0;13.0;A01
201800056763;2.0;7;0;0.0;2.0;7.0;1.0;B01
201800056764;1.0;7;0;0.0;2.0;1.0;19.0;A01
201800056764;1.0;99;0;0.0;2.0;0.0;19.0;B01