Num_Acc;senc;catv;occutc;obs;obsm;choc;manv;num_veh
201800056765;1.0;30;0;0.0;0.0;0.0;17.0;A01
201800056766;2.0;7;0;0.0;1.0;2.0;0.0;A01
201800056767;1.0;7;0;0.0;1.0;2.0;16.0;A01
201800056768;1.0;10;0;0.0;2.0;1.0;5.0;A01
201800056768;2.0;7;0;0.0;2.0;1.0;1.0;B01
201800056769;2.0;10;0;0.0;0.0;0.0;17.0;B01
201800056769;2.0;7;0;13.0;0.0;1.0;0.0;A01
201800056770;2.0;33;0;0.0;0.0;7.0;19.0;A01
201800056771;2.0;7;0;0.0;1.0;3.0;14.0;A01
201800056772;0.0;99;0;0.0;2.0;1.0;1.0;A01
201800056772;0.0;99;0;0.0;2.0;1.0;10.0;B01
201800056773;2.0;7;0;0.0;2.0;2.0;15.0;A01
201800056773;1.0;7;0;0.0;2.0;1.0;1.0;B01
201800056774;1.0;10;0;0.0;1.0;2.0;1.0;A01
201800056775;1.0;7;0;0.0;2.0;4.0;1.0;B01
201800056775;1.0;30;0;0.0;2.0;1.0;1.0;A01
201800056776;1.0;7;0;0.0;2.0;4.0;2.0;A01
201800056776;1.0;31;0;0.0;2.0;1.0;2.0;B01
201800056777;1.0;31;0;0.0;0.0;0.0;1.0;A01
201800056778;1.0;31;0;0.0;2.0;8.0;2.0;A01
201800056778;1.0;7;0;0.0;2.0;3.0;2.0;B01
201800056779;1.0;7;0;0.0;2.0;5.0;2.0;B01
201800056779;1.0;31;0;0.0;2.0;8.0;2.0;A01
201800056780;2.0;31;0;0.0;2.0;1.0;2.0;A01
201800056780;2.0;7;0;0.0;2.0;8.0;2.0;B01
201800056781;2.0;33;0;0.0;2.0;1.0;1.0;B01
201800056781;1.0;7;0;0.0;2.0;4.0;1.0;A01
201800056782;2.0;7;0;0.0;2.0;4.0;1.0;B01
201800056782;2.0;31;0;0.0;2.0;1.0;2.0;A01
201800056783;1.0;7;0;0.0;2.0;1.0;13.0;A01
201800056783;2.0;7;0;0.0;2.0;1.0;1.0;B01
201800056784;1.0;30;0;0.0;6.0;3.0;13.0;A01
201800056784;1.0;1;0;0.0;2.0;2.0;1.0;B01
201800056785;1.0;33;0;11.0;0.0;1.0;0.0;A01
201800056786;2.0;7;0;0.0;2.0;1.0;1.0;A01
201800056786;2.0;7;0;0.0;2.0;4.0;1.0;B01
201800056787;2.0;7;0;0.0;2.0;5.0;12.0;A01
201800056787;2.0;31;0;0.0;2.0;0.0;0.0;B01
201800056788;1.0;33;0;4.0;0.0;1.0;1.0;A01
201800056789;1.0;7;0;12.0;0.0;9.0;11.0;A01
201800056790;1.0;33;0;0.0;2.0;1.0;1.0;B01
201800056790;0.0;7;0;0.0;2.0;8.0;1.0;A01
201800056791;1.0;7;0;0.0;2.0;6.0;11.0;A01
201800056791;1.0;7;0;0.0;2.0;2.0;1.0;B01
201800056792;1.0;30;0;14.0;0.0;1.0;0.0;A01
201800056793;1.0;7;0;9.0;0.0;1.0;14.0;A01
201800056794;1.0;7;0;0.0;2.0;4.0;1.0;A01
201800056794;1.0;7;0;0.0;2.0;1.0;2.0;B01
201800056795;1.0;33;0;0.0;0.0;0.0;0.0;A01
201800056796;2.0;7;0;0.0;2.0;7.0;16.0;B01
201800056796;2.0;32;0;0.0;2.0;8.0;18.0;A01
201800056797;1.0;33;0;;;;;A01
201800056797;1.0;3;0;;;;;B01
201800056798;1.0;7;0;0.0;2.0;1.0;11.0;A01
201800056798;2.0;7;0;0.0;2.0;1.0;1.0;B01
201800056799;1.0;33;0;0.0;2.0;1.0;1.0;A01
201800056799;0.0;7;0;0.0;2.0;7.0;15.0;B01
201800056800;1.0;7;0;0.0;2.0;1.0;2.0;A01
201800056800;1.0;7;0;0.0;2.0;4.0;1.0;B01
201800056800;1.0;7;0;0.0;2.0;4.0;2.0;C01
201800056801;1.0;7;0;0.0;2.0;2.0;15.0;A01
201800056801;2.0;33;0;0.0;2.0;1.0;1.0;B01
201800056802;0.0;33;0;0.0;2.0;6.0;17.0;A01
201800056802;0.0;7;0;0.0;2.0;8.0;15.0;B01
201800056803;2.0;7;0;0.0;2.0;1.0;1.0;C01
201800056803;1.0;31;0;0.0;2.0;2.0;17.0;A01
201800056803;1.0;31;0;0.0;2.0;3.0;1.0;B01
201800056804;0.0;7;0;0.0;2.0;1.0;1.0;B01
201800056804;2.0;7;0;3.0;2.0;1.0;17.0;A01
201800056805;1.0;7;0;0.0;2.0;3.0;1.0;B01
201800056805;2.0;33;0;0.0;2.0;3.0;13.0;A01
201800056806;1.0;33;0;0.0;2.0;7.0;14.0;A01
201800056806;1.0;10;0;0.0;2.0;8.0;1.0;B01
201800056807;1.0;7;0;3.0;2.0;2.0;0.0;A01
201800056807;1.0;7;0;16.0;2.0;3.0;2.0;B01
201800056808;1.0;7;0;0.0;1.0;1.0;1.0;A01
201800056809;2.0;7;0;0.0;2.0;2.0;15.0;B01
201800056809;1.0;33;0;0.0;2.0;7.0;17.0;A01
201800056810;2.0;7;0;0.0;2.0;3.0;21.0;A01
201800056810;1.0;7;0;0.0;2.0;3.0;1.0;C01
201800056810;2.0;10;0;0.0;2.0;0.0;0.0;B01
201800056811;2.0;7;0;4.0;2.0;5.0;1.0;C01
201800056811;2.0;7;0;0.0;2.0;8.0;13.0;B01
201800056811;2.0;33;0;0.0;2.0;7.0;14.0;A01
201800056812;0.0;10;0;13.0;0.0;1.0;0.0;A01
201800056813;1.0;32;0;0.0;2.0;1.0;2.0;B01
201800056813;1.0;7;0;0.0;2.0;6.0;15.0;A01
201800056814;1.0;31;0;0.0;2.0;1.0;17.0;A01
201800056814;1.0;7;0;0.0;2.0;8.0;15.0;B01
201800056815;0.0;7;0;0.0;2.0;1.0;1.0;A01
201800056815;1.0;7;0;0.0;2.0;4.0;1.0;B01
201800056815;1.0;7;0;0.0;2.0;4.0;1.0;C01
201800056816;2.0;31;0;0.0;2.0;1.0;17.0;A01
201800056816;2.0;7;0;0.0;2.0;3.0;15.0;B01
201800056817;1.0;10;0;0.0;2.0;3.0;15.0;A01
201800056817;1.0;33;0;0.0;2.0;8.0;0.0;B01
201800056818;1.0;7;0;0.0;2.0;1.0;1.0;A01
201800056818;1.0;7;0;0.0;2.0;4.0;1.0;B01
201800056819;1.0;7;0;0.0;1.0;1.0;1.0;A01
201800056820;2.0;7;0;0.0;2.0;7.0;1.0;Z01
201800056820;2.0;30;0;0.0;2.0;8.0;1.0;A01
201800056821;1.0;7;0;0.0;2.0;1.0;2.0;A01
201800056821;1.0;7;0;0.0;2.0;4.0;1.0;B01
201800056821;1.0;7;0;0.0;2.0;4.0;1.0;C01
201800056822;1.0;30;0;0.0;2.0;1.0;1.0;B01
201800056822;1.0;7;0;0.0;2.0;3.0;19.0;A01
201800056823;1.0;7;0;0.0;2.0;1.0;14.0;B01
201800056823;1.0;31;0;0.0;2.0;1.0;14.0;A01
201800056824;1.0;7;0;0.0;2.0;8.0;1.0;B01
201800056824;1.0;31;0;0.0;2.0;1.0;1.0;A01
201800056825;1.0;7;0;0.0;9.0;0.0;15.0;A01
201800056825;1.0;99;0;0.0;2.0;2.0;0.0;B01
201800056826;1.0;31;0;0.0;0.0;8.0;24.0;B01
201800056826;1.0;17;0;0.0;2.0;0.0;1.0;A01
201800056827;0.0;7;0;0.0;2.0;2.0;9.0;A01
201800056827;0.0;34;0;0.0;0.0;6.0;23.0;B01
201800056828;1.0;7;0;0.0;9.0;3.0;9.0;A01
201800056828;1.0;1;0;0.0;2.0;1.0;2.0;B01
201800056829;1.0;7;0;13.0;2.0;1.0;20.0;A01
201800056829;0.0;10;0;0.0;2.0;5.0;24.0;B01
201800056830;2.0;2;0;0.0;2.0;2.0;2.0;A01
201800056830;1.0;7;0;0.0;9.0;7.0;1.0;B01
201800056831;1.0;7;0;0.0;2.0;8.0;9.0;B01
201800056831;1.0;34;0;0.0;2.0;1.0;1.0;A01
201800056832;2.0;33;0;0.0;2.0;1.0;1.0;B01
201800056832;1.0;7;0;0.0;9.0;5.0;1.0;A01
201800056833;1.0;2;0;0.0;2.0;4.0;2.0;B01
201800056833;2.0;31;0;0.0;9.0;1.0;2.0;A01
201800056834;1.0;31;0;0.0;2.0;1.0;2.0;A01
201800056834;0.0;10;0;0.0;2.0;4.0;2.0;B01
201800056835;2.0;34;0;0.0;0.0;1.0;2.0;A01
201800056836;1.0;33;0;0.0;2.0;8.0;17.0;A01
201800056836;1.0;7;0;0.0;2.0;1.0;9.0;B01
201800056837;1.0;7;0;0.0;1.0;1.0;1.0;A01
201800056838;1.0;34;0;0.0;2.0;1.0;2.0;A01
201800056838;1.0;7;0;0.0;2.0;4.0;2.0;B01
201800056839;1.0;31;0;0.0;2.0;1.0;1.0;B01
201800056839;1.0;7;0;0.0;2.0;3.0;9.0;A01
201800056840;1.0;34;0;0.0;0.0;8.0;2.0;A01
201800056841;2.0;30;0;1.0;0.0;1.0;18.0;A01
201800056841;2.0;7;0;0.0;2.0;5.0;22.0;B01
201800056842;1.0;1;0;0.0;2.0;0.0;0.0;B01
201800056842;1.0;7;0;0.0;9.0;3.0;15.0;A01
201800056843;1.0;1;0;0.0;2.0;4.0;2.0;B01
201800056843;1.0;7;0;0.0;2.0;1.0;0.0;A01
201800056844;1.0;7;0;0.0;2.0;1.0;9.0;A01
201800056845;1.0;99;0;0.0;2.0;1.0;1.0;B01
201800056845;2.0;7;0;0.0;2.0;2.0;15.0;A01
201800056846;1.0;7;0;0.0;2.0;1.0;1.0;A01
201800056846;1.0;2;0;0.0;2.0;2.0;1.0;B01
201800056847;2.0;34;0;15.0;0.0;1.0;14.0;A01
201800056848;1.0;7;0;0.0;2.0;1.0;2.0;A01
201800056848;1.0;32;0;0.0;2.0;4.0;2.0;B01
201800056849;1.0;2;0;0.0;2.0;1.0;17.0;B01
201800056849;1.0;7;0;0.0;9.0;8.0;15.0;A01
201800056850;1.0;7;0;0.0;2.0;8.0;1.0;B01
201800056850;1.0;1;0;0.0;2.0;1.0;15.0;A01
201800056851;2.0;7;0;16.0;0.0;1.0;1.0;A01
201800056852;1.0;7;0;0.0;1.0;1.0;1.0;A01
201800056853;1.0;2;0;0.0;2.0;5.0;1.0;B01
201800056853;0.0;7;0;0.0;2.0;1.0;0.0;Z01
201800056854;1.0;1;0;0.0;2.0;4.0;1.0;B01
201800056854;1.0;7;0;0.0;2.0;3.0;15.0;A01
201800056855;0.0;7;0;0.0;2.0;2.0;15.0;A01
201800056855;1.0;2;0;0.0;2.0;1.0;1.0;B01
201800056856;0.0;7;0;0.0;2.0;1.0;1.0;Z01
201800056856;1.0;1;0;0.0;2.0;1.0;15.0;A01
201800056857;1.0;30;0;0.0;2.0;7.0;1.0;A01
201800056857;1.0;7;0;0.0;2.0;0.0;15.0;B01
201800056858;1.0;7;0;0.0;2.0;6.0;1.0;B01
201800056858;0.0;30;0;0.0;2.0;1.0;1.0;A01
201800056859;1.0;7;0;0.0;2.0;4.0;1.0;B01
201800056859;0.0;32;0;0.0;2.0;1.0;1.0;A01
201800056860;1.0;7;0;0.0;2.0;4.0;1.0;B01
201800056860;1.0;30;0;0.0;2.0;1.0;1.0;A01
201800056861;1.0;31;0;0.0;2.0;1.0;21.0;B01
201800056861;1.0;7;0;0.0;2.0;1.0;9.0;A01
201800056862;1.0;30;0;0.0;1.0;1.0;1.0;A01
201800056863;2.0;7;0;0.0;2.0;2.0;1.0;A01
201800056863;2.0;2;0;0.0;2.0;1.0;1.0;B01
201800056864;1.0;7;0;0.0;2.0;1.0;15.0;A01
201800056864;1.0;30;0;0.0;2.0;1.0;1.0;B01
201800056865;1.0;30;0;0.0;2.0;8.0;1.0;B01
201800056865;1.0;10;0;0.0;2.0;1.0;15.0;A01
201800056866;1.0;7;0;0.0;2.0;8.0;15.0;A01
201800056866;1.0;31;0;0.0;2.0;7.0;1.0;B01
201800056867;1.0;7;0;0.0;1.0;1.0;2.0;A01
201800056868;1.0;30;0;0.0;2.0;1.0;1.0;B01
201800056868;1.0;7;0;0.0;2.0;3.0;15.0;A01
201800056869;1.0;7;0;0.0;2.0;2.0;1.0;B01
201800056869;1.0;30;0;0.0;2.0;1.0;15.0;A01
201800056870;1.0;7;0;0.0;1.0;1.0;1.0;A01
201800056871;1.0;30;0;0.0;2.0;8.0;18.0;A01
201800056871;1.0;7;0;0.0;2.0;5.0;16.0;B01
201800056872;1.0;7;0;0.0;9.0;2.0;1.0;B01
201800056872;2.0;2;0;0.0;2.0;1.0;19.0;A01
201800056873;1.0;2;0;0.0;2.0;1.0;1.0;B01
201800056873;1.0;7;0;0.0;2.0;1.0;1.0;A01
201800056874;1.0;37;3;0.0;2.0;3.0;1.0;B01
201800056874;1.0;7;0;0.0;2.0;3.0;1.0;A01
201800056875;1.0;33;0;0.0;2.0;1.0;1.0;B01
201800056875;1.0;7;0;0.0;2.0;2.0;19.0;A01
201800056876;1.0;2;0;0.0;2.0;7.0;1.0;A01
201800056876;2.0;7;0;0.0;9.0;2.0;15.0;B01
201800056877;1.0;30;0;0.0;2.0;1.0;2.0;A01
201800056877;1.0;7;0;0.0;2.0;4.0;2.0;B01
201800056878;1.0;7;0;0.0;2.0;2.0;1.0;B01
201800056878;1.0;1;0;0.0;2.0;1.0;15.0;A01
201800056879;1.0;7;0;0.0;1.0;5.0;1.0;A01
201800056880;1.0;34;0;0.0;2.0;1.0;0.0;A01
201800056880;2.0;7;0;0.0;9.0;6.0;0.0;B01
201800056881;1.0;7;0;0.0;1.0;1.0;1.0;A01
201800056882;1.0;2;0;0.0;2.0;1.0;2.0;B01
201800056882;2.0;7;0;0.0;2.0;2.0;9.0;A01
201800056883;0.0;30;0;0.0;2.0;8.0;2.0;B01
201800056883;0.0;7;0;0.0;2.0;8.0;15.0;A01
201800056884;1.0;7;0;0.0;1.0;2.0;1.0;A01
201800056885;1.0;1;0;0.0;2.0;8.0;1.0;A01
201800056886;1.0;30;0;0.0;0.0;0.0;1.0;A01
201800056887;1.0;34;0;0.0;2.0;2.0;17.0;A01
201800056887;1.0;7;0;0.0;2.0;8.0;15.0;B01
201800056888;1.0;7;0;0.0;2.0;4.0;9.0;B01
201800056888;1.0;7;0;0.0;2.0;1.0;9.0;A01
201800056889;1.0;34;0;1.0;0.0;1.0;0.0;A01
201800056889;0.0;7;0;0.0;9.0;5.0;24.0;B01
201800056890;1.0;2;0;0.0;2.0;7.0;17.0;B01
201800056890;1.0;10;0;0.0;6.0;8.0;17.0;A01
201800056891;1.0;7;0;0.0;1.0;1.0;1.0;A01
201800056892;1.0;2;0;0.0;2.0;4.0;1.0;A01
201800056892;1.0;10;0;0.0;6.0;0.0;0.0;Z01
201800056893;2.0;7;0;0.0;2.0;5.0;15.0;A01
201800056893;1.0;7;0;0.0;0.0;1.0;1.0;B01
201800056894;1.0;2;0;0.0;2.0;1.0;15.0;A01
201800056894;1.0;7;0;0.0;2.0;5.0;2.0;B01
201800056895;0.0;7;0;0.0;2.0;1.0;2.0;A01
201800056895;0.0;1;0;0.0;2.0;4.0;2.0;B01
201800056896;1.0;2;0;0.0;2.0;1.0;15.0;A01
201800056896;1.0;7;0;0.0;2.0;0.0;23.0;C01
201800056896;1.0;7;0;0.0;2.0;0.0;1.0;B01
201800056897;1.0;30;0;0.0;2.0;4.0;23.0;B01
201800056897;1.0;37;1;0.0;2.0;1.0;2.0;A01
201800056898;1.0;34;0;0.0;2.0;7.0;1.0;B01
201800056898;1.0;7;0;0.0;6.0;1.0;19.0;A01
201800056899;1.0;2;0;0.0;0.0;0.0;0.0;A01
201800056900;0.0;10;0;0.0;2.0;1.0;16.0;B01
201800056900;2.0;30;0;0.0;2.0;1.0;1.0;A01
201800056901;1.0;7;0;0.0;2.0;1.0;15.0;A01
201800056901;1.0;2;0;0.0;2.0;7.0;1.0;B01
201800056902;0.0;2;0;0.0;2.0;0.0;21.0;A01
201800056902;0.0;7;0;1.0;0.0;2.0;16.0;B01
201800056903;1.0;7;0;0.0;2.0;1.0;1.0;B01
201800056903;1.0;14;0;0.0;2.0;8.0;15.0;A01
201800056904;0.0;30;0;0.0;2.0;1.0;17.0;A01
201800056904;1.0;7;0;0.0;2.0;1.0;15.0;B01
201800056904;1.0;10;0;0.0;2.0;1.0;0.0;C01
201800056905;1.0;30;0;0.0;2.0;1.0;1.0;B01
201800056905;0.0;32;0;0.0;2.0;1.0;1.0;A01
201800056906;1.0;2;0;0.0;2.0;7.0;17.0;A01
201800056906;1.0;7;0;0.0;6.0;1.0;13.0;B01
201800056907;2.0;99;0;0.0;2.0;0.0;0.0;Z01
201800056907;1.0;30;0;0.0;2.0;1.0;1.0;B01
201800056908;1.0;7;0;0.0;2.0;1.0;2.0;A01
201800056908;1.0;7;0;0.0;2.0;4.0;2.0;B01
201800056908;1.0;7;0;0.0;2.0;5.0;2.0;C01
201800056909;2.0;7;0;0.0;6.0;4.0;1.0;B01
201800056909;2.0;2;0;0.0;2.0;1.0;2.0;A01
201800056910;1.0;7;0;0.0;2.0;3.0;0.0;B01
201800056910;1.0;30;0;0.0;2.0;1.0;16.0;A01
201800056911;2.0;2;0;0.0;2.0;1.0;21.0;A01
201800056911;1.0;7;0;0.0;2.0;7.0;1.0;B01
201800056912;0.0;7;0;0.0;2.0;1.0;2.0;A01
201800056912;0.0;10;0;0.0;2.0;4.0;2.0;B01
201800056913;1.0;7;0;0.0;2.0;2.0;9.0;A01
201800056913;1.0;2;0;0.0;2.0;5.0;1.0;B01
201800056914;1.0;30;0;0.0;2.0;1.0;0.0;B01
201800056914;0.0;7;0;0.0;2.0;1.0;0.0;A01
201800056915;1.0;2;0;0.0;2.0;1.0;17.0;B01
201800056915;1.0;7;0;0.0;6.0;3.0;15.0;A01
201800056916;2.0;7;0;0.0;2.0;1.0;15.0;A01
201800056916;1.0;7;0;0.0;2.0;1.0;1.0;B01
201800056917;0.0;32;0;0.0;2.0;1.0;1.0;A01
201800056917;0.0;1;0;0.0;2.0;6.0;1.0;B01
201800056918;0.0;2;0;0.0;0.0;7.0;1.0;A01
201800056919;0.0;7;0;0.0;2.0;1.0;1.0;B01
201800056919;0.0;32;0;0.0;2.0;1.0;17.0;A01
201800056920;1.0;7;0;0.0;2.0;4.0;2.0;B01
201800056920;1.0;2;0;0.0;2.0;1.0;2.0;A01
201800056921;1.0;7;0;0.0;2.0;2.0;19.0;A01
201800056921;1.0;7;0;0.0;2.0;3.0;19.0;B01
201800056922;0.0;30;0;0.0;2.0;1.0;13.0;A01
201800056922;0.0;7;0;0.0;2.0;8.0;1.0;B01
201800056923;1.0;7;0;0.0;2.0;4.0;2.0;B01
201800056923;1.0;7;0;0.0;2.0;1.0;2.0;A01
201800056924;0.0;7;0;0.0;1.0;7.0;1.0;A01
201800056925;0.0;7;0;8.0;0.0;8.0;13.0;A01
201800056926;1.0;7;0;0.0;1.0;1.0;1.0;A01
201800056927;1.0;7;0;0.0;2.0;3.0;15.0;A01
201800056927;1.0;33;0;0.0;2.0;1.0;1.0;B01
201800056928;2.0;7;0;0.0;2.0;2.0;15.0;B01
201800056928;2.0;1;0;0.0;2.0;1.0;18.0;A01
201800056929;1.0;2;0;0.0;2.0;1.0;1.0;B01
201800056929;1.0;7;0;0.0;6.0;8.0;19.0;A01
201800056930;1.0;7;0;0.0;2.0;7.0;1.0;B01
201800056930;1.0;2;0;0.0;2.0;1.0;1.0;A01
201800056931;1.0;7;0;0.0;1.0;7.0;2.0;A01
201800056932;1.0;32;0;0.0;2.0;1.0;17.0;A01
201800056932;1.0;7;0;0.0;6.0;3.0;0.0;B01
201800056933;1.0;31;0;0.0;2.0;1.0;2.0;Z01
201800056933;1.0;1;0;0.0;2.0;4.0;1.0;B01
201800056934;1.0;7;0;0.0;2.0;3.0;1.0;B01
201800056934;0.0;1;0;0.0;2.0;1.0;1.0;A01
201800056935;1.0;30;0;0.0;2.0;1.0;1.0;B01
201800056935;1.0;7;0;0.0;2.0;3.0;1.0;C01
201800056935;1.0;30;0;0.0;2.0;1.0;1.0;A01
201800056936;1.0;32;0;0.0;6.0;7.0;0.0;A01
201800056936;0.0;1;0;0.0;2.0;0.0;0.0;B01
201800056937;1.0;7;0;0.0;2.0;1.0;2.0;B01
201800056937;0.0;7;0;0.0;2.0;1.0;2.0;A01
201800056937;1.0;7;0;0.0;2.0;4.0;2.0;C01
201800056938;1.0;31;0;0.0;2.0;1.0;1.0;A01
201800056938;1.0;2;0;0.0;2.0;0.0;1.0;Z01
201800056939;1.0;2;0;0.0;2.0;0.0;1.0;A01
201800056939;1.0;1;0;0.0;2.0;0.0;0.0;B01
201800056940;2.0;2;0;0.0;2.0;7.0;1.0;B01
201800056940;2.0;7;0;0.0;2.0;3.0;15.0;A01
201800056941;0.0;7;0;0.0;2.0;1.0;1.0;B01
201800056941;0.0;1;0;0.0;2.0;1.0;5.0;A01
201800056942;1.0;7;0;0.0;1.0;1.0;1.0;A01
201800056943;1.0;7;0;0.0;1.0;1.0;1.0;A01
201800056944;1.0;7;0;0.0;2.0;3.0;19.0;B01
201800056944;1.0;30;0;0.0;2.0;0.0;17.0;A01
201800056945;1.0;2;0;0.0;2.0;1.0;18.0;A01
201800056945;1.0;10;0;0.0;2.0;5.0;16.0;B01
201800056946;1.0;7;0;0.0;2.0;1.0;1.0;A01
201800056946;1.0;13;0;0.0;2.0;4.0;23.0;B01
201800056947;1.0;30;0;0.0;2.0;8.0;16.0;A01
201800056947;1.0;32;0;0.0;2.0;1.0;1.0;B01
201800056948;1.0;7;0;0.0;2.0;5.0;0.0;B01
201800056948;1.0;30;0;0.0;2.0;1.0;1.0;A01
201800056949;1.0;7;0;0.0;2.0;2.0;16.0;B01
201800056949;1.0;30;0;0.0;2.0;1.0;18.0;A01
201800056950;2.0;7;0;0.0;2.0;4.0;2.0;B01
201800056950;2.0;32;0;0.0;2.0;1.0;2.0;A01
201800056951;0.0;7;0;0.0;1.0;1.0;1.0;A01
201800056952;1.0;1;0;0.0;2.0;4.0;0.0;B01
201800056952;0.0;7;0;0.0;2.0;1.0;1.0;A01
201800056953;0.0;2;0;0.0;2.0;8.0;1.0;B01
201800056953;0.0;10;0;0.0;2.0;7.0;1.0;A01
201800056954;2.0;10;0;1.0;2.0;5.0;19.0;A01
201800056954;2.0;7;0;0.0;2.0;1.0;24.0;C01
201800056954;2.0;7;0;0.0;2.0;1.0;1.0;B01
201800056955;2.0;7;0;0.0;2.0;1.0;2.0;B01
201800056955;2.0;7;0;0.0;2.0;0.0;2.0;C01
201800056955;2.0;7;0;0.0;2.0;1.0;2.0;A01
201800056956;1.0;2;0;12.0;0.0;7.0;1.0;A01
201800056957;1.0;33;0;0.0;2.0;1.0;17.0;B01
201800056957;0.0;7;0;0.0;2.0;5.0;11.0;A01
201800056958;0.0;1;0;0.0;2.0;1.0;19.0;B01
201800056958;0.0;33;0;0.0;2.0;1.0;1.0;A01
201800056959;1.0;7;0;0.0;2.0;2.0;19.0;B01
201800056959;1.0;32;0;0.0;2.0;1.0;19.0;A01
201800056960;1.0;7;0;0.0;2.0;7.0;1.0;A01
201800056960;0.0;2;0;0.0;2.0;8.0;16.0;B01
201800056961;2.0;30;0;0.0;2.0;3.0;2.0;A01
201800056961;2.0;7;0;0.0;2.0;2.0;15.0;B01
201800056962;0.0;7;0;0.0;2.0;1.0;1.0;A01
201800056962;1.0;7;0;0.0;2.0;7.0;1.0;B01
201800056963;1.0;30;0;0.0;2.0;7.0;0.0;Z01
201800056963;1.0;1;0;0.0;2.0;8.0;1.0;B01
201800056964;1.0;1;0;0.0;2.0;7.0;19.0;B01
201800056964;1.0;1;0;0.0;2.0;0.0;19.0;C01
201800056964;1.0;10;0;0.0;2.0;1.0;1.0;Z01
201800056965;2.0;34;0;0.0;2.0;1.0;3.0;A01
201800056965;2.0;7;0;0.0;2.0;3.0;16.0;B01
201800056966;1.0;32;0;0.0;2.0;1.0;15.0;A01
201800056967;2.0;10;0;0.0;2.0;7.0;15.0;A01
201800056967;1.0;2;0;0.0;2.0;1.0;1.0;B01
201800056968;0.0;7;0;0.0;2.0;3.0;10.0;A01
201800056968;1.0;2;0;0.0;2.0;1.0;1.0;B01
201800056969;1.0;33;0;0.0;1.0;1.0;17.0;A01
201800056970;0.0;7;0;0.0;2.0;3.0;15.0;A01
201800056970;1.0;32;0;0.0;2.0;2.0;17.0;B01
201800056971;1.0;2;0;0.0;2.0;3.0;1.0;B01
201800056971;1.0;7;0;0.0;2.0;2.0;9.0;A01
201800056972;0.0;7;0;0.0;2.0;7.0;1.0;A01
201800056972;0.0;2;0;0.0;2.0;1.0;1.0;B01
201800056973;0.0;2;0;0.0;2.0;8.0;1.0;B01
201800056973;0.0;7;0;0.0;2.0;1.0;15.0;A01
201800056974;2.0;2;0;0.0;2.0;1.0;17.0;B01
201800056974;1.0;7;0;0.0;2.0;1.0;9.0;A01
201800056975;0.0;2;0;0.0;2.0;1.0;1.0;B01
201800056976;1.0;7;0;0.0;2.0;2.0;15.0;B01
201800056976;1.0;10;0;0.0;2.0;2.0;0.0;A01
201800056977;1.0;2;0;0.0;2.0;8.0;15.0;B01
201800056977;2.0;7;0;0.0;2.0;8.0;19.0;A01
201800056978;0.0;7;0;0.0;1.0;3.0;19.0;A01
201800056979;1.0;32;0;0.0;2.0;8.0;0.0;B01
201800056979;1.0;32;0;0.0;2.0;8.0;0.0;A01
201800056980;0.0;7;0;8.0;2.0;9.0;0.0;B01
201800056980;0.0;7;0;0.0;2.0;1.0;0.0;A01
201800056981;2.0;32;0;0.0;0.0;0.0;0.0;A01
201800056982;0.0;7;0;0.0;0.0;4.0;1.0;B01
201800056982;0.0;7;0;0.0;2.0;1.0;2.0;A01
201800056983;1.0;7;0;0.0;2.0;7.0;16.0;B01
201800056983;1.0;30;0;0.0;2.0;8.0;18.0;A01
201800056984;1.0;7;0;0.0;2.0;1.0;1.0;B01
201800056984;1.0;7;0;0.0;2.0;3.0;13.0;Z01
201800056985;0.0;7;0;0.0;2.0;8.0;1.0;B01
201800056985;0.0;7;0;0.0;2.0;7.0;1.0;A01
201800056986;1.0;7;0;0.0;2.0;8.0;15.0;A01
201800056986;1.0;33;0;0.0;2.0;1.0;1.0;B01
201800056987;2.0;7;0;16.0;0.0;0.0;0.0;B01
201800056987;1.0;2;0;16.0;0.0;4.0;1.0;A01
201800056988;0.0;37;1;0.0;2.0;3.0;1.0;B01
201800056988;0.0;2;0;0.0;2.0;1.0;21.0;A01
201800056988;0.0;7;0;0.0;2.0;8.0;24.0;C01
201800056989;2.0;30;0;0.0;2.0;1.0;5.0;A01
201800056989;1.0;7;0;0.0;2.0;3.0;19.0;B01
201800056990;0.0;2;0;0.0;2.0;1.0;1.0;A01
201800056990;0.0;7;0;0.0;2.0;4.0;1.0;B01
201800056991;1.0;7;0;0.0;2.0;1.0;1.0;B01
201800056991;1.0;7;0;0.0;2.0;2.0;9.0;A01
201800056991;0.0;7;0;0.0;2.0;1.0;23.0;C01
201800056992;1.0;33;0;0.0;0.0;0.0;0.0;A01
201800056992;2.0;7;0;0.0;0.0;0.0;0.0;B01
201800056993;1.0;7;0;0.0;2.0;5.0;15.0;B01
201800056993;1.0;7;0;0.0;2.0;8.0;2.0;A01
201800056994;1.0;7;0;0.0;2.0;4.0;1.0;B01
201800056994;1.0;30;0;0.0;2.0;1.0;2.0;A01
201800056994;1.0;7;0;0.0;2.0;3.0;1.0;C01
201800056995;0.0;7;0;0.0;2.0;1.0;1.0;B01
201800056995;0.0;2;0;0.0;2.0;8.0;1.0;A01
201800056996;1.0;32;0;1.0;2.0;1.0;2.0;A01
201800056996;1.0;7;0;1.0;2.0;5.0;23.0;B01
201800056997;0.0;7;0;0.0;2.0;4.0;9.0;A01